date,target_drawdown,future_drawdown_pct,qqq_close,raw_prob_10d,model_prob_10d,fold_train_end,risk_score_0_100,risk_bucket,suggested_exposure
2003-04-11 00:00:00+00:00,0.0,-0.07840242094951932,25.510000228881836,0.6722586304895626,0.5012876260633458,2003-03-13 00:00:00+00:00,50.1,high,0.5
2003-04-14 00:00:00+00:00,0.0,-0.6915109505476469,26.030000686645508,0.6846566375236525,0.5119215769349355,2003-03-13 00:00:00+00:00,51.2,high,0.5
2003-04-15 00:00:00+00:00,0.0,-0.6088274095571666,26.280000686645508,0.7075453372848175,0.5321343767279949,2003-03-13 00:00:00+00:00,53.2,high,0.5
2003-04-16 00:00:00+00:00,0.0,-0.2669706203560662,26.219999313354492,0.7090098799678949,0.5334551014647012,2003-03-13 00:00:00+00:00,53.3,high,0.5
2003-04-17 00:00:00+00:00,0.0,-0.7457078965941055,26.81999969482422,0.6284098356587118,0.4652235356687716,2003-03-13 00:00:00+00:00,46.5,elevated,0.75
2003-04-21 00:00:00+00:00,0.0,-1.002973465818957,26.920000076293945,0.7170793769399939,0.5407948921888381,2003-03-13 00:00:00+00:00,54.1,high,0.5
2003-04-22 00:00:00+00:00,0.0,-2.078015634278596,27.43000030517578,0.2541344432521082,0.20774774561153728,2003-03-13 00:00:00+00:00,20.8,low,1.0
2003-04-23 00:00:00+00:00,0.0,-2.786820752091823,27.6299991607666,0.4402832248992371,0.329096519604296,2003-03-13 00:00:00+00:00,32.9,low,1.0
2003-04-24 00:00:00+00:00,0.0,-2.2561824680231046,27.479999542236328,0.8136836662208916,0.6389542826496909,2003-03-13 00:00:00+00:00,63.9,high,0.5
2003-04-25 00:00:00+00:00,0.0,0.0,26.950000762939453,0.31344128530033977,0.24609837196892287,2003-03-13 00:00:00+00:00,24.6,low,1.0
2003-04-28 00:00:00+00:00,0.0,-1.0553093632079125,27.479999542236328,0.3064228250681332,0.24156924650064548,2003-03-13 00:00:00+00:00,24.2,low,1.0
2003-04-29 00:00:00+00:00,0.0,-1.947345896476571,27.729999542236328,0.13202290000215736,0.12539984759804076,2003-03-13 00:00:00+00:00,12.5,low,1.0
2003-04-30 00:00:00+00:00,0.0,-0.9471774923695664,27.450000762939453,0.3353326342023012,0.2602365629018196,2003-03-13 00:00:00+00:00,26.0,low,1.0
2003-05-01 00:00:00+00:00,0.0,-1.0111978376494357,27.690000534057617,0.18654843005743615,0.16315847869812708,2003-03-13 00:00:00+00:00,16.3,low,1.0
2003-05-02 00:00:00+00:00,0.0,-3.0763819593690234,28.280000686645508,0.13939031249680423,0.13064919176162704,2003-03-13 00:00:00+00:00,13.1,low,1.0
2003-05-05 00:00:00+00:00,0.0,-2.9734518675677557,28.25,0.10412677539066101,0.10492922299306402,2003-03-13 00:00:00+00:00,10.5,low,1.0
2003-05-06 00:00:00+00:00,0.0,-4.194340221388437,28.610000610351562,0.16008475223577262,0.14512071683399314,2003-03-13 00:00:00+00:00,14.5,low,1.0
2003-05-07 00:00:00+00:00,0.0,-3.1106434769757607,28.290000915527344,0.42400737420580786,0.31822827739865084,2003-03-13 00:00:00+00:00,31.8,low,1.0
2003-05-08 00:00:00+00:00,0.0,-1.296365158146462,27.770000457763672,0.27149624265531247,0.21900777318076103,2003-03-13 00:00:00+00:00,21.9,low,1.0
2003-05-09 00:00:00+00:00,0.0,-3.5198873825094013,28.40999984741211,0.4150718074207128,0.3122991217888647,2003-03-13 00:00:00+00:00,31.2,low,1.0
2003-05-12 00:00:00+00:00,0.0,-4.958392155374048,28.84000015258789,0.2798507887894955,0.2244121281570911,2003-03-13 00:00:00+00:00,22.4,low,1.0
2003-05-13 00:00:00+00:00,0.0,-4.361479437037996,28.65999984741211,0.3256660564661066,0.25399029547729995,2003-03-13 00:00:00+00:00,25.4,low,1.0
2003-05-14 00:00:00+00:00,0.0,-4.160840972675761,28.600000381469727,0.23616849991258754,0.19603644466284303,2003-03-13 00:00:00+00:00,19.6,low,1.0
2003-05-15 00:00:00+00:00,0.0,-5.221300915969218,28.920000076293945,0.3817990829143803,0.29041879352890376,2003-03-13 00:00:00+00:00,29.0,low,1.0
2003-05-16 00:00:00+00:00,0.0,-4.494776589668714,28.700000762939453,0.39975467411191884,0.3021907551376584,2003-03-13 00:00:00+00:00,30.2,low,1.0
2003-05-19 00:00:00+00:00,0.0,-1.0111978376494357,27.690000534057617,0.13208790435029452,0.12544641535621404,2003-03-13 00:00:00+00:00,12.5,low,1.0
2003-05-20 00:00:00+00:00,0.0,-1.188332438841555,27.770000457763672,0.17823594549825247,0.15754042733994797,2003-03-13 00:00:00+00:00,15.8,low,1.0
2003-05-21 00:00:00+00:00,0.0,-0.25279773735692457,27.690000534057617,0.2029766578083497,0.1741546611031893,2003-03-13 00:00:00+00:00,17.4,low,1.0
2003-05-22 00:00:00+00:00,0.0,-0.6763991919740642,28.09000015258789,0.17199232622888147,0.15329332486089087,2003-03-13 00:00:00+00:00,15.3,low,1.0
2003-05-23 00:00:00+00:00,0.0,-0.7117464776667415,28.100000381469727,0.29233360318092927,0.2324760034423723,2003-03-13 00:00:00+00:00,23.2,low,1.0
2003-05-27 00:00:00+00:00,0.0,-0.48110410708523954,29.100000381469727,0.10691132426152332,0.1070215656457978,2003-03-13 00:00:00+00:00,10.7,low,1.0
2003-05-28 00:00:00+00:00,0.0,-0.1027772733697141,29.190000534057617,0.2120890823801669,0.18020135858126723,2003-03-13 00:00:00+00:00,18.0,low,1.0
2003-05-29 00:00:00+00:00,0.0,0.0,29.309999465942383,0.07205668824759591,0.07976648705970635,2003-03-13 00:00:00+00:00,8.0,low,1.0
2003-05-30 00:00:00+00:00,0.0,-1.61128376916152,29.790000915527344,0.24759308287737133,0.20349191049945858,2003-03-13 00:00:00+00:00,20.3,low,1.0
2003-06-02 00:00:00+00:00,0.0,-0.8451656546477726,29.579999923706055,0.16338050557793446,0.14739287454208871,2003-03-13 00:00:00+00:00,14.7,low,1.0
2003-06-03 00:00:00+00:00,0.0,-2.0093783295561107,29.860000610351562,0.39866662003174436,0.3014751595280101,2003-03-13 00:00:00+00:00,30.1,low,1.0
2003-06-04 00:00:00+00:00,0.0,-3.81328022519003,30.420000076293945,0.18680442490274174,0.16333087636584345,2003-03-13 00:00:00+00:00,16.3,low,1.0
2003-06-05 00:00:00+00:00,0.0,-4.503913799792136,30.639999389648438,0.1439792317283373,0.13389121575730667,2003-03-13 00:00:00+00:00,13.4,low,1.0
2003-06-06 00:00:00+00:00,0.0,-2.887484089337855,30.1299991607666,0.1448769373987003,0.1345230911315162,2003-03-13 00:00:00+00:00,13.5,low,1.0
2003-06-09 00:00:00+00:00,0.0,-1.5808924338756913,29.729999542236328,0.11992303916241918,0.1166466666392903,2003-03-13 00:00:00+00:00,11.7,low,1.0
2003-06-10 00:00:00+00:00,0.0,-3.048376630188998,30.18000030517578,0.5387115806368362,0.39736087140534493,2003-03-13 00:00:00+00:00,39.7,elevated,0.75
2003-06-11 00:00:00+00:00,0.0,-4.128441054991261,30.520000457763672,0.19739181766603445,0.17043109418514868,2003-03-13 00:00:00+00:00,17.0,low,1.0
2003-06-12 00:00:00+00:00,0.0,-4.535071474546049,30.649999618530273,0.4925524001168309,0.36472463731256494,2003-03-13 00:00:00+00:00,36.5,elevated,0.75
2003-06-13 00:00:00+00:00,0.0,-2.3364448497383616,29.959999084472656,0.28192394142321114,0.22575215907715174,2003-03-13 00:00:00+00:00,22.6,low,1.0
2003-06-16 00:00:00+00:00,0.0,-5.2461106732897616,30.8799991607666,0.23072360425156324,0.1924715275288878,2003-03-13 00:00:00+00:00,19.2,low,1.0
2003-06-17 00:00:00+00:00,0.0,-4.876462902596435,30.760000228881836,0.14942970878808995,0.13771637365666398,2003-03-13 00:00:00+00:00,13.8,low,1.0
2003-06-18 00:00:00+00:00,0.0,-5.368692895589011,30.920000076293945,0.07055176626904641,0.07852663443277932,2003-03-13 00:00:00+00:00,7.9,low,1.0
2003-06-19 00:00:00+00:00,0.0,-3.81328022519003,30.420000076293945,0.0731916425669122,0.08069735088640156,2003-03-13 00:00:00+00:00,8.1,low,1.0
2003-06-20 00:00:00+00:00,0.0,-3.686632530691958,30.3799991607666,0.10740789366348692,0.10739341450107705,2003-03-13 00:00:00+00:00,10.7,low,1.0
2003-06-23 00:00:00+00:00,0.0,-2.173184961037411,29.90999984741211,0.048096396439161755,0.059122511265137984,2003-03-13 00:00:00+00:00,5.9,low,1.0
2003-06-24 00:00:00+00:00,0.0,-1.4150945821274186,29.68000030517578,0.11782072600589029,0.11510741691041046,2003-03-13 00:00:00+00:00,11.5,low,1.0
2003-06-25 00:00:00+00:00,0.0,-0.8807595692752024,29.520000457763672,0.05243822639461135,0.06302744014681606,2003-03-13 00:00:00+00:00,6.3,low,1.0
2003-06-26 00:00:00+00:00,0.0,-3.176701212062649,30.219999313354492,0.15402004238269798,0.1409176659883524,2003-03-13 00:00:00+00:00,14.1,low,1.0
2003-06-27 00:00:00+00:00,0.0,-1.9108270073149969,29.829999923706055,0.11341742177580379,0.11186422333503229,2003-03-13 00:00:00+00:00,11.2,low,1.0
2003-06-30 00:00:00+00:00,0.0,-2.303841457364608,29.950000762939453,0.21167036404552825,0.17992424348550456,2003-03-13 00:00:00+00:00,18.0,low,1.0
2003-07-01 00:00:00+00:00,0.0,0.09884276415097482,30.350000381469727,0.051649059589170744,0.06232400981051179,2003-03-13 00:00:00+00:00,6.2,low,1.0
2003-07-02 00:00:00+00:00,0.0,-1.6144656476772878,30.969999313354492,0.0756380526600318,0.08269199767718875,2003-03-13 00:00:00+00:00,8.3,low,1.0
2003-07-03 00:00:00+00:00,0.0,0.09810558116531976,30.579999923706055,0.08029893271765644,0.0864496597807119,2003-03-13 00:00:00+00:00,8.6,low,1.0
2003-07-07 00:00:00+00:00,0.0,-4.013793677626609,31.889999389648438,0.028692140366317752,0.040349477740782486,2003-03-13 00:00:00+00:00,4.0,low,1.0
2003-07-08 00:00:00+00:00,0.0,-6.753402974802203,32.279998779296875,0.041500884477716354,0.0530117085352448,2003-03-13 00:00:00+00:00,5.3,low,1.0
2003-07-09 00:00:00+00:00,0.0,-6.521740160598755,32.20000076293945,0.04115313298202003,0.05268283892492636,2003-03-13 00:00:00+00:00,5.3,low,1.0
2003-07-10 00:00:00+00:00,0.0,-4.999999698204338,31.600000381469727,0.04598401494082451,0.05719031006277455,2003-03-13 00:00:00+00:00,5.7,low,1.0
2003-07-11 00:00:00+00:00,0.0,-5.998743210611668,31.84000015258789,0.09733091186026319,0.09976894913692554,2003-03-13 00:00:00+00:00,10.0,low,1.0
2003-07-14 00:00:00+00:00,0.0,-7.107389288538856,32.220001220703125,0.05168955642840061,0.020453307132142377,2003-06-12 00:00:00+00:00,2.0,low,1.0
2003-07-15 00:00:00+00:00,0.0,-7.222560872863326,32.2599983215332,0.19075149192036328,0.06848840470555963,2003-06-12 00:00:00+00:00,6.8,low,1.0
2003-07-16 00:00:00+00:00,0.0,-6.93407821149531,32.15999984741211,0.12364943266465592,0.04516101781111869,2003-06-12 00:00:00+00:00,4.5,low,1.0
2003-07-17 00:00:00+00:00,0.0,-4.008980076220537,31.18000030517578,0.0648170690850807,0.025028133352858774,2003-06-12 00:00:00+00:00,2.5,low,1.0
2003-07-18 00:00:00+00:00,0.0,-4.315857902286069,31.280000686645508,0.14558260850384153,0.052692959189922076,2003-06-12 00:00:00+00:00,5.3,low,1.0
2003-07-21 00:00:00+00:00,0.0,-3.0764212480867026,30.8799991607666,0.09601400683618103,0.03572737347885045,2003-06-12 00:00:00+00:00,3.6,low,1.0
2003-07-22 00:00:00+00:00,0.0,-4.499042248076313,31.34000015258789,0.07244688072193066,0.027660542079389863,2003-06-12 00:00:00+00:00,2.8,low,1.0
2003-07-23 00:00:00+00:00,0.0,-5.284810304221499,31.600000381469727,0.13363948490398495,0.04858385489748721,2003-06-12 00:00:00+00:00,4.9,low,1.0
2003-07-24 00:00:00+00:00,0.0,-4.008980076220537,31.18000030517578,0.08479365702246487,0.03189488595112432,2003-06-12 00:00:00+00:00,3.2,low,1.0
2003-07-25 00:00:00+00:00,0.0,-5.880499926884964,31.799999237060547,0.10094864354165366,0.03741081898801035,2003-06-12 00:00:00+00:00,3.7,low,1.0
2003-07-28 00:00:00+00:00,0.0,-6.14612455937793,31.889999389648438,0.18487206036265397,0.06640432333108313,2003-06-12 00:00:00+00:00,6.6,low,1.0
2003-07-29 00:00:00+00:00,0.0,-5.434437074518872,31.649999618530273,0.09283861032728435,0.03464364042848365,2003-06-12 00:00:00+00:00,3.5,low,1.0
2003-07-30 00:00:00+00:00,0.0,-4.742201678867442,31.420000076293945,0.2067806544420616,0.07422147112688605,2003-06-12 00:00:00+00:00,7.4,low,1.0
2003-07-31 00:00:00+00:00,0.0,-5.880499926884964,31.799999237060547,0.4189577679210256,0.16124845023034054,2003-06-12 00:00:00+00:00,16.1,low,1.0
2003-08-01 00:00:00+00:00,0.0,-4.863314761035764,31.459999084472656,0.37358503593613757,0.14037910553919258,2003-06-12 00:00:00+00:00,14.0,low,1.0
2003-08-04 00:00:00+00:00,0.0,-4.833069700763993,31.450000762939453,0.3156854621310877,0.11579062049428043,2003-06-12 00:00:00+00:00,11.6,low,1.0
2003-08-05 00:00:00+00:00,0.0,-0.9268414027883476,30.209999084472656,0.12504792129138068,0.045639533400759304,2003-06-12 00:00:00+00:00,4.6,low,1.0
2003-08-06 00:00:00+00:00,0.0,-0.8612130648640637,30.190000534057617,0.1298793711158446,0.047294229388259314,2003-06-12 00:00:00+00:00,4.7,low,1.0
2003-08-07 00:00:00+00:00,0.0,-1.253708899578121,30.309999465942383,0.3654286535979057,0.13678625512869677,2003-06-12 00:00:00+00:00,13.7,low,1.0
2003-08-08 00:00:00+00:00,0.0,-0.13301964943350786,30.06999969482422,0.27248809817169567,0.09867504459386922,2003-06-12 00:00:00+00:00,9.9,low,1.0
2003-08-11 00:00:00+00:00,0.0,-0.2302621569164498,30.399999618530273,0.19204263125710058,0.06894737333386926,2003-06-12 00:00:00+00:00,6.9,low,1.0
2003-08-12 00:00:00+00:00,0.0,-0.6804957474655593,30.860000610351562,0.2427597143706108,0.08740221606551342,2003-06-12 00:00:00+00:00,8.7,low,1.0
2003-08-13 00:00:00+00:00,0.0,-0.6478806527444814,30.8700008392334,0.4334595520816337,0.1682631252656741,2003-06-12 00:00:00+00:00,16.8,low,1.0
2003-08-14 00:00:00+00:00,0.0,0.09708960199312777,30.899999618530273,0.4315725185980969,0.16734017971440243,2003-06-12 00:00:00+00:00,16.7,low,1.0
2003-08-15 00:00:00+00:00,0.0,0.19249106767893487,31.170000076293945,0.4493387464860448,0.1761549445024823,2003-06-12 00:00:00+00:00,17.6,low,1.0
2003-08-18 00:00:00+00:00,0.0,-0.500468723329861,31.969999313354492,0.5133644422070125,0.2105115065761713,2003-06-12 00:00:00+00:00,21.1,low,1.0
2003-08-19 00:00:00+00:00,0.0,-1.7299953179509608,32.369998931884766,0.9397664641565391,0.729884258680191,2003-06-12 00:00:00+00:00,73.0,severe,0.25
2003-08-20 00:00:00+00:00,0.0,-1.4865327840673515,32.290000915527344,0.9273731347321074,0.6946129415756118,2003-06-12 00:00:00+00:00,69.5,severe,0.25
2003-08-21 00:00:00+00:00,0.0,-2.542891970669836,32.63999938964844,0.8964881694286309,0.6196431182665737,2003-06-12 00:00:00+00:00,62.0,high,0.5
2003-08-22 00:00:00+00:00,0.0,-1.9420443509140628,32.439998626708984,0.5965151539266891,0.26275234773630934,2003-06-12 00:00:00+00:00,26.3,low,1.0
2003-08-25 00:00:00+00:00,0.0,-2.153180226795559,32.5099983215332,0.8073913698230929,0.46610619319397484,2003-06-12 00:00:00+00:00,46.6,elevated,0.75
2003-08-26 00:00:00+00:00,0.0,-0.5224400087876391,32.540000915527344,0.7272529840491957,0.3717510517858552,2003-06-12 00:00:00+00:00,37.2,elevated,0.75
2003-08-27 00:00:00+00:00,0.0,-0.8536548347858108,32.79999923706055,0.8495091593959299,0.529979034238652,2003-06-12 00:00:00+00:00,53.0,high,0.5
2003-08-28 00:00:00+00:00,0.0,-1.7225738658077305,33.09000015258789,0.7965514832883497,0.4515345616993712,2003-06-12 00:00:00+00:00,45.2,elevated,0.75
2003-08-29 00:00:00+00:00,0.0,-2.815210074548258,33.38999938964844,0.8472945356759553,0.5262900964312213,2003-06-12 00:00:00+00:00,52.6,high,0.5
2003-09-02 00:00:00+00:00,0.0,-4.45821780086243,33.869998931884766,0.7165111422467183,0.3610726177262477,2003-06-12 00:00:00+00:00,36.1,elevated,0.75
2003-09-03 00:00:00+00:00,0.0,-4.401766413397801,33.849998474121094,0.45578987649105296,0.17942714678441793,2003-06-12 00:00:00+00:00,17.9,low,1.0
2003-09-04 00:00:00+00:00,0.0,-5.269318633199327,34.15999984741211,0.6334344917144336,0.28954551757018754,2003-06-12 00:00:00+00:00,29.0,low,1.0
2003-09-05 00:00:00+00:00,0.0,-4.6552683567701925,33.939998626708984,0.1703819466357229,0.061306913441756386,2003-06-12 00:00:00+00:00,6.1,low,1.0
2003-09-08 00:00:00+00:00,0.0,-6.202896781589673,34.5,0.31182215365689847,0.11422069934819874,2003-06-12 00:00:00+00:00,11.4,low,1.0
2003-09-09 00:00:00+00:00,0.0,-5.074800629195653,34.09000015258789,0.2992672581828191,0.10917399685453953,2003-06-12 00:00:00+00:00,10.9,low,1.0
2003-09-10 00:00:00+00:00,0.0,-2.7351963777919264,33.27000045776367,0.2206999431476733,0.07926620816445021,2003-06-12 00:00:00+00:00,7.9,low,1.0
2003-09-11 00:00:00+00:00,0.0,-3.8049904950080093,33.63999938964844,0.17233707691048736,0.06199165052804191,2003-06-12 00:00:00+00:00,6.2,low,1.0
2003-09-12 00:00:00+00:00,0.0,-4.316969537690718,33.81999969482422,0.10151119794886258,0.03760270527445573,2003-06-12 00:00:00+00:00,3.8,low,1.0
2003-09-15 00:00:00+00:00,0.0,-3.374144555035352,33.4900016784668,0.3808799106732738,0.14363144144259382,2003-06-12 00:00:00+00:00,14.4,low,1.0
2003-09-16 00:00:00+00:00,0.0,-5.930234956509128,34.400001525878906,0.18783577994660278,0.06745367449690876,2003-06-12 00:00:00+00:00,6.7,low,1.0
2003-09-17 00:00:00+00:00,0.0,-5.545819627163984,34.2599983215332,0.3127522012572303,0.11459789590214979,2003-06-12 00:00:00+00:00,11.5,low,1.0
2003-09-18 00:00:00+00:00,0.0,-6.958016831173208,34.779998779296875,0.14302204841467167,0.051810157474516276,2003-06-12 00:00:00+00:00,5.2,low,1.0
2003-09-19 00:00:00+00:00,0.0,-6.419899083722558,34.58000183105469,0.28909543382634945,0.10514486531616894,2003-06-12 00:00:00+00:00,10.5,low,1.0
2003-09-22 00:00:00+00:00,0.0,-4.599049654495468,33.91999816894531,0.20615011532053723,0.07399445659792042,2003-06-12 00:00:00+00:00,7.4,low,1.0
2003-09-23 00:00:00+00:00,0.0,-6.257241653443602,34.52000045776367,0.14713275319543415,0.0532279299699744,2003-06-12 00:00:00+00:00,5.3,low,1.0
2003-09-24 00:00:00+00:00,0.0,-2.588803668723527,33.220001220703125,0.0961159000342226,0.035762141254948164,2003-06-12 00:00:00+00:00,3.6,low,1.0
2003-09-25 00:00:00+00:00,0.0,-1.3113763134180334,32.790000915527344,0.07253051979696981,0.027689319196514062,2003-06-12 00:00:00+00:00,2.8,low,1.0
2003-09-26 00:00:00+00:00,0.0,-0.6752646050910416,32.58000183105469,0.07357802017939294,0.028049597381902918,2003-06-12 00:00:00+00:00,2.8,low,1.0
2003-09-29 00:00:00+00:00,0.0,-2.353647536700054,33.13999938964844,0.0924594730320397,0.034514209474832656,2003-06-12 00:00:00+00:00,3.5,low,1.0
2003-09-30 00:00:00+00:00,0.0,0.0,32.41999816894531,0.041648059441390446,0.016895154127792085,2003-06-12 00:00:00+00:00,1.7,low,1.0
2003-10-01 00:00:00+00:00,0.0,-0.6636537272294851,33.150001525878906,0.0917654976845353,0.03427727561842837,2003-06-12 00:00:00+00:00,3.4,low,1.0
2003-10-02 00:00:00+00:00,0.0,0.6915314748668688,33.2599983215332,0.3196262971265735,0.11740051397588894,2003-06-12 00:00:00+00:00,11.7,low,1.0
2003-10-03 00:00:00+00:00,0.0,-2.04737343187652,34.189998626708984,0.1645965110091381,0.05928589991973303,2003-06-12 00:00:00+00:00,5.9,low,1.0
2003-10-06 00:00:00+00:00,0.0,-2.758411690253215,34.439998626708984,0.34561944112492043,0.1282434354266675,2003-06-12 00:00:00+00:00,12.8,low,1.0
2003-10-07 00:00:00+00:00,0.0,-3.3477627599691306,34.650001525878906,0.29144787153065577,0.10607207217500499,2003-06-12 00:00:00+00:00,10.6,low,1.0
2003-10-08 00:00:00+00:00,0.0,-2.730173158225846,34.43000030517578,0.20320427473669758,0.07293552657083353,2003-06-12 00:00:00+00:00,7.3,low,1.0
2003-10-09 00:00:00+00:00,0.0,-3.4592014867313114,34.689998626708984,0.08809551741112052,0.03302371952270631,2003-06-12 00:00:00+00:00,3.3,low,1.0
2003-10-10 00:00:00+00:00,0.0,-4.341607300596529,35.0099983215332,0.31947179319686375,0.07541894861554599,2003-09-11 00:00:00+00:00,7.5,low,1.0
2003-10-13 00:00:00+00:00,0.0,-4.965947550080074,35.2400016784668,0.35523290283094,0.07539349698009158,2003-09-11 00:00:00+00:00,7.5,low,1.0
2003-10-14 00:00:00+00:00,0.0,-5.208038656172809,35.33000183105469,0.8206665616158303,0.07505766184756135,2003-09-11 00:00:00+00:00,7.5,low,1.0
2003-10-15 00:00:00+00:00,0.0,-4.803861887574645,35.18000030517578,0.48107536311003884,0.07531081691305973,2003-09-11 00:00:00+00:00,7.5,low,1.0
2003-10-16 00:00:00+00:00,0.0,-5.555548383723696,35.459999084472656,0.783303951234427,0.07509500775202681,2003-09-11 00:00:00+00:00,7.5,low,1.0
2003-10-17 00:00:00+00:00,0.0,-3.2360557992876293,34.61000061035156,0.3978236589097257,0.07536463834608176,2003-09-11 00:00:00+00:00,7.5,low,1.0
2003-10-20 00:00:00+00:00,0.0,-4.423513688818693,35.040000915527344,0.7206233505570852,0.07514847553194463,2003-09-11 00:00:00+00:00,7.5,low,1.0
2003-10-21 00:00:00+00:00,0.0,-4.992903039810503,35.25,0.8326917533647418,0.07504437164607396,2003-09-11 00:00:00+00:00,7.5,low,1.0
2003-10-22 00:00:00+00:00,0.0,-3.124090326558837,34.56999969482422,0.32833550638520975,0.07541251244426579,2003-09-11 00:00:00+00:00,7.5,low,1.0
2003-10-23 00:00:00+00:00,0.0,-1.9900395871151,34.16999816894531,0.20269789537573746,0.07551653196067094,2003-09-11 00:00:00+00:00,7.6,low,1.0
2003-10-24 00:00:00+00:00,0.0,-1.3742725444978343,34.20000076293945,0.10559746644645884,0.07563873137823564,2003-09-11 00:00:00+00:00,7.6,low,1.0
2003-10-27 00:00:00+00:00,0.0,-1.403097208658477,34.209999084472656,0.7714761054430107,0.0751058357432961,2003-09-11 00:00:00+00:00,7.5,low,1.0
2003-10-28 00:00:00+00:00,0.0,-4.609731447906295,35.36000061035156,0.049631314448394824,0.0757688891959148,2003-09-11 00:00:00+00:00,7.6,low,1.0
2003-10-29 00:00:00+00:00,0.0,-4.501699225158506,35.31999969482422,0.1467623524202488,0.07557875677602623,2003-09-11 00:00:00+00:00,7.6,low,1.0
2003-10-30 00:00:00+00:00,0.0,-4.690590212040691,35.38999938964844,0.06671063977987729,0.07571878121102668,2003-09-11 00:00:00+00:00,7.6,low,1.0
2003-10-31 00:00:00+00:00,0.0,-4.12166216702996,35.18000030517578,0.2579470736350944,0.07546674053684227,2003-09-11 00:00:00+00:00,7.5,low,1.0
2003-11-03 00:00:00+00:00,0.0,-5.676730633609939,35.7599983215332,0.1707744592769279,0.0755500717645741,2003-09-11 00:00:00+00:00,7.6,low,1.0
2003-11-04 00:00:00+00:00,0.0,-5.039416926967133,35.52000045776367,0.18633229405037127,0.07553317081239866,2003-09-11 00:00:00+00:00,7.6,low,1.0
2003-11-05 00:00:00+00:00,0.0,-5.8872784636392,35.84000015258789,0.14142432797562798,0.07558565358772996,2003-09-11 00:00:00+00:00,7.6,low,1.0
2003-11-06 00:00:00+00:00,0.0,-6.149135138893092,35.939998626708984,0.13728624664877812,0.07559115162085236,2003-09-11 00:00:00+00:00,7.6,low,1.0
2003-11-07 00:00:00+00:00,0.0,-5.332589023072442,35.630001068115234,0.11390998602078273,0.07562516242703836,2003-09-11 00:00:00+00:00,7.6,low,1.0
2003-11-10 00:00:00+00:00,0.0,-4.148903499429313,35.189998626708984,0.13453797718281404,0.07559488075934541,2003-09-11 00:00:00+00:00,7.6,low,1.0
2003-11-11 00:00:00+00:00,0.0,-3.793501936562649,35.060001373291016,0.6229164756746988,0.07521913041280677,2003-09-11 00:00:00+00:00,7.5,low,1.0
2003-11-12 00:00:00+00:00,0.0,-5.808438288991691,35.810001373291016,0.44321404191975977,0.07533502111590777,2003-09-11 00:00:00+00:00,7.5,low,1.0
2003-11-13 00:00:00+00:00,0.0,-5.703105645570583,35.77000045776367,0.6249218893452272,0.07521777470426434,2003-09-11 00:00:00+00:00,7.5,low,1.0
2003-11-14 00:00:00+00:00,0.0,-3.738588296413292,35.040000915527344,0.09389754819934855,0.07565952903211197,2003-09-11 00:00:00+00:00,7.6,low,1.0
2003-11-17 00:00:00+00:00,0.0,-2.7393332023635253,34.68000030517578,0.4467380026146941,0.07533275455454298,2003-09-11 00:00:00+00:00,7.5,low,1.0
2003-11-18 00:00:00+00:00,0.0,-0.4427435689194015,33.880001068115234,0.18088951424885089,0.07553895314705729,2003-09-11 00:00:00+00:00,7.6,low,1.0
2003-11-19 00:00:00+00:00,0.0,-1.403097208658477,34.209999084472656,0.34547396977624023,0.07540031339987448,2003-09-11 00:00:00+00:00,7.5,low,1.0
2003-11-20 00:00:00+00:00,0.0,-0.4427435689194015,33.880001068115234,0.1389715461084018,0.07558889586788833,2003-09-11 00:00:00+00:00,7.6,low,1.0
2003-11-21 00:00:00+00:00,0.0,-0.2921369426187259,34.22999954223633,0.30212355943303976,0.0754318305983042,2003-09-11 00:00:00+00:00,7.5,low,1.0
2003-11-24 00:00:00+00:00,0.0,-2.9846481749634,35.18000030517578,0.16577859769347275,0.07555575735378396,2003-09-11 00:00:00+00:00,7.6,low,1.0
2003-11-25 00:00:00+00:00,0.0,-2.9846481749634,35.18000030517578,0.3297934466619902,0.07541146247962725,2003-09-11 00:00:00+00:00,7.5,low,1.0
2003-11-26 00:00:00+00:00,0.0,-3.423879680951414,35.34000015258789,0.22982041714580456,0.07549103309729863,2003-09-11 00:00:00+00:00,7.5,low,1.0
2003-11-28 00:00:00+00:00,0.0,-3.533069424145696,35.380001068115234,0.2979169221683891,0.07543501636491959,2003-09-11 00:00:00+00:00,7.5,low,1.0
2003-12-01 00:00:00+00:00,0.0,-4.930363182541231,35.900001525878906,0.24738406616149397,0.07547564248052152,2003-09-11 00:00:00+00:00,7.5,low,1.0
2003-12-02 00:00:00+00:00,0.0,-4.397758154823494,35.70000076293945,0.4641101138581858,0.07532162773494543,2003-09-11 00:00:00+00:00,7.5,low,1.0
2003-12-03 00:00:00+00:00,0.0,-3.17730193442487,35.25,0.17917960164699206,0.07554079772575627,2003-09-11 00:00:00+00:00,7.6,low,1.0
2003-12-04 00:00:00+00:00,0.0,-4.20993532145113,35.630001068115234,0.20147842921067194,0.07551773596197049,2003-09-11 00:00:00+00:00,7.6,low,1.0
2003-12-05 00:00:00+00:00,0.0,-2.597031460147192,35.040000915527344,0.25725969360613576,0.07546731240610562,2003-09-11 00:00:00+00:00,7.5,low,1.0
2003-12-08 00:00:00+00:00,0.0,-3.149831320892993,35.2400016784668,0.2977409371372497,0.07543515020440524,2003-09-11 00:00:00+00:00,7.5,low,1.0
2003-12-09 00:00:00+00:00,0.0,-0.8713309160658045,34.43000030517578,0.18784765311089208,0.07553158425086812,2003-09-11 00:00:00+00:00,7.6,low,1.0
2003-12-10 00:00:00+00:00,0.0,-0.40510184832892593,34.560001373291016,0.21888248183173956,0.07550103886274181,2003-09-11 00:00:00+00:00,7.6,low,1.0
2003-12-11 00:00:00+00:00,0.0,-2.4929209267272268,35.29999923706055,0.11644474871305426,0.0756211974469417,2003-09-11 00:00:00+00:00,7.6,low,1.0
2003-12-12 00:00:00+00:00,0.0,-2.3269110966658735,35.2400016784668,0.15722364386471918,0.07556582221579095,2003-09-11 00:00:00+00:00,7.6,low,1.0
2003-12-15 00:00:00+00:00,0.0,-1.0350794220437276,34.779998779296875,0.0458223604420096,0.07578228027262834,2003-09-11 00:00:00+00:00,7.6,low,1.0
2003-12-16 00:00:00+00:00,0.0,-0.8034398609939597,34.849998474121094,0.41155958623810535,0.07535557797289684,2003-09-11 00:00:00+00:00,7.5,low,1.0
2003-12-17 00:00:00+00:00,0.0,0.11458297250697136,34.90999984741211,0.5065944184870961,0.0752946024441815,2003-09-11 00:00:00+00:00,7.5,low,1.0
2003-12-18 00:00:00+00:00,0.0,-1.0123751306206574,35.560001373291016,0.27660133200184045,0.07545158188409865,2003-09-11 00:00:00+00:00,7.5,low,1.0
2003-12-19 00:00:00+00:00,0.0,-0.47940827223470484,35.459999084472656,0.6372523183664047,0.07520937351280037,2003-09-11 00:00:00+00:00,7.5,low,1.0
2003-12-22 00:00:00+00:00,0.0,-0.11245689027420402,35.56999969482422,0.5322757407091542,0.0752782658406036,2003-09-11 00:00:00+00:00,7.5,low,1.0
2003-12-23 00:00:00+00:00,0.0,-0.11160969686674349,35.84000015258789,0.9084692794261497,0.07493518506196598,2003-09-11 00:00:00+00:00,7.5,low,1.0
2003-12-24 00:00:00+00:00,0.0,-0.2228463165858563,35.900001525878906,0.9227669363375454,0.07490587317061444,2003-09-11 00:00:00+00:00,7.5,low,1.0
2003-12-26 00:00:00+00:00,0.0,0.474203600776435,35.849998474121094,0.9073412493903593,0.07493731772103755,2003-09-11 00:00:00+00:00,7.5,low,1.0
2003-12-29 00:00:00+00:00,0.0,-0.6037250666760752,36.439998626708984,0.9202509546673571,0.07491137042753936,2003-09-11 00:00:00+00:00,7.5,low,1.0
2003-12-30 00:00:00+00:00,0.0,-0.9299785005923988,36.560001373291016,0.9313513665503514,0.07488579358601223,2003-09-11 00:00:00+00:00,7.5,low,1.0
2003-12-31 00:00:00+00:00,0.0,-0.6582497800219134,36.459999084472656,0.942541863860683,0.07485580053318609,2003-09-11 00:00:00+00:00,7.5,low,1.0
2004-01-02 00:00:00+00:00,0.0,0.5500570945604188,36.36000061035156,0.8905514820838685,0.07496660074690678,2003-09-11 00:00:00+00:00,7.5,low,1.0
2004-01-05 00:00:00+00:00,0.0,-1.1593429587672288,37.09000015258789,0.923802083451686,0.0749035638047557,2003-09-11 00:00:00+00:00,7.5,low,1.0
2004-01-06 00:00:00+00:00,0.0,-2.7048696234758918,37.34000015258789,0.9115077752372531,0.07492932081426733,2003-09-11 00:00:00+00:00,7.5,low,1.0
2004-01-07 00:00:00+00:00,0.0,-3.582798469180626,37.68000030517578,0.8780901996531477,0.0749858828573104,2003-09-11 00:00:00+00:00,7.5,low,1.0
2004-01-08 00:00:00+00:00,0.0,-4.344385811133911,37.97999954223633,0.4686739653329266,0.07531871519835422,2003-09-11 00:00:00+00:00,7.5,low,1.0
2004-01-09 00:00:00+00:00,0.0,-3.7105691178565547,37.72999954223633,0.25070413299385136,0.07547281768898478,2003-09-11 00:00:00+00:00,7.5,low,1.0
2004-01-12 00:00:00+00:00,0.0,-5.2178447807419985,38.33000183105469,0.4305092710378886,0.01668873709486638,2003-12-10 00:00:00+00:00,1.7,low,1.0
2004-01-13 00:00:00+00:00,0.0,-4.268771803205851,37.95000076293945,0.34904330019582336,0.020115381580744857,2003-12-10 00:00:00+00:00,2.0,low,1.0
2004-01-14 00:00:00+00:00,0.0,-4.595588014317942,38.08000183105469,0.4504499337619797,0.015968943531575856,2003-12-10 00:00:00+00:00,1.6,low,1.0
2004-01-15 00:00:00+00:00,0.0,-4.845464796579124,38.18000030517578,0.2613863536898886,0.025189911538275593,2003-12-10 00:00:00+00:00,2.5,low,1.0
2004-01-16 00:00:00+00:00,0.0,-5.8076170119081505,38.56999969482422,0.45668095691454985,0.015751593366602902,2003-12-10 00:00:00+00:00,1.6,low,1.0
2004-01-20 00:00:00+00:00,0.0,-5.734299512126562,38.540000915527344,0.38636461103183667,0.0184346266554776,2003-12-10 00:00:00+00:00,1.8,low,1.0
2004-01-21 00:00:00+00:00,0.0,-5.341321469539029,38.380001068115234,0.2776948474967318,0.024087310042674684,2003-12-10 00:00:00+00:00,2.4,low,1.0
2004-01-22 00:00:00+00:00,0.0,-4.770641211087845,38.150001525878906,0.26967196600369747,0.024618461514430787,2003-12-10 00:00:00+00:00,2.5,low,1.0
2004-01-23 00:00:00+00:00,0.0,-4.998678755808483,38.0099983215332,0.35590143390313606,0.019789932184389316,2003-12-10 00:00:00+00:00,2.0,low,1.0
2004-01-26 00:00:00+00:00,0.0,-6.452453144910953,38.59000015258789,0.42260480961210695,0.016985017796854508,2003-12-10 00:00:00+00:00,1.7,low,1.0
2004-01-27 00:00:00+00:00,0.0,-4.34553028989777,37.7400016784668,0.45064261762677854,0.01596217052581187,2003-12-10 00:00:00+00:00,1.6,low,1.0
2004-01-28 00:00:00+00:00,0.0,-2.695417900616748,37.099998474121094,0.45514451188103106,0.015804869196619265,2003-12-10 00:00:00+00:00,1.6,low,1.0
2004-01-29 00:00:00+00:00,0.0,-3.061232956401516,37.2400016784668,0.5095209596179133,0.014032494680385593,2003-12-10 00:00:00+00:00,1.4,low,1.0
2004-01-30 00:00:00+00:00,0.0,-2.6166744771744854,37.06999969482422,0.8059733474739641,0.006561839304778625,2003-12-10 00:00:00+00:00,0.7,low,1.0
2004-02-02 00:00:00+00:00,0.0,-2.35326675102957,36.970001220703125,0.6340983216131789,0.01060577636621606,2003-12-10 00:00:00+00:00,1.1,low,1.0
2004-02-03 00:00:00+00:00,0.0,-2.247500200909458,36.93000030517578,0.8535849223699636,0.005444803884227483,2003-12-10 00:00:00+00:00,0.5,low,1.0
2004-02-04 00:00:00+00:00,0.0,-0.6330948123899893,36.33000183105469,0.4702372961088343,0.015290212330651315,2003-12-10 00:00:00+00:00,1.5,low,1.0
2004-02-05 00:00:00+00:00,0.0,-1.0145399895736484,36.470001220703125,0.6972026674972025,0.009075223665974144,2003-12-10 00:00:00+00:00,0.9,low,1.0
2004-02-06 00:00:00+00:00,0.0,-3.770539955844854,37.130001068115234,0.19564090112055843,0.030825527023944505,2003-12-10 00:00:00+00:00,3.1,low,1.0
2004-02-09 00:00:00+00:00,0.0,-4.310340840949623,37.119998931884766,0.8210483084416217,0.006212486758109526,2003-12-10 00:00:00+00:00,0.6,low,1.0
2004-02-10 00:00:00+00:00,0.0,-5.5137149549059234,37.18000030517578,0.844226035889113,0.0056681447751461,2003-12-10 00:00:00+00:00,0.6,low,1.0
2004-02-11 00:00:00+00:00,0.0,-7.397558431455032,37.58000183105469,0.7132365744586443,0.008698929537971014,2003-12-10 00:00:00+00:00,0.9,low,1.0
2004-02-12 00:00:00+00:00,0.0,-6.577183256213292,37.25,0.7775055803248457,0.007216414913765813,2003-12-10 00:00:00+00:00,0.7,low,1.0
2004-02-13 00:00:00+00:00,0.0,-5.793176689782387,36.939998626708984,0.6334462627159109,0.01062211656383161,2003-12-10 00:00:00+00:00,1.1,low,1.0
2004-02-17 00:00:00+00:00,0.0,-7.505335634785926,37.439998626708984,0.671937406736548,0.009677198171005697,2003-12-10 00:00:00+00:00,1.0,low,1.0
2004-02-18 00:00:00+00:00,0.0,-7.776293550662383,37.54999923706055,0.8102587559359697,0.006462802450866139,2003-12-10 00:00:00+00:00,0.6,low,1.0
2004-02-19 00:00:00+00:00,0.0,-6.35478232344775,36.97999954223633,0.3145646689360205,0.021886463645196558,2003-12-10 00:00:00+00:00,2.2,low,1.0
2004-02-20 00:00:00+00:00,0.0,-6.049917268883787,36.86000061035156,0.47880075320096294,0.015006430663375746,2003-12-10 00:00:00+00:00,1.5,low,1.0
2004-02-23 00:00:00+00:00,0.0,-6.639237127542441,36.45000076293945,0.33121960031192915,0.0210010657349487,2003-12-10 00:00:00+00:00,2.1,low,1.0
2004-02-24 00:00:00+00:00,0.0,-6.463152501018721,36.36000061035156,0.2678923569227667,0.02473917673853222,2003-12-10 00:00:00+00:00,2.5,low,1.0
2004-02-25 00:00:00+00:00,0.0,-7.025706344660909,36.58000183105469,0.5844628858324369,0.011890071317327314,2003-12-10 00:00:00+00:00,1.2,low,1.0
2004-02-26 00:00:00+00:00,0.0,-7.253885956462303,36.66999816894531,0.38386792244880075,0.018540593086732202,2003-12-10 00:00:00+00:00,1.9,low,1.0
2004-02-27 00:00:00+00:00,0.0,-7.000277261838028,36.56999969482422,0.2729154291803512,0.0244011947270427,2003-12-10 00:00:00+00:00,2.4,low,1.0
2004-03-01 00:00:00+00:00,0.0,-8.205130845148512,37.04999923706055,0.418986410400149,0.017122859262722844,2003-12-10 00:00:00+00:00,1.7,low,1.0
2004-03-02 00:00:00+00:00,0.0,-7.127254741886557,36.619998931884766,0.3055698574867938,0.022390628576530503,2003-12-10 00:00:00+00:00,2.2,low,1.0
2004-03-03 00:00:00+00:00,0.0,-6.617243186648681,36.41999816894531,0.57666988837737,0.012100141242244128,2003-12-10 00:00:00+00:00,1.2,low,1.0
2004-03-04 00:00:00+00:00,0.0,-7.480957904149599,36.7599983215332,0.6243767469974882,0.010850729662144806,2003-12-10 00:00:00+00:00,1.1,low,1.0
2004-03-05 00:00:00+00:00,0.0,-7.152614442216398,36.630001068115234,0.305159877438513,0.022414073721077763,2003-12-10 00:00:00+00:00,2.2,low,1.0
2004-03-08 00:00:00+00:00,0.0,-4.920330203262468,35.77000045776367,0.548683982865999,0.012876976314026149,2003-12-10 00:00:00+00:00,1.3,low,1.0
2004-03-09 00:00:00+00:00,0.0,-4.627037389061151,35.65999984741211,0.598579989615428,0.01151579043039976,2003-12-10 00:00:00+00:00,1.2,low,1.0
2004-03-10 00:00:00+00:00,0.0,-3.353226346193061,35.189998626708984,0.5121606891954397,0.013951771175395164,2003-12-10 00:00:00+00:00,1.4,low,1.0
2004-03-11 00:00:00+00:00,0.0,-2.466305238584876,34.869998931884766,0.3227776742096208,0.02144239198982287,2003-12-10 00:00:00+00:00,2.1,low,1.0
2004-03-12 00:00:00+00:00,0.0,-4.224162407494125,35.5099983215332,0.12092885498038089,0.041788448174219714,2003-12-10 00:00:00+00:00,4.2,low,1.0
2004-03-15 00:00:00+00:00,0.0,-2.52221577388827,34.88999938964844,0.14155437563581497,0.03794900391227574,2003-12-10 00:00:00+00:00,3.8,low,1.0
2004-03-16 00:00:00+00:00,0.0,-2.6895634360128984,34.95000076293945,0.1707539381871434,0.03370361557485063,2003-12-10 00:00:00+00:00,3.4,low,1.0
2004-03-17 00:00:00+00:00,0.0,-4.197187826667037,35.5,0.26345010782893397,0.02504530195737707,2003-12-10 00:00:00+00:00,2.5,low,1.0
2004-03-18 00:00:00+00:00,0.0,-3.763446025218231,35.34000015258789,0.1219413772619778,0.0415784706653251,2003-12-10 00:00:00+00:00,4.2,low,1.0
2004-03-19 00:00:00+00:00,0.0,-2.129501232997977,34.75,0.1145847006824803,0.04316427932200761,2003-12-10 00:00:00+00:00,4.3,low,1.0
2004-03-22 00:00:00+00:00,0.0,-0.8743895067032881,34.310001373291016,0.18121052435569235,0.03242653679345041,2003-12-10 00:00:00+00:00,3.2,low,1.0
2004-03-23 00:00:00+00:00,0.0,-0.058773019339164456,34.029998779296875,0.12598628578609244,0.04076403027365587,2003-12-10 00:00:00+00:00,4.1,low,1.0
2004-03-24 00:00:00+00:00,0.0,0.5810597721643607,34.41999816894531,0.2512682387029354,0.025922060426803683,2003-12-10 00:00:00+00:00,2.6,low,1.0
2004-03-25 00:00:00+00:00,0.0,-0.39614994070164,35.34000015258789,0.14200546013780158,0.03787411050976954,2003-12-10 00:00:00+00:00,3.8,low,1.0
2004-03-26 00:00:00+00:00,0.0,0.7666111539058162,35.220001220703125,0.2981535189271549,0.02282130264124023,2003-12-10 00:00:00+00:00,2.3,low,1.0
2004-03-29 00:00:00+00:00,0.0,-0.7544019303071137,35.790000915527344,0.18621434722887117,0.031851639976509846,2003-12-10 00:00:00+00:00,3.2,low,1.0
2004-03-30 00:00:00+00:00,0.0,-0.8354197670155883,35.90999984741211,0.4069111128412762,0.01759344088267111,2003-12-10 00:00:00+00:00,1.8,low,1.0
2004-03-31 00:00:00+00:00,0.0,-1.506698976641474,35.84000015258789,0.5913844377636279,0.011705584938587523,2003-12-10 00:00:00+00:00,1.2,low,1.0
2004-04-01 00:00:00+00:00,0.0,-3.9822971039421673,36.15999984741211,0.3431426248756036,0.020402016406300433,2003-12-10 00:00:00+00:00,2.0,low,1.0
2004-04-02 00:00:00+00:00,0.0,-6.415087200281489,37.099998474121094,0.22409923626513717,0.02810572953103636,2003-12-10 00:00:00+00:00,2.8,low,1.0
2004-04-05 00:00:00+00:00,0.0,-7.289718255327616,37.45000076293945,0.5867876991911651,0.011827890918775077,2003-12-10 00:00:00+00:00,1.2,low,1.0
2004-04-06 00:00:00+00:00,0.0,-6.111407110624678,36.97999954223633,0.4998322736902744,0.0143326347625629,2003-12-10 00:00:00+00:00,1.4,low,1.0
2004-04-07 00:00:00+00:00,0.0,-6.009738734534542,36.939998626708984,0.45277892585149165,0.01588730076404101,2003-12-10 00:00:00+00:00,1.6,low,1.0
2004-04-08 00:00:00+00:00,0.0,-6.009738734534542,36.939998626708984,0.6991799422161761,0.00902860448659786,2003-12-10 00:00:00+00:00,0.9,low,1.0
2004-04-12 00:00:00+00:00,0.0,-7.3984399662886275,37.16999816894531,0.7375686060564345,0.008134206826423932,2003-12-10 00:00:00+00:00,0.8,low,1.0
2004-04-13 00:00:00+00:00,0.0,-6.033313772118964,36.630001068115234,0.12706206472580703,0.0,2004-03-12 00:00:00+00:00,0.0,low,1.0
2004-04-14 00:00:00+00:00,0.0,-6.900301061576009,36.810001373291016,0.14976719512465142,0.0,2004-03-12 00:00:00+00:00,0.0,low,1.0
2004-04-15 00:00:00+00:00,0.0,-5.200555985507737,36.150001525878906,0.05543988645632231,0.0,2004-03-12 00:00:00+00:00,0.0,low,1.0
2004-04-16 00:00:00+00:00,0.0,-5.042947318174818,36.09000015258789,0.13309025987900422,0.0,2004-03-12 00:00:00+00:00,0.0,low,1.0
2004-04-19 00:00:00+00:00,0.0,-6.624687242849925,36.529998779296875,0.4165260369969266,0.0,2004-03-12 00:00:00+00:00,0.0,low,1.0
2004-04-20 00:00:00+00:00,0.0,-4.400223322297658,35.68000030517578,0.13404557142452284,0.0,2004-03-12 00:00:00+00:00,0.0,low,1.0
2004-04-21 00:00:00+00:00,0.0,-5.223675966761787,35.9900016784668,0.29123384833696264,0.0,2004-03-12 00:00:00+00:00,0.0,low,1.0
2004-04-22 00:00:00+00:00,0.0,-7.61104468568835,36.91999816894531,0.19919113577732148,0.0,2004-03-12 00:00:00+00:00,0.0,low,1.0
2004-04-23 00:00:00+00:00,0.0,-8.331089896249665,37.209999084472656,0.3235750063232509,0.0,2004-03-12 00:00:00+00:00,0.0,low,1.0
2004-04-26 00:00:00+00:00,0.0,-7.661066923568393,36.939998626708984,0.29642941036340137,0.0,2004-03-12 00:00:00+00:00,0.0,low,1.0
2004-04-27 00:00:00+00:00,0.0,-7.485756445591829,36.869998931884766,0.3150385692555549,0.0,2004-03-12 00:00:00+00:00,0.0,low,1.0
2004-04-28 00:00:00+00:00,0.0,-5.773480962816924,36.20000076293945,0.0767697740576214,0.0,2004-03-12 00:00:00+00:00,0.0,low,1.0
2004-04-29 00:00:00+00:00,0.0,-4.292925941354698,35.63999938964844,0.0643992400613642,0.0,2004-03-12 00:00:00+00:00,0.0,low,1.0
2004-04-30 00:00:00+00:00,0.0,-1.8981876293439615,34.77000045776367,0.04139000929249017,0.0,2004-03-12 00:00:00+00:00,0.0,low,1.0
2004-05-03 00:00:00+00:00,0.0,-2.820506857000149,35.099998474121094,0.09693854173455217,0.0,2004-03-12 00:00:00+00:00,0.0,low,1.0
2004-05-04 00:00:00+00:00,0.0,-3.2340408216976924,35.25,0.07430518825680149,0.0,2004-03-12 00:00:00+00:00,0.0,low,1.0
2004-05-05 00:00:00+00:00,0.0,-3.9966175562402118,35.529998779296875,0.16359968536335584,0.0,2004-03-12 00:00:00+00:00,0.0,low,1.0
2004-05-06 00:00:00+00:00,0.0,-3.2614797672277263,35.2599983215332,0.17442531163986363,0.0,2004-03-12 00:00:00+00:00,0.0,low,1.0
2004-05-07 00:00:00+00:00,0.0,-2.4592524459004617,34.970001220703125,0.044224268821849426,0.0,2004-03-12 00:00:00+00:00,0.0,low,1.0
2004-05-10 00:00:00+00:00,0.0,-1.61522234833964,34.66999816894531,0.09878674847844934,0.0,2004-03-12 00:00:00+00:00,0.0,low,1.0
2004-05-11 00:00:00+00:00,0.0,-3.069048191259971,35.189998626708984,0.19070395886781782,0.0,2004-03-12 00:00:00+00:00,0.0,low,1.0
2004-05-12 00:00:00+00:00,0.0,-3.2614797672277263,35.2599983215332,0.08139978419803985,0.0,2004-03-12 00:00:00+00:00,0.0,low,1.0
2004-05-13 00:00:00+00:00,0.0,-2.570687673035643,35.0099983215332,0.08623892408588814,0.0,2004-03-12 00:00:00+00:00,0.0,low,1.0
2004-05-14 00:00:00+00:00,0.0,-1.8417248622976667,34.75,0.1503046722991592,0.0,2004-03-12 00:00:00+00:00,0.0,low,1.0
2004-05-17 00:00:00+00:00,0.0,0.4067495984704017,34.41999816894531,0.1163061019722768,0.0,2004-03-12 00:00:00+00:00,0.0,low,1.0
2004-05-18 00:00:00+00:00,0.0,-0.4894850883558788,34.72999954223633,0.21974421793239654,0.0,2004-03-12 00:00:00+00:00,0.0,low,1.0
2004-05-19 00:00:00+00:00,0.0,-0.37473986325811115,34.689998626708984,0.0786727502376472,0.0,2004-03-12 00:00:00+00:00,0.0,low,1.0
2004-05-20 00:00:00+00:00,0.0,-0.3156292696425145,34.849998474121094,0.2685373550942824,0.0,2004-03-12 00:00:00+00:00,0.0,low,1.0
2004-05-21 00:00:00+00:00,0.0,-0.19988490550890692,35.02000045776367,0.3293992091403413,0.0,2004-03-12 00:00:00+00:00,0.0,low,1.0
2004-05-24 00:00:00+00:00,0.0,-0.8791763282768983,35.2599983215332,0.3100723455778675,0.0,2004-03-12 00:00:00+00:00,0.0,low,1.0
2004-05-25 00:00:00+00:00,0.0,-0.41712379032403657,35.959999084472656,0.27839185583653436,0.0,2004-03-12 00:00:00+00:00,0.0,low,1.0
2004-05-26 00:00:00+00:00,0.0,-1.022378960831738,36.189998626708984,0.48786871468910487,0.0,2004-03-12 00:00:00+00:00,0.0,low,1.0
2004-05-27 00:00:00+00:00,0.0,-1.6474423511440572,36.41999816894531,0.6363834261557293,0.0,2004-03-12 00:00:00+00:00,0.0,low,1.0
2004-05-28 00:00:00+00:00,0.0,-1.9972628111470159,36.54999923706055,0.5548325199129654,0.0,2004-03-12 00:00:00+00:00,0.0,low,1.0
2004-06-01 00:00:00+00:00,0.0,-1.863014534728169,36.5,0.5206092848642163,0.0,2004-03-12 00:00:00+00:00,0.0,low,1.0
2004-06-02 00:00:00+00:00,0.0,-1.6474423511440572,36.41999816894531,0.5179723658700774,0.0,2004-03-12 00:00:00+00:00,0.0,low,1.0
2004-06-03 00:00:00+00:00,0.0,0.11117541977838652,35.97999954223633,0.3121903974693109,0.0,2004-03-12 00:00:00+00:00,0.0,low,1.0
2004-06-04 00:00:00+00:00,0.0,-0.9947411144376583,36.189998626708984,0.37199684794309035,0.0,2004-03-12 00:00:00+00:00,0.0,low,1.0
2004-06-07 00:00:00+00:00,0.0,-3.2928405698468,37.04999923706055,0.5190417811646816,0.0,2004-03-12 00:00:00+00:00,0.0,low,1.0
2004-06-08 00:00:00+00:00,0.0,-4.1778956895152985,37.099998474121094,0.7300402640795554,0.0,2004-03-12 00:00:00+00:00,0.0,low,1.0
2004-06-09 00:00:00+00:00,0.0,-2.8157532598035995,36.58000183105469,0.582902444440616,0.0,2004-03-12 00:00:00+00:00,0.0,low,1.0
2004-06-10 00:00:00+00:00,0.0,-4.343101160407292,36.84000015258789,0.7500215955768517,0.0,2004-03-12 00:00:00+00:00,0.0,low,1.0
2004-06-14 00:00:00+00:00,0.0,-2.973562845352462,36.31999969482422,0.4327997011942169,0.0,2004-03-12 00:00:00+00:00,0.0,low,1.0
2004-06-15 00:00:00+00:00,0.0,-4.729550516897174,36.790000915527344,0.5219363501272132,0.0,2004-03-12 00:00:00+00:00,0.0,low,1.0
2004-06-16 00:00:00+00:00,0.0,-4.57391866624971,36.72999954223633,0.6102440553877928,0.0,2004-03-12 00:00:00+00:00,0.0,low,1.0
2004-06-17 00:00:00+00:00,0.0,-4.86397495864529,36.38999938964844,0.43570128270782366,0.0,2004-03-12 00:00:00+00:00,0.0,low,1.0
2004-06-18 00:00:00+00:00,0.0,-5.4061401763114585,36.439998626708984,0.4042105578846949,0.0,2004-03-12 00:00:00+00:00,0.0,low,1.0
2004-06-21 00:00:00+00:00,0.0,-4.6473035525962825,36.150001525878906,0.254446627304281,0.0,2004-03-12 00:00:00+00:00,0.0,low,1.0
2004-06-22 00:00:00+00:00,0.0,-6.3794987271516,36.68000030517578,0.43751729523478333,0.0,2004-03-12 00:00:00+00:00,0.0,low,1.0
2004-06-23 00:00:00+00:00,0.0,-7.731678379493534,37.119998931884766,0.4987117521582428,0.0,2004-03-12 00:00:00+00:00,0.0,low,1.0
2004-06-24 00:00:00+00:00,0.0,-8.151148501894735,37.04999923706055,0.5944008683368204,0.0,2004-03-12 00:00:00+00:00,0.0,low,1.0
2004-06-25 00:00:00+00:00,0.0,-9.724084891674046,37.33000183105469,0.6209602562253999,0.0,2004-03-12 00:00:00+00:00,0.0,low,1.0
2004-06-28 00:00:00+00:00,0.0,-8.968124402407895,37.02000045776367,0.37307120747461037,0.0,2004-03-12 00:00:00+00:00,0.0,low,1.0
2004-06-29 00:00:00+00:00,0.0,-9.820707181808352,37.369998931884766,0.6228009478855208,0.0,2004-03-12 00:00:00+00:00,0.0,low,1.0
2004-06-30 00:00:00+00:00,1.0,-10.704824419317493,37.7400016784668,0.5818598451706845,0.0,2004-03-12 00:00:00+00:00,0.0,low,1.0
2004-07-01 00:00:00+00:00,0.0,-9.017278806782503,37.040000915527344,0.4574641149097597,0.0,2004-03-12 00:00:00+00:00,0.0,low,1.0
2004-07-02 00:00:00+00:00,0.0,-8.473652791266439,36.81999969482422,0.6284060376558015,0.0,2004-03-12 00:00:00+00:00,0.0,low,1.0
2004-07-06 00:00:00+00:00,0.0,-6.466827908127093,36.029998779296875,0.1622209900459035,0.0,2004-03-12 00:00:00+00:00,0.0,low,1.0
2004-07-07 00:00:00+00:00,0.0,-6.648193386772916,36.099998474121094,0.47087973151186774,0.0,2004-03-12 00:00:00+00:00,0.0,low,1.0
2004-07-08 00:00:00+00:00,0.0,-5.882359226721345,35.70000076293945,0.5082055696175376,0.0,2004-03-12 00:00:00+00:00,0.0,low,1.0
2004-07-09 00:00:00+00:00,0.0,-8.643357070175917,35.75,0.34826279112925546,0.0,2004-03-12 00:00:00+00:00,0.0,low,1.0
2004-07-12 00:00:00+00:00,0.0,-8.286508636753576,35.599998474121094,0.5509303831433866,0.0,2004-03-12 00:00:00+00:00,0.0,low,1.0
2004-07-13 00:00:00+00:00,0.0,-8.157518349981906,35.54999923706055,0.5268453218349755,0.0,2004-03-12 00:00:00+00:00,0.0,low,1.0
2004-07-14 00:00:00+00:00,0.0,-7.502129845622374,35.189998626708984,0.31581036944773533,0.0,2004-06-14 00:00:00+00:00,0.0,low,1.0
2004-07-15 00:00:00+00:00,0.0,-7.698890180879959,35.06999969482422,0.2257211111021622,0.0,2004-06-14 00:00:00+00:00,0.0,low,1.0
2004-07-16 00:00:00+00:00,0.0,-6.691663736233755,34.66999816894531,0.2079574841711663,0.0,2004-06-14 00:00:00+00:00,0.0,low,1.0
2004-07-19 00:00:00+00:00,0.0,-6.5028904601914235,34.599998474121094,0.315561931461495,0.0,2004-06-14 00:00:00+00:00,0.0,low,1.0
2004-07-20 00:00:00+00:00,0.0,-8.693202948137557,35.43000030517578,0.201691523046502,0.0,2004-06-14 00:00:00+00:00,0.0,low,1.0
2004-07-21 00:00:00+00:00,0.0,-5.959310932633555,34.400001525878906,0.03226570418553891,0.0,2004-06-14 00:00:00+00:00,0.0,low,1.0
2004-07-22 00:00:00+00:00,0.0,-7.226844092213058,34.869998931884766,0.060733482241156315,0.0,2004-06-14 00:00:00+00:00,0.0,low,1.0
2004-07-23 00:00:00+00:00,0.0,-5.437008652817488,34.209999084472656,0.033363148110797276,0.0,2004-06-14 00:00:00+00:00,0.0,low,1.0
2004-07-26 00:00:00+00:00,0.0,-5.020560276638342,34.060001373291016,0.0204534191458528,0.0,2004-06-14 00:00:00+00:00,0.0,low,1.0
2004-07-27 00:00:00+00:00,0.0,-6.3133518165162545,34.529998779296875,0.022100219926555333,0.0,2004-06-14 00:00:00+00:00,0.0,low,1.0
2004-07-28 00:00:00+00:00,0.0,-5.904603056795155,34.380001068115234,0.020368496326593884,0.0,2004-06-14 00:00:00+00:00,0.0,low,1.0
2004-07-29 00:00:00+00:00,0.0,-6.9867751307175485,34.779998779296875,0.0339542888775203,0.0,2004-06-14 00:00:00+00:00,0.0,low,1.0
2004-07-30 00:00:00+00:00,0.0,-7.2800256805993,34.88999938964844,0.03210477619189142,0.0,2004-06-14 00:00:00+00:00,0.0,low,1.0
2004-08-02 00:00:00+00:00,0.0,-7.465676998575166,34.959999084472656,0.03647053286622034,0.0,2004-06-14 00:00:00+00:00,0.0,low,1.0
2004-08-03 00:00:00+00:00,0.0,-5.492261446850167,34.22999954223633,0.02794610746420212,0.0,2004-06-14 00:00:00+00:00,0.0,low,1.0
2004-08-04 00:00:00+00:00,0.0,-5.519868900982871,34.2400016784668,0.06214206179987156,0.0,2004-06-14 00:00:00+00:00,0.0,low,1.0
2004-08-05 00:00:00+00:00,0.0,-3.7202382641855047,33.599998474121094,0.026835537104033257,0.0,2004-06-14 00:00:00+00:00,0.0,low,1.0
2004-08-06 00:00:00+00:00,0.0,-1.1308151979771863,32.720001220703125,0.013344616996962117,0.0,2004-06-14 00:00:00+00:00,0.0,low,1.0
2004-08-09 00:00:00+00:00,0.0,-1.3719535774592284,32.79999923706055,0.052987123373060274,0.0,2004-06-14 00:00:00+00:00,0.0,low,1.0
2004-08-10 00:00:00+00:00,0.0,-2.5895833606139895,33.209999084472656,0.04145356389638799,0.0,2004-06-14 00:00:00+00:00,0.0,low,1.0
2004-08-11 00:00:00+00:00,0.0,-1.7314694001469344,32.91999816894531,0.0358983112587297,0.0,2004-06-14 00:00:00+00:00,0.0,low,1.0
2004-08-12 00:00:00+00:00,0.0,-0.36958035747013396,32.470001220703125,0.037881536691410984,0.0,2004-06-14 00:00:00+00:00,0.0,low,1.0
2004-08-13 00:00:00+00:00,0.0,0.21525121106664713,32.52000045776367,0.07021854235590241,0.0,2004-06-14 00:00:00+00:00,0.0,low,1.0
2004-08-16 00:00:00+00:00,0.0,0.3040507469569409,32.88999938964844,0.08857750648247249,0.0,2004-06-14 00:00:00+00:00,0.0,low,1.0
2004-08-17 00:00:00+00:00,0.0,-0.7516536759358261,33.2599983215332,0.08177250811278348,0.0,2004-06-14 00:00:00+00:00,0.0,low,1.0
2004-08-18 00:00:00+00:00,0.0,-1.2998482911169673,33.849998474121094,0.06666484527259908,0.0,2004-06-14 00:00:00+00:00,0.0,low,1.0
2004-08-19 00:00:00+00:00,0.0,-0.4752000478564944,33.66999816894531,0.0994985391290221,0.0,2004-06-14 00:00:00+00:00,0.0,low,1.0
2004-08-20 00:00:00+00:00,0.0,-1.0585028327577684,34.0099983215332,0.32193030341783563,0.0,2004-06-14 00:00:00+00:00,0.0,low,1.0
2004-08-23 00:00:00+00:00,0.0,-1.2906970511573412,34.09000015258789,0.5418293555427786,0.0,2004-06-14 00:00:00+00:00,0.0,low,1.0
2004-08-24 00:00:00+00:00,0.0,-1.2617379168799014,34.08000183105469,0.5109389711527641,0.0,2004-06-14 00:00:00+00:00,0.0,low,1.0
2004-08-25 00:00:00+00:00,0.0,-2.604913838076861,34.54999923706055,0.6064479973070256,0.0,2004-06-14 00:00:00+00:00,0.0,low,1.0
2004-08-26 00:00:00+00:00,0.0,-2.1802324614310864,34.400001525878906,0.7294327395618286,0.0,2004-06-14 00:00:00+00:00,0.0,low,1.0
2004-08-27 00:00:00+00:00,0.0,-2.6331013057059205,34.560001373291016,0.7780084384744798,0.0,2004-06-14 00:00:00+00:00,0.0,low,1.0
2004-08-30 00:00:00+00:00,0.0,-0.9711536809976717,33.97999954223633,0.37273977411118475,0.0,2004-06-14 00:00:00+00:00,0.0,low,1.0
2004-08-31 00:00:00+00:00,0.0,-0.646682003947241,34.02000045776367,0.565463793613911,0.0,2004-06-14 00:00:00+00:00,0.0,low,1.0
2004-09-01 00:00:00+00:00,0.0,-0.6419644521868828,34.27000045776367,0.5879983818868459,0.0,2004-06-14 00:00:00+00:00,0.0,low,1.0
2004-09-02 00:00:00+00:00,0.0,-2.0989061755541716,34.779998779296875,0.7610989539508675,0.0,2004-06-14 00:00:00+00:00,0.0,low,1.0
2004-09-03 00:00:00+00:00,0.0,-0.05858365003291732,34.13999938964844,0.6675340482122473,0.0,2004-06-14 00:00:00+00:00,0.0,low,1.0
2004-09-07 00:00:00+00:00,0.0,-0.8422913533455589,34.43000030517578,0.4466819376924529,0.0,2004-06-14 00:00:00+00:00,0.0,low,1.0
2004-09-08 00:00:00+00:00,0.0,-0.4664718687201419,34.29999923706055,0.3755653304996935,0.0,2004-06-14 00:00:00+00:00,0.0,low,1.0
2004-09-09 00:00:00+00:00,0.0,-1.040764986306686,34.59000015258789,0.7019311727643502,0.0,2004-06-14 00:00:00+00:00,0.0,low,1.0
2004-09-10 00:00:00+00:00,0.0,-2.5341669040895742,35.119998931884766,0.42603826610971857,0.0,2004-06-14 00:00:00+00:00,0.0,low,1.0
2004-09-13 00:00:00+00:00,0.0,-3.7942726794355064,35.58000183105469,0.34393485516984496,0.0,2004-06-14 00:00:00+00:00,0.0,low,1.0
2004-09-14 00:00:00+00:00,0.0,-3.929277249255392,35.630001068115234,0.6838678860904884,0.0,2004-06-14 00:00:00+00:00,0.0,low,1.0
2004-09-15 00:00:00+00:00,0.0,-2.89361831989694,35.25,0.3068612733320365,0.0,2004-06-14 00:00:00+00:00,0.0,low,1.0
2004-09-16 00:00:00+00:00,0.0,-3.08607067385569,35.31999969482422,0.34771692778405566,0.0,2004-06-14 00:00:00+00:00,0.0,low,1.0
2004-09-17 00:00:00+00:00,0.0,-3.386962327415366,35.43000030517578,0.6588244769323249,0.0,2004-06-14 00:00:00+00:00,0.0,low,1.0
2004-09-20 00:00:00+00:00,0.0,-3.386962327415366,35.43000030517578,0.41473979027271385,0.0,2004-06-14 00:00:00+00:00,0.0,low,1.0
2004-09-21 00:00:00+00:00,0.0,-3.767220028351237,35.56999969482422,0.53119380468969,0.0,2004-06-14 00:00:00+00:00,0.0,low,1.0
2004-09-22 00:00:00+00:00,0.0,-2.0600892846520447,34.95000076293945,0.44772849882119486,0.0,2004-06-14 00:00:00+00:00,0.0,low,1.0
2004-09-23 00:00:00+00:00,0.0,-1.975941188114394,34.91999816894531,0.2744616161473188,0.0,2004-06-14 00:00:00+00:00,0.0,low,1.0
2004-09-24 00:00:00+00:00,0.0,-1.637930193450099,34.79999923706055,0.28259519439217856,0.0,2004-06-14 00:00:00+00:00,0.0,low,1.0
2004-09-27 00:00:00+00:00,0.0,-0.7826100225033938,34.5,0.32568087866486195,0.0,2004-06-14 00:00:00+00:00,0.0,low,1.0
2004-09-28 00:00:00+00:00,0.0,-0.11570990998108766,34.56999969482422,0.41465472783704804,0.0,2004-06-14 00:00:00+00:00,0.0,low,1.0
2004-09-29 00:00:00+00:00,0.0,-0.541626087482272,35.08000183105469,0.4906093210596851,0.0,2004-06-14 00:00:00+00:00,0.0,low,1.0
2004-09-30 00:00:00+00:00,0.0,0.1707495000944359,35.13999938964844,0.6248938875920136,0.0,2004-06-14 00:00:00+00:00,0.0,low,1.0
2004-10-01 00:00:00+00:00,0.0,-2.49306855740401,36.099998474121094,0.07493933776218223,0.0,2004-06-14 00:00:00+00:00,0.0,low,1.0
2004-10-04 00:00:00+00:00,0.0,-3.0570106537315067,36.310001373291016,0.09358094620703483,0.0,2004-06-14 00:00:00+00:00,0.0,low,1.0
2004-10-05 00:00:00+00:00,0.0,-3.19031855869073,36.36000061035156,0.14379963538131751,0.0,2004-06-14 00:00:00+00:00,0.0,low,1.0
2004-10-06 00:00:00+00:00,0.0,-3.95634570960548,36.650001525878906,0.419561277753987,0.0,2004-06-14 00:00:00+00:00,0.0,low,1.0
2004-10-07 00:00:00+00:00,0.0,-2.869759567768715,36.2400016784668,0.14336761290280906,0.0,2004-06-14 00:00:00+00:00,0.0,low,1.0
2004-10-08 00:00:00+00:00,0.0,-1.0680186862260466,35.58000183105469,0.03388196627273875,0.0,2004-06-14 00:00:00+00:00,0.0,low,1.0
2004-10-11 00:00:00+00:00,0.0,-1.5384594043651667,35.75,0.055257903782514786,0.0,2004-06-14 00:00:00+00:00,0.0,low,1.0
2004-10-12 00:00:00+00:00,0.0,-1.1487807878627465,35.689998626708984,0.038181069011100806,0.0030699257232564632,2004-09-13 00:00:00+00:00,0.3,low,1.0
2004-10-13 00:00:00+00:00,0.0,-0.9267111075498269,35.61000061035156,0.026809243082066475,0.0025717511177727123,2004-09-13 00:00:00+00:00,0.3,low,1.0
2004-10-14 00:00:00+00:00,0.0,-0.47955424537057256,35.45000076293945,0.04167224375203452,0.003208508654709986,2004-09-13 00:00:00+00:00,0.3,low,1.0
2004-10-15 00:00:00+00:00,0.0,-0.6455221311855386,35.630001068115234,0.06082032679165311,0.003891089706393943,2004-09-13 00:00:00+00:00,0.4,low,1.0
2004-10-18 00:00:00+00:00,0.0,-2.0199212909932207,36.13999938964844,0.09055161428767246,0.004791547285414774,2004-09-13 00:00:00+00:00,0.5,low,1.0
2004-10-19 00:00:00+00:00,0.0,-1.309925325283201,35.880001068115234,0.05637125265442092,0.0037420051319068887,2004-09-13 00:00:00+00:00,0.4,low,1.0
2004-10-20 00:00:00+00:00,0.0,-1.7753104110762252,36.04999923706055,0.12021145295443028,0.005583840967849206,2004-09-13 00:00:00+00:00,0.6,low,1.0
2004-10-21 00:00:00+00:00,0.0,-3.2513625036088456,36.599998474121094,0.09230940807631567,0.004840840637344208,2004-09-13 00:00:00+00:00,0.5,low,1.0
2004-10-22 00:00:00+00:00,0.0,-1.0893837931837291,35.79999923706055,0.10463136727194111,0.005177333419465317,2004-09-13 00:00:00+00:00,0.5,low,1.0
2004-10-25 00:00:00+00:00,0.0,-0.6174606065336374,35.630001068115234,0.21202852570407385,0.007745182286461484,2004-09-13 00:00:00+00:00,0.8,low,1.0
2004-10-26 00:00:00+00:00,0.0,-0.3070927171656468,35.81999969482422,0.1978954405995089,0.007427759116864284,2004-09-13 00:00:00+00:00,0.7,low,1.0
2004-10-27 00:00:00+00:00,0.0,-0.43561080698659715,36.72999954223633,0.027898032817770407,0.0026232856889851844,2004-09-13 00:00:00+00:00,0.3,low,1.0
2004-10-28 00:00:00+00:00,0.0,-0.7846345311441794,36.959999084472656,0.025477775258791968,0.002507356843177341,2004-09-13 00:00:00+00:00,0.3,low,1.0
2004-10-29 00:00:00+00:00,0.0,-0.2710089015801942,36.900001525878906,0.04819322285429915,0.0034540154129994935,2004-09-13 00:00:00+00:00,0.3,low,1.0
2004-11-01 00:00:00+00:00,0.0,-0.05399691487396607,37.040000915527344,0.058648151977867644,0.00381890356762944,2004-09-13 00:00:00+00:00,0.4,low,1.0
2004-11-02 00:00:00+00:00,0.0,-0.13455123053244256,37.15999984741211,0.03319467331965627,0.0028614560248696845,2004-09-13 00:00:00+00:00,0.3,low,1.0
2004-11-03 00:00:00+00:00,0.0,-0.8019225829569154,37.40999984741211,0.0251616001230838,0.0024918312605929733,2004-09-13 00:00:00+00:00,0.2,low,1.0
2004-11-04 00:00:00+00:00,0.0,-0.026577144649331252,37.619998931884766,0.03472660932048394,0.002926956945781855,2004-09-13 00:00:00+00:00,0.3,low,1.0
2004-11-05 00:00:00+00:00,0.0,-0.8166426924929859,37.959999084472656,0.06374214087604642,0.003986496565655538,2004-09-13 00:00:00+00:00,0.4,low,1.0
2004-11-08 00:00:00+00:00,0.0,-0.9210486161081444,38.0,0.17520564374244804,0.006910217906015124,2004-09-13 00:00:00+00:00,0.7,low,1.0
2004-11-09 00:00:00+00:00,0.0,-0.7120164981640809,37.91999816894531,0.13040603396381098,0.0058406702497842125,2004-09-13 00:00:00+00:00,0.6,low,1.0
2004-11-10 00:00:00+00:00,0.0,0.18523337689431152,37.790000915527344,0.12321987219480168,0.0056603075497645,2004-09-13 00:00:00+00:00,0.6,low,1.0
2004-11-11 00:00:00+00:00,0.0,-0.31340491959447325,38.290000915527344,0.06831826716515155,0.004132340991343825,2004-09-13 00:00:00+00:00,0.4,low,1.0
2004-11-12 00:00:00+00:00,0.0,-0.8794623743658692,38.65999984741211,0.0707687255528402,0.004208787613067711,2004-09-13 00:00:00+00:00,0.4,low,1.0
2004-11-15 00:00:00+00:00,0.0,-1.3134229002857989,38.83000183105469,0.07268258995637555,0.004267750022962467,2004-09-13 00:00:00+00:00,0.4,low,1.0
2004-11-16 00:00:00+00:00,0.0,-0.28504952038510556,38.59000015258789,0.06888560019966036,0.004150138130027378,2004-09-13 00:00:00+00:00,0.4,low,1.0
2004-11-17 00:00:00+00:00,0.0,-1.6108439229951976,39.11000061035156,0.0400284032594566,0.0031439427989824946,2004-09-13 00:00:00+00:00,0.3,low,1.0
2004-11-18 00:00:00+00:00,0.0,-2.061596727962667,39.290000915527344,0.06814424062742037,0.004126869703358342,2004-09-13 00:00:00+00:00,0.4,low,1.0
2004-11-19 00:00:00+00:00,0.0,-0.5170650500555762,38.68000030517578,0.028258521666395208,0.0026401373339515447,2004-09-13 00:00:00+00:00,0.3,low,1.0
2004-11-22 00:00:00+00:00,0.0,-1.1267570686439354,39.04999923706055,0.07685472914707721,0.004394170010703168,2004-09-13 00:00:00+00:00,0.4,low,1.0
2004-11-23 00:00:00+00:00,0.0,-0.0512963757442364,38.9900016784668,0.04523778388082202,0.003344717341994599,2004-09-13 00:00:00+00:00,0.3,low,1.0
2004-11-24 00:00:00+00:00,0.0,-0.915333317038669,39.33000183105469,0.07655325307043089,0.004385127947194152,2004-09-13 00:00:00+00:00,0.4,low,1.0
2004-11-26 00:00:00+00:00,0.0,-0.6120833189832253,39.209999084472656,0.07628078937133968,0.004376943922007939,2004-09-13 00:00:00+00:00,0.4,low,1.0
2004-11-29 00:00:00+00:00,0.0,-0.35714129317261367,39.20000076293945,0.06553168763785425,0.004044030165165208,2004-09-13 00:00:00+00:00,0.4,low,1.0
2004-11-30 00:00:00+00:00,0.0,-0.07668399825140337,39.119998931884766,0.06605028243147572,0.004060580697652103,2004-09-13 00:00:00+00:00,0.4,low,1.0
2004-12-01 00:00:00+00:00,0.0,-2.0791534429555614,39.91999816894531,0.04167307763695822,0.003208541111442752,2004-09-13 00:00:00+00:00,0.3,low,1.0
2004-12-02 00:00:00+00:00,0.0,-2.44571886623427,40.06999969482422,0.028168181409879763,0.0026359238371454086,2004-09-13 00:00:00+00:00,0.3,low,1.0
2004-12-03 00:00:00+00:00,0.0,-2.5915795859613455,40.130001068115234,0.022538978416514102,0.0023592585536477786,2004-09-13 00:00:00+00:00,0.2,low,1.0
2004-12-06 00:00:00+00:00,0.0,-4.271172587909733,40.27000045776367,0.05175443108954207,0.003581852694124053,2004-09-13 00:00:00+00:00,0.4,low,1.0
2004-12-07 00:00:00+00:00,0.0,-2.8044481025785384,39.58000183105469,0.02289926084443395,0.002377894456413646,2004-09-13 00:00:00+00:00,0.2,low,1.0
2004-12-08 00:00:00+00:00,0.0,-3.692542501868301,39.810001373291016,0.062494357876682144,0.003945981565955057,2004-09-13 00:00:00+00:00,0.4,low,1.0
2004-12-09 00:00:00+00:00,0.0,-4.594257647039434,40.04999923706055,0.026538725169557135,0.0025587935190008464,2004-09-13 00:00:00+00:00,0.3,low,1.0
2004-12-10 00:00:00+00:00,0.0,-4.3075412160219155,39.93000030517578,0.04579308988110832,0.003365490809914193,2004-09-13 00:00:00+00:00,0.3,low,1.0
2004-12-13 00:00:00+00:00,0.0,-5.486591736463886,40.279998779296875,0.05591539734545161,0.0037264506857463088,2004-09-13 00:00:00+00:00,0.4,low,1.0
2004-12-14 00:00:00+00:00,0.0,-6.101781740698775,40.47999954223633,0.050419216066659854,0.003534389209696138,2004-09-13 00:00:00+00:00,0.4,low,1.0
2004-12-15 00:00:00+00:00,0.0,-5.7525499731940215,40.33000183105469,0.04759638341059559,0.0034321884090606236,2004-09-13 00:00:00+00:00,0.3,low,1.0
2004-12-16 00:00:00+00:00,0.0,-4.856076106025853,39.95000076293945,0.032386484814362,0.002826333192066097,2004-09-13 00:00:00+00:00,0.3,low,1.0
2004-12-17 00:00:00+00:00,0.0,-3.6990191386265026,39.470001220703125,0.03558071052749459,0.002962894076347525,2004-09-13 00:00:00+00:00,0.3,low,1.0
2004-12-20 00:00:00+00:00,0.0,-3.035720454708013,39.20000076293945,0.03494307684446817,0.0029361033767702376,2004-09-13 00:00:00+00:00,0.3,low,1.0
2004-12-21 00:00:00+00:00,0.0,-5.9475821376032805,39.68000030517578,0.03405424313862602,0.0028983774378830442,2004-09-13 00:00:00+00:00,0.3,low,1.0
2004-12-22 00:00:00+00:00,0.0,-6.896546426728955,39.72999954223633,0.04404839272553327,0.003299835839847573,2004-09-13 00:00:00+00:00,0.3,low,1.0
2004-12-23 00:00:00+00:00,0.0,-8.299797224270344,39.7599983215332,0.041112198934050125,0.0031866435380743493,2004-09-13 00:00:00+00:00,0.3,low,1.0
2004-12-27 00:00:00+00:00,0.0,-7.9060395454700005,39.59000015258789,0.03633180350317128,0.00299416887295885,2004-09-13 00:00:00+00:00,0.3,low,1.0
2004-12-28 00:00:00+00:00,0.0,-8.781591266032795,39.970001220703125,0.037153141285162714,0.003028029368252597,2004-09-13 00:00:00+00:00,0.3,low,1.0
2004-12-29 00:00:00+00:00,0.0,-8.89555555364916,40.02000045776367,0.03608735393011092,0.0029840232616615524,2004-09-13 00:00:00+00:00,0.3,low,1.0
2004-12-30 00:00:00+00:00,0.0,-8.827212917810211,39.9900016784668,0.04125897352072712,0.00319238685411996,2004-09-13 00:00:00+00:00,0.3,low,1.0
2004-12-31 00:00:00+00:00,0.0,-8.667332773487624,39.91999816894531,0.04782926801165324,0.003440719565141537,2004-09-13 00:00:00+00:00,0.3,low,1.0
2005-01-03 00:00:00+00:00,0.0,-7.696204849436317,39.5,0.04055777783030031,0.0031648645247227248,2004-09-13 00:00:00+00:00,0.3,low,1.0
2005-01-04 00:00:00+00:00,0.0,-5.9824645896141115,38.779998779296875,0.0404315496730107,0.0031598871165128086,2004-09-13 00:00:00+00:00,0.3,low,1.0
2005-01-05 00:00:00+00:00,0.0,-5.396994762957252,38.540000915527344,0.038150954302960595,0.0030687057161459456,2004-09-13 00:00:00+00:00,0.3,low,1.0
2005-01-06 00:00:00+00:00,0.0,-4.928290651494615,38.349998474121094,0.03131544154512834,0.0027791497305138246,2004-09-13 00:00:00+00:00,0.3,low,1.0
2005-01-07 00:00:00+00:00,0.0,-5.421530983011391,38.54999923706055,0.037638368158183375,0.003047871689623246,2004-09-13 00:00:00+00:00,0.3,low,1.0
2005-01-10 00:00:00+00:00,0.0,-5.372436440191331,38.529998779296875,0.049027334461966776,0.0034843204703360574,2004-09-13 00:00:00+00:00,0.3,low,1.0
2005-01-11 00:00:00+00:00,0.0,-4.704650590764626,38.2599983215332,0.021890329463733284,0.0033623685970875753,2004-12-10 00:00:00+00:00,0.3,low,1.0
2005-01-12 00:00:00+00:00,0.0,-5.495082026863852,38.58000183105469,0.012281395814907748,0.0028709912182688048,2004-12-10 00:00:00+00:00,0.3,low,1.0
2005-01-13 00:00:00+00:00,0.0,-4.229053383918069,38.06999969482422,0.013627062130849752,0.0029534619873440187,2004-12-10 00:00:00+00:00,0.3,low,1.0
2005-01-14 00:00:00+00:00,0.0,-5.1262066225843945,38.43000030517578,0.0314292183902066,0.003715315489161707,2004-12-10 00:00:00+00:00,0.4,low,1.0
2005-01-18 00:00:00+00:00,0.0,-5.836782192615408,38.720001220703125,0.03292544161708571,0.0037635876985588072,2004-12-10 00:00:00+00:00,0.4,low,1.0
2005-01-19 00:00:00+00:00,0.0,-4.254208688774009,38.08000183105469,0.02848286431339069,0.003615398397336494,2004-12-10 00:00:00+00:00,0.4,low,1.0
2005-01-20 00:00:00+00:00,0.0,-2.3828632557109652,37.349998474121094,0.030473275029820595,0.003683636903549958,2004-12-10 00:00:00+00:00,0.4,low,1.0
2005-01-21 00:00:00+00:00,0.0,-1.5924430897092279,37.04999923706055,0.03131737617399211,0.0037116439271587826,2004-12-10 00:00:00+00:00,0.4,low,1.0
2005-01-24 00:00:00+00:00,0.0,0.24637327017622557,36.529998779296875,0.013728502502087637,0.0029594386513373157,2004-12-10 00:00:00+00:00,0.3,low,1.0
2005-01-25 00:00:00+00:00,0.0,-0.24516522700203103,36.709999084472656,0.01830653693048364,0.0032014747121420447,2004-12-10 00:00:00+00:00,0.3,low,1.0
2005-01-26 00:00:00+00:00,0.0,-1.4266556452896428,37.150001525878906,0.01880559852804115,0.003225143562876073,2004-12-10 00:00:00+00:00,0.3,low,1.0
2005-01-27 00:00:00+00:00,0.0,-1.2937993584316465,37.099998474121094,0.022167760186675947,0.0033740250469527925,2004-12-10 00:00:00+00:00,0.3,low,1.0
2005-01-28 00:00:00+00:00,0.0,-0.5958759938154756,36.91999816894531,0.013480016867262579,0.0029447416805312696,2004-12-10 00:00:00+00:00,0.3,low,1.0
2005-01-31 00:00:00+00:00,0.0,-1.8716597175940985,37.400001525878906,0.0181082548377643,0.0031919439333170136,2004-12-10 00:00:00+00:00,0.3,low,1.0
2005-02-01 00:00:00+00:00,0.0,-2.185500226065551,37.52000045776367,0.026885656115021552,0.003558201573468194,2004-12-10 00:00:00+00:00,0.4,low,1.0
2005-02-02 00:00:00+00:00,0.0,-2.3416738297975193,37.58000183105469,0.030010000422074034,0.003668036705416515,2004-12-10 00:00:00+00:00,0.4,low,1.0
2005-02-03 00:00:00+00:00,0.0,-1.2113075220898217,37.150001525878906,0.03129013906096677,0.003710748413620108,2004-12-10 00:00:00+00:00,0.4,low,1.0
2005-02-04 00:00:00+00:00,0.0,-2.7814549326107163,37.75,0.02783581859030778,0.0035925033590802177,2004-12-10 00:00:00+00:00,0.4,low,1.0
2005-02-07 00:00:00+00:00,0.0,-2.5749866024828094,37.66999816894531,0.028638667231572677,0.003620857192138313,2004-12-10 00:00:00+00:00,0.4,low,1.0
2005-02-08 00:00:00+00:00,0.0,-2.7556991766662597,37.7400016784668,0.044196216993054184,0.004086105663326398,2004-12-10 00:00:00+00:00,0.4,low,1.0
2005-02-09 00:00:00+00:00,0.0,-1.1048230683611049,37.11000061035156,0.03359205767585487,0.0037846080277617864,2004-12-10 00:00:00+00:00,0.4,low,1.0
2005-02-10 00:00:00+00:00,0.0,-1.2113075220898217,37.150001525878906,0.035809642400995274,0.00385253541304961,2004-12-10 00:00:00+00:00,0.4,low,1.0
2005-02-11 00:00:00+00:00,0.0,-2.652519840219836,37.70000076293945,0.02566281692658797,0.003512788485425383,2004-12-10 00:00:00+00:00,0.4,low,1.0
2005-02-14 00:00:00+00:00,0.0,-3.0895120199230575,37.869998931884766,0.05311080758647695,0.0043035748503257275,2004-12-10 00:00:00+00:00,0.4,low,1.0
2005-02-15 00:00:00+00:00,0.0,-4.17103934191867,38.119998931884766,0.031039145292930313,0.0037024706507664848,2004-12-10 00:00:00+00:00,0.4,low,1.0
2005-02-16 00:00:00+00:00,0.0,-3.817800896303214,37.97999954223633,0.04177661756861586,0.004022055678020182,2004-12-10 00:00:00+00:00,0.4,low,1.0
2005-02-17 00:00:00+00:00,0.0,-2.989065145701675,37.470001220703125,0.02924834112786378,0.0036420218463966334,2004-12-10 00:00:00+00:00,0.4,low,1.0
2005-02-18 00:00:00+00:00,0.0,-2.945109823453551,37.349998474121094,0.06603357308381944,0.004579540967854932,2004-12-10 00:00:00+00:00,0.5,low,1.0
2005-02-22 00:00:00+00:00,0.0,-2.114390870702343,36.88999938964844,0.04788083752649021,0.0041792534897042545,2004-12-10 00:00:00+00:00,0.4,low,1.0
2005-02-23 00:00:00+00:00,0.0,-2.3551677429021978,36.939998626708984,0.09456511172562997,0.005084994005451916,2004-12-10 00:00:00+00:00,0.5,low,1.0
2005-02-24 00:00:00+00:00,0.0,-3.5819303877398623,37.40999984741211,0.07535275417362959,0.004757499027116795,2004-12-10 00:00:00+00:00,0.5,low,1.0
2005-02-25 00:00:00+00:00,0.0,-4.120146945955517,37.619998931884766,0.08583059630922117,0.004941736227593836,2004-12-10 00:00:00+00:00,0.5,low,1.0
2005-02-28 00:00:00+00:00,0.0,-3.43901814082197,37.220001220703125,0.10627558332803198,0.00526511782563965,2004-12-10 00:00:00+00:00,0.5,low,1.0
2005-03-01 00:00:00+00:00,0.0,-4.491103889014314,37.630001068115234,0.09955556071755668,0.0051632834065704165,2004-12-10 00:00:00+00:00,0.5,low,1.0
2005-03-02 00:00:00+00:00,0.0,-4.440313630792492,37.61000061035156,0.09430550164915848,0.005080854348118311,2004-12-10 00:00:00+00:00,0.5,low,1.0
2005-03-03 00:00:00+00:00,0.0,-3.646114311445592,37.29999923706055,0.07059929048040842,0.0046685963530606975,2004-12-10 00:00:00+00:00,0.5,low,1.0
2005-03-04 00:00:00+00:00,0.0,-4.211092248874837,37.52000045776367,0.10587648725440754,0.005259177261918306,2004-12-10 00:00:00+00:00,0.5,low,1.0
2005-03-07 00:00:00+00:00,0.0,-5.570159406430719,38.060001373291016,0.0765237557979443,0.0047788528501385465,2004-12-10 00:00:00+00:00,0.5,low,1.0
2005-03-08 00:00:00+00:00,0.0,-4.617838812033625,37.68000030517578,0.08060776843711946,0.004851764198530005,2004-12-10 00:00:00+00:00,0.5,low,1.0
2005-03-09 00:00:00+00:00,0.0,-4.338570884630033,37.56999969482422,0.08896535214608638,0.004994128615734018,2004-12-10 00:00:00+00:00,0.5,low,1.0
2005-03-10 00:00:00+00:00,0.0,-4.211092248874837,37.52000045776367,0.06551358592239574,0.0045691507479831365,2004-12-10 00:00:00+00:00,0.5,low,1.0
2005-03-11 00:00:00+00:00,0.0,-3.3091191897447136,37.16999816894531,0.05221083165140101,0.004282780121357952,2004-12-10 00:00:00+00:00,0.4,low,1.0
2005-03-14 00:00:00+00:00,0.0,-3.829674074269318,37.34000015258789,0.06317154776830941,0.004521681673890904,2004-12-10 00:00:00+00:00,0.5,low,1.0
2005-03-15 00:00:00+00:00,0.0,-3.0507587477988762,37.040000915527344,0.037609262116595224,0.0039055696507490976,2004-12-10 00:00:00+00:00,0.4,low,1.0
2005-03-16 00:00:00+00:00,0.0,-3.058435184468533,36.619998931884766,0.04504840981258795,0.0041081000632114135,2004-12-10 00:00:00+00:00,0.4,low,1.0
2005-03-17 00:00:00+00:00,0.0,-5.529825197286675,36.709999084472656,0.06889065921076085,0.004635712944533974,2004-12-10 00:00:00+00:00,0.5,low,1.0
2005-03-18 00:00:00+00:00,0.0,-5.121881725154342,36.5099983215332,0.06543488937962974,0.0045675736382102825,2004-12-10 00:00:00+00:00,0.5,low,1.0
2005-03-21 00:00:00+00:00,0.0,-5.303450913879615,36.58000183105469,0.061253991506924454,0.004481960834482661,2004-12-10 00:00:00+00:00,0.4,low,1.0
2005-03-22 00:00:00+00:00,0.0,-4.262388236922576,36.130001068115234,0.0357841021933004,0.0038517697563455896,2004-12-10 00:00:00+00:00,0.4,low,1.0
2005-03-23 00:00:00+00:00,0.0,-4.605621197598275,36.2599983215332,0.05777816762199252,0.004407846560104138,2004-12-10 00:00:00+00:00,0.4,low,1.0
2005-03-24 00:00:00+00:00,0.0,-4.631927995512819,36.27000045776367,0.057434400784234396,0.004400359705328826,2004-12-10 00:00:00+00:00,0.4,low,1.0
2005-03-28 00:00:00+00:00,0.0,-4.8156301393834084,36.34000015258789,0.07075319124944879,0.004671533234465513,2004-12-10 00:00:00+00:00,0.5,low,1.0
2005-03-29 00:00:00+00:00,0.0,-4.0499281979782475,36.04999923706055,0.04344569511032931,0.0040664973625778224,2004-12-10 00:00:00+00:00,0.4,low,1.0
2005-03-30 00:00:00+00:00,0.0,-5.826298438113575,36.72999954223633,0.037438175381373694,0.003900603420440496,2004-12-10 00:00:00+00:00,0.4,low,1.0
2005-03-31 00:00:00+00:00,0.0,-5.4142727885134745,36.56999969482422,0.04719163550290331,0.004162205513610665,2004-12-10 00:00:00+00:00,0.4,low,1.0
2005-04-01 00:00:00+00:00,0.0,-5.110503452564396,36.20000076293945,0.020200702660529552,0.003289033453584024,2004-12-10 00:00:00+00:00,0.3,low,1.0
2005-04-04 00:00:00+00:00,0.0,-5.787165834708308,36.459999084472656,0.03605770715921125,0.0038599526228357984,2004-12-10 00:00:00+00:00,0.4,low,1.0
2005-04-05 00:00:00+00:00,0.0,-6.044865470887107,36.560001373291016,0.038539596789327085,0.003932308494412678,2004-12-10 00:00:00+00:00,0.4,low,1.0
2005-04-06 00:00:00+00:00,0.0,-5.890415139394268,36.5,0.031032643594206964,0.003702255610898552,2004-12-10 00:00:00+00:00,0.4,low,1.0
2005-04-07 00:00:00+00:00,0.0,-7.011370462572852,36.939998626708984,0.03885766340272951,0.003941349036763362,2004-12-10 00:00:00+00:00,0.4,low,1.0
2005-04-08 00:00:00+00:00,0.0,-6.250002602822957,36.63999938964844,0.02303638443470009,0.003409870164782504,2004-12-10 00:00:00+00:00,0.3,low,1.0
2005-04-11 00:00:00+00:00,0.0,-5.838818790688672,36.47999954223633,0.04156580874188171,0.004016357628578251,2004-12-10 00:00:00+00:00,0.4,low,1.0
2005-04-12 00:00:00+00:00,0.0,-6.301149435094944,36.65999984741211,0.020372460358685996,0.0032966814401554534,2004-12-10 00:00:00+00:00,0.3,low,1.0
2005-04-13 00:00:00+00:00,0.0,-4.742104365077726,36.060001373291016,0.01484416577282066,0.003704120513211196,2005-03-14 00:00:00+00:00,0.4,low,1.0
2005-04-14 00:00:00+00:00,0.0,-3.3755296447052108,35.54999923706055,0.007513987722236812,0.0034010011401929526,2005-03-14 00:00:00+00:00,0.3,low,1.0
2005-04-15 00:00:00+00:00,0.0,-1.1226343854423115,34.7400016784668,0.007786863861847577,0.0034162026122424023,2005-03-14 00:00:00+00:00,0.3,low,1.0
2005-04-18 00:00:00+00:00,0.0,-1.1510835277090847,34.75,0.024315116021370837,0.003942611867308862,2005-03-14 00:00:00+00:00,0.4,low,1.0
2005-04-19 00:00:00+00:00,0.0,-1.8291030970129074,34.9900016784668,0.02488840770705979,0.003954309229012049,2005-03-14 00:00:00+00:00,0.4,low,1.0
2005-04-20 00:00:00+00:00,0.0,-1.0086521069825771,34.70000076293945,0.017008291470409925,0.0037682004522219107,2005-03-14 00:00:00+00:00,0.4,low,1.0
2005-04-21 00:00:00+00:00,0.0,-3.565414081545204,35.619998931884766,0.010185628701264417,0.003532988184771719,2005-03-14 00:00:00+00:00,0.4,low,1.0
2005-04-22 00:00:00+00:00,0.0,-2.108867698059047,35.09000015258789,0.012383563710114688,0.00362066252531462,2005-03-14 00:00:00+00:00,0.4,low,1.0
2005-04-25 00:00:00+00:00,0.0,-2.9112565373051624,35.380001068115234,0.017621167253463705,0.003785072976832256,2005-03-14 00:00:00+00:00,0.4,low,1.0
2005-04-26 00:00:00+00:00,0.0,-1.99714915314263,35.04999923706055,0.020348375361647943,0.003854554870564221,2005-03-14 00:00:00+00:00,0.4,low,1.0
2005-04-27 00:00:00+00:00,0.0,-2.1367522296417474,35.099998474121094,0.026772988068702906,0.00399121758098829,2005-03-14 00:00:00+00:00,0.4,low,1.0
2005-04-28 00:00:00+00:00,0.0,-1.1510835277090847,34.75,0.021989820924316714,0.0038926251616996795,2005-03-14 00:00:00+00:00,0.4,low,1.0
2005-04-29 00:00:00+00:00,0.0,-0.25729031951307046,34.97999954223633,0.01938603150306728,0.0038309991944293275,2005-03-14 00:00:00+00:00,0.4,low,1.0
2005-05-02 00:00:00+00:00,0.0,-0.2562646791716805,35.119998931884766,0.0317882187218566,0.004079709406315253,2005-03-14 00:00:00+00:00,0.4,low,1.0
2005-05-03 00:00:00+00:00,0.0,-0.16996475889653473,35.29999923706055,0.029872145616549987,0.004047391839790728,2005-03-14 00:00:00+00:00,0.4,low,1.0
2005-05-04 00:00:00+00:00,0.0,-1.2034713425268295,35.72999954223633,0.02734865999182121,0.004002053140169904,2005-03-14 00:00:00+00:00,0.4,low,1.0
2005-05-05 00:00:00+00:00,0.0,-1.286350967739458,35.7599983215332,0.03089870407536701,0.004064916108122635,2005-03-14 00:00:00+00:00,0.4,low,1.0
2005-05-06 00:00:00+00:00,0.0,-1.5616323585040948,35.86000061035156,0.08921486503451843,0.00467163886647186,2005-03-14 00:00:00+00:00,0.5,low,1.0
2005-05-09 00:00:00+00:00,0.0,-2.026088168106721,36.029998779296875,0.08920192327983639,0.004671546666288614,2005-03-14 00:00:00+00:00,0.5,low,1.0
2005-05-10 00:00:00+00:00,0.0,-1.3139536334591084,35.77000045776367,0.06165221909967262,0.004446074117052368,2005-03-14 00:00:00+00:00,0.4,low,1.0
2005-05-11 00:00:00+00:00,0.0,-0.8066784683529171,35.95000076293945,0.011144977930003774,0.003573087007308083,2005-03-14 00:00:00+00:00,0.4,low,1.0
2005-05-12 00:00:00+00:00,0.0,0.11157856967893842,35.849998474121094,0.013196520317591292,0.003649703059257343,2005-03-14 00:00:00+00:00,0.4,low,1.0
2005-05-13 00:00:00+00:00,0.0,-0.303533678964818,36.2400016784668,0.03241244609936297,0.004089884555581086,2005-03-14 00:00:00+00:00,0.4,low,1.0
2005-05-16 00:00:00+00:00,0.0,-0.7401328430694409,36.47999954223633,0.05329281533782144,0.004361705108303118,2005-03-14 00:00:00+00:00,0.4,low,1.0
2005-05-17 00:00:00+00:00,0.0,0.027243382357911017,36.70000076293945,0.05090685492647479,0.004335659655249747,2005-03-14 00:00:00+00:00,0.4,low,1.0
2005-05-18 00:00:00+00:00,0.0,0.0,37.20000076293945,0.027339357845920988,0.004001879589778383,2005-03-14 00:00:00+00:00,0.4,low,1.0
2005-05-19 00:00:00+00:00,0.0,-0.6931440500330455,37.5099983215332,0.10068565325126877,0.004749631753766841,2005-03-14 00:00:00+00:00,0.5,low,1.0
2005-05-20 00:00:00+00:00,0.0,-1.0886878626482077,37.65999984741211,0.14174654119121086,0.004983982858881865,2005-03-14 00:00:00+00:00,0.5,low,1.0
2005-05-23 00:00:00+00:00,0.0,-1.5852007881356323,37.849998474121094,0.10159836903078082,0.004755543403020041,2005-03-14 00:00:00+00:00,0.5,low,1.0
2005-05-24 00:00:00+00:00,0.0,-1.8962370227961545,37.970001220703125,0.09810015090866536,0.004732663882757691,2005-03-14 00:00:00+00:00,0.5,low,1.0
2005-05-25 00:00:00+00:00,0.0,-1.4810932371100094,37.810001373291016,0.12751715673036662,0.004909086584566877,2005-03-14 00:00:00+00:00,0.5,low,1.0
2005-05-26 00:00:00+00:00,0.0,-3.2207373303650866,38.189998626708984,0.09425890834655791,0.004706820240740073,2005-03-14 00:00:00+00:00,0.5,low,1.0
2005-05-27 00:00:00+00:00,0.0,-3.95184076868198,38.209999084472656,0.14368423639632133,0.004993770046386154,2005-03-14 00:00:00+00:00,0.5,low,1.0
2005-05-31 00:00:00+00:00,0.0,-3.623952210500758,38.08000183105469,0.27825655198962695,0.005535646736152778,2005-03-14 00:00:00+00:00,0.6,low,1.0
2005-06-01 00:00:00+00:00,0.0,-4.402184562588662,38.38999938964844,0.21966968558537864,0.005324257600740022,2005-03-14 00:00:00+00:00,0.5,low,1.0
2005-06-02 00:00:00+00:00,0.0,-5.0698372793807955,38.65999984741211,0.2825619955055695,0.005550288944572395,2005-03-14 00:00:00+00:00,0.6,low,1.0
2005-06-03 00:00:00+00:00,0.0,-3.7270294640820656,38.099998474121094,0.06524026159354553,0.004479479780302124,2005-03-14 00:00:00+00:00,0.4,low,1.0
2005-06-06 00:00:00+00:00,0.0,-3.9622201838021454,38.11000061035156,0.06486601266986818,0.004476065088985573,2005-03-14 00:00:00+00:00,0.4,low,1.0
2005-06-07 00:00:00+00:00,0.0,-3.1489875961270397,37.790000915527344,0.04406558767783987,0.004254999100083925,2005-03-14 00:00:00+00:00,0.4,low,1.0
2005-06-08 00:00:00+00:00,0.0,-3.0761068034333316,37.709999084472656,0.07570826451565252,0.00456922704288481,2005-03-14 00:00:00+00:00,0.5,low,1.0
2005-06-09 00:00:00+00:00,0.0,-3.6890685052267336,37.95000076293945,0.07535670318893148,0.004566377157903387,2005-03-14 00:00:00+00:00,0.5,low,1.0
2005-06-10 00:00:00+00:00,0.0,-2.6631158996483717,37.54999923706055,0.07871747609413443,0.004593205978923053,2005-03-14 00:00:00+00:00,0.5,low,1.0
2005-06-13 00:00:00+00:00,0.0,-3.127485606923597,37.72999954223633,0.0751407316988506,0.004564621234387599,2005-03-14 00:00:00+00:00,0.5,low,1.0
2005-06-14 00:00:00+00:00,0.0,-2.7408263539332345,37.58000183105469,0.07873868426975647,0.004593372412963681,2005-03-14 00:00:00+00:00,0.5,low,1.0
2005-06-15 00:00:00+00:00,0.0,-3.050401863676888,37.70000076293945,0.06264527199487574,0.004455472318495849,2005-03-14 00:00:00+00:00,0.4,low,1.0
2005-06-16 00:00:00+00:00,0.0,-3.562011172734514,37.900001525878906,0.08277202700707206,0.004624408448945576,2005-03-14 00:00:00+00:00,0.5,low,1.0
2005-06-17 00:00:00+00:00,0.0,-3.485607953669201,37.869998931884766,0.04443846723804987,0.004259651857295905,2005-03-14 00:00:00+00:00,0.4,low,1.0
2005-06-20 00:00:00+00:00,0.0,-3.485607953669201,37.869998931884766,0.03905046372445842,0.0041890252043703235,2005-03-14 00:00:00+00:00,0.4,low,1.0
2005-06-21 00:00:00+00:00,0.0,-3.4346084266010934,37.849998474121094,0.035931604147268016,0.0041443557528070465,2005-03-14 00:00:00+00:00,0.4,low,1.0
2005-06-22 00:00:00+00:00,0.0,-3.332457261216959,37.810001373291016,0.025406641514065527,0.003964688229381416,2005-03-14 00:00:00+00:00,0.4,low,1.0
2005-06-23 00:00:00+00:00,0.0,-2.2465904420967964,37.38999938964844,0.01057116118358121,0.0035494795339360845,2005-03-14 00:00:00+00:00,0.4,low,1.0
2005-06-24 00:00:00+00:00,0.0,-1.1360615898691862,36.970001220703125,0.013493589368107902,0.0036599311983028147,2005-03-14 00:00:00+00:00,0.4,low,1.0
2005-06-27 00:00:00+00:00,0.0,-0.6793478401712294,36.79999923706055,0.030017799099203317,0.00404990883148293,2005-03-14 00:00:00+00:00,0.4,low,1.0
2005-06-28 00:00:00+00:00,0.0,-1.6150801189076525,37.150001525878906,0.026512465951102862,0.003986249047799283,2005-03-14 00:00:00+00:00,0.4,low,1.0
2005-06-29 00:00:00+00:00,0.0,-1.4027527975304377,37.06999969482422,0.025488244042989806,0.003966306155094231,2005-03-14 00:00:00+00:00,0.4,low,1.0
2005-06-30 00:00:00+00:00,0.0,-0.625338634773942,36.779998779296875,0.01852984730246659,0.003809186796716868,2005-03-14 00:00:00+00:00,0.4,low,1.0
2005-07-01 00:00:00+00:00,0.0,-0.49006345608253454,36.72999954223633,0.023381067176742765,0.003923042475251696,2005-03-14 00:00:00+00:00,0.4,low,1.0
2005-07-05 00:00:00+00:00,0.0,-1.5090308921601236,37.11000061035156,0.01204619300056457,0.0036081259896472025,2005-03-14 00:00:00+00:00,0.4,low,1.0
2005-07-06 00:00:00+00:00,0.0,-1.028976617858235,36.93000030517578,0.011957760052715361,0.003604789798552916,2005-03-14 00:00:00+00:00,0.4,low,1.0
2005-07-07 00:00:00+00:00,0.0,-0.18888206214333625,37.060001373291016,0.011924608842407012,0.0036035336597938787,2005-03-14 00:00:00+00:00,0.4,low,1.0
2005-07-08 00:00:00+00:00,0.0,0.07942488465262354,37.77000045776367,0.018044094178893303,0.0037964254817694507,2005-03-14 00:00:00+00:00,0.4,low,1.0
2005-07-11 00:00:00+00:00,0.0,-0.28856404363525323,38.119998931884766,0.01900470518096056,0.003821388258854019,2005-03-14 00:00:00+00:00,0.4,low,1.0
2005-07-12 00:00:00+00:00,0.0,-0.3394283830414291,38.29999923706055,0.021635528434503802,0.003884618052509654,2005-03-14 00:00:00+00:00,0.4,low,1.0
2005-07-13 00:00:00+00:00,0.0,0.33863263918230135,38.38999938964844,0.02135337244507378,0.003798660401103157,2005-06-13 00:00:00+00:00,0.4,low,1.0
2005-07-14 00:00:00+00:00,0.0,-0.30951490964126194,38.77000045776367,0.014243461801535153,0.003973232169091335,2005-06-13 00:00:00+00:00,0.4,low,1.0
2005-07-15 00:00:00+00:00,0.0,-0.5142729906873922,38.88999938964844,0.02683718695040164,0.0037028894399640023,2005-06-13 00:00:00+00:00,0.4,low,1.0
2005-07-18 00:00:00+00:00,0.0,0.28401913672011503,38.72999954223633,0.026688716976491635,0.0037051916039564027,2005-06-13 00:00:00+00:00,0.4,low,1.0
2005-07-19 00:00:00+00:00,0.0,-1.1230184361454953,39.18000030517578,0.020537511054671505,0.003815175272025232,2005-06-13 00:00:00+00:00,0.4,low,1.0
2005-07-20 00:00:00+00:00,0.0,-1.8246260078834453,39.459999084472656,0.01846500804512316,0.0038605681053911693,2005-06-13 00:00:00+00:00,0.4,low,1.0
2005-07-21 00:00:00+00:00,0.0,-1.8495047369125106,39.470001220703125,0.006779756449179915,0.004311607785590659,2005-06-13 00:00:00+00:00,0.4,low,1.0
2005-07-22 00:00:00+00:00,0.0,-1.725003861147334,39.41999816894531,0.017110606830410505,0.0038933483697806163,2005-06-13 00:00:00+00:00,0.4,low,1.0
2005-07-25 00:00:00+00:00,0.0,-1.7061420316589748,39.27000045776367,0.019335554984847948,0.003840855876124143,2005-06-13 00:00:00+00:00,0.4,low,1.0
2005-07-26 00:00:00+00:00,0.0,-2.080161676593395,39.41999816894531,0.018670159524096498,0.0038558327323740225,2005-06-13 00:00:00+00:00,0.4,low,1.0
2005-07-27 00:00:00+00:00,0.0,-3.172210718799584,39.720001220703125,0.01618580360380437,0.0039174047402652235,2005-06-13 00:00:00+00:00,0.4,low,1.0
2005-07-28 00:00:00+00:00,0.0,-3.6331765684871953,39.90999984741211,0.018767754232421347,0.0038535999192254805,2005-06-13 00:00:00+00:00,0.4,low,1.0
2005-07-29 00:00:00+00:00,0.0,-3.3097557167447667,39.58000183105469,0.011434609102732134,0.00407077233319617,2005-06-13 00:00:00+00:00,0.4,low,1.0
2005-08-01 00:00:00+00:00,0.0,-3.505682599882043,39.650001525878906,0.018818631985555077,0.0038524409366950388,2005-06-13 00:00:00+00:00,0.4,low,1.0
2005-08-02 00:00:00+00:00,0.0,-4.5409267125115615,40.08000183105469,0.01477358130948145,0.003957204458214515,2005-06-13 00:00:00+00:00,0.4,low,1.0
2005-08-03 00:00:00+00:00,0.0,-4.493267573769777,40.060001373291016,0.016131326433046503,0.003918868422333676,2005-06-13 00:00:00+00:00,0.4,low,1.0
2005-08-04 00:00:00+00:00,0.0,-3.554322945534927,39.66999816894531,0.011294876535608362,0.004076294263520831,2005-06-13 00:00:00+00:00,0.4,low,1.0
2005-08-05 00:00:00+00:00,0.0,-3.0901753668916565,39.47999954223633,0.01610409497061844,0.003919602100436408,2005-06-13 00:00:00+00:00,0.4,low,1.0
2005-08-08 00:00:00+00:00,0.0,-2.373055212464237,39.189998626708984,0.014429646972056773,0.003967529645079706,2005-06-13 00:00:00+00:00,0.4,low,1.0
2005-08-09 00:00:00+00:00,0.0,-3.0164826828702473,39.45000076293945,0.019687873886484797,0.0038331518583913085,2005-06-13 00:00:00+00:00,0.4,low,1.0
2005-08-10 00:00:00+00:00,0.0,-2.1733630159887607,39.11000061035156,0.010800343474149437,0.004096457840458724,2005-06-13 00:00:00+00:00,0.4,low,1.0
2005-08-11 00:00:00+00:00,0.0,-2.9672888018948296,39.43000030517578,0.01510875042478447,0.003947392627685389,2005-06-13 00:00:00+00:00,0.4,low,1.0
2005-08-12 00:00:00+00:00,0.0,-2.4228533157901966,39.209999084472656,0.010209476089870221,0.004121923158295725,2005-06-13 00:00:00+00:00,0.4,low,1.0
2005-08-15 00:00:00+00:00,0.0,-3.0164826828702473,39.45000076293945,0.017535040643808775,0.0038827795096292605,2005-06-13 00:00:00+00:00,0.4,low,1.0
2005-08-16 00:00:00+00:00,0.0,-1.4171683388198075,38.810001373291016,0.014346961809353286,0.003970052135647867,2005-06-13 00:00:00+00:00,0.4,low,1.0
2005-08-17 00:00:00+00:00,0.0,-1.9979574172702241,39.040000915527344,0.01985810890408771,0.003829483104461529,2005-06-13 00:00:00+00:00,0.4,low,1.0
2005-08-18 00:00:00+00:00,0.0,-1.4933105787231615,38.84000015258789,0.022710583755869977,0.003772653945373616,2005-06-13 00:00:00+00:00,0.4,low,1.0
2005-08-19 00:00:00+00:00,0.0,-1.4425589327495048,38.81999969482422,0.024357647445057973,0.00374327548130399,2005-06-13 00:00:00+00:00,0.4,low,1.0
2005-08-22 00:00:00+00:00,0.0,-1.4933105787231615,38.84000015258789,0.021727763408051413,0.0037913105271632354,2005-06-13 00:00:00+00:00,0.4,low,1.0
2005-08-23 00:00:00+00:00,0.0,-1.2135327298172904,38.72999954223633,0.02536440275851476,0.0037263623067134615,2005-06-13 00:00:00+00:00,0.4,low,1.0
2005-08-24 00:00:00+00:00,0.0,-0.6753203156706578,38.5,0.00861294995814337,0.0041997653616902214,2005-06-13 00:00:00+00:00,0.4,low,1.0
2005-08-25 00:00:00+00:00,0.0,-0.906966760137784,38.59000015258789,0.022228162979952986,0.0037816993846036466,2005-06-13 00:00:00+00:00,0.4,low,1.0
2005-08-26 00:00:00+00:00,0.0,-0.5720161498773413,38.459999084472656,0.015871461645773605,0.003925925651797869,2005-06-13 00:00:00+00:00,0.4,low,1.0
2005-08-29 00:00:00+00:00,0.0,-1.341580664562414,38.7599983215332,0.015158033202091853,0.003945970031597635,2005-06-13 00:00:00+00:00,0.4,low,1.0
2005-08-30 00:00:00+00:00,0.0,-0.9839390572956241,38.619998931884766,0.014047272859978704,0.003979330150013446,2005-06-13 00:00:00+00:00,0.4,low,1.0
2005-08-31 00:00:00+00:00,0.0,-1.8984039827083965,38.97999954223633,0.008004349554538236,0.0042337234161317966,2005-06-13 00:00:00+00:00,0.4,low,1.0
2005-09-01 00:00:00+00:00,0.0,-1.7471647545479363,38.91999816894531,0.013968406511682557,0.003981807836176439,2005-06-13 00:00:00+00:00,0.4,low,1.0
2005-09-02 00:00:00+00:00,0.0,-1.367033203608703,38.77000045776367,0.013841080201272032,0.003985840489790883,2005-06-13 00:00:00+00:00,0.4,low,1.0
2005-09-06 00:00:00+00:00,0.0,-2.79613235855245,39.34000015258789,0.013728112640804894,0.003989452564832268,2005-06-13 00:00:00+00:00,0.4,low,1.0
2005-09-07 00:00:00+00:00,0.0,-2.9687850126245086,39.40999984741211,0.018770368482089916,0.0038535402837308985,2005-06-13 00:00:00+00:00,0.4,low,1.0
2005-09-08 00:00:00+00:00,0.0,-3.7563535523253533,39.400001525878906,0.011752103793694325,0.004058496361862253,2005-06-13 00:00:00+00:00,0.4,low,1.0
2005-09-09 00:00:00+00:00,0.0,-4.290764282609183,39.619998931884766,0.01323217956292984,0.004005704792619114,2005-06-13 00:00:00+00:00,0.4,low,1.0
2005-09-12 00:00:00+00:00,0.0,-4.555754830469683,39.72999954223633,0.016807755415740904,0.0039010664121841773,2005-06-13 00:00:00+00:00,0.4,low,1.0
2005-09-13 00:00:00+00:00,0.0,-4.61771834905913,39.630001068115234,0.013485648822245788,0.003997316464802259,2005-06-13 00:00:00+00:00,0.4,low,1.0
2005-09-14 00:00:00+00:00,0.0,-4.46656453897174,39.18000030517578,0.003800162357446784,0.0045938161046285095,2005-06-13 00:00:00+00:00,0.5,low,1.0
2005-09-15 00:00:00+00:00,0.0,-4.673130805638548,39.15999984741211,0.009984452942910766,0.004132050219189897,2005-06-13 00:00:00+00:00,0.4,low,1.0
2005-09-16 00:00:00+00:00,0.0,-5.253806128572336,39.400001525878906,0.010211016648747082,0.00412185467467703,2005-06-13 00:00:00+00:00,0.4,low,1.0
2005-09-19 00:00:00+00:00,0.0,-4.502425977649138,39.09000015258789,0.012400798106688477,0.0040345089520131576,2005-06-13 00:00:00+00:00,0.4,low,1.0
2005-09-20 00:00:00+00:00,0.0,-4.109936967836014,38.93000030517578,0.006475296531177545,0.004333393930576503,2005-06-13 00:00:00+00:00,0.4,low,1.0
2005-09-21 00:00:00+00:00,0.0,-3.038956282974836,38.5,0.004074653665990582,0.004558908648599099,2005-06-13 00:00:00+00:00,0.5,low,1.0
2005-09-22 00:00:00+00:00,0.0,-3.390262886351636,38.63999938964844,0.006597576731171909,0.004324510936552846,2005-06-13 00:00:00+00:00,0.4,low,1.0
2005-09-23 00:00:00+00:00,0.0,-3.664511403729842,38.75,0.012166539502149609,0.0040430090423358616,2005-06-13 00:00:00+00:00,0.4,low,1.0
2005-09-26 00:00:00+00:00,0.0,-3.689361590307594,38.7599983215332,0.012166539502149609,0.0040430090423358616,2005-06-13 00:00:00+00:00,0.4,low,1.0
2005-09-27 00:00:00+00:00,0.0,-3.465209209569431,38.66999816894531,0.012094133555337113,0.004045672684344671,2005-06-13 00:00:00+00:00,0.4,low,1.0
2005-09-28 00:00:00+00:00,0.0,-3.4901718290329176,38.68000030517578,0.011263033131004041,0.004077563145281447,2005-06-13 00:00:00+00:00,0.4,low,1.0
2005-09-29 00:00:00+00:00,0.0,-4.7704053456363855,39.20000076293945,0.004192679210314346,0.0045446900940985194,2005-06-13 00:00:00+00:00,0.5,low,1.0
2005-09-30 00:00:00+00:00,0.0,-5.39786442685477,39.459999084472656,0.007740814481193621,0.004249320894314036,2005-06-13 00:00:00+00:00,0.4,low,1.0
2005-10-03 00:00:00+00:00,0.0,-5.637005725034971,39.560001373291016,0.01227087728277201,0.004039201149337317,2005-06-13 00:00:00+00:00,0.4,low,1.0
2005-10-04 00:00:00+00:00,0.0,-5.012716143129381,39.29999923706055,0.008682146651233503,0.004196072536833788,2005-06-13 00:00:00+00:00,0.4,low,1.0
2005-10-05 00:00:00+00:00,0.0,-3.689361590307594,38.7599983215332,0.007550930802158408,0.004260926321917529,2005-06-13 00:00:00+00:00,0.4,low,1.0
2005-10-06 00:00:00+00:00,0.0,-2.4052239710988577,38.25,0.009542902942827142,0.004152672198098387,2005-06-13 00:00:00+00:00,0.4,low,1.0
2005-10-07 00:00:00+00:00,0.0,-2.6343200769784803,38.34000015258789,0.010831021036620137,0.004095177771751966,2005-06-13 00:00:00+00:00,0.4,low,1.0
2005-10-10 00:00:00+00:00,0.0,-2.098083437321263,38.130001068115234,0.010133842412265446,0.004125299401676157,2005-06-13 00:00:00+00:00,0.4,low,1.0
2005-10-11 00:00:00+00:00,0.0,-1.6077934046757503,37.939998626708984,0.01416418039082613,0.0,2005-09-12 00:00:00+00:00,0.0,low,1.0
2005-10-12 00:00:00+00:00,0.0,-0.4267800486763118,37.4900016784668,0.00915171545907497,0.0,2005-09-12 00:00:00+00:00,0.0,low,1.0
2005-10-13 00:00:00+00:00,0.0,-0.44996869888325186,37.779998779296875,0.015693614344036096,0.0,2005-09-12 00:00:00+00:00,0.0,low,1.0
2005-10-14 00:00:00+00:00,0.0,-1.1823456298013846,38.060001373291016,0.014675536448473693,0.0,2005-09-12 00:00:00+00:00,0.0,low,1.0
2005-10-17 00:00:00+00:00,0.0,-1.492927423436785,38.18000030517578,0.01742785226191113,0.0,2005-09-12 00:00:00+00:00,0.0,low,1.0
2005-10-18 00:00:00+00:00,0.0,-0.7913459199895723,37.90999984741211,0.018243947470074916,0.0,2005-09-12 00:00:00+00:00,0.0,low,1.0
2005-10-19 00:00:00+00:00,0.0,-1.9394880670108305,38.66999816894531,0.0075185429438719064,0.0,2005-09-12 00:00:00+00:00,0.0,low,1.0
2005-10-20 00:00:00+00:00,0.0,-1.0180192909562402,38.310001373291016,0.007086260203585154,0.0,2005-09-12 00:00:00+00:00,0.0,low,1.0
2005-10-21 00:00:00+00:00,0.0,-1.6342440482062903,38.54999923706055,0.008005507552732981,0.0,2005-09-12 00:00:00+00:00,0.0,low,1.0
2005-10-24 00:00:00+00:00,0.0,-3.166500723438437,39.15999984741211,0.01152845422045512,0.0,2005-09-12 00:00:00+00:00,0.0,low,1.0
2005-10-25 00:00:00+00:00,0.0,-2.7941558561570545,39.0099983215332,0.018976305772167214,0.0,2005-09-12 00:00:00+00:00,0.0,low,1.0
2005-10-26 00:00:00+00:00,0.0,-2.2932315713809825,38.810001373291016,0.020418968476345067,0.0,2005-09-12 00:00:00+00:00,0.0,low,1.0
2005-10-27 00:00:00+00:00,0.0,-0.2892469468377845,38.029998779296875,0.007317335955321421,0.0,2005-09-12 00:00:00+00:00,0.0,low,1.0
2005-10-28 00:00:00+00:00,0.0,0.26095635416876206,38.31999969482422,0.016980921458469855,0.0,2005-09-12 00:00:00+00:00,0.0,low,1.0
2005-10-31 00:00:00+00:00,0.0,-0.41162812402565363,38.869998931884766,0.017660976496154293,0.0,2005-09-12 00:00:00+00:00,0.0,low,1.0
2005-11-01 00:00:00+00:00,0.0,-0.33470923688081466,38.84000015258789,0.024999725684534995,0.0,2005-09-12 00:00:00+00:00,0.0,low,1.0
2005-11-02 00:00:00+00:00,0.0,0.838632385898852,39.349998474121094,0.02381829153358137,0.0,2005-09-12 00:00:00+00:00,0.0,low,1.0
2005-11-03 00:00:00+00:00,0.0,-0.25037175152585744,39.939998626708984,0.0238168913738846,0.0,2005-09-12 00:00:00+00:00,0.0,low,1.0
2005-11-04 00:00:00+00:00,0.0,-0.3992107155678881,40.08000183105469,0.051995947288271685,0.0,2005-09-12 00:00:00+00:00,0.0,low,1.0
2005-11-07 00:00:00+00:00,0.0,-0.5233064878654492,40.130001068115234,0.042614405712743775,0.0,2005-09-12 00:00:00+00:00,0.0,low,1.0
2005-11-08 00:00:00+00:00,0.0,-0.5480847634488528,40.13999938964844,0.04220293414963121,0.0,2005-09-12 00:00:00+00:00,0.0,low,1.0
2005-11-09 00:00:00+00:00,0.0,-0.5976137434728135,40.15999984741211,0.04065885545295373,0.0,2005-09-12 00:00:00+00:00,0.0,low,1.0
2005-11-10 00:00:00+00:00,0.0,-0.54186555239919,40.599998474121094,0.01694883427792237,0.0,2005-09-12 00:00:00+00:00,0.0,low,1.0
2005-11-11 00:00:00+00:00,0.0,-0.8106067889431356,40.709999084472656,0.028264043437262867,0.0,2005-09-12 00:00:00+00:00,0.0,low,1.0
2005-11-14 00:00:00+00:00,0.0,-0.8106067889431356,40.709999084472656,0.03598497869742835,0.0,2005-09-12 00:00:00+00:00,0.0,low,1.0
2005-11-15 00:00:00+00:00,0.0,-0.1480784121746459,40.52000045776367,0.023952686726809308,0.0,2005-09-12 00:00:00+00:00,0.0,low,1.0
2005-11-16 00:00:00+00:00,0.0,0.1962178451292873,40.77000045776367,0.042768863878803395,0.0,2005-09-12 00:00:00+00:00,0.0,low,1.0
2005-11-17 00:00:00+00:00,0.0,-0.29049320404918033,41.310001373291016,0.051929803045035174,0.0,2005-09-12 00:00:00+00:00,0.0,low,1.0
2005-11-18 00:00:00+00:00,0.0,-1.3268980143235631,41.45000076293945,0.028134596966955052,0.0,2005-09-12 00:00:00+00:00,0.0,low,1.0
2005-11-21 00:00:00+00:00,0.0,-1.925389294224067,41.54999923706055,0.05186584003026562,0.0,2005-09-12 00:00:00+00:00,0.0,low,1.0
2005-11-22 00:00:00+00:00,0.0,-2.2781792459432237,41.70000076293945,0.050627486464318264,0.0,2005-09-12 00:00:00+00:00,0.0,low,1.0
2005-11-23 00:00:00+00:00,0.0,-2.511959943122677,41.79999923706055,0.07220376387157251,0.0,2005-09-12 00:00:00+00:00,0.0,low,1.0
2005-11-25 00:00:00+00:00,0.0,-2.7214118077312444,41.88999938964844,0.061074313359160075,0.0,2005-09-12 00:00:00+00:00,0.0,low,1.0
2005-11-28 00:00:00+00:00,0.0,-1.9017835775541503,41.540000915527344,0.018602934816135494,0.0,2005-09-12 00:00:00+00:00,0.0,low,1.0
2005-11-29 00:00:00+00:00,0.0,-1.4271895268751167,41.34000015258789,0.01820864556282807,0.0,2005-09-12 00:00:00+00:00,0.0,low,1.0
2005-11-30 00:00:00+00:00,0.0,-1.4306501662824989,41.2400016784668,0.017460482939602843,0.0,2005-09-12 00:00:00+00:00,0.0,low,1.0
2005-12-01 00:00:00+00:00,0.0,-3.9276309857310676,42.0099983215332,0.03991540747336886,0.0,2005-09-12 00:00:00+00:00,0.0,low,1.0
2005-12-02 00:00:00+00:00,0.0,-4.6307307876412125,42.11000061035156,0.038235363430247506,0.0,2005-09-12 00:00:00+00:00,0.0,low,1.0
2005-12-05 00:00:00+00:00,0.0,-3.923443587516595,41.79999923706055,0.027163680292155597,0.0,2005-09-12 00:00:00+00:00,0.0,low,1.0
2005-12-06 00:00:00+00:00,0.0,-4.244155549788942,41.939998626708984,0.017433072232094844,0.0,2005-09-12 00:00:00+00:00,0.0,low,1.0
2005-12-07 00:00:00+00:00,0.0,-4.061157998452247,41.86000061035156,0.023269114515185957,0.0,2005-09-12 00:00:00+00:00,0.0,low,1.0
2005-12-08 00:00:00+00:00,0.0,-3.368627236809074,41.560001373291016,0.012373034223756667,0.0,2005-09-12 00:00:00+00:00,0.0,low,1.0
2005-12-09 00:00:00+00:00,0.0,-3.7392169886056537,41.720001220703125,0.018656630928712222,0.0,2005-09-12 00:00:00+00:00,0.0,low,1.0
2005-12-12 00:00:00+00:00,0.0,-4.084067657261059,41.869998931884766,0.03160369072390505,0.0,2005-09-12 00:00:00+00:00,0.0,low,1.0
2005-12-13 00:00:00+00:00,0.0,-4.471933937139527,42.040000915527344,0.02757183980424826,0.0,2005-09-12 00:00:00+00:00,0.0,low,1.0
2005-12-14 00:00:00+00:00,0.0,-4.152748484727642,41.900001525878906,0.024272938345885852,0.0,2005-09-12 00:00:00+00:00,0.0,low,1.0
2005-12-15 00:00:00+00:00,0.0,-4.312607387769551,41.970001220703125,0.021513306458781013,0.0,2005-09-12 00:00:00+00:00,0.0,low,1.0
2005-12-16 00:00:00+00:00,0.0,-3.4151080353777785,41.58000183105469,0.01665912946832779,0.0,2005-09-12 00:00:00+00:00,0.0,low,1.0
2005-12-19 00:00:00+00:00,0.0,-1.8572784837267542,40.91999816894531,0.008537903318216042,0.0,2005-09-12 00:00:00+00:00,0.0,low,1.0
2005-12-20 00:00:00+00:00,0.0,-1.9291841289593048,40.95000076293945,0.012715003572140452,0.0,2005-09-12 00:00:00+00:00,0.0,low,1.0
2005-12-21 00:00:00+00:00,0.0,-2.3583787880207208,41.130001068115234,0.010356475327654997,0.0,2005-09-12 00:00:00+00:00,0.0,low,1.0
2005-12-22 00:00:00+00:00,0.0,-2.9951730260001974,41.400001525878906,0.011531478991276965,0.0,2005-09-12 00:00:00+00:00,0.0,low,1.0
2005-12-23 00:00:00+00:00,0.0,-2.9951730260001974,41.400001525878906,0.011759541752361772,0.0,2005-09-12 00:00:00+00:00,0.0,low,1.0
2005-12-27 00:00:00+00:00,0.0,-2.144252067456187,41.040000915527344,0.007714581054927351,0.0,2005-09-12 00:00:00+00:00,0.0,low,1.0
2005-12-28 00:00:00+00:00,0.0,-2.0248885022386087,40.9900016784668,0.014760985262062295,0.0,2005-09-12 00:00:00+00:00,0.0,low,1.0
2005-12-29 00:00:00+00:00,0.0,-1.3752489108627475,40.720001220703125,0.013184977843015236,0.0,2005-09-12 00:00:00+00:00,0.0,low,1.0
2005-12-30 00:00:00+00:00,0.0,-0.6186587501707419,40.40999984741211,0.01915063089474996,0.0,2005-09-12 00:00:00+00:00,0.0,low,1.0
2006-01-03 00:00:00+00:00,0.0,-0.5567647896158934,41.310001373291016,0.005798652875448234,0.0,2005-09-12 00:00:00+00:00,0.0,low,1.0
2006-01-04 00:00:00+00:00,0.0,-1.5812166288258545,41.7400016784668,0.009525601505846696,0.0,2005-09-12 00:00:00+00:00,0.0,low,1.0
2006-01-05 00:00:00+00:00,0.0,-2.7194643116491335,41.91999816894531,0.010651988602955206,0.0,2005-09-12 00:00:00+00:00,0.0,low,1.0
2006-01-06 00:00:00+00:00,0.0,-4.89690753899652,42.68000030517578,0.008060087122364053,0.0,2005-09-12 00:00:00+00:00,0.0,low,1.0
2006-01-09 00:00:00+00:00,0.0,-5.6242705559665485,42.849998474121094,0.013187600847769352,0.0,2005-09-12 00:00:00+00:00,0.0,low,1.0
2006-01-10 00:00:00+00:00,0.0,-5.690304059298612,42.880001068115234,0.013324478868598718,0.0,2005-09-12 00:00:00+00:00,0.0,low,1.0
2006-01-11 00:00:00+00:00,0.0,-6.41055430792421,43.209999084472656,0.004143959076677042,0.0,2005-12-09 00:00:00+00:00,0.0,low,1.0
2006-01-12 00:00:00+00:00,0.0,-6.37209692666697,43.0,0.005067353034396673,0.0,2005-12-09 00:00:00+00:00,0.0,low,1.0
2006-01-13 00:00:00+00:00,0.0,-6.328527802868367,42.97999954223633,0.005640312804698729,0.0,2005-12-09 00:00:00+00:00,0.0,low,1.0
2006-01-17 00:00:00+00:00,0.0,-5.714291329765031,42.70000076293945,0.00553229688072749,0.0,2005-12-09 00:00:00+00:00,0.0,low,1.0
2006-01-18 00:00:00+00:00,0.0,-4.619760258788485,42.209999084472656,0.003970409103720289,0.0,2005-12-09 00:00:00+00:00,0.0,low,1.0
2006-01-19 00:00:00+00:00,0.0,-5.315150780572997,42.52000045776367,0.004342917663107346,0.0,2005-12-09 00:00:00+00:00,0.0,low,1.0
2006-01-20 00:00:00+00:00,0.0,-2.4000040690104196,41.25,0.004470892533284048,0.0,2005-12-09 00:00:00+00:00,0.0,low,1.0
2006-01-23 00:00:00+00:00,0.0,-2.4236549701411647,41.2599983215332,0.007021034029169391,0.0,2005-12-09 00:00:00+00:00,0.0,low,1.0
2006-01-24 00:00:00+00:00,0.0,-2.8474911782821466,41.439998626708984,0.016075429886468973,0.0,2005-12-09 00:00:00+00:00,0.0,low,1.0
2006-01-25 00:00:00+00:00,0.0,-2.4236549701411647,41.2599983215332,0.00624611227394248,0.0,2005-12-09 00:00:00+00:00,0.0,low,1.0
2006-01-26 00:00:00+00:00,0.0,-3.104695401237756,41.54999923706055,0.006396162528533616,0.0,2005-12-09 00:00:00+00:00,0.0,low,1.0
2006-01-27 00:00:00+00:00,0.0,-4.3932611303823865,42.11000061035156,0.005346647440880316,0.0,2005-12-09 00:00:00+00:00,0.0,low,1.0
2006-01-30 00:00:00+00:00,0.0,-4.5745446029807795,42.189998626708984,0.012665758124616004,0.0,2005-12-09 00:00:00+00:00,0.0,low,1.0
2006-01-31 00:00:00+00:00,0.0,-4.142861139206655,42.0,0.007950570238298222,0.0,2005-12-09 00:00:00+00:00,0.0,low,1.0
2006-02-01 00:00:00+00:00,0.0,-4.483993205042458,42.150001525878906,0.00946063147054316,0.0,2005-12-09 00:00:00+00:00,0.0,low,1.0
2006-02-02 00:00:00+00:00,0.0,-2.8240453174614433,41.43000030517578,0.015100752604719277,0.0,2005-12-09 00:00:00+00:00,0.0,low,1.0
2006-02-03 00:00:00+00:00,0.0,-1.6129029250861238,40.91999816894531,0.014262403052504152,0.0,2005-12-09 00:00:00+00:00,0.0,low,1.0
2006-02-06 00:00:00+00:00,0.0,-1.3477163274926318,40.810001373291016,0.018776988991526935,0.0,2005-12-09 00:00:00+00:00,0.0,low,1.0
2006-02-07 00:00:00+00:00,0.0,-0.9106638859342597,40.630001068115234,0.02036143914852756,0.0,2005-12-09 00:00:00+00:00,0.0,low,1.0
2006-02-08 00:00:00+00:00,0.0,-2.0437960675760203,41.099998474121094,0.017580573854681505,0.0,2005-12-09 00:00:00+00:00,0.0,low,1.0
2006-02-09 00:00:00+00:00,0.0,-1.2773285911519605,40.709999084472656,0.019019134401818807,0.0,2005-12-09 00:00:00+00:00,0.0,low,1.0
2006-02-10 00:00:00+00:00,0.0,-1.879883972105767,40.959999084472656,0.010672570786734257,0.0,2005-12-09 00:00:00+00:00,0.0,low,1.0
2006-02-13 00:00:00+00:00,0.0,-0.7409311912114802,40.4900016784668,0.01708833635022236,0.0,2005-12-09 00:00:00+00:00,0.0,low,1.0
2006-02-14 00:00:00+00:00,0.0,-1.735948343964433,40.900001525878906,0.014124899208687744,0.0,2005-12-09 00:00:00+00:00,0.0,low,1.0
2006-02-15 00:00:00+00:00,0.0,-2.356659922981297,41.15999984741211,0.013519502860895807,0.0,2005-12-09 00:00:00+00:00,0.0,low,1.0
2006-02-16 00:00:00+00:00,0.0,-3.24988507237548,41.540000915527344,0.01073029998719063,0.0,2005-12-09 00:00:00+00:00,0.0,low,1.0
2006-02-17 00:00:00+00:00,0.0,-2.4751285620581154,41.209999084472656,0.024619761162713447,0.0,2005-12-09 00:00:00+00:00,0.0,low,1.0
2006-02-21 00:00:00+00:00,0.0,-1.37423649887366,40.75,0.02567143325194746,0.0,2005-12-09 00:00:00+00:00,0.0,low,1.0
2006-02-22 00:00:00+00:00,0.0,-2.593310078410249,41.2599983215332,0.02292278568099366,0.0,2005-12-09 00:00:00+00:00,0.0,low,1.0
2006-02-23 00:00:00+00:00,0.0,-2.3329352699201777,41.150001525878906,0.021900409990757968,0.0,2005-12-09 00:00:00+00:00,0.0,low,1.0
2006-02-24 00:00:00+00:00,0.0,-2.593310078410249,41.2599983215332,0.03318637284933217,0.0,2005-12-09 00:00:00+00:00,0.0,low,1.0
2006-02-27 00:00:00+00:00,0.0,-3.667311958837849,41.720001220703125,0.026945819405688545,0.0,2005-12-09 00:00:00+00:00,0.0,low,1.0
2006-02-28 00:00:00+00:00,0.0,-2.214111633082172,41.099998474121094,0.011947609338161509,0.0,2005-12-09 00:00:00+00:00,0.0,low,1.0
2006-03-01 00:00:00+00:00,0.0,-3.528567513411651,41.65999984741211,0.026945819405688545,0.0,2005-12-09 00:00:00+00:00,0.0,low,1.0
2006-03-02 00:00:00+00:00,0.0,-3.5979852468477014,41.689998626708984,0.03731742779213571,0.0,2005-12-09 00:00:00+00:00,0.0,low,1.0
2006-03-03 00:00:00+00:00,0.0,-3.039812094182248,41.45000076293945,0.018743479225671798,0.0,2005-12-09 00:00:00+00:00,0.0,low,1.0
2006-03-06 00:00:00+00:00,0.0,-2.1903176503693,41.09000015258789,0.022181696777066617,0.0,2005-12-09 00:00:00+00:00,0.0,low,1.0
2006-03-07 00:00:00+00:00,0.0,-1.6156667614815823,40.849998474121094,0.03368854629171925,0.0,2005-12-09 00:00:00+00:00,0.0,low,1.0
2006-03-08 00:00:00+00:00,0.0,-1.663812877287052,40.869998931884766,0.031468231718944153,0.0,2005-12-09 00:00:00+00:00,0.0,low,1.0
2006-03-09 00:00:00+00:00,0.0,-0.8144171454259164,40.52000045776367,0.01674647152309684,0.0,2005-12-09 00:00:00+00:00,0.0,low,1.0
2006-03-10 00:00:00+00:00,0.0,0.14792296982824027,40.560001373291016,0.024875122779833586,0.0,2005-12-09 00:00:00+00:00,0.0,low,1.0
2006-03-13 00:00:00+00:00,0.0,-0.0983306667336814,40.68000030517578,0.032851613678736916,0.0,2005-12-09 00:00:00+00:00,0.0,low,1.0
2006-03-14 00:00:00+00:00,0.0,-1.3294639866104796,41.369998931884766,0.02763189966932826,0.0,2005-12-09 00:00:00+00:00,0.0,low,1.0
2006-03-15 00:00:00+00:00,0.0,-2.1572423287281484,41.720001220703125,0.06059930504752696,0.0,2005-12-09 00:00:00+00:00,0.0,low,1.0
2006-03-16 00:00:00+00:00,0.0,-1.3294639866104796,41.369998931884766,0.02297617434907473,0.0,2005-12-09 00:00:00+00:00,0.0,low,1.0
2006-03-17 00:00:00+00:00,0.0,-1.519906047091124,41.45000076293945,0.04107225044280475,0.0,2005-12-09 00:00:00+00:00,0.0,low,1.0
2006-03-20 00:00:00+00:00,0.0,-1.7569183047907333,41.54999923706055,0.04449348890421669,0.0,2005-12-09 00:00:00+00:00,0.0,low,1.0
2006-03-21 00:00:00+00:00,0.0,-0.7054266874769177,41.11000061035156,0.015336021338407167,0.0,2005-12-09 00:00:00+00:00,0.0,low,1.0
2006-03-22 00:00:00+00:00,0.0,-0.946370779695993,41.209999084472656,0.009849454570591294,0.0,2005-12-09 00:00:00+00:00,0.0,low,1.0
2006-03-23 00:00:00+00:00,0.0,-0.24336450170296953,41.09000015258789,0.017025257049831793,0.0,2005-12-09 00:00:00+00:00,0.0,low,1.0
2006-03-24 00:00:00+00:00,0.0,-0.750599429347143,41.29999923706055,0.011555303694348457,0.0,2005-12-09 00:00:00+00:00,0.0,low,1.0
2006-03-27 00:00:00+00:00,0.0,-0.7746300754933322,41.310001373291016,0.01498554120220735,0.0,2005-12-09 00:00:00+00:00,0.0,low,1.0
2006-03-28 00:00:00+00:00,0.0,0.07291876456474444,41.13999938964844,0.016916060548867382,0.0,2005-12-09 00:00:00+00:00,0.0,low,1.0
2006-03-29 00:00:00+00:00,0.0,-1.2643101203413276,41.91999816894531,0.011946031171956417,0.0,2005-12-09 00:00:00+00:00,0.0,low,1.0
2006-03-30 00:00:00+00:00,0.0,-1.5695597131674233,42.04999923706055,0.011869074799165397,0.0,2005-12-09 00:00:00+00:00,0.0,low,1.0
2006-03-31 00:00:00+00:00,0.0,-1.4786523428864218,41.93000030517578,0.021407078516220278,0.0,2005-12-09 00:00:00+00:00,0.0,low,1.0
2006-04-03 00:00:00+00:00,0.0,-1.5959937500028443,41.97999954223633,0.019914766474825756,0.0,2005-12-09 00:00:00+00:00,0.0,low,1.0
2006-04-04 00:00:00+00:00,0.0,-2.2032701382310393,42.209999084472656,0.023434902959671294,0.0,2005-12-09 00:00:00+00:00,0.0,low,1.0
2006-04-05 00:00:00+00:00,0.0,-3.1213372729489763,42.61000061035156,0.022548143809626154,0.0,2005-12-09 00:00:00+00:00,0.0,low,1.0
2006-04-06 00:00:00+00:00,0.0,-3.393402243092014,42.72999954223633,0.0207393518912661,0.0,2005-12-09 00:00:00+00:00,0.0,low,1.0
2006-04-07 00:00:00+00:00,0.0,-2.4574690997801185,42.31999969482422,0.010176260692294404,0.0,2005-12-09 00:00:00+00:00,0.0,low,1.0
2006-04-10 00:00:00+00:00,0.0,-2.3189767656402793,42.2599983215332,0.02870635142835251,0.0,2005-12-09 00:00:00+00:00,0.0,low,1.0
2006-04-11 00:00:00+00:00,0.0,-1.5267161679471508,41.91999816894531,0.01040941908197574,0.0,2005-12-09 00:00:00+00:00,0.0,low,1.0
2006-04-12 00:00:00+00:00,0.0,-3.1004035955136344,41.93000030517578,0.008522636121483613,0.0,2006-03-14 00:00:00+00:00,0.0,low,1.0
2006-04-13 00:00:00+00:00,0.0,-4.56056588725422,42.099998474121094,0.0077651690062872465,0.0,2006-03-14 00:00:00+00:00,0.0,low,1.0
2006-04-17 00:00:00+00:00,0.0,-4.488715647465202,41.65999984741211,0.007308632650426597,0.0,2006-03-14 00:00:00+00:00,0.0,low,1.0
2006-04-18 00:00:00+00:00,0.0,-6.335371372376453,42.459999084472656,0.006171344631151023,0.0,2006-03-14 00:00:00+00:00,0.0,low,1.0
2006-04-19 00:00:00+00:00,0.0,-8.018761691174648,42.650001525878906,0.011511300927743107,0.0,2006-03-14 00:00:00+00:00,0.0,low,1.0
2006-04-20 00:00:00+00:00,0.0,-8.235294117647063,42.5,0.009302399319461505,0.0,2006-03-14 00:00:00+00:00,0.0,low,1.0
2006-04-21 00:00:00+00:00,0.0,-7.738095238095233,42.0,0.0057751495955902414,0.0,2006-03-14 00:00:00+00:00,0.0,low,1.0
2006-04-24 00:00:00+00:00,0.0,-7.959962405775789,41.959999084472656,0.008460310395105638,0.0,2006-03-14 00:00:00+00:00,0.0,low,1.0
2006-04-25 00:00:00+00:00,0.0,-7.881536472998418,41.869998931884766,0.007685388192641204,0.0,2006-03-14 00:00:00+00:00,0.0,low,1.0
2006-04-26 00:00:00+00:00,0.0,-8.67176544478495,41.86000061035156,0.008442178060270138,0.0,2006-03-14 00:00:00+00:00,0.0,low,1.0
2006-04-27 00:00:00+00:00,0.0,-9.536201938852006,42.2599983215332,0.004306818849291333,0.0,2006-03-14 00:00:00+00:00,0.0,low,1.0
2006-04-28 00:00:00+00:00,0.0,-8.64993802597932,41.849998474121094,0.00686595584329641,0.0,2006-03-14 00:00:00+00:00,0.0,low,1.0
2006-05-01 00:00:00+00:00,0.0,-7.746137043556134,41.439998626708984,0.008478103811199214,0.0,2006-03-14 00:00:00+00:00,0.0,low,1.0
2006-05-02 00:00:00+00:00,0.0,-7.99037245676516,41.54999923706055,0.01001037122171632,0.0,2006-03-14 00:00:00+00:00,0.0,low,1.0
2006-05-03 00:00:00+00:00,0.0,-7.857319846584632,41.4900016784668,0.010037860178764966,0.0,2006-03-14 00:00:00+00:00,0.0,low,1.0
2006-05-04 00:00:00+00:00,0.0,-8.606268542273188,41.83000183105469,0.007711238783618892,0.0,2006-03-14 00:00:00+00:00,0.0,low,1.0
2006-05-05 00:00:00+00:00,0.0,-9.321632636146738,42.15999984741211,0.008383623676760344,0.0,2006-03-14 00:00:00+00:00,0.0,low,1.0
2006-05-08 00:00:00+00:00,0.0,-9.407585660969053,42.20000076293945,0.009156580694914962,0.0,2006-03-14 00:00:00+00:00,0.0,low,1.0
2006-05-09 00:00:00+00:00,0.0,-9.062800405134631,42.040000915527344,0.00938235451960318,0.0,2006-03-14 00:00:00+00:00,0.0,low,1.0
2006-05-10 00:00:00+00:00,1.0,-10.031189522810369,41.66999816894531,0.00986526625949308,0.0,2006-03-14 00:00:00+00:00,0.0,low,1.0
2006-05-11 00:00:00+00:00,0.0,-7.977417442566759,40.7400016784668,0.004997747377194082,0.0,2006-03-14 00:00:00+00:00,0.0,low,1.0
2006-05-12 00:00:00+00:00,0.0,-6.966905530570877,40.189998626708984,0.0035385791720391304,0.0,2006-03-14 00:00:00+00:00,0.0,low,1.0
2006-05-15 00:00:00+00:00,0.0,-7.470119550295062,40.15999984741211,0.0072784183722927435,0.0,2006-03-14 00:00:00+00:00,0.0,low,1.0
2006-05-16 00:00:00+00:00,0.0,-6.773709788248894,39.86000061035156,0.008641157453584476,0.0,2006-03-14 00:00:00+00:00,0.0,low,1.0
2006-05-17 00:00:00+00:00,0.0,-5.493387243582393,39.31999969482422,0.010455112825782882,0.0,2006-03-14 00:00:00+00:00,0.0,low,1.0
2006-05-18 00:00:00+00:00,0.0,-4.839947315171078,39.04999923706055,0.006945693847019499,0.0,2006-03-14 00:00:00+00:00,0.0,low,1.0
2006-05-19 00:00:00+00:00,0.0,-5.565435099442906,39.349998474121094,0.011037982084877758,0.0,2006-03-14 00:00:00+00:00,0.0,low,1.0
2006-05-22 00:00:00+00:00,0.0,-4.644601787514024,38.970001220703125,0.009386381303503194,0.0,2006-03-14 00:00:00+00:00,0.0,low,1.0
2006-05-23 00:00:00+00:00,0.0,-3.7056239946137493,38.59000015258789,0.005992322087305534,0.0,2006-03-14 00:00:00+00:00,0.0,low,1.0
2006-05-24 00:00:00+00:00,0.0,-4.350060986063442,38.849998474121094,0.01258266306867531,0.0,2006-03-14 00:00:00+00:00,0.0,low,1.0
2006-05-25 00:00:00+00:00,0.0,-5.589432745996604,39.36000061035156,0.005455565254845534,0.0,2006-03-14 00:00:00+00:00,0.0,low,1.0
2006-05-26 00:00:00+00:00,0.0,-5.900232291773233,39.4900016784668,0.009427576817169232,0.0,2006-03-14 00:00:00+00:00,0.0,low,1.0
2006-05-30 00:00:00+00:00,0.0,-3.8302266190843093,38.63999938964844,0.007841080562439436,0.0,2006-03-14 00:00:00+00:00,0.0,low,1.0
2006-05-31 00:00:00+00:00,0.0,-4.276145956882715,38.81999969482422,0.021399006847433094,0.0,2006-03-14 00:00:00+00:00,0.0,low,1.0
2006-06-01 00:00:00+00:00,0.0,-6.492203628800219,39.7400016784668,0.007227582978525934,0.0,2006-03-14 00:00:00+00:00,0.0,low,1.0
2006-06-02 00:00:00+00:00,0.0,-6.256305702375853,39.63999938964844,0.005878217176728528,0.0,2006-03-14 00:00:00+00:00,0.0,low,1.0
2006-06-05 00:00:00+00:00,0.0,-4.177408413817741,38.779998779296875,0.005855501681663481,0.0,2006-03-14 00:00:00+00:00,0.0,low,1.0
2006-06-06 00:00:00+00:00,0.0,-4.103226200226818,38.75,0.009445317102822441,0.0,2006-03-14 00:00:00+00:00,0.0,low,1.0
2006-06-07 00:00:00+00:00,0.0,-3.380133302149224,38.459999084472656,0.005537766230690969,0.0,2006-03-14 00:00:00+00:00,0.0,low,1.0
2006-06-08 00:00:00+00:00,0.0,-3.2291709093582255,38.400001525878906,0.005551504366120466,0.0,2006-03-14 00:00:00+00:00,0.0,low,1.0
2006-06-09 00:00:00+00:00,0.0,-2.5950239550979637,38.150001525878906,0.0026848537856026863,0.0,2006-03-14 00:00:00+00:00,0.0,low,1.0
2006-06-12 00:00:00+00:00,0.0,-0.8556141223758917,37.400001525878906,0.006397445162412598,0.0,2006-03-14 00:00:00+00:00,0.0,low,1.0
2006-06-13 00:00:00+00:00,0.0,-1.1006707313076736,37.25,0.00700577030412761,0.0,2006-03-14 00:00:00+00:00,0.0,low,1.0
2006-06-14 00:00:00+00:00,0.0,-3.507838579209299,37.630001068115234,0.006770910382175783,0.0,2006-03-14 00:00:00+00:00,0.0,low,1.0
2006-06-15 00:00:00+00:00,0.0,-7.399742554826528,38.650001525878906,0.006260377102455747,0.0,2006-03-14 00:00:00+00:00,0.0,low,1.0
2006-06-16 00:00:00+00:00,0.0,-6.651015197996612,38.34000015258789,0.009339035361491235,0.0,2006-03-14 00:00:00+00:00,0.0,low,1.0
2006-06-19 00:00:00+00:00,0.0,-6.547457122520495,38.029998779296875,0.009079247909974721,0.0,2006-03-14 00:00:00+00:00,0.0,low,1.0
2006-06-20 00:00:00+00:00,0.0,-6.670170150716603,38.08000183105469,0.009757530956212903,0.0,2006-03-14 00:00:00+00:00,0.0,low,1.0
2006-06-21 00:00:00+00:00,0.0,-8.11788874062721,38.68000030517578,0.013624317868278685,0.0,2006-03-14 00:00:00+00:00,0.0,low,1.0
2006-06-22 00:00:00+00:00,0.0,-6.938983520487241,38.189998626708984,0.014601823632592768,0.0,2006-03-14 00:00:00+00:00,0.0,low,1.0
2006-06-23 00:00:00+00:00,0.0,-6.841416791506749,38.150001525878906,0.012723219924016845,0.0,2006-03-14 00:00:00+00:00,0.0,low,1.0
2006-06-26 00:00:00+00:00,0.0,-7.084964926725901,38.25,0.014426322520030009,0.0,2006-03-14 00:00:00+00:00,0.0,low,1.0
2006-06-27 00:00:00+00:00,0.0,-5.3024192072910425,37.529998779296875,0.008249120980783937,0.0,2006-03-14 00:00:00+00:00,0.0,low,1.0
2006-06-28 00:00:00+00:00,0.0,-6.003703716782194,37.810001373291016,0.010804890541171517,0.0,2006-03-14 00:00:00+00:00,0.0,low,1.0
2006-06-29 00:00:00+00:00,0.0,-8.778229592690979,38.959999084472656,0.0058808605040940164,0.0,2006-03-14 00:00:00+00:00,0.0,low,1.0
2006-06-30 00:00:00+00:00,0.0,-8.331182625997425,38.77000045776367,0.013559297396983172,0.0,2006-03-14 00:00:00+00:00,0.0,low,1.0
2006-07-03 00:00:00+00:00,0.0,-8.871792524288857,39.0,0.015159504815685046,0.0,2006-03-14 00:00:00+00:00,0.0,low,1.0
2006-07-05 00:00:00+00:00,0.0,-6.841416791506749,38.150001525878906,0.010423499461895832,0.0,2006-03-14 00:00:00+00:00,0.0,low,1.0
2006-07-06 00:00:00+00:00,0.0,-6.743635931945247,38.11000061035156,0.015167106935173893,0.0,2006-03-14 00:00:00+00:00,0.0,low,1.0
2006-07-07 00:00:00+00:00,0.0,-5.704425018625625,37.689998626708984,0.03526093260851212,0.0,2006-03-14 00:00:00+00:00,0.0,low,1.0
2006-07-10 00:00:00+00:00,0.0,-4.871519446174577,37.36000061035156,0.03506885873273122,0.0,2006-03-14 00:00:00+00:00,0.0,low,1.0
2006-07-11 00:00:00+00:00,0.0,-5.579167131173291,37.63999938964844,0.01061225211071513,0.0,2006-03-14 00:00:00+00:00,0.0,low,1.0
2006-07-12 00:00:00+00:00,0.0,-3.763875922453286,36.93000030517578,0.02704751427182732,0.0,2006-03-14 00:00:00+00:00,0.0,low,1.0
2006-07-13 00:00:00+00:00,0.0,-2.1206291066958483,36.310001373291016,0.024929365990609877,0.0030245081042753314,2006-06-13 00:00:00+00:00,0.3,low,1.0
2006-07-14 00:00:00+00:00,0.0,-1.1129597286194115,35.939998626708984,0.01333190368567533,0.003533707230015601,2006-06-13 00:00:00+00:00,0.4,low,1.0
2006-07-17 00:00:00+00:00,0.0,-1.3599719133243204,36.029998779296875,0.015304740117347195,0.003415056086810171,2006-06-13 00:00:00+00:00,0.3,low,1.0
2006-07-18 00:00:00+00:00,0.0,-1.4661205300772195,36.150001525878906,0.013068169382377716,0.003551203522012166,2006-06-13 00:00:00+00:00,0.4,low,1.0
2006-07-19 00:00:00+00:00,0.0,-2.7307483046628556,36.619998931884766,0.008835785015829531,0.003910946154511898,2006-06-13 00:00:00+00:00,0.4,low,1.0
2006-07-20 00:00:00+00:00,0.0,-1.2749525383171978,36.08000183105469,0.00885380930631543,0.003908985922646277,2006-06-13 00:00:00+00:00,0.4,low,1.0
2006-07-21 00:00:00+00:00,0.0,0.28010776466118603,35.70000076293945,0.013666443755356972,0.0035121178413294583,2006-06-13 00:00:00+00:00,0.4,low,1.0
2006-07-24 00:00:00+00:00,0.0,-0.49437051889626993,36.40999984741211,0.014718723606089936,0.003448239100056958,2006-06-13 00:00:00+00:00,0.3,low,1.0
2006-07-25 00:00:00+00:00,0.0,-1.0649901721020205,36.619998931884766,0.012297721137933697,0.0036049176535092996,2006-06-13 00:00:00+00:00,0.4,low,1.0
2006-07-26 00:00:00+00:00,0.0,-0.9292160458322485,36.59000015258789,0.011905326763971514,0.0036338961222684893,2006-06-13 00:00:00+00:00,0.4,low,1.0
2006-07-27 00:00:00+00:00,0.0,-0.24759327748518078,36.349998474121094,0.012030331191859242,0.0036245381097475787,2006-06-13 00:00:00+00:00,0.4,low,1.0
2006-07-28 00:00:00+00:00,0.0,-2.290493869141186,37.11000061035156,0.015457103928018794,0.0034066842084404807,2006-06-13 00:00:00+00:00,0.3,low,1.0
2006-07-31 00:00:00+00:00,0.0,-2.2641514478061953,37.099998474121094,0.017021190088721615,0.0033262144665022223,2006-06-13 00:00:00+00:00,0.3,low,1.0
2006-08-01 00:00:00+00:00,0.0,-0.6030735292318457,36.47999954223633,0.012052707948092357,0.0036228756130513707,2006-06-13 00:00:00+00:00,0.4,low,1.0
2006-08-02 00:00:00+00:00,0.0,-1.707782809809466,36.88999938964844,0.015837813463224385,0.0033862021816454787,2006-06-13 00:00:00+00:00,0.3,low,1.0
2006-08-03 00:00:00+00:00,0.0,-2.316812055759121,37.119998931884766,0.014638495464196334,0.0034529085116601224,2006-06-13 00:00:00+00:00,0.3,low,1.0
2006-08-04 00:00:00+00:00,0.0,-1.8673949314185534,36.95000076293945,0.00976141424674867,0.003816207719399026,2006-06-13 00:00:00+00:00,0.4,low,1.0
2006-08-07 00:00:00+00:00,0.0,-1.2258261350101551,36.709999084472656,0.012168314126256451,0.003614346813877658,2006-06-13 00:00:00+00:00,0.4,low,1.0
2006-08-08 00:00:00+00:00,0.0,-0.4660037584388932,36.47999954223633,0.005837295267584764,0.004330040599260006,2006-06-13 00:00:00+00:00,0.4,low,1.0
2006-08-09 00:00:00+00:00,0.0,-0.6022376494864257,36.529998779296875,0.00821480638886409,0.003981666620654419,2006-06-13 00:00:00+00:00,0.4,low,1.0
2006-08-10 00:00:00+00:00,0.0,-1.1416199325651966,36.790000915527344,0.008963803667258737,0.0038971294342897925,2006-06-13 00:00:00+00:00,0.4,low,1.0
2006-08-11 00:00:00+00:00,0.0,0.46537637372965346,36.529998779296875,0.010272832144770146,0.0037685032646724128,2006-06-13 00:00:00+00:00,0.4,low,1.0
2006-08-14 00:00:00+00:00,0.0,0.8702738396530352,36.77000045776367,0.010743926921801802,0.003727086117670207,2006-06-13 00:00:00+00:00,0.4,low,1.0
2006-08-15 00:00:00+00:00,0.0,0.37135115866115953,37.70000076293945,0.01460770762228379,0.0034547087927528945,2006-06-13 00:00:00+00:00,0.3,low,1.0
2006-08-16 00:00:00+00:00,0.0,-1.7362062218018615,38.59000015258789,0.046859643916304615,0.0025783071769315356,2006-06-13 00:00:00+00:00,0.3,low,1.0
2006-08-17 00:00:00+00:00,0.0,-2.091405584468653,38.72999954223633,0.018599162217402317,0.0032537595999389056,2006-06-13 00:00:00+00:00,0.3,low,1.0
2006-08-18 00:00:00+00:00,0.0,-2.242853122062638,38.790000915527344,0.018227203674247284,0.0032701396761925915,2006-06-13 00:00:00+00:00,0.3,low,1.0
2006-08-21 00:00:00+00:00,0.0,-1.3014055799829505,38.41999816894531,0.017464869671343395,0.0033050327198392688,2006-06-13 00:00:00+00:00,0.3,low,1.0
2006-08-22 00:00:00+00:00,0.0,-1.3270937605529554,38.43000030517578,0.018337297464529077,0.0032652489339278453,2006-06-13 00:00:00+00:00,0.3,low,1.0
2006-08-23 00:00:00+00:00,0.0,-0.5768254436911091,38.13999938964844,0.015745022975487202,0.003391137992700745,2006-06-13 00:00:00+00:00,0.3,low,1.0
2006-08-24 00:00:00+00:00,0.0,-0.49672843584047666,38.25,0.013548828807152483,0.0035196330940145738,2006-06-13 00:00:00+00:00,0.4,low,1.0
2006-08-25 00:00:00+00:00,0.0,-0.36534287777498786,38.31999969482422,0.014780189814603911,0.0034446828246369487,2006-06-13 00:00:00+00:00,0.3,low,1.0
2006-08-28 00:00:00+00:00,0.0,-1.113701886501639,38.61000061035156,0.01050502559034236,0.0037478029106622654,2006-06-13 00:00:00+00:00,0.4,low,1.0
2006-08-29 00:00:00+00:00,0.0,-1.0586105144798408,38.72999954223633,0.010684951388765485,0.003732147047041853,2006-06-13 00:00:00+00:00,0.4,low,1.0
2006-08-30 00:00:00+00:00,0.0,-1.5163201102585733,38.90999984741211,0.010350089244386467,0.003761552083604466,2006-06-13 00:00:00+00:00,0.4,low,1.0
2006-08-31 00:00:00+00:00,0.0,-1.414971062963899,38.869998931884766,0.011818841184688298,0.0036404418058661706,2006-06-13 00:00:00+00:00,0.4,low,1.0
2006-09-01 00:00:00+00:00,0.0,-1.9447341366973458,39.08000183105469,0.02003629628664324,0.003194058197871666,2006-06-13 00:00:00+00:00,0.3,low,1.0
2006-09-05 00:00:00+00:00,0.0,-2.889000040795797,39.459999084472656,0.016147919216745438,0.003369961452872074,2006-06-13 00:00:00+00:00,0.3,low,1.0
2006-09-06 00:00:00+00:00,0.0,-0.9050904853731501,38.66999816894531,0.008818381140902134,0.003912843609417227,2006-06-13 00:00:00+00:00,0.4,low,1.0
2006-09-07 00:00:00+00:00,0.0,-0.44167829625657573,38.4900016784668,0.012944036564867938,0.0035595899365981516,2006-06-13 00:00:00+00:00,0.4,low,1.0
2006-09-08 00:00:00+00:00,0.0,-1.0330617594738856,38.720001220703125,0.01369750376902015,0.0035101464955386206,2006-06-13 00:00:00+00:00,0.4,low,1.0
2006-09-11 00:00:00+00:00,0.0,-0.02566304355275939,38.959999084472656,0.009523808995766183,0.003839434176204472,2006-06-13 00:00:00+00:00,0.4,low,1.0
2006-09-12 00:00:00+00:00,0.0,-0.4032254188043427,39.68000030517578,0.023068309547603638,0.0030837575882579293,2006-06-13 00:00:00+00:00,0.3,low,1.0
2006-09-13 00:00:00+00:00,0.0,-1.0763461751286951,39.95000076293945,0.019625184478675263,0.0032105859330040657,2006-06-13 00:00:00+00:00,0.3,low,1.0
2006-09-14 00:00:00+00:00,0.0,-1.1752968266470543,39.9900016784668,0.026247574698326663,0.0029857246613364933,2006-06-13 00:00:00+00:00,0.3,low,1.0
2006-09-15 00:00:00+00:00,0.0,-1.4709552321363506,40.11000061035156,0.014305490762418459,0.0034726325161124516,2006-06-13 00:00:00+00:00,0.3,low,1.0
2006-09-18 00:00:00+00:00,0.0,-1.4955096961487002,40.119998931884766,0.023478450769513763,0.0030702086570156034,2006-06-13 00:00:00+00:00,0.3,low,1.0
2006-09-19 00:00:00+00:00,0.0,-0.4265951705260673,39.849998474121094,0.009786733315916401,0.00381377395437361,2006-06-13 00:00:00+00:00,0.4,low,1.0
2006-09-20 00:00:00+00:00,0.0,-1.8550581111521414,40.43000030517578,0.03092023414409318,0.002865316406086828,2006-06-13 00:00:00+00:00,0.3,low,1.0
2006-09-21 00:00:00+00:00,0.0,-1.2444001896525392,40.18000030517578,0.015390831264046794,0.003410313125805654,2006-06-13 00:00:00+00:00,0.3,low,1.0
2006-09-22 00:00:00+00:00,0.0,-0.47654535189124436,39.869998931884766,0.01305077680133426,0.0035523726345666642,2006-06-13 00:00:00+00:00,0.4,low,1.0
2006-09-25 00:00:00+00:00,0.0,-1.7007607392144353,40.56999969482422,0.012550454552453799,0.0035868504961166386,2006-06-13 00:00:00+00:00,0.4,low,1.0
2006-09-26 00:00:00+00:00,0.0,-2.182976158095573,40.77000045776367,0.02127555346986171,0.003146651796416781,2006-06-13 00:00:00+00:00,0.3,low,1.0
2006-09-27 00:00:00+00:00,0.0,-2.06286868223573,40.720001220703125,0.011379072175717892,0.0036746655248518353,2006-06-13 00:00:00+00:00,0.4,low,1.0
2006-09-28 00:00:00+00:00,0.0,-2.3267223128481396,40.83000183105469,0.015283316361623632,0.0034162414776702827,2006-06-13 00:00:00+00:00,0.3,low,1.0
2006-09-29 00:00:00+00:00,0.0,-1.8942199971959894,40.650001525878906,0.006270786736683318,0.004254639290029337,2006-06-13 00:00:00+00:00,0.4,low,1.0
2006-10-02 00:00:00+00:00,0.0,-0.6477287630459072,40.13999938964844,0.006143683795682886,0.004276062335053665,2006-06-13 00:00:00+00:00,0.4,low,1.0
2006-10-03 00:00:00+00:00,0.0,-0.42173648685415177,40.310001373291016,0.010288617792888765,0.003767077718981158,2006-06-13 00:00:00+00:00,0.4,low,1.0
2006-10-04 00:00:00+00:00,0.0,-0.3147725678371849,41.29999923706055,0.012563119594414791,0.0035859569398219455,2006-06-13 00:00:00+00:00,0.4,low,1.0
2006-10-05 00:00:00+00:00,0.0,-0.7951851350715411,41.5,0.021360155391692313,0.0031435395892633173,2006-06-13 00:00:00+00:00,0.3,low,1.0
2006-10-06 00:00:00+00:00,0.0,-0.5795742075613508,41.40999984741211,0.011940810964907685,0.00363122744448521,2006-06-13 00:00:00+00:00,0.4,low,1.0
2006-10-09 00:00:00+00:00,0.0,-0.9145633576240653,41.54999923706055,0.02231611631869019,0.0031093905777253477,2006-06-13 00:00:00+00:00,0.3,low,1.0
2006-10-10 00:00:00+00:00,0.0,-1.081212817126509,41.619998931884766,0.01851627475028406,0.003257374678593794,2006-06-13 00:00:00+00:00,0.3,low,1.0
2006-10-11 00:00:00+00:00,0.0,0.1203640730827571,41.540000915527344,0.003435372600426412,0.004507808296008516,2006-09-12 00:00:00+00:00,0.5,low,1.0
2006-10-12 00:00:00+00:00,0.0,-1.4454990505290977,42.20000076293945,0.013235166724212565,0.003631000835571172,2006-09-12 00:00:00+00:00,0.4,low,1.0
2006-10-13 00:00:00+00:00,0.0,-1.9797316675612242,42.43000030517578,0.01359793352616301,0.0036151845352522505,2006-09-12 00:00:00+00:00,0.4,low,1.0
2006-10-16 00:00:00+00:00,0.0,-2.072053314861344,42.470001220703125,0.01700092000758716,0.0034869096845101736,2006-09-12 00:00:00+00:00,0.3,low,1.0
2006-10-17 00:00:00+00:00,0.0,-0.9761901128859773,42.0,0.0036054024984560336,0.004473165670855942,2006-09-12 00:00:00+00:00,0.4,low,1.0
2006-10-18 00:00:00+00:00,0.0,-0.5023901634105044,41.79999923706055,0.0036517768663966053,0.0044640439859061935,2006-09-12 00:00:00+00:00,0.4,low,1.0
2006-10-19 00:00:00+00:00,0.0,-0.6921262648361237,41.900001525878906,0.004775679506917482,0.0042766519976451004,2006-09-12 00:00:00+00:00,0.4,low,1.0
2006-10-20 00:00:00+00:00,0.0,-0.9285699753534216,42.0,0.005189808626134856,0.004220135085483624,2006-09-12 00:00:00+00:00,0.4,low,1.0
2006-10-23 00:00:00+00:00,0.0,-1.9325941289804582,42.43000030517578,0.0054943909227855945,0.004181792872319802,2006-09-12 00:00:00+00:00,0.4,low,1.0
2006-10-24 00:00:00+00:00,0.0,-1.2577095087169532,42.13999938964844,0.005220450832942274,0.004216161653793412,2006-09-12 00:00:00+00:00,0.4,low,1.0
2006-10-25 00:00:00+00:00,0.0,-1.9325941289804582,42.43000030517578,0.004690348264916744,0.004289001006742756,2006-09-12 00:00:00+00:00,0.4,low,1.0
2006-10-26 00:00:00+00:00,0.0,-2.8257802267544485,42.81999969482422,0.006850937375920565,0.004036567388143317,2006-09-12 00:00:00+00:00,0.4,low,1.0
2006-10-27 00:00:00+00:00,0.0,-1.4214605238923372,42.209999084472656,0.0038810616833690344,0.004420829744868014,2006-09-12 00:00:00+00:00,0.4,low,1.0
2006-10-30 00:00:00+00:00,0.0,-2.048020106543924,42.47999954223633,0.005293296868586568,0.0042068226447917806,2006-09-12 00:00:00+00:00,0.4,low,1.0
2006-10-31 00:00:00+00:00,0.0,-2.278067588047117,42.58000183105469,0.003918696273571876,0.00441401881710767,2006-09-12 00:00:00+00:00,0.4,low,1.0
2006-11-01 00:00:00+00:00,0.0,-0.9285699753534216,42.0,0.003776643817848486,0.004440133615050035,2006-09-12 00:00:00+00:00,0.4,low,1.0
2006-11-02 00:00:00+00:00,0.0,-1.0228360985048424,42.040000915527344,0.004080871651480264,0.004385509642961026,2006-09-12 00:00:00+00:00,0.4,low,1.0
2006-11-03 00:00:00+00:00,0.0,0.31004308888398224,41.93000030517578,0.0037201252001421185,0.0044508412686442445,2006-09-12 00:00:00+00:00,0.4,low,1.0
2006-11-06 00:00:00+00:00,0.0,-0.16455028988650033,42.540000915527344,0.003817219775470338,0.004432559878946647,2006-09-12 00:00:00+00:00,0.4,low,1.0
2006-11-07 00:00:00+00:00,0.0,-0.8405337262688106,42.83000183105469,0.0064387694356753435,0.004076909087361029,2006-09-12 00:00:00+00:00,0.4,low,1.0
2006-11-08 00:00:00+00:00,0.0,-0.8366270522061292,43.029998779296875,0.00558927814699414,0.004170346923480119,2006-09-12 00:00:00+00:00,0.4,low,1.0
2006-11-09 00:00:00+00:00,0.0,-0.373578461986801,42.83000183105469,0.002731340369538618,0.004675868460780165,2006-09-12 00:00:00+00:00,0.5,low,1.0
2006-11-10 00:00:00+00:00,0.0,-0.06971596594910201,43.029998779296875,0.009826872028582522,0.0038094241273638496,2006-09-12 00:00:00+00:00,0.4,low,1.0
2006-11-13 00:00:00+00:00,0.0,-0.5290994611860889,43.470001220703125,0.011214355966328837,0.0037293044108383873,2006-09-12 00:00:00+00:00,0.4,low,1.0
2006-11-14 00:00:00+00:00,0.0,-1.5251581584069362,43.93000030517578,0.010330151136014492,0.0037789388960573138,2006-09-12 00:00:00+00:00,0.4,low,1.0
2006-11-15 00:00:00+00:00,0.0,-1.9270058423415337,44.11000061035156,0.006602123176013968,0.0040605737615669315,2006-09-12 00:00:00+00:00,0.4,low,1.0
2006-11-16 00:00:00+00:00,0.0,-2.3476319039240523,44.29999923706055,0.006460954343886171,0.0040746627290267,2006-09-12 00:00:00+00:00,0.4,low,1.0
2006-11-17 00:00:00+00:00,0.0,-2.3476319039240523,44.29999923706055,0.0067649993918453746,0.004044743690773143,2006-09-12 00:00:00+00:00,0.4,low,1.0
2006-11-20 00:00:00+00:00,0.0,-2.545620823727124,44.38999938964844,0.006617538155176121,0.004059056375887653,2006-09-12 00:00:00+00:00,0.4,low,1.0
2006-11-21 00:00:00+00:00,0.0,-2.677170800857276,44.45000076293945,0.006855971423892538,0.004036092109638124,2006-09-12 00:00:00+00:00,0.4,low,1.0
2006-11-22 00:00:00+00:00,0.0,-3.398167836618038,44.72999954223633,0.007274195772145514,0.00399795272761363,2006-09-12 00:00:00+00:00,0.4,low,1.0
2006-11-24 00:00:00+00:00,0.0,-3.8521862529080075,44.650001525878906,0.005424179654250861,0.004190410063549079,2006-09-12 00:00:00+00:00,0.4,low,1.0
2006-11-27 00:00:00+00:00,0.0,-1.7415177180627461,43.63999938964844,0.002491796622938477,0.004744835521906584,2006-09-12 00:00:00+00:00,0.5,low,1.0
2006-11-28 00:00:00+00:00,0.0,-2.0333547643145544,43.77000045776367,0.004178926786540399,0.00436889988812653,2006-09-12 00:00:00+00:00,0.4,low,1.0
2006-11-29 00:00:00+00:00,0.0,-2.7002465054447033,44.06999969482422,0.003470093361284798,0.004500575407990326,2006-09-12 00:00:00+00:00,0.5,low,1.0
2006-11-30 00:00:00+00:00,0.0,-2.63396871775069,44.040000915527344,0.004693144556290575,0.004288592233295053,2006-09-12 00:00:00+00:00,0.4,low,1.0
2006-12-01 00:00:00+00:00,0.0,-2.6110842730935335,43.65999984741211,0.0035914332064719695,0.004475939977497104,2006-09-12 00:00:00+00:00,0.4,low,1.0
2006-12-04 00:00:00+00:00,0.0,-3.9313102796097343,44.2599983215332,0.00616869344029247,0.004104993573113762,2006-09-12 00:00:00+00:00,0.4,low,1.0
2006-12-05 00:00:00+00:00,0.0,-4.277347567542133,44.41999816894531,0.006550719455932139,0.004065663406007269,2006-09-12 00:00:00+00:00,0.4,low,1.0
2006-12-06 00:00:00+00:00,0.0,-3.9313102796097343,44.2599983215332,0.005932879159927007,0.004130700432492786,2006-09-12 00:00:00+00:00,0.4,low,1.0
2006-12-07 00:00:00+00:00,0.0,-2.70022948415255,43.70000076293945,0.00236392608631849,0.004784866712172437,2006-09-12 00:00:00+00:00,0.5,low,1.0
2006-12-08 00:00:00+00:00,0.0,-3.1435102964671335,43.900001525878906,0.0027954817169671548,0.004658583674596349,2006-09-12 00:00:00+00:00,0.5,low,1.0
2006-12-11 00:00:00+00:00,0.0,-3.4952357410975576,44.060001373291016,0.003649395487502521,0.004464509128074324,2006-09-12 00:00:00+00:00,0.4,low,1.0
2006-12-12 00:00:00+00:00,0.0,-2.9223716931342514,43.79999923706055,0.003182575483707214,0.004563155574257476,2006-09-12 00:00:00+00:00,0.5,low,1.0
2006-12-13 00:00:00+00:00,0.0,-3.0993632115925096,43.880001068115234,0.004271473247125572,0.004353631046223796,2006-09-12 00:00:00+00:00,0.4,low,1.0
2006-12-14 00:00:00+00:00,0.0,-4.1694805468919345,44.369998931884766,0.0035799391581939864,0.0044782320659597094,2006-09-12 00:00:00+00:00,0.4,low,1.0
2006-12-15 00:00:00+00:00,0.0,-4.298896768608862,44.43000030517578,0.0035327604668890563,0.004487730105784647,2006-09-12 00:00:00+00:00,0.4,low,1.0
2006-12-18 00:00:00+00:00,0.0,-3.341671208488939,43.9900016784668,0.00516650522099783,0.004223175050127771,2006-09-12 00:00:00+00:00,0.4,low,1.0
2006-12-19 00:00:00+00:00,0.0,-3.0330628566437534,43.849998474121094,0.004132026213219764,0.004376787662585144,2006-09-12 00:00:00+00:00,0.4,low,1.0
2006-12-20 00:00:00+00:00,0.0,-2.6779542360298003,43.689998626708984,0.004065191170067828,0.004388208516262749,2006-09-12 00:00:00+00:00,0.4,low,1.0
2006-12-21 00:00:00+00:00,0.0,-1.9824817638920522,43.380001068115234,0.004926221040317525,0.004255474759211589,2006-09-12 00:00:00+00:00,0.4,low,1.0
2006-12-22 00:00:00+00:00,0.0,-0.9550427311846077,42.93000030517578,0.004446985654888147,0.004325696400412319,2006-09-12 00:00:00+00:00,0.4,low,1.0
2006-12-26 00:00:00+00:00,0.0,-1.3685923085935192,43.11000061035156,0.0055121270939453805,0.004179636163590306,2006-09-12 00:00:00+00:00,0.4,low,1.0
2006-12-27 00:00:00+00:00,0.0,-1.8693776576544807,43.33000183105469,0.009119281905171275,0.0038554658106222587,2006-09-12 00:00:00+00:00,0.4,low,1.0
2006-12-28 00:00:00+00:00,0.0,-1.3914621729673282,43.119998931884766,0.004148193320530169,0.004374057038713163,2006-09-12 00:00:00+00:00,0.4,low,1.0
2006-12-29 00:00:00+00:00,0.0,-1.4828530859849254,43.15999984741211,0.00277931247844568,0.004662897412390481,2006-09-12 00:00:00+00:00,0.5,low,1.0
2007-01-03 00:00:00+00:00,0.0,-0.20814095535225396,43.2400016784668,0.0023381935720296868,0.004793225295973423,2006-09-12 00:00:00+00:00,0.5,low,1.0
2007-01-04 00:00:00+00:00,0.0,-1.7476178705487788,44.060001373291016,0.0024373696377976077,0.004761577263555261,2006-09-12 00:00:00+00:00,0.5,low,1.0
2007-01-05 00:00:00+00:00,0.0,-1.2770754346188684,43.849998474121094,0.0028535307044643167,0.004643331327438927,2006-09-12 00:00:00+00:00,0.5,low,1.0
2007-01-08 00:00:00+00:00,0.0,-1.3445764316915798,43.880001068115234,0.0033705785530074818,0.004521534611670381,2006-09-12 00:00:00+00:00,0.5,low,1.0
2007-01-09 00:00:00+00:00,0.0,-1.836729221360578,44.099998474121094,0.002943369056251681,0.004620419774648672,2006-09-12 00:00:00+00:00,0.5,low,1.0
2007-01-10 00:00:00+00:00,0.0,-2.9807217574965628,44.619998931884766,0.004526923071375035,0.004313392463255432,2006-09-12 00:00:00+00:00,0.4,low,1.0
2007-01-11 00:00:00+00:00,0.0,-3.970720591883936,45.08000183105469,0.006120820494653789,0.0041101196363652545,2006-09-12 00:00:00+00:00,0.4,low,1.0
2007-01-12 00:00:00+00:00,0.0,-4.458177878039981,45.310001373291016,0.00736795365183338,0.0038736687842048554,2006-12-11 00:00:00+00:00,0.4,low,1.0
2007-01-16 00:00:00+00:00,0.0,-4.3948717257461745,45.279998779296875,0.006193651705551892,0.004049453452336871,2006-12-11 00:00:00+00:00,0.4,low,1.0
2007-01-17 00:00:00+00:00,0.0,-3.6072120627676063,44.90999984741211,0.0032316065621319522,0.004779961756178525,2006-12-11 00:00:00+00:00,0.5,low,1.0
2007-01-18 00:00:00+00:00,0.0,-1.7921980097804435,44.08000183105469,0.0028803003730406276,0.004922000547623121,2006-12-11 00:00:00+00:00,0.5,low,1.0
2007-01-19 00:00:00+00:00,0.0,-1.9922963321213571,44.16999816894531,0.0042800219995886455,0.004449864705564018,2006-12-11 00:00:00+00:00,0.4,low,1.0
2007-01-22 00:00:00+00:00,0.0,-0.9155361038100662,43.689998626708984,0.003961071666379448,0.0045385465224884155,2006-12-11 00:00:00+00:00,0.5,low,1.0
2007-01-23 00:00:00+00:00,0.0,-0.6654449365366744,43.58000183105469,0.0031350105125491426,0.004817020139597985,2006-12-11 00:00:00+00:00,0.5,low,1.0
2007-01-24 00:00:00+00:00,0.0,-2.2799059569469593,44.29999923706055,0.005270204513085503,0.004219864553661666,2006-12-11 00:00:00+00:00,0.4,low,1.0
2007-01-25 00:00:00+00:00,0.0,-1.0061711212322688,43.72999954223633,0.0035540089108822034,0.004665637660190716,2006-12-11 00:00:00+00:00,0.5,low,1.0
2007-01-26 00:00:00+00:00,0.0,-0.5508328332580636,43.56999969482422,0.0028943184135092194,0.004915925399069449,2006-12-11 00:00:00+00:00,0.5,low,1.0
2007-01-29 00:00:00+00:00,0.0,-1.2611768616439645,43.61000061035156,0.0039723670057206775,0.0045352553317267365,2006-12-11 00:00:00+00:00,0.5,low,1.0
2007-01-30 00:00:00+00:00,0.0,-1.604402351140466,43.630001068115234,0.004364395967523898,0.004427779229121628,2006-12-11 00:00:00+00:00,0.4,low,1.0
2007-01-31 00:00:00+00:00,0.0,-4.152480211095499,44.06999969482422,0.0034255832112534677,0.00470956148083635,2006-12-11 00:00:00+00:00,0.5,low,1.0
2007-02-01 00:00:00+00:00,0.0,-3.9999961853027344,44.0,0.002983954224936648,0.004877929419408589,2006-12-11 00:00:00+00:00,0.5,low,1.0
2007-02-02 00:00:00+00:00,0.0,-4.755431343698612,44.15999984741211,0.004402911433501399,0.004417874132581515,2006-12-11 00:00:00+00:00,0.4,low,1.0
2007-02-05 00:00:00+00:00,0.0,-4.669078894979362,44.119998931884766,0.004822939252617879,0.004316422128328886,2006-12-11 00:00:00+00:00,0.4,low,1.0
2007-02-06 00:00:00+00:00,0.0,-4.539264497645689,44.060001373291016,0.006895876090729631,0.003939822205879246,2006-12-11 00:00:00+00:00,0.4,low,1.0
2007-02-07 00:00:00+00:00,0.0,-5.398105624387705,44.459999084472656,0.005742379882166328,0.004128449824704121,2006-12-11 00:00:00+00:00,0.4,low,1.0
2007-02-08 00:00:00+00:00,0.0,-5.376826431105752,44.45000076293945,0.006807623920999834,0.003952816860042742,2006-12-11 00:00:00+00:00,0.4,low,1.0
2007-02-09 00:00:00+00:00,0.0,-4.14767468213827,43.880001068115234,0.003938877676146949,0.00454504761145326,2006-12-11 00:00:00+00:00,0.5,low,1.0
2007-02-12 00:00:00+00:00,0.0,-3.7748747328795518,43.709999084472656,0.0041146719335631125,0.0044947670172238875,2006-12-11 00:00:00+00:00,0.4,low,1.0
2007-02-13 00:00:00+00:00,0.0,-4.103965371664231,43.86000061035156,0.005438716842267626,0.004186105987696303,2006-12-11 00:00:00+00:00,0.4,low,1.0
2007-02-14 00:00:00+00:00,0.0,-5.695060959035459,44.599998474121094,0.0039391398648492846,0.004544970543852578,2006-12-11 00:00:00+00:00,0.5,low,1.0
2007-02-15 00:00:00+00:00,0.0,-6.2416388741966315,44.86000061035156,0.008673460211002858,0.00371524236512258,2006-12-11 00:00:00+00:00,0.4,low,1.0
2007-02-16 00:00:00+00:00,0.0,-5.927080665277751,44.709999084472656,0.007331541652754046,0.00387858082679738,2006-12-11 00:00:00+00:00,0.4,low,1.0
2007-02-20 00:00:00+00:00,0.0,-6.637065292799827,45.04999923706055,0.01055073269699736,0.003533189576457884,2006-12-11 00:00:00+00:00,0.4,low,1.0
2007-02-21 00:00:00+00:00,0.0,-6.926305263412913,45.189998626708984,0.00522157397360444,0.004229858228739838,2006-12-11 00:00:00+00:00,0.4,low,1.0
2007-02-22 00:00:00+00:00,0.0,-7.39761543617059,45.41999816894531,0.008225306262275883,0.0037660672094840743,2006-12-11 00:00:00+00:00,0.4,low,1.0
2007-02-23 00:00:00+00:00,0.0,-7.070254235338169,45.2599983215332,0.004971523284103524,0.004283145892820892,2006-12-11 00:00:00+00:00,0.4,low,1.0
2007-02-26 00:00:00+00:00,0.0,-6.61633987935597,45.040000915527344,0.004713706490071304,0.004341713087629572,2006-12-11 00:00:00+00:00,0.4,low,1.0
2007-02-27 00:00:00+00:00,0.0,-2.616340100365666,43.189998626708984,0.007299694387340573,0.0038829020926045513,2006-12-11 00:00:00+00:00,0.4,low,1.0
2007-02-28 00:00:00+00:00,0.0,-2.9309956244992774,43.33000183105469,0.009375907061316335,0.003641829769763137,2006-12-11 00:00:00+00:00,0.4,low,1.0
2007-03-01 00:00:00+00:00,0.0,-2.48087101397092,43.130001068115234,0.00729650220408985,0.00388333652745185,2006-12-11 00:00:00+00:00,0.4,low,1.0
2007-03-02 00:00:00+00:00,0.0,-0.9886962652335352,42.47999954223633,0.007177974371331614,0.0038996372773218457,2006-12-11 00:00:00+00:00,0.4,low,1.0
2007-03-05 00:00:00+00:00,0.0,-0.1186311979778032,42.150001525878906,0.021066795740712102,0.0029558630349997505,2006-12-11 00:00:00+00:00,0.3,low,1.0
2007-03-06 00:00:00+00:00,0.0,-1.7502917776133775,42.849998474121094,0.009777393563517,0.0036028818082634315,2006-12-11 00:00:00+00:00,0.4,low,1.0
2007-03-07 00:00:00+00:00,0.0,-1.3589546084992632,42.68000030517578,0.0097453251558684,0.0036059189619967857,2006-12-11 00:00:00+00:00,0.4,low,1.0
2007-03-08 00:00:00+00:00,0.0,-2.0246747076257066,42.970001220703125,0.014477951973280497,0.0032569955209997836,2006-12-11 00:00:00+00:00,0.3,low,1.0
2007-03-09 00:00:00+00:00,0.0,-1.9333841722675715,42.93000030517578,0.014077968049607507,0.003280599676734849,2006-12-11 00:00:00+00:00,0.3,low,1.0
2007-03-12 00:00:00+00:00,0.0,-2.5688512702386035,43.209999084472656,0.013442827788147819,0.003319846925775497,2006-12-11 00:00:00+00:00,0.3,low,1.0
2007-03-13 00:00:00+00:00,0.0,-0.6372444290067891,42.369998931884766,0.01387396949031424,0.00329296142968464,2006-12-11 00:00:00+00:00,0.3,low,1.0
2007-03-14 00:00:00+00:00,0.0,-0.8839289445889298,42.9900016784668,0.010318036223297192,0.0035534729194475322,2006-12-11 00:00:00+00:00,0.4,low,1.0
2007-03-15 00:00:00+00:00,0.0,-0.6528299913299951,42.88999938964844,0.015313950662377281,0.0032101775847148497,2006-12-11 00:00:00+00:00,0.3,low,1.0
2007-03-16 00:00:00+00:00,0.0,0.28017493988934383,42.83000183105469,0.012019767353858197,0.0034168212211655976,2006-12-11 00:00:00+00:00,0.3,low,1.0
2007-03-19 00:00:00+00:00,0.0,-0.392886484502164,43.27000045776367,0.014169465358141765,0.003275127279370741,2006-12-11 00:00:00+00:00,0.3,low,1.0
2007-03-20 00:00:00+00:00,0.0,-1.1014303275947768,43.58000183105469,0.011861702466452469,0.003428469841797379,2006-12-11 00:00:00+00:00,0.3,low,1.0
2007-03-21 00:00:00+00:00,0.0,-2.971633834390952,44.41999816894531,0.006647195969221208,0.003976986167513687,2006-12-11 00:00:00+00:00,0.4,low,1.0
2007-03-22 00:00:00+00:00,0.0,-2.6208763926856116,44.2599983215332,0.0151110104942743,0.003221245963647003,2006-12-11 00:00:00+00:00,0.3,low,1.0
2007-03-23 00:00:00+00:00,0.0,-2.311877793420647,44.119998931884766,0.01561607420095917,0.00319403277675592,2006-12-11 00:00:00+00:00,0.3,low,1.0
2007-03-26 00:00:00+00:00,0.0,-2.708805380600443,44.29999923706055,0.0132551314205785,0.003331888501878292,2006-12-11 00:00:00+00:00,0.3,low,1.0
2007-03-27 00:00:00+00:00,0.0,-2.0231942950376447,43.9900016784668,0.007969882424634492,0.003796605461730562,2006-12-11 00:00:00+00:00,0.4,low,1.0
2007-03-28 00:00:00+00:00,0.0,-0.9650780772628709,43.52000045776367,0.004703362048543935,0.004344146065315688,2006-12-11 00:00:00+00:00,0.4,low,1.0
2007-03-29 00:00:00+00:00,0.0,-0.8033015298888557,43.56999969482422,0.006239081721005815,0.004041900422588681,2006-12-11 00:00:00+00:00,0.4,low,1.0
2007-03-30 00:00:00+00:00,0.0,-0.528370201438455,43.529998779296875,0.006470848346161376,0.004004408176015966,2006-12-11 00:00:00+00:00,0.4,low,1.0
2007-04-02 00:00:00+00:00,0.0,0.4588225791221534,43.59000015258789,0.008197607046023452,0.0037693213717830336,2006-12-11 00:00:00+00:00,0.4,low,1.0
2007-04-03 00:00:00+00:00,0.0,-0.47554140669898715,44.15999984741211,0.009812287060801079,0.00359959115925394,2006-12-11 00:00:00+00:00,0.4,low,1.0
2007-04-04 00:00:00+00:00,0.0,-0.8795656028559473,44.34000015258789,0.007713692239874096,0.0038284865269454277,2006-12-11 00:00:00+00:00,0.4,low,1.0
2007-04-05 00:00:00+00:00,0.0,-1.3689420815799047,44.560001373291016,0.006082610632811984,0.004068209508443231,2006-12-11 00:00:00+00:00,0.4,low,1.0
2007-04-09 00:00:00+00:00,0.0,-1.1248593732688494,44.45000076293945,0.008331351833753041,0.0037537338813264276,2006-12-11 00:00:00+00:00,0.4,low,1.0
2007-04-10 00:00:00+00:00,0.0,-1.6338396088859564,44.68000030517578,0.006082610632811984,0.004068209508443231,2006-12-11 00:00:00+00:00,0.4,low,1.0
2007-04-11 00:00:00+00:00,0.0,-0.5880984549138324,44.209999084472656,0.0072571463199477,0.003888712159306947,2006-12-11 00:00:00+00:00,0.4,low,1.0
2007-04-12 00:00:00+00:00,0.0,-0.605925604673585,44.560001373291016,0.006870444359295369,0.0039435455148585045,2006-12-11 00:00:00+00:00,0.4,low,1.0
2007-04-13 00:00:00+00:00,0.0,0.15677422717141898,44.650001525878906,0.005674397986542976,0.004141021507243088,2006-12-11 00:00:00+00:00,0.4,low,1.0
2007-04-16 00:00:00+00:00,0.0,-0.7545498052057842,45.060001373291016,0.00842848215130704,0.0038012366791429623,2007-03-15 00:00:00+00:00,0.4,low,1.0
2007-04-17 00:00:00+00:00,0.0,-0.9743105141622355,45.15999984741211,0.006704787499127874,0.003919794912976791,2007-03-15 00:00:00+00:00,0.4,low,1.0
2007-04-18 00:00:00+00:00,0.0,-0.6442948492431766,45.0099983215332,0.007738074630067901,0.0038451231676513756,2007-03-15 00:00:00+00:00,0.4,low,1.0
2007-04-19 00:00:00+00:00,0.0,0.1107402776761468,45.150001525878906,0.006265899205541381,0.003955538948051659,2007-03-15 00:00:00+00:00,0.4,low,1.0
2007-04-20 00:00:00+00:00,0.0,-0.15418434465099828,45.400001525878906,0.010260023249055627,0.0037020245924057676,2007-03-15 00:00:00+00:00,0.4,low,1.0
2007-04-23 00:00:00+00:00,0.0,-0.30789396500982,45.470001220703125,0.014143262250457925,0.0035451568797781915,2007-03-15 00:00:00+00:00,0.4,low,1.0
2007-04-24 00:00:00+00:00,0.0,-0.08752935417843943,45.70000076293945,0.015111445912384015,0.0035135505444379004,2007-03-15 00:00:00+00:00,0.4,low,1.0
2007-04-25 00:00:00+00:00,0.0,-1.4035877922771833,46.310001373291016,0.012291369142512353,0.003612987158133671,2007-03-15 00:00:00+00:00,0.4,low,1.0
2007-04-26 00:00:00+00:00,0.0,-1.9119213839639992,46.54999923706055,0.009984487445467087,0.0037156151361819574,2007-03-15 00:00:00+00:00,0.4,low,1.0
2007-04-27 00:00:00+00:00,0.0,-1.9540473553261495,46.56999969482422,0.010218787259509407,0.003704032240120251,2007-03-15 00:00:00+00:00,0.4,low,1.0
2007-04-30 00:00:00+00:00,0.0,-0.6527398673554341,45.959999084472656,0.007139661966803187,0.0038868883970560896,2007-03-15 00:00:00+00:00,0.4,low,1.0
2007-05-01 00:00:00+00:00,0.0,-0.021773349154796673,45.91999816894531,0.007893975554535639,0.003834837979189817,2007-03-15 00:00:00+00:00,0.4,low,1.0
2007-05-02 00:00:00+00:00,0.0,-1.0986607963168527,46.41999816894531,0.010411275411438263,0.0036947374799190733,2007-03-15 00:00:00+00:00,0.4,low,1.0
2007-05-03 00:00:00+00:00,0.0,-1.4595413242084132,46.59000015258789,0.009848351320760243,0.0037224864021091274,2007-03-15 00:00:00+00:00,0.4,low,1.0
2007-05-04 00:00:00+00:00,0.0,-1.5440729234626804,46.630001068115234,0.01117719448911346,0.0036595763166745897,2007-03-15 00:00:00+00:00,0.4,low,1.0
2007-05-07 00:00:00+00:00,0.0,-1.5440729234626804,46.630001068115234,0.010285862044005892,0.003700771200113503,2007-03-15 00:00:00+00:00,0.4,low,1.0
2007-05-08 00:00:00+00:00,0.0,-1.7547607593770054,46.72999954223633,0.010863463570620385,0.0036736414125955177,2007-03-15 00:00:00+00:00,0.4,low,1.0
2007-05-09 00:00:00+00:00,0.0,-1.9645567962213728,46.83000183105469,0.009756775996834667,0.0037271688732302554,2007-03-15 00:00:00+00:00,0.4,low,1.0
2007-05-10 00:00:00+00:00,0.0,-0.606189191646711,46.189998626708984,0.004586466218708798,0.004124325698418336,2007-03-15 00:00:00+00:00,0.4,low,1.0
2007-05-11 00:00:00+00:00,0.0,-1.8597668973642567,46.779998779296875,0.008440182079859098,0.0038005282258176385,2007-03-15 00:00:00+00:00,0.4,low,1.0
2007-05-14 00:00:00+00:00,0.0,-1.1838124147625306,46.459999084472656,0.007210600068756042,0.003881735233228749,2007-03-15 00:00:00+00:00,0.4,low,1.0
2007-05-15 00:00:00+00:00,0.0,-0.41214454012540314,46.099998474121094,0.005108982348490289,0.004065196792787684,2007-03-15 00:00:00+00:00,0.4,low,1.0
2007-05-16 00:00:00+00:00,0.0,-1.2459678321447898,46.54999923706055,0.0062613250425057315,0.003955926197428344,2007-03-15 00:00:00+00:00,0.4,low,1.0
2007-05-17 00:00:00+00:00,0.0,-0.7770356057060557,46.33000183105469,0.007646151641962504,0.0038512975133020155,2007-03-15 00:00:00+00:00,0.4,low,1.0
2007-05-18 00:00:00+00:00,0.0,-1.584238660401771,46.709999084472656,0.008139795969734655,0.0038190764241130136,2007-03-15 00:00:00+00:00,0.4,low,1.0
2007-05-21 00:00:00+00:00,0.0,-2.2122891681825463,47.0099983215332,0.015409466069607443,0.003504276146923447,2007-03-15 00:00:00+00:00,0.4,low,1.0
2007-05-22 00:00:00+00:00,0.0,-2.295426214389229,47.04999923706055,0.013970459511413283,0.003551052615703791,2007-03-15 00:00:00+00:00,0.4,low,1.0
2007-05-23 00:00:00+00:00,0.0,-1.8364308706502408,46.83000183105469,0.004587839895340774,0.004124160442505235,2007-03-15 00:00:00+00:00,0.4,low,1.0
2007-05-24 00:00:00+00:00,0.0,0.0,46.15999984741211,0.0021523251137369067,0.004562966855998438,2007-03-15 00:00:00+00:00,0.5,low,1.0
2007-05-25 00:00:00+00:00,0.0,-0.6243291943252793,46.45000076293945,0.005225619928355084,0.00405292885392028,2007-03-15 00:00:00+00:00,0.4,low,1.0
2007-05-29 00:00:00+00:00,0.0,-1.3885954001483625,46.810001373291016,0.004405547109075455,0.004146592885932622,2007-03-15 00:00:00+00:00,0.4,low,1.0
2007-05-30 00:00:00+00:00,0.0,-2.182663295764342,47.189998626708984,0.006703100160593001,0.003919927233636868,2007-03-15 00:00:00+00:00,0.4,low,1.0
2007-05-31 00:00:00+00:00,0.0,-2.636574570814376,47.40999984741211,0.01002829912456615,0.0037134261816201557,2007-03-15 00:00:00+00:00,0.4,low,1.0
2007-06-01 00:00:00+00:00,0.0,-2.6981425302492035,47.439998626708984,0.009075249852230417,0.0037636482795237627,2007-03-15 00:00:00+00:00,0.4,low,1.0
2007-06-04 00:00:00+00:00,0.0,-2.9844513009576357,47.58000183105469,0.010121877527793354,0.003708786525506858,2007-03-15 00:00:00+00:00,0.4,low,1.0
2007-06-05 00:00:00+00:00,0.0,-2.9844513009576357,47.58000183105469,0.005590811269954884,0.004016427787572351,2007-03-15 00:00:00+00:00,0.4,low,1.0
2007-06-06 00:00:00+00:00,0.0,-1.933290531786791,47.06999969482422,0.0032183209672325343,0.004324357850706605,2007-03-15 00:00:00+00:00,0.4,low,1.0
2007-06-07 00:00:00+00:00,0.0,-0.38843397622588816,46.34000015258789,0.002985759144856578,0.004367901036645198,2007-03-15 00:00:00+00:00,0.4,low,1.0
2007-06-08 00:00:00+00:00,0.0,-0.9805992026624022,46.90999984741211,0.0037781342137321035,0.00423266682019392,2007-03-15 00:00:00+00:00,0.4,low,1.0
2007-06-11 00:00:00+00:00,0.0,-0.790258296233326,46.81999969482422,0.006409984934623575,0.003943501138360326,2007-03-15 00:00:00+00:00,0.4,low,1.0
2007-06-12 00:00:00+00:00,0.0,0.0,46.540000915527344,0.005519866513527142,0.004023304275704226,2007-03-15 00:00:00+00:00,0.4,low,1.0
2007-06-13 00:00:00+00:00,0.0,-0.7438862482391007,47.04999923706055,0.004247489582408442,0.004166908100994846,2007-03-15 00:00:00+00:00,0.4,low,1.0
2007-06-14 00:00:00+00:00,0.0,-1.3935807409340528,47.36000061035156,0.00567012594777575,0.004008855589111141,2007-03-15 00:00:00+00:00,0.4,low,1.0
2007-06-15 00:00:00+00:00,0.0,-2.2194254519390055,47.7599983215332,0.009316653230619025,0.003750384689473993,2007-03-15 00:00:00+00:00,0.4,low,1.0
2007-06-18 00:00:00+00:00,0.0,-2.239898858218081,47.77000045776367,0.009316653230619025,0.003750384689473993,2007-03-15 00:00:00+00:00,0.4,low,1.0
2007-06-19 00:00:00+00:00,0.0,-2.2194254519390055,47.7599983215332,0.005766622339656022,0.0039998025182555,2007-03-15 00:00:00+00:00,0.4,low,1.0
2007-06-20 00:00:00+00:00,0.0,-1.2893692509929666,47.310001373291016,0.0032681310555396697,0.004315493949115838,2007-03-15 00:00:00+00:00,0.4,low,1.0
2007-06-21 00:00:00+00:00,0.0,-2.1784685357404077,47.7400016784668,0.004413284029855437,0.004145619663621895,2007-03-15 00:00:00+00:00,0.4,low,1.0
2007-06-22 00:00:00+00:00,0.0,-1.2476213600456254,47.290000915527344,0.004159409045375504,0.00417860297541986,2007-03-15 00:00:00+00:00,0.4,low,1.0
2007-06-25 00:00:00+00:00,0.0,-0.8282000178057025,47.09000015258789,0.005197037134587448,0.004055906411036008,2007-03-15 00:00:00+00:00,0.4,low,1.0
2007-06-26 00:00:00+00:00,0.0,-0.2562984465333762,46.81999969482422,0.005836547309616401,0.003993348411988317,2007-03-15 00:00:00+00:00,0.4,low,1.0
2007-06-27 00:00:00+00:00,0.0,-0.6941561310464861,47.540000915527344,0.005049777010997053,0.004071545513189684,2007-03-15 00:00:00+00:00,0.4,low,1.0
2007-06-28 00:00:00+00:00,0.0,-0.6523597859948382,47.52000045776367,0.004676731011344448,0.004113583798483473,2007-03-15 00:00:00+00:00,0.4,low,1.0
2007-06-29 00:00:00+00:00,0.0,0.16807107903202834,47.599998474121094,0.004835291396333311,0.004095269199244491,2007-03-15 00:00:00+00:00,0.4,low,1.0
2007-07-02 00:00:00+00:00,0.0,-1.2492160927968232,48.029998779296875,0.01042592850586831,0.0036940378424753077,2007-03-15 00:00:00+00:00,0.4,low,1.0
2007-07-03 00:00:00+00:00,0.0,-2.7530569100542412,48.310001373291016,0.010690893071611866,0.0036815739332707936,2007-03-15 00:00:00+00:00,0.4,low,1.0
2007-07-05 00:00:00+00:00,0.0,-3.4525283815123764,48.65999984741211,0.031246641492392868,0.0031822603139460347,2007-03-15 00:00:00+00:00,0.3,low,1.0
2007-07-06 00:00:00+00:00,0.0,-3.847730341036737,48.86000061035156,0.016330612455926263,0.0034768312689316227,2007-03-15 00:00:00+00:00,0.3,low,1.0
2007-07-09 00:00:00+00:00,0.0,-3.9067291291816186,48.88999938964844,0.018187078430526766,0.0034264310086298162,2007-03-15 00:00:00+00:00,0.3,low,1.0
2007-07-10 00:00:00+00:00,0.0,-3.094059435155694,48.47999954223633,0.007604916271240889,0.0038540944520247217,2007-03-15 00:00:00+00:00,0.4,low,1.0
2007-07-11 00:00:00+00:00,0.0,-3.74923536071865,48.810001373291016,0.008311561227536728,0.003808377851919655,2007-03-15 00:00:00+00:00,0.4,low,1.0
2007-07-12 00:00:00+00:00,0.0,-5.205814688385191,49.560001373291016,0.022905415535735614,0.0033205546410547504,2007-03-15 00:00:00+00:00,0.3,low,1.0
2007-07-13 00:00:00+00:00,0.0,-6.553106929401197,49.900001525878906,0.02230435212251577,0.003332618705741999,2007-03-15 00:00:00+00:00,0.3,low,1.0
2007-07-16 00:00:00+00:00,0.0,-6.459373128521706,49.849998474121094,0.010272947856456374,0.0,2007-06-14 00:00:00+00:00,0.0,low,1.0
2007-07-17 00:00:00+00:00,0.0,-7.167028681921462,50.22999954223633,0.029563052298532424,0.0,2007-06-14 00:00:00+00:00,0.0,low,1.0
2007-07-18 00:00:00+00:00,0.0,-8.69044639183002,50.16999816894531,0.007933639247437294,0.0,2007-06-14 00:00:00+00:00,0.0,low,1.0
2007-07-19 00:00:00+00:00,1.0,-11.78457937428351,50.31999969482422,0.009544005446854523,0.0,2007-06-14 00:00:00+00:00,0.0,low,1.0
2007-07-20 00:00:00+00:00,1.0,-11.308691176204944,50.04999923706055,0.003937668109299724,0.0,2007-06-14 00:00:00+00:00,0.0,low,1.0
2007-07-23 00:00:00+00:00,1.0,-11.344118913112212,50.06999969482422,0.00919212612384613,0.0,2007-06-14 00:00:00+00:00,0.0,low,1.0
2007-07-24 00:00:00+00:00,1.0,-10.014194725402126,49.33000183105469,0.006227366569804777,0.0,2007-06-14 00:00:00+00:00,0.0,low,1.0
2007-07-25 00:00:00+00:00,1.0,-10.141704415952102,49.400001525878906,0.00531953948347656,0.0,2007-06-14 00:00:00+00:00,0.0,low,1.0
2007-07-26 00:00:00+00:00,0.0,-9.37117230601412,48.97999954223633,0.005990811213976822,0.0,2007-06-14 00:00:00+00:00,0.0,low,1.0
2007-07-27 00:00:00+00:00,0.0,-7.501567332583958,47.9900016784668,0.0030343365401904127,0.0,2007-06-14 00:00:00+00:00,0.0,low,1.0
2007-07-30 00:00:00+00:00,0.0,-8.568485917166779,48.54999923706055,0.005390993709973771,0.0,2007-06-14 00:00:00+00:00,0.0,low,1.0
2007-07-31 00:00:00+00:00,0.0,-6.606352767288859,47.529998779296875,0.0026421104965618073,0.0,2007-06-14 00:00:00+00:00,0.0,low,1.0
2007-08-01 00:00:00+00:00,0.0,-7.327770405882184,47.900001525878906,0.004127966276370005,0.0,2007-06-14 00:00:00+00:00,0.0,low,1.0
2007-08-02 00:00:00+00:00,0.0,-8.171288271557831,48.34000015258789,0.003806302534018123,0.0,2007-06-14 00:00:00+00:00,0.0,low,1.0
2007-08-03 00:00:00+00:00,0.0,-6.389706656043648,47.41999816894531,0.006480286517658007,0.0,2007-06-14 00:00:00+00:00,0.0,low,1.0
2007-08-06 00:00:00+00:00,0.0,-7.4630013340704515,47.970001220703125,0.0076701997940001355,0.0,2007-06-14 00:00:00+00:00,0.0,low,1.0
2007-08-07 00:00:00+00:00,0.0,-8.114265932954034,48.310001373291016,0.007703267249149996,0.0,2007-06-14 00:00:00+00:00,0.0,low,1.0
2007-08-08 00:00:00+00:00,0.0,-9.11138564503805,48.84000015258789,0.01421327065141572,0.0,2007-06-14 00:00:00+00:00,0.0,low,1.0
2007-08-09 00:00:00+00:00,0.0,-6.958708359951993,47.709999084472656,0.005331983274531732,0.0,2007-06-14 00:00:00+00:00,0.0,low,1.0
2007-08-10 00:00:00+00:00,0.0,-6.112520017479184,47.279998779296875,0.0065743032577252,0.0,2007-06-14 00:00:00+00:00,0.0,low,1.0
2007-08-13 00:00:00+00:00,0.0,-6.743695771792623,47.599998474121094,0.01170208458928949,0.0,2007-06-14 00:00:00+00:00,0.0,low,1.0
2007-08-14 00:00:00+00:00,0.0,-5.129304293478787,46.790000915527344,0.006627672057359903,0.0,2007-06-14 00:00:00+00:00,0.0,low,1.0
2007-08-15 00:00:00+00:00,0.0,-3.289764893317304,45.900001525878906,0.0045205748808866165,0.0,2007-06-14 00:00:00+00:00,0.0,low,1.0
2007-08-16 00:00:00+00:00,0.0,0.3080294550019014,45.45000076293945,0.0071877991588877345,0.0,2007-06-14 00:00:00+00:00,0.0,low,1.0
2007-08-17 00:00:00+00:00,0.0,-0.4966519875099329,46.310001373291016,0.0071549722242672245,0.0,2007-06-14 00:00:00+00:00,0.0,low,1.0
2007-08-20 00:00:00+00:00,0.0,-0.30087984810076573,46.529998779296875,0.01141079101183044,0.0,2007-06-14 00:00:00+00:00,0.0,low,1.0
2007-08-21 00:00:00+00:00,0.0,-0.6592968317162828,47.02000045776367,0.010112036361880287,0.0,2007-06-14 00:00:00+00:00,0.0,low,1.0
2007-08-22 00:00:00+00:00,0.0,-1.9932873814120233,47.65999984741211,0.023020247368428528,0.0,2007-06-14 00:00:00+00:00,0.0,low,1.0
2007-08-23 00:00:00+00:00,0.0,-1.7252255751821988,47.529998779296875,0.027654584814375063,0.0,2007-06-14 00:00:00+00:00,0.0,low,1.0
2007-08-24 00:00:00+00:00,0.0,-3.0912897404193562,48.20000076293945,0.01480000854131347,0.0,2007-06-14 00:00:00+00:00,0.0,low,1.0
2007-08-27 00:00:00+00:00,0.0,-2.4436131109899173,47.880001068115234,0.009395332861189654,0.0,2007-06-14 00:00:00+00:00,0.0,low,1.0
2007-08-28 00:00:00+00:00,0.0,0.6632382273459969,46.7400016784668,0.00944247571776484,0.0,2007-06-14 00:00:00+00:00,0.0,low,1.0
2007-08-29 00:00:00+00:00,0.0,-0.6863598554223471,48.08000183105469,0.03845131942374624,0.0,2007-06-14 00:00:00+00:00,0.0,low,1.0
2007-08-30 00:00:00+00:00,0.0,-1.075937177866071,48.33000183105469,0.05572794429684175,0.0,2007-06-14 00:00:00+00:00,0.0,low,1.0
2007-08-31 00:00:00+00:00,0.0,-2.1690149002687287,48.869998931884766,0.08264999855027524,0.0,2007-06-14 00:00:00+00:00,0.0,low,1.0
2007-09-04 00:00:00+00:00,0.0,-3.7640880040210933,49.68000030517578,0.11013790046303279,0.0,2007-06-14 00:00:00+00:00,0.0,low,1.0
2007-09-05 00:00:00+00:00,0.0,-2.7856830487668516,49.18000030517578,0.0641207658238416,0.0,2007-06-14 00:00:00+00:00,0.0,low,1.0
2007-09-06 00:00:00+00:00,0.0,-2.70654870345316,49.13999938964844,0.04869368915394816,0.0,2007-06-14 00:00:00+00:00,0.0,low,1.0
2007-09-07 00:00:00+00:00,0.0,-0.8708234976811613,48.22999954223633,0.05720607769043388,0.0,2007-06-14 00:00:00+00:00,0.0,low,1.0
2007-09-10 00:00:00+00:00,0.0,0.4771774659662942,48.20000076293945,0.059393723555151955,0.0,2007-06-14 00:00:00+00:00,0.0,low,1.0
2007-09-11 00:00:00+00:00,0.0,-0.6948705302826763,48.93000030517578,0.06883594124071599,0.0,2007-06-14 00:00:00+00:00,0.0,low,1.0
2007-09-12 00:00:00+00:00,0.0,-0.7151583243610538,48.939998626708984,0.07173942089988011,0.0,2007-06-14 00:00:00+00:00,0.0,low,1.0
2007-09-13 00:00:00+00:00,0.0,-1.1996749673175544,49.18000030517578,0.01005784085504258,0.0,2007-06-14 00:00:00+00:00,0.0,low,1.0
2007-09-14 00:00:00+00:00,0.0,-1.2799696312283726,49.220001220703125,0.010055954999500637,0.0,2007-06-14 00:00:00+00:00,0.0,low,1.0
2007-09-17 00:00:00+00:00,0.0,0.040976146693205706,48.810001373291016,0.012263499257262998,0.0,2007-06-14 00:00:00+00:00,0.0,low,1.0
2007-09-18 00:00:00+00:00,0.0,-0.23981363786265142,50.040000915527344,0.007216140937914317,0.0,2007-06-14 00:00:00+00:00,0.0,low,1.0
2007-09-19 00:00:00+00:00,0.0,-0.49830577860126013,50.16999816894531,0.011468906026575455,0.0,2007-06-14 00:00:00+00:00,0.0,low,1.0
2007-09-20 00:00:00+00:00,0.0,-0.03997693034513139,50.029998779296875,0.009222504655874696,0.0,2007-06-14 00:00:00+00:00,0.0,low,1.0
2007-09-21 00:00:00+00:00,0.0,-0.059568663489473206,50.36000061035156,0.016948648031507214,0.0,2007-06-14 00:00:00+00:00,0.0,low,1.0
2007-09-24 00:00:00+00:00,0.0,-0.4546343971982836,50.59000015258789,0.013844632175711281,0.0,2007-06-14 00:00:00+00:00,0.0,low,1.0
2007-09-25 00:00:00+00:00,0.0,0.09790334317469895,51.06999969482422,0.017011053260436143,0.0,2007-06-14 00:00:00+00:00,0.0,low,1.0
2007-09-26 00:00:00+00:00,0.0,-0.27279694170099233,51.31999969482422,0.01626437578305328,0.0,2007-06-14 00:00:00+00:00,0.0,low,1.0
2007-09-27 00:00:00+00:00,0.0,-0.7754973084124206,51.58000183105469,0.01365855813442329,0.0,2007-06-14 00:00:00+00:00,0.0,low,1.0
2007-09-28 00:00:00+00:00,0.0,-0.1361596868935666,51.40999984741211,0.008928776797662791,0.0,2007-06-14 00:00:00+00:00,0.0,low,1.0
2007-10-01 00:00:00+00:00,0.0,-1.2692304757925155,52.0,0.018592663039534205,0.0,2007-06-14 00:00:00+00:00,0.0,low,1.0
2007-10-02 00:00:00+00:00,0.0,-1.2882103260286382,52.0099983215332,0.02031364443672906,0.0,2007-06-14 00:00:00+00:00,0.0,low,1.0
2007-10-03 00:00:00+00:00,0.0,-0.6001962519511128,51.650001525878906,0.019357037435555703,0.0,2007-06-14 00:00:00+00:00,0.0,low,1.0
2007-10-04 00:00:00+00:00,0.0,0.48290515315712046,51.77000045776367,0.013855173011431184,0.0,2007-06-14 00:00:00+00:00,0.0,low,1.0
2007-10-05 00:00:00+00:00,0.0,-1.5145763757718034,52.81999969482422,0.020899778676156694,0.0,2007-06-14 00:00:00+00:00,0.0,low,1.0
2007-10-08 00:00:00+00:00,0.0,-2.126060274081143,53.150001525878906,0.03007339832738311,0.0,2007-06-14 00:00:00+00:00,0.0,low,1.0
2007-10-09 00:00:00+00:00,0.0,-2.547771793065612,53.380001068115234,0.02100216022248576,0.0,2007-06-14 00:00:00+00:00,0.0,low,1.0
2007-10-10 00:00:00+00:00,0.0,-2.7845223519095796,53.5099983215332,0.01931824742891289,0.0,2007-06-14 00:00:00+00:00,0.0,low,1.0
2007-10-11 00:00:00+00:00,0.0,-3.5320938392349177,52.65999984741211,0.007047639013908223,0.0,2007-06-14 00:00:00+00:00,0.0,low,1.0
2007-10-12 00:00:00+00:00,0.0,-6.594430898179149,53.529998779296875,0.010646268612094051,0.012576304700635364,2007-09-13 00:00:00+00:00,1.3,low,1.0
2007-10-15 00:00:00+00:00,0.0,-8.414904924485578,53.119998931884766,0.005699060869307107,0.030164469049397093,2007-09-13 00:00:00+00:00,3.0,low,1.0
2007-10-16 00:00:00+00:00,0.0,-7.981837509478118,52.869998931884766,0.003198263152354972,0.06610800861436193,2007-09-13 00:00:00+00:00,6.6,low,1.0
2007-10-17 00:00:00+00:00,0.0,-9.15032265358181,53.54999923706055,0.026333275377943808,0.003437448814439439,2007-09-13 00:00:00+00:00,0.3,low,1.0
2007-10-18 00:00:00+00:00,0.0,-9.538857139938816,53.779998779296875,0.04344079714467012,0.0016518332779229554,2007-09-13 00:00:00+00:00,0.2,low,1.0
2007-10-19 00:00:00+00:00,0.0,-7.227302059652874,52.439998626708984,0.01603503578413274,0.007022761227375673,2007-09-13 00:00:00+00:00,0.7,low,1.0
2007-10-22 00:00:00+00:00,0.0,-8.328619171588924,53.06999969482422,0.017851511008043868,0.006022118127374993,2007-09-13 00:00:00+00:00,0.6,low,1.0
2007-10-23 00:00:00+00:00,1.0,-10.206716035711427,54.18000030517578,0.044716540978753154,0.0015825496671546604,2007-09-13 00:00:00+00:00,0.2,low,1.0
2007-10-24 00:00:00+00:00,0.0,-9.52203624380945,53.77000045776367,0.004329350812098299,0.043986610449683015,2007-09-13 00:00:00+00:00,4.4,low,1.0
2007-10-25 00:00:00+00:00,0.0,-8.294058010292705,53.04999923706055,0.0029975962353007185,0.07202836309234824,2007-09-13 00:00:00+00:00,7.2,low,1.0
2007-10-26 00:00:00+00:00,0.0,-9.790466807748455,53.93000030517578,0.008541489227145576,0.01715683177744919,2007-09-13 00:00:00+00:00,1.7,low,1.0
2007-10-29 00:00:00+00:00,1.0,-10.156971089597267,54.150001525878906,0.008133097270901057,0.018378482281196196,2007-09-13 00:00:00+00:00,1.8,low,1.0
2007-10-30 00:00:00+00:00,1.0,-10.339102412813672,54.2599983215332,0.01141365579338356,0.011395925527006684,2007-09-13 00:00:00+00:00,1.1,low,1.0
2007-10-31 00:00:00+00:00,1.0,-11.59367144274447,55.029998779296875,0.04968823253788934,0.001353157322477161,2007-09-13 00:00:00+00:00,0.1,low,1.0
2007-11-01 00:00:00+00:00,0.0,-9.907404581705725,54.0,0.04635306588507875,0.0015004150715730226,2007-09-13 00:00:00+00:00,0.2,low,1.0
2007-11-02 00:00:00+00:00,1.0,-10.60271377656724,54.41999816894531,0.02955375317973609,0.0029067295421277874,2007-09-13 00:00:00+00:00,0.3,low,1.0
2007-11-05 00:00:00+00:00,1.0,-10.024039577466715,54.06999969482422,0.025680307042886912,0.0035649200152442495,2007-09-13 00:00:00+00:00,0.4,low,1.0
2007-11-06 00:00:00+00:00,1.0,-11.027795804028372,54.68000030517578,0.03261916625017299,0.0025169592968868402,2007-09-13 00:00:00+00:00,0.3,low,1.0
2007-11-07 00:00:00+00:00,0.0,-8.809741485788514,53.349998474121094,0.014157465108169615,0.008389636732274957,2007-09-13 00:00:00+00:00,0.8,low,1.0
2007-11-08 00:00:00+00:00,0.0,-5.95398809899984,51.72999954223633,0.023399036924958313,0.0040787964603341284,2007-09-13 00:00:00+00:00,0.4,low,1.0
2007-11-09 00:00:00+00:00,0.0,-2.6999969482421893,50.0,0.022214858465637668,0.00439651315704091,2007-09-13 00:00:00+00:00,0.4,low,1.0
2007-11-12 00:00:00+00:00,0.0,0.24625268420279678,48.72999954223633,0.05968882207942979,0.001028241745403722,2007-09-13 00:00:00+00:00,0.1,low,1.0
2007-11-13 00:00:00+00:00,0.0,-3.7248780879480914,50.7400016784668,0.17866197705882006,0.00017959968748801241,2007-09-13 00:00:00+00:00,0.0,low,1.0
2007-11-14 00:00:00+00:00,0.0,-2.4755473641233983,50.09000015258789,0.18483902460645243,0.00016933229249056796,2007-09-13 00:00:00+00:00,0.0,low,1.0
2007-11-15 00:00:00+00:00,0.0,-1.947011695393286,49.81999969482422,0.22448379667666973,0.00011979904954926407,2007-09-13 00:00:00+00:00,0.0,low,1.0
2007-11-16 00:00:00+00:00,0.0,-2.8440738661365983,50.279998779296875,0.22079892795441408,0.0001234690703613472,2007-09-13 00:00:00+00:00,0.0,low,1.0
2007-11-19 00:00:00+00:00,0.0,-1.710266148430717,49.70000076293945,0.24542978762309625,0.00010155299075391773,2007-09-13 00:00:00+00:00,0.0,low,1.0
2007-11-20 00:00:00+00:00,0.0,-2.104214468236565,49.900001525878906,0.2169249072046117,0.00012749870431925733,2007-09-13 00:00:00+00:00,0.0,low,1.0
2007-11-21 00:00:00+00:00,0.0,-0.8314740133716358,49.310001373291016,0.2934555182492954,7.181440490378944e-05,2007-09-13 00:00:00+00:00,0.0,low,1.0
2007-11-23 00:00:00+00:00,0.0,-1.8860325518281096,49.84000015258789,0.23741524113427598,0.00010805151657349456,2007-09-13 00:00:00+00:00,0.0,low,1.0
2007-11-26 00:00:00+00:00,0.0,0.24499577992296295,48.97999954223633,0.20041995021531173,0.00014690999907542094,2007-09-13 00:00:00+00:00,0.0,low,1.0
2007-11-27 00:00:00+00:00,0.0,-1.5612465844485834,49.959999084472656,0.10521109952827964,0.0004294239339535175,2007-09-13 00:00:00+00:00,0.0,low,1.0
2007-11-28 00:00:00+00:00,0.0,-4.4677530254706666,51.47999954223633,0.06598460212496303,0.0008836797708294705,2007-09-13 00:00:00+00:00,0.1,low,1.0
2007-11-29 00:00:00+00:00,0.0,-4.874275475001744,51.70000076293945,0.09370739226611066,0.0005152179948360101,2007-09-13 00:00:00+00:00,0.1,low,1.0
2007-11-30 00:00:00+00:00,0.0,-4.151239546105312,51.310001373291016,0.09434745610513202,0.0005097627946033433,2007-09-13 00:00:00+00:00,0.1,low,1.0
2007-12-03 00:00:00+00:00,0.0,-3.3411963979002035,50.880001068115234,0.06844865905249997,0.0008358359712738813,2007-09-13 00:00:00+00:00,0.1,low,1.0
2007-12-04 00:00:00+00:00,0.0,-2.9405919037169492,50.66999816894531,0.10212602310530083,0.00045010751713965704,2007-09-13 00:00:00+00:00,0.0,low,1.0
2007-12-05 00:00:00+00:00,0.0,-6.533545224794968,51.58000183105469,0.10724253450024425,0.00041660104296212545,2007-09-13 00:00:00+00:00,0.0,low,1.0
2007-12-06 00:00:00+00:00,0.0,-9.346329163171196,52.31999969482422,0.09929660763894266,0.0004704781692358254,2007-09-13 00:00:00+00:00,0.0,low,1.0
2007-12-07 00:00:00+00:00,1.0,-10.338244740704106,52.33000183105469,0.13415796962914642,0.0002904613140088778,2007-09-13 00:00:00+00:00,0.0,low,1.0
2007-12-10 00:00:00+00:00,1.0,-11.572138799216969,52.540000915527344,0.07687128607289162,0.0007000878273945387,2007-09-13 00:00:00+00:00,0.1,low,1.0
2007-12-11 00:00:00+00:00,0.0,-9.46999345138677,51.31999969482422,0.03176996187627481,0.0026158412994987884,2007-09-13 00:00:00+00:00,0.3,low,1.0
2007-12-12 00:00:00+00:00,1.0,-10.274236810046633,51.779998779296875,0.004947212442236896,0.036655102259765544,2007-09-13 00:00:00+00:00,3.7,low,1.0
2007-12-13 00:00:00+00:00,0.0,-9.786409544713292,51.5,0.005006760442106166,0.03605798615404667,2007-09-13 00:00:00+00:00,3.6,low,1.0
2007-12-14 00:00:00+00:00,0.0,-9.064160557064039,50.970001220703125,0.006545819491211596,0.02489163425331116,2007-09-13 00:00:00+00:00,2.5,low,1.0
2007-12-17 00:00:00+00:00,0.0,-8.586367377978977,49.72999954223633,0.03136152056293431,0.0026657202080860587,2007-09-13 00:00:00+00:00,0.3,low,1.0
2007-12-18 00:00:00+00:00,0.0,-9.400678861668021,49.88999938964844,0.03130324325786343,0.0026729657544825817,2007-09-13 00:00:00+00:00,0.3,low,1.0
2007-12-19 00:00:00+00:00,0.0,-9.823579432541617,49.880001068115234,0.03557846716075613,0.002216481751423725,2007-09-13 00:00:00+00:00,0.2,low,1.0
2007-12-20 00:00:00+00:00,1.0,-16.051083966055945,50.900001525878906,0.03913127201147303,0.001927200675557991,2007-09-13 00:00:00+00:00,0.2,low,1.0
2007-12-21 00:00:00+00:00,1.0,-19.749273221059838,51.849998474121094,0.02628387323089952,0.003446825604448789,2007-09-13 00:00:00+00:00,0.3,low,1.0
2007-12-24 00:00:00+00:00,1.0,-20.34839342759228,52.2400016784668,0.023643699494911137,0.004017919701253835,2007-09-13 00:00:00+00:00,0.4,low,1.0
2007-12-26 00:00:00+00:00,1.0,-20.742855980282737,52.5,0.00923518807722991,0.015371870988357727,2007-09-13 00:00:00+00:00,1.5,low,1.0
2007-12-27 00:00:00+00:00,1.0,-19.780216951626596,51.869998931884766,0.00831388057966924,0.017820143176406917,2007-09-13 00:00:00+00:00,1.8,low,1.0
2007-12-28 00:00:00+00:00,1.0,-19.70281579428962,51.81999969482422,0.008127455667079167,0.01839638010641755,2007-09-13 00:00:00+00:00,1.8,low,1.0
2007-12-31 00:00:00+00:00,1.0,-18.762203009216638,51.220001220703125,0.007069915363924249,0.022358496043498273,2007-09-13 00:00:00+00:00,2.2,low,1.0
2008-01-02 00:00:00+00:00,1.0,-17.45685233822176,50.40999984741211,0.01311268790475407,0.00935754877257493,2007-09-13 00:00:00+00:00,0.9,low,1.0
2008-01-03 00:00:00+00:00,1.0,-17.79928587840791,50.619998931884766,0.009148573668999665,0.01557723990098501,2007-09-13 00:00:00+00:00,1.6,low,1.0
2008-01-04 00:00:00+00:00,1.0,-14.02892706913823,48.400001525878906,0.10929799279356842,0.00040422212265078025,2007-09-13 00:00:00+00:00,0.0,low,1.0
2008-01-07 00:00:00+00:00,1.0,-13.61843015975639,48.16999816894531,0.04620456891393766,0.0015075765531590982,2007-09-13 00:00:00+00:00,0.2,low,1.0
2008-01-08 00:00:00+00:00,1.0,-11.317130788185425,46.91999816894531,0.03723564123373949,0.0020732101494998637,2007-09-13 00:00:00+00:00,0.2,low,1.0
2008-01-09 00:00:00+00:00,1.0,-13.167775041116258,47.91999816894531,0.3678867633448903,4.451936822556077e-05,2007-09-13 00:00:00+00:00,0.0,low,1.0
2008-01-10 00:00:00+00:00,1.0,-13.294438101630558,47.9900016784668,0.07559601716575157,0.0007182775031362946,2007-09-13 00:00:00+00:00,0.1,low,1.0
2008-01-11 00:00:00+00:00,1.0,-11.56216517517812,47.04999923706055,0.0960340194378409,0.0004958152670205958,2007-09-13 00:00:00+00:00,0.0,low,1.0
2008-01-14 00:00:00+00:00,1.0,-13.077080554024423,47.869998931884766,0.711629510576199,0.28605203167257687,2007-12-12 00:00:00+00:00,28.6,low,1.0
2008-01-15 00:00:00+00:00,1.0,-10.612242121748583,46.54999923706055,0.900301016284771,0.3895944126031583,2007-12-12 00:00:00+00:00,39.0,elevated,0.75
2008-01-16 00:00:00+00:00,0.0,-9.64169098864115,46.04999923706055,0.8859398817121721,0.3768149144147793,2007-12-12 00:00:00+00:00,37.7,elevated,0.75
2008-01-17 00:00:00+00:00,0.0,-8.36819918482582,45.40999984741211,0.7375915450315762,0.2956887848889926,2007-12-12 00:00:00+00:00,29.6,low,1.0
2008-01-18 00:00:00+00:00,0.0,-8.246963593402889,45.349998474121094,0.6101871161170626,0.25388029058539696,2007-12-12 00:00:00+00:00,25.4,low,1.0
2008-01-22 00:00:00+00:00,0.0,-5.817111084363525,44.18000030517578,0.8029608246848936,0.3241854864664929,2007-12-12 00:00:00+00:00,32.4,low,1.0
2008-01-23 00:00:00+00:00,0.0,-4.226305082007331,44.0099983215332,0.15767994209942962,0.13701963706163506,2007-12-12 00:00:00+00:00,13.7,low,1.0
2008-01-24 00:00:00+00:00,0.0,-6.145620865977907,44.90999984741211,0.5673758207806451,0.24203891483542073,2007-12-12 00:00:00+00:00,24.2,low,1.0
2008-01-25 00:00:00+00:00,0.0,-4.182768998366681,43.9900016784668,0.16558594162851256,0.13951509763714387,2007-12-12 00:00:00+00:00,14.0,low,1.0
2008-01-28 00:00:00+00:00,0.0,-4.917663467472755,44.33000183105469,0.7901696124418827,0.31800791703976283,2007-12-12 00:00:00+00:00,31.8,low,1.0
2008-01-29 00:00:00+00:00,0.0,-5.088940169552602,44.40999984741211,0.7679071643897888,0.30801995145164285,2007-12-12 00:00:00+00:00,30.8,low,1.0
2008-01-30 00:00:00+00:00,0.0,-5.003374936776361,44.369998931884766,0.7734422477213401,0.3104211426171355,2007-12-12 00:00:00+00:00,31.0,low,1.0
2008-01-31 00:00:00+00:00,0.0,-6.603145295163149,45.130001068115234,0.7987766036571051,0.3221256675628216,2007-12-12 00:00:00+00:00,32.2,low,1.0
2008-02-01 00:00:00+00:00,0.0,-7.545511329667576,45.59000015258789,0.8661533695196391,0.3615568756476669,2007-12-12 00:00:00+00:00,36.2,elevated,0.75
2008-02-04 00:00:00+00:00,0.0,-6.518354294648909,44.95000076293945,0.053444531054852605,0.09359819153697797,2007-12-12 00:00:00+00:00,9.4,low,1.0
2008-02-05 00:00:00+00:00,0.0,-3.7783324487404957,43.66999816894531,0.20733743005503774,0.1518464109997452,2007-12-12 00:00:00+00:00,15.2,low,1.0
2008-02-06 00:00:00+00:00,0.0,-1.8453653122754154,42.810001373291016,0.04507272777717125,0.08828308397041613,2007-12-12 00:00:00+00:00,8.8,low,1.0
2008-02-07 00:00:00+00:00,0.0,-4.01298890684989,43.11000061035156,0.03432852025631811,0.08042901499129104,2007-12-12 00:00:00+00:00,8.0,low,1.0
2008-02-08 00:00:00+00:00,0.0,-5.573395390410651,43.599998474121094,0.048077332126665075,0.09025812369621412,2007-12-12 00:00:00+00:00,9.0,low,1.0
2008-02-11 00:00:00+00:00,0.0,-6.58044371672527,44.06999969482422,0.05713231667648883,0.0957711405526329,2007-12-12 00:00:00+00:00,9.6,low,1.0
2008-02-12 00:00:00+00:00,0.0,-6.047470434354906,43.81999969482422,0.06315541046857909,0.09913735942943315,2007-12-12 00:00:00+00:00,9.9,low,1.0
2008-02-13 00:00:00+00:00,0.0,-8.061636241090241,44.779998779296875,0.05623739447371737,0.09525218376434491,2007-12-12 00:00:00+00:00,9.5,low,1.0
2008-02-14 00:00:00+00:00,0.0,-6.367984930688242,43.970001220703125,0.03952647302303246,0.08440180645749076,2007-12-12 00:00:00+00:00,8.4,low,1.0
2008-02-15 00:00:00+00:00,0.0,-6.321315556948415,43.81999969482422,0.0648377627481032,0.10004134146128181,2007-12-12 00:00:00+00:00,10.0,low,1.0
2008-02-19 00:00:00+00:00,0.0,-6.149982483266658,43.7400016784668,0.07058464924230409,0.10302361214650485,2007-12-12 00:00:00+00:00,10.3,low,1.0
2008-02-20 00:00:00+00:00,0.0,-6.577149476494859,43.939998626708984,0.06807685840071052,0.10174149089248495,2007-12-12 00:00:00+00:00,10.2,low,1.0
2008-02-21 00:00:00+00:00,0.0,-5.6755542158145715,43.52000045776367,0.09246134093425898,0.11318424429586028,2007-12-12 00:00:00+00:00,11.3,low,1.0
2008-02-22 00:00:00+00:00,0.0,-6.021064674314114,43.68000030517578,0.013588683155931562,0.05859144665033966,2007-12-12 00:00:00+00:00,5.9,low,1.0
2008-02-25 00:00:00+00:00,0.0,-6.492032322910724,43.900001525878906,0.01536534083691104,0.06110913529194752,2007-12-12 00:00:00+00:00,6.1,low,1.0
2008-02-26 00:00:00+00:00,0.0,-6.852735372535879,44.06999969482422,0.0193098303328308,0.06607640238543235,2007-12-12 00:00:00+00:00,6.6,low,1.0
2008-02-27 00:00:00+00:00,0.0,-7.31542472678276,44.290000915527344,0.016906070140918154,0.0631401057118411,2007-12-12 00:00:00+00:00,6.3,low,1.0
2008-02-28 00:00:00+00:00,0.0,-6.958295034330975,44.119998931884766,0.0174565810986627,0.06383589250743546,2007-12-12 00:00:00+00:00,6.4,low,1.0
2008-02-29 00:00:00+00:00,0.0,-4.423752018925164,42.95000076293945,0.022262301961303965,0.06936835028695082,2007-12-12 00:00:00+00:00,6.9,low,1.0
2008-03-03 00:00:00+00:00,0.0,-3.796576052032219,42.66999816894531,0.019599438431510352,0.0664134687571136,2007-12-12 00:00:00+00:00,6.6,low,1.0
2008-03-04 00:00:00+00:00,0.0,-4.334655364636964,42.90999984741211,0.016602112162768,0.06274947287936972,2007-12-12 00:00:00+00:00,6.3,low,1.0
2008-03-05 00:00:00+00:00,0.0,-4.800555997448253,43.119998931884766,0.0160023879301429,0.0619645790336807,2007-12-12 00:00:00+00:00,6.2,low,1.0
2008-03-06 00:00:00+00:00,0.0,-2.6559141107801887,42.16999816894531,0.01736800395788544,0.0637249333653081,2007-12-12 00:00:00+00:00,6.4,low,1.0
2008-03-07 00:00:00+00:00,0.0,-2.4245316500184355,42.06999969482422,0.012315911797742026,0.05664976311143722,2007-12-12 00:00:00+00:00,5.7,low,1.0
2008-03-10 00:00:00+00:00,0.0,-0.5089653248072423,41.2599983215332,0.01383188527575471,0.05894853905851071,2007-12-12 00:00:00+00:00,5.9,low,1.0
2008-03-11 00:00:00+00:00,0.0,-4.155971323595686,42.83000183105469,0.0668176100638772,0.10108663628639257,2007-12-12 00:00:00+00:00,10.1,low,1.0
2008-03-12 00:00:00+00:00,0.0,-3.8866773191189474,42.709999084472656,0.06032571472251599,0.0975822420694753,2007-12-12 00:00:00+00:00,9.8,low,1.0
2008-03-13 00:00:00+00:00,0.0,-4.623609749387514,43.040000915527344,0.015585150981557754,0.061406919738567455,2007-12-12 00:00:00+00:00,6.1,low,1.0
2008-03-14 00:00:00+00:00,0.0,-2.840238492164382,42.25,0.010325302827815044,0.05332508546638413,2007-12-12 00:00:00+00:00,5.3,low,1.0
2008-03-17 00:00:00+00:00,0.0,1.4946936806338629,41.47999954223633,0.07896627884219856,0.10711588174676537,2007-12-12 00:00:00+00:00,10.7,low,1.0
2008-03-18 00:00:00+00:00,0.0,-2.8386875258612387,43.33000183105469,0.48911387665712713,0.2219241437209566,2007-12-12 00:00:00+00:00,22.2,low,1.0
2008-03-19 00:00:00+00:00,0.0,-0.3786082673140623,42.2599983215332,0.4776283550791518,0.2190866106941503,2007-12-12 00:00:00+00:00,21.9,low,1.0
2008-03-20 00:00:00+00:00,0.0,0.4409343839317126,43.09000015258789,0.6388530612943506,0.26228418656808455,2007-12-12 00:00:00+00:00,26.2,low,1.0
2008-03-24 00:00:00+00:00,0.0,-2.8039478435580523,44.58000183105469,0.7553196344332083,0.3027405328744379,2007-12-12 00:00:00+00:00,30.3,low,1.0
2008-03-25 00:00:00+00:00,0.0,-3.345973541676095,44.83000183105469,0.8531868934666903,0.3526947004727558,2007-12-12 00:00:00+00:00,35.3,elevated,0.75
2008-03-26 00:00:00+00:00,0.0,-3.064874515663596,44.70000076293945,0.5072208646100643,0.22644598664661225,2007-12-12 00:00:00+00:00,22.6,low,1.0
2008-03-27 00:00:00+00:00,0.0,-0.8693600123019896,43.709999084472656,0.6601131283845197,0.26882280622692534,2007-12-12 00:00:00+00:00,26.9,low,1.0
2008-03-28 00:00:00+00:00,0.0,-0.09197726829969222,43.4900016784668,0.7949935170407096,0.32029653094240923,2007-12-12 00:00:00+00:00,32.0,low,1.0
2008-03-31 00:00:00+00:00,0.0,-0.0914933998409917,43.720001220703125,0.7728831219440664,0.31017625426156525,2007-12-12 00:00:00+00:00,31.0,low,1.0
2008-04-01 00:00:00+00:00,0.0,-4.189514895853074,45.59000015258789,0.5518775488876556,0.23792176976942764,2007-12-12 00:00:00+00:00,23.8,low,1.0
2008-04-02 00:00:00+00:00,0.0,-3.9788993328347178,45.4900016784668,0.689818573981891,0.27848702738864,2007-12-12 00:00:00+00:00,27.8,low,1.0
2008-04-03 00:00:00+00:00,0.0,-4.189514895853074,45.59000015258789,0.5448453471345976,0.23607881244081375,2007-12-12 00:00:00+00:00,23.6,low,1.0
2008-04-04 00:00:00+00:00,0.0,-4.753598508857648,45.86000061035156,0.5545245825840965,0.23861942231182778,2007-12-12 00:00:00+00:00,23.9,low,1.0
2008-04-07 00:00:00+00:00,0.0,-4.545450377297411,45.7599983215332,0.5685403193567016,0.24235153912729374,2007-12-12 00:00:00+00:00,24.2,low,1.0
2008-04-08 00:00:00+00:00,0.0,-3.809732543601674,45.40999984741211,0.44546950002919145,0.21124141655951864,2007-12-12 00:00:00+00:00,21.1,low,1.0
2008-04-09 00:00:00+00:00,0.0,-2.717151846865651,44.900001525878906,0.293020806626821,0.1743678702870887,2007-12-12 00:00:00+00:00,17.4,low,1.0
2008-04-10 00:00:00+00:00,0.0,-4.084322733769152,45.540000915527344,0.38517895115354334,0.1967553790747244,2007-12-12 00:00:00+00:00,19.7,low,1.0
2008-04-11 00:00:00+00:00,0.0,-1.3550101415125249,44.279998779296875,0.3510154063842151,0.18855237465883412,2007-12-12 00:00:00+00:00,18.9,low,1.0
2008-04-14 00:00:00+00:00,0.0,-0.9074444402520476,44.08000183105469,0.42611032675957733,0.20657057719127284,2007-12-12 00:00:00+00:00,20.7,low,1.0
2008-04-15 00:00:00+00:00,0.0,1.1554194455881017,44.13999938964844,0.44985901193518063,0.21386959661305024,2008-03-14 00:00:00+00:00,21.4,low,1.0
2008-04-16 00:00:00+00:00,0.0,-0.8595975288294699,45.369998931884766,0.28612487353915744,0.19320558011628733,2008-03-14 00:00:00+00:00,19.3,low,1.0
2008-04-17 00:00:00+00:00,0.0,1.4579187999520293,45.27000045776367,0.22749951357476067,0.18475624067906812,2008-03-14 00:00:00+00:00,18.5,low,1.0
2008-04-18 00:00:00+00:00,0.0,-1.6698753898202523,46.709999084472656,0.31929085500515075,0.1976283494469472,2008-03-14 00:00:00+00:00,19.8,low,1.0
2008-04-21 00:00:00+00:00,0.0,-2.3596951291409596,47.040000915527344,0.12686532932374892,0.16647284043694752,2008-03-14 00:00:00+00:00,16.6,low,1.0
2008-04-22 00:00:00+00:00,0.0,-0.15105674275728287,46.34000015258789,0.485524024211949,0.21821188653092294,2008-03-14 00:00:00+00:00,21.8,low,1.0
2008-04-23 00:00:00+00:00,0.0,-0.9818550682061389,46.849998474121094,0.42472934941823287,0.21081333225324506,2008-03-14 00:00:00+00:00,21.1,low,1.0
2008-04-24 00:00:00+00:00,0.0,-1.480856264355046,47.27000045776367,0.04269861706099018,0.13918150513518274,2008-03-14 00:00:00+00:00,13.9,low,1.0
2008-04-25 00:00:00+00:00,0.0,-0.2545127098589117,47.150001525878906,0.04206700317399543,0.13884828730620527,2008-03-14 00:00:00+00:00,13.9,low,1.0
2008-04-28 00:00:00+00:00,0.0,-0.4445446479855786,47.2400016784668,0.04520989344419696,0.14046764901768252,2008-03-14 00:00:00+00:00,14.0,low,1.0
2008-04-29 00:00:00+00:00,0.0,-1.1974783888577534,47.599998474121094,0.01283435618444733,0.11479846577703111,2008-03-14 00:00:00+00:00,11.5,low,1.0
2008-04-30 00:00:00+00:00,0.0,0.02118647834026266,47.209999084472656,0.0074713816826102045,0.10523211180474504,2008-03-14 00:00:00+00:00,10.5,low,1.0
2008-05-01 00:00:00+00:00,0.0,-1.806983684453889,48.70000076293945,0.047025278893892915,0.14136145993045768,2008-03-14 00:00:00+00:00,14.1,low,1.0
2008-05-02 00:00:00+00:00,0.0,-1.947920348621246,48.77000045776367,0.030643178248603672,0.13196531781529672,2008-03-14 00:00:00+00:00,13.2,low,1.0
2008-05-05 00:00:00+00:00,0.0,-1.66564128213047,48.630001068115234,0.03740768311810412,0.13625415222715884,2008-03-14 00:00:00+00:00,13.6,low,1.0
2008-05-06 00:00:00+00:00,0.0,-2.2685481369885574,48.93000030517578,0.08208093559521633,0.1547690410862562,2008-03-14 00:00:00+00:00,15.5,low,1.0
2008-05-07 00:00:00+00:00,0.0,-0.4579542391974001,48.040000915527344,0.034408051101501136,0.13443913338682187,2008-03-14 00:00:00+00:00,13.4,low,1.0
2008-05-08 00:00:00+00:00,0.0,-1.1983508528291442,48.400001525878906,0.03903601292328762,0.13718955777511482,2008-03-14 00:00:00+00:00,13.7,low,1.0
2008-05-09 00:00:00+00:00,0.0,-0.8089595458508292,48.209999084472656,0.012518818348987493,0.114340925666678,2008-03-14 00:00:00+00:00,11.4,low,1.0
2008-05-12 00:00:00+00:00,0.0,-2.5870858704748256,49.09000015258789,0.07463134198001974,0.15236866438580748,2008-03-14 00:00:00+00:00,15.2,low,1.0
2008-05-13 00:00:00+00:00,0.0,-3.7992740759938526,49.220001220703125,0.06341142370582058,0.14836994504132148,2008-03-14 00:00:00+00:00,14.8,low,1.0
2008-05-14 00:00:00+00:00,0.0,-4.2964784852941085,49.11000061035156,0.025070679479525373,0.1277920193166827,2008-03-14 00:00:00+00:00,12.8,low,1.0
2008-05-15 00:00:00+00:00,0.0,-5.943568437362012,49.970001220703125,0.057306429273668344,0.14595128755804262,2008-03-14 00:00:00+00:00,14.6,low,1.0
2008-05-16 00:00:00+00:00,0.0,-6.018793086495999,50.0099983215332,0.0118509672884244,0.113339339298805,2008-03-14 00:00:00+00:00,11.3,low,1.0
2008-05-19 00:00:00+00:00,0.0,-5.337364439954051,49.650001525878906,0.012880284587554743,0.11486426665532452,2008-03-14 00:00:00+00:00,11.5,low,1.0
2008-05-20 00:00:00+00:00,0.0,-4.607266971124979,49.27000045776367,0.010241396226711927,0.11071282927310655,2008-03-14 00:00:00+00:00,11.1,low,1.0
2008-05-21 00:00:00+00:00,0.0,-2.449149642385995,48.18000030517578,0.003833159445544442,0.09445255682723708,2008-03-14 00:00:00+00:00,9.4,low,1.0
2008-05-22 00:00:00+00:00,0.0,-2.792137573372766,48.349998474121094,0.007902776655595222,0.10618878893767023,2008-03-14 00:00:00+00:00,10.6,low,1.0
2008-05-23 00:00:00+00:00,0.0,-2.5311228244651263,48.20000076293945,0.0074090058609455065,0.1050899210917417,2008-03-14 00:00:00+00:00,10.5,low,1.0
2008-05-27 00:00:00+00:00,0.0,-5.382261836313629,49.04999923706055,0.0075375823535132,0.10538192184924686,2008-03-14 00:00:00+00:00,10.5,low,1.0
2008-05-28 00:00:00+00:00,0.0,-5.766497771752066,49.25,0.007447753644304316,0.10517836895332276,2008-03-14 00:00:00+00:00,10.5,low,1.0
2008-05-29 00:00:00+00:00,0.0,-8.150531996359566,49.689998626708984,0.009353537831391577,0.10911008775134408,2008-03-14 00:00:00+00:00,10.9,low,1.0
2008-05-30 00:00:00+00:00,1.0,-10.077978944182375,50.0099983215332,0.01237324796093172,0.11412654121793814,2008-03-14 00:00:00+00:00,11.4,low,1.0
2008-06-02 00:00:00+00:00,0.0,-8.967611676803411,49.400001525878906,0.006284555796306886,0.10233406102155683,2008-03-14 00:00:00+00:00,10.2,low,1.0
2008-06-03 00:00:00+00:00,0.0,-9.057603635647894,49.130001068115234,0.004448882561743523,0.09676627342859485,2008-03-14 00:00:00+00:00,9.7,low,1.0
2008-06-04 00:00:00+00:00,1.0,-10.289387268064132,49.7599983215332,0.005015443670418898,0.09866584105982784,2008-03-14 00:00:00+00:00,9.9,low,1.0
2008-06-05 00:00:00+00:00,1.0,-12.403561923630747,50.54999923706055,0.011203166558665836,0.11232099652881213,2008-03-14 00:00:00+00:00,11.2,low,1.0
2008-06-06 00:00:00+00:00,0.0,-9.769523190061092,49.029998779296875,0.006278952328129361,0.10231931028476356,2008-03-14 00:00:00+00:00,10.2,low,1.0
2008-06-09 00:00:00+00:00,0.0,-9.288494436697814,48.77000045776367,0.009452974353806282,0.10929586034909677,2008-03-14 00:00:00+00:00,10.9,low,1.0
2008-06-10 00:00:00+00:00,0.0,-8.858671520306938,48.540000915527344,0.006588312589458625,0.10311742114793201,2008-03-14 00:00:00+00:00,10.3,low,1.0
2008-06-11 00:00:00+00:00,0.0,-6.607551876703055,47.369998931884766,0.0048784419335054395,0.09822391555347573,2008-03-14 00:00:00+00:00,9.8,low,1.0
2008-06-12 00:00:00+00:00,0.0,-7.528468647563469,47.41999816894531,0.006479948009206876,0.10284155201449549,2008-03-14 00:00:00+00:00,10.3,low,1.0
2008-06-13 00:00:00+00:00,0.0,-9.344636257132844,48.369998931884766,0.006240110977752315,0.10221675425646887,2008-03-14 00:00:00+00:00,10.2,low,1.0
2008-06-16 00:00:00+00:00,1.0,-11.270491979481623,48.79999923706055,0.0083425301867063,0.10711935471102622,2008-03-14 00:00:00+00:00,10.7,low,1.0
2008-06-17 00:00:00+00:00,1.0,-10.795223691045674,48.540000915527344,0.007086926055450133,0.10433909732075174,2008-03-14 00:00:00+00:00,10.4,low,1.0
2008-06-18 00:00:00+00:00,0.0,-9.829240265948425,48.02000045776367,0.010674789741616222,0.11145270292490647,2008-03-14 00:00:00+00:00,11.1,low,1.0
2008-06-19 00:00:00+00:00,1.0,-11.215913818660539,48.77000045776367,0.02139019976579839,0.12458606683241562,2008-03-14 00:00:00+00:00,12.5,low,1.0
2008-06-20 00:00:00+00:00,0.0,-8.688315248782308,47.41999816894531,0.02939361967835252,0.13108825757782355,2008-03-14 00:00:00+00:00,13.1,low,1.0
2008-06-23 00:00:00+00:00,0.0,-7.970244550070438,47.04999923706055,0.028404346923201353,0.1303715652300117,2008-03-14 00:00:00+00:00,13.0,low,1.0
2008-06-24 00:00:00+00:00,0.0,-7.4984021218876045,46.810001373291016,0.03956526235619002,0.13748665930169973,2008-03-14 00:00:00+00:00,13.7,low,1.0
2008-06-25 00:00:00+00:00,0.0,-8.976246552779067,47.56999969482422,0.0297920848729014,0.1313712578223841,2008-03-14 00:00:00+00:00,13.1,low,1.0
2008-06-26 00:00:00+00:00,0.0,-5.147869025778995,45.650001525878906,0.13554385284535098,0.16837193022345834,2008-03-14 00:00:00+00:00,16.8,low,1.0
2008-06-27 00:00:00+00:00,0.0,-5.147869025778995,45.650001525878906,0.08006406593103607,0.15413652664018715,2008-03-14 00:00:00+00:00,15.4,low,1.0
2008-06-30 00:00:00+00:00,0.0,-4.139913676530549,45.16999816894531,0.03529034599265558,0.1349861621247284,2008-03-14 00:00:00+00:00,13.5,low,1.0
2008-07-01 00:00:00+00:00,0.0,-5.479157522343792,45.810001373291016,0.2679813170212395,0.1906914713396521,2008-03-14 00:00:00+00:00,19.1,low,1.0
2008-07-02 00:00:00+00:00,0.0,-3.153656623316259,44.709999084472656,0.42126739301731625,0.2103914798120469,2008-03-14 00:00:00+00:00,21.0,low,1.0
2008-07-03 00:00:00+00:00,0.0,-2.9800622882011796,44.630001068115234,0.09166668924928714,0.15762073101023125,2008-03-14 00:00:00+00:00,15.8,low,1.0
2008-07-07 00:00:00+00:00,0.0,-3.563479364017774,44.900001525878906,0.022713458815915046,0.12578854748755938,2008-03-14 00:00:00+00:00,12.6,low,1.0
2008-07-08 00:00:00+00:00,0.0,-5.80813990154978,45.970001220703125,0.17640369386539173,0.17632993996236498,2008-03-14 00:00:00+00:00,17.6,low,1.0
2008-07-09 00:00:00+00:00,0.0,-3.24022516857978,44.75,0.41489340678873654,0.2096139109437531,2008-03-14 00:00:00+00:00,21.0,low,1.0
2008-07-10 00:00:00+00:00,0.0,-4.37279062635848,45.279998779296875,0.20007718827809173,0.18039583347046406,2008-03-14 00:00:00+00:00,18.0,low,1.0
2008-07-11 00:00:00+00:00,0.0,-2.827652821810067,44.560001373291016,0.11980456975697096,0.16485774356148866,2008-03-14 00:00:00+00:00,16.5,low,1.0
2008-07-14 00:00:00+00:00,0.0,-2.1026459751321114,44.22999954223633,0.10147473734128454,0.16031154777865753,2008-03-14 00:00:00+00:00,16.0,low,1.0
2008-07-15 00:00:00+00:00,0.0,-0.8589535571835061,44.2400016784668,0.03699287099608156,0.1368413816099069,2008-06-13 00:00:00+00:00,13.7,low,1.0
2008-07-16 00:00:00+00:00,0.0,-3.264224828530027,45.34000015258789,0.207647608916396,0.11499675836185154,2008-06-13 00:00:00+00:00,11.5,low,1.0
2008-07-17 00:00:00+00:00,0.0,-3.9000850199410686,45.63999938964844,0.20429019524952835,0.11521336858964246,2008-06-13 00:00:00+00:00,11.5,low,1.0
2008-07-18 00:00:00+00:00,0.0,-1.6371373396238065,44.59000015258789,0.5047666033867733,0.10143443685099053,2008-06-13 00:00:00+00:00,10.1,low,1.0
2008-07-21 00:00:00+00:00,0.0,-2.0544845779912224,44.779998779296875,0.21863913372156363,0.11430749982751191,2008-06-13 00:00:00+00:00,11.4,low,1.0
2008-07-22 00:00:00+00:00,0.0,-1.272889036092928,44.779998779296875,0.20857545758641005,0.11493741529600075,2008-06-13 00:00:00+00:00,11.5,low,1.0
2008-07-23 00:00:00+00:00,0.0,-2.5567552892245993,45.369998931884766,0.2380390301480461,0.11315732213562686,2008-06-13 00:00:00+00:00,11.3,low,1.0
2008-07-24 00:00:00+00:00,0.0,-1.0740647952256932,44.689998626708984,0.21646744662542905,0.11444136828052687,2008-06-13 00:00:00+00:00,11.4,low,1.0
2008-07-25 00:00:00+00:00,0.0,-2.341509526336283,45.27000045776367,0.028740967047774027,0.14006553615246498,2008-06-13 00:00:00+00:00,14.0,low,1.0
2008-07-28 00:00:00+00:00,0.0,-0.2701461882739564,44.41999816894531,0.046904000215063406,0.13383847680881533,2008-06-13 00:00:00+00:00,13.4,low,1.0
2008-07-29 00:00:00+00:00,0.0,-2.293782337951722,45.34000015258789,0.06296604460245182,0.13014186913861603,2008-06-13 00:00:00+00:00,13.0,low,1.0
2008-07-30 00:00:00+00:00,0.0,-2.786922243293144,45.56999969482422,0.08442528281438393,0.12647578335541948,2008-06-13 00:00:00+00:00,12.6,low,1.0
2008-07-31 00:00:00+00:00,0.0,-2.5516935124803353,45.459999084472656,0.04330244378892754,0.13484639158255377,2008-06-13 00:00:00+00:00,13.5,low,1.0
2008-08-01 00:00:00+00:00,0.0,-1.2923391649978022,44.880001068115234,0.04608729540683998,0.13405985945444546,2008-06-13 00:00:00+00:00,13.4,low,1.0
2008-08-04 00:00:00+00:00,0.0,0.92279956019794,44.43000030517578,0.048084998129321176,0.1335252716725171,2008-06-13 00:00:00+00:00,13.4,low,1.0
2008-08-05 00:00:00+00:00,0.0,-2.482036538371135,45.93000030517578,0.05913553143928705,0.1309277456695843,2008-06-13 00:00:00+00:00,13.1,low,1.0
2008-08-06 00:00:00+00:00,0.0,-6.369292628504697,46.630001068115234,0.062253486870485465,0.13028431469491691,2008-06-13 00:00:00+00:00,13.0,low,1.0
2008-08-07 00:00:00+00:00,0.0,-7.477845364689428,46.27000045776367,0.04833075466350977,0.13346109216203794,2008-06-13 00:00:00+00:00,13.3,low,1.0
2008-08-08 00:00:00+00:00,0.0,-9.805577809747856,47.31999969482422,0.06333297687368641,0.13006915338392458,2008-06-13 00:00:00+00:00,13.0,low,1.0
2008-08-11 00:00:00+00:00,1.0,-11.308903719118124,47.75,0.06714878020424626,0.12933730870850563,2008-06-13 00:00:00+00:00,12.9,low,1.0
2008-08-12 00:00:00+00:00,1.0,-11.401675418258018,47.79999923706055,0.09022831831988898,0.1256445633851509,2008-06-13 00:00:00+00:00,12.6,low,1.0
2008-08-13 00:00:00+00:00,1.0,-11.593296657325592,47.70000076293945,0.03995244461824014,0.1358649525894223,2008-06-13 00:00:00+00:00,13.6,low,1.0
2008-08-14 00:00:00+00:00,1.0,-12.601040064362046,48.25,0.0653872976853599,0.12966977207638306,2008-06-13 00:00:00+00:00,13.0,low,1.0
2008-08-15 00:00:00+00:00,1.0,-12.728407573789957,48.15999984741211,0.022814501134474155,0.1430489714478056,2008-06-13 00:00:00+00:00,14.3,low,1.0
2008-08-18 00:00:00+00:00,1.0,-12.962181442715348,47.599998474121094,0.015878006500433986,0.1478060135572802,2008-06-13 00:00:00+00:00,14.8,low,1.0
2008-08-19 00:00:00+00:00,1.0,-14.50755145358148,47.0099983215332,0.17855688364196967,0.11698289692804673,2008-06-13 00:00:00+00:00,11.7,low,1.0
2008-08-20 00:00:00+00:00,1.0,-16.118072049253907,47.09000015258789,0.08340690477716463,0.1266274736541516,2008-06-13 00:00:00+00:00,12.7,low,1.0
2008-08-21 00:00:00+00:00,1.0,-15.724342009470572,46.869998931884766,0.020052993839167765,0.14473134568029536,2008-06-13 00:00:00+00:00,14.5,low,1.0
2008-08-22 00:00:00+00:00,1.0,-16.82459759122239,47.4900016784668,0.023716314340285496,0.1425456966572745,2008-06-13 00:00:00+00:00,14.3,low,1.0
2008-08-25 00:00:00+00:00,1.0,-15.035494571092734,46.4900016784668,0.012411143061356676,0.15109599811250055,2008-06-13 00:00:00+00:00,15.1,low,1.0
2008-08-26 00:00:00+00:00,1.0,-14.925695153190121,46.43000030517578,0.014689392233139236,0.14884000853995422,2008-06-13 00:00:00+00:00,14.9,low,1.0
2008-08-27 00:00:00+00:00,1.0,-15.471858791056869,46.72999954223633,0.014718950534152531,0.14881323594028797,2008-06-13 00:00:00+00:00,14.9,low,1.0
2008-08-28 00:00:00+00:00,1.0,-16.15368395618192,47.11000061035156,0.03634243861737867,0.13706684820706705,2008-06-13 00:00:00+00:00,13.7,low,1.0
2008-08-29 00:00:00+00:00,1.0,-19.384212562347603,46.119998931884766,0.012722135363028882,0.15076327565164271,2008-06-13 00:00:00+00:00,15.1,low,1.0
2008-09-02 00:00:00+00:00,1.0,-18.37540959841496,45.54999923706055,0.04640091917916706,0.13397437129516232,2008-06-13 00:00:00+00:00,13.4,low,1.0
2008-09-03 00:00:00+00:00,1.0,-17.59751510343689,45.119998931884766,0.009908278249527225,0.15414718536599378,2008-06-13 00:00:00+00:00,15.4,low,1.0
2008-09-04 00:00:00+00:00,1.0,-16.07879175972964,43.65999984741211,0.010660762084428187,0.15315087844769593,2008-06-13 00:00:00+00:00,15.3,low,1.0
2008-09-05 00:00:00+00:00,1.0,-16.91600036768589,43.45000076293945,0.016195674827830426,0.1475435184251691,2008-06-13 00:00:00+00:00,14.8,low,1.0
2008-09-08 00:00:00+00:00,1.0,-24.118052437355885,43.369998931884766,0.014066316626906725,0.14941803551859578,2008-06-13 00:00:00+00:00,14.9,low,1.0
2008-09-09 00:00:00+00:00,1.0,-23.98115458707678,42.45000076293945,0.014627902497878157,0.14889588646392446,2008-06-13 00:00:00+00:00,14.9,low,1.0
2008-09-10 00:00:00+00:00,1.0,-25.607474952902297,42.79999923706055,0.021638074244934125,0.14373792235709518,2008-06-13 00:00:00+00:00,14.4,low,1.0
2008-09-11 00:00:00+00:00,1.0,-28.967888997205293,43.599998474121094,0.01319934088990102,0.1502691388014358,2008-06-13 00:00:00+00:00,15.0,low,1.0
2008-09-12 00:00:00+00:00,1.0,-32.35091191729688,43.43000030517578,0.016047350707325,0.14766539707618462,2008-06-13 00:00:00+00:00,14.8,low,1.0
2008-09-15 00:00:00+00:00,1.0,-30.180613397491797,42.08000183105469,0.02327623620868875,0.1427887279825866,2008-06-13 00:00:00+00:00,14.3,low,1.0
2008-09-16 00:00:00+00:00,1.0,-30.723887605579915,42.40999984741211,0.025501785837974158,0.14160607581167625,2008-06-13 00:00:00+00:00,14.2,low,1.0
2008-09-17 00:00:00+00:00,1.0,-26.933599030814513,40.209999084472656,0.7385978576243468,0.09220447073045548,2008-06-13 00:00:00+00:00,9.2,low,1.0
2008-09-18 00:00:00+00:00,1.0,-29.636756760328176,41.56999969482422,0.8469307995057799,0.08654046706634447,2008-06-13 00:00:00+00:00,8.7,low,1.0
2008-09-19 00:00:00+00:00,1.0,-31.81818424329125,42.900001525878906,0.7737335867459548,0.09056318361204,2008-06-13 00:00:00+00:00,9.1,low,1.0
2008-09-22 00:00:00+00:00,1.0,-28.44912124326281,40.880001068115234,0.7771274140598962,0.09039703858510278,2008-06-13 00:00:00+00:00,9.0,low,1.0
2008-09-23 00:00:00+00:00,1.0,-27.9023903869252,40.56999969482422,0.7133602038325737,0.0933110038113666,2008-06-13 00:00:00+00:00,9.3,low,1.0
2008-09-24 00:00:00+00:00,1.0,-28.39657015279894,40.849998474121094,0.8244702872854908,0.08789122840708465,2008-06-13 00:00:00+00:00,8.8,low,1.0
2008-09-25 00:00:00+00:00,1.0,-30.361446702336693,41.5,0.8476365428311821,0.08649581313544497,2008-06-13 00:00:00+00:00,8.6,low,1.0
2008-09-26 00:00:00+00:00,1.0,-31.62122955079063,41.08000183105469,0.870076636185212,0.08498986388032434,2008-06-13 00:00:00+00:00,8.5,low,1.0
2008-09-29 00:00:00+00:00,1.0,-25.72712750065915,37.81999969482422,0.9083064243366088,0.08188866744721958,2008-06-13 00:00:00+00:00,8.2,low,1.0
2008-09-30 00:00:00+00:00,1.0,-27.807760825637352,38.90999984741211,0.9375864846072234,0.07870360446971625,2008-06-13 00:00:00+00:00,7.9,low,1.0
2008-10-01 00:00:00+00:00,1.0,-27.03896064262885,38.5,0.9537760756587197,0.07635227783197925,2008-06-13 00:00:00+00:00,7.6,low,1.0
2008-10-02 00:00:00+00:00,1.0,-23.56462543513499,36.75,0.7919212139108275,0.08965414921260867,2008-06-13 00:00:00+00:00,9.0,low,1.0
2008-10-03 00:00:00+00:00,1.0,-22.360420354752087,36.18000030517578,0.8071906377276488,0.08885156977692799,2008-06-13 00:00:00+00:00,8.9,low,1.0
2008-10-06 00:00:00+00:00,1.0,-19.420540273178723,34.86000061035156,0.9445447932170483,0.07776534247793365,2008-06-13 00:00:00+00:00,7.8,low,1.0
2008-10-07 00:00:00+00:00,1.0,-13.966312894891253,32.650001525878906,0.8896668468763963,0.08350573421579684,2008-06-13 00:00:00+00:00,8.4,low,1.0
2008-10-08 00:00:00+00:00,1.0,-13.275700271963542,32.38999938964844,0.8999889912695314,0.08263966654302217,2008-06-13 00:00:00+00:00,8.3,low,1.0
2008-10-09 00:00:00+00:00,1.0,-10.881980505590194,31.520000457763672,0.8278761840208926,0.08769447275009726,2008-06-13 00:00:00+00:00,8.8,low,1.0
2008-10-10 00:00:00+00:00,1.0,-10.312897744919525,31.31999969482422,0.7430387534822552,0.09200411677199004,2008-06-13 00:00:00+00:00,9.2,low,1.0
2008-10-13 00:00:00+00:00,1.0,-20.039853975173962,35.130001068115234,0.9507126687306245,0.03179064207202258,2008-09-12 00:00:00+00:00,3.2,low,1.0
2008-10-14 00:00:00+00:00,1.0,-16.423684491286693,33.61000061035156,0.9284638680836411,0.03649035023321093,2008-09-12 00:00:00+00:00,3.6,low,1.0
2008-10-15 00:00:00+00:00,0.0,-8.202615024808313,30.600000381469727,0.5474959661362834,0.08175668884954518,2008-09-12 00:00:00+00:00,8.2,low,1.0
2008-10-16 00:00:00+00:00,1.0,-15.437067247345759,32.2599983215332,0.8183359767829523,0.05253553212246255,2008-09-12 00:00:00+00:00,5.3,low,1.0
2008-10-17 00:00:00+00:00,1.0,-15.54179154485913,32.29999923706055,0.8580002039974022,0.04751196237909417,2008-09-12 00:00:00+00:00,4.8,low,1.0
2008-10-20 00:00:00+00:00,1.0,-17.83132512124015,33.20000076293945,0.9163583468990556,0.038698638503438035,2008-09-12 00:00:00+00:00,3.9,low,1.0
2008-10-21 00:00:00+00:00,1.0,-13.341800878858756,31.479999542236328,0.6332936471518524,0.07263493407201282,2008-09-12 00:00:00+00:00,7.3,low,1.0
2008-10-22 00:00:00+00:00,1.0,-12.479580590182637,30.610000610351562,0.2239989861221489,0.12983331827382794,2008-09-12 00:00:00+00:00,13.0,low,1.0
2008-10-23 00:00:00+00:00,1.0,-16.464416187103083,30.489999771118164,0.22171567793962793,0.13037085827980466,2008-09-12 00:00:00+00:00,13.0,low,1.0
2008-10-24 00:00:00+00:00,1.0,-15.113524084138186,29.510000228881836,0.18334040411794417,0.1404115722599666,2008-09-12 00:00:00+00:00,14.0,low,1.0
2008-10-27 00:00:00+00:00,1.0,-12.687351792399104,28.690000534057617,0.25570375459112504,0.12291052268203044,2008-09-12 00:00:00+00:00,12.3,low,1.0
2008-10-28 00:00:00+00:00,1.0,-21.37476849601313,31.860000610351562,0.7175898063133146,0.06380322673683095,2008-09-12 00:00:00+00:00,6.4,low,1.0
2008-10-29 00:00:00+00:00,1.0,-21.17684488412557,31.780000686645508,0.7057840646814634,0.06505274893339631,2008-09-12 00:00:00+00:00,6.5,low,1.0
2008-10-30 00:00:00+00:00,1.0,-23.72107454120541,32.84000015258789,0.8191449655230142,0.05243786479105974,2008-09-12 00:00:00+00:00,5.2,low,1.0
2008-10-31 00:00:00+00:00,1.0,-23.8370334389711,32.88999938964844,0.8202577151530437,0.05230324935231377,2008-09-12 00:00:00+00:00,5.2,low,1.0
2008-11-03 00:00:00+00:00,1.0,-23.674590280355844,32.81999969482422,0.8492639138376209,0.04866530693401393,2008-09-12 00:00:00+00:00,4.9,low,1.0
2008-11-04 00:00:00+00:00,1.0,-25.777780038339117,33.75,0.7891266541505365,0.05596214021372813,2008-09-12 00:00:00+00:00,5.6,low,1.0
2008-11-05 00:00:00+00:00,1.0,-21.694281287001836,31.989999771118164,0.7356592008067041,0.06187295024620994,2008-09-12 00:00:00+00:00,6.2,low,1.0
2008-11-06 00:00:00+00:00,1.0,-18.030105776089624,30.559999465942383,0.6670321061423152,0.06911453447753865,2008-09-12 00:00:00+00:00,6.9,low,1.0
2008-11-07 00:00:00+00:00,1.0,-19.685800551021327,31.190000534057617,0.764772651489542,0.05869998249588161,2008-09-12 00:00:00+00:00,5.9,low,1.0
2008-11-10 00:00:00+00:00,1.0,-18.58953895224884,30.770000457763672,0.6592145538984027,0.06993011090534731,2008-09-12 00:00:00+00:00,7.0,low,1.0
2008-11-11 00:00:00+00:00,1.0,-16.77741222727054,30.100000381469727,0.3329238115510277,0.10912746191458048,2008-09-12 00:00:00+00:00,10.9,low,1.0
2008-11-12 00:00:00+00:00,1.0,-12.748171243904928,28.709999084472656,0.10399415125620456,0.17161871661872946,2008-09-12 00:00:00+00:00,17.2,low,1.0
2008-11-13 00:00:00+00:00,1.0,-17.760998063095546,30.459999084472656,0.6108874217745583,0.07498249877434084,2008-09-12 00:00:00+00:00,7.5,low,1.0
2008-11-14 00:00:00+00:00,1.0,-13.561077871820116,28.979999542236328,0.13340106927094267,0.15763449368784974,2008-09-12 00:00:00+00:00,15.8,low,1.0
2008-11-17 00:00:00+00:00,1.0,-11.702507944876617,28.3700008392334,0.11871355600831522,0.16412416048257963,2008-09-12 00:00:00+00:00,16.4,low,1.0
2008-11-18 00:00:00+00:00,1.0,-11.609036336673817,28.34000015258789,0.12598159877228732,0.16080536560091643,2008-09-12 00:00:00+00:00,16.1,low,1.0
2008-11-19 00:00:00+00:00,0.0,-6.738649784667016,26.860000610351562,0.22534773269821942,0.12951850420494257,2008-09-12 00:00:00+00:00,13.0,low,1.0
2008-11-20 00:00:00+00:00,0.0,-1.9953061014785556,25.559999465942383,0.1265121274430139,0.16057168270022962,2008-09-12 00:00:00+00:00,16.1,low,1.0
2008-11-21 00:00:00+00:00,0.0,0.6374206067027766,26.670000076293945,0.1959374249105023,0.1368839246887505,2008-09-12 00:00:00+00:00,13.7,low,1.0
2008-11-24 00:00:00+00:00,0.0,-5.1590075047094,28.299999237060547,0.16592750327280142,0.1457509904323501,2008-09-12 00:00:00+00:00,14.6,low,1.0
2008-11-25 00:00:00+00:00,0.0,-4.72133446966263,28.170000076293945,0.16503081126456878,0.1460424903590477,2008-09-12 00:00:00+00:00,14.6,low,1.0
2008-11-26 00:00:00+00:00,0.0,-8.551959782823504,29.350000381469727,0.21641920571968226,0.13164065862208926,2008-09-12 00:00:00+00:00,13.2,low,1.0
2008-11-28 00:00:00+00:00,0.0,-7.8296724620064655,29.1200008392334,0.14252455110484558,0.1539981767793309,2008-09-12 00:00:00+00:00,15.4,low,1.0
2008-12-01 00:00:00+00:00,0.0,-0.3342003400222504,26.93000030517578,0.5363636500119474,0.08297782514808066,2008-09-12 00:00:00+00:00,8.3,low,1.0
2008-12-02 00:00:00+00:00,0.0,-3.1620523290659563,27.829999923706055,0.5436257347739177,0.08217988509829628,2008-09-12 00:00:00+00:00,8.2,low,1.0
2008-12-03 00:00:00+00:00,0.0,-5.835080458853947,28.6200008392334,0.3976877434108283,0.09970419410974883,2008-09-12 00:00:00+00:00,10.0,low,1.0
2008-12-04 00:00:00+00:00,0.0,-3.0924081967571793,27.809999465942383,0.428307075410143,0.09569212987400094,2008-09-12 00:00:00+00:00,9.6,low,1.0
2008-12-05 00:00:00+00:00,0.0,-1.6586089866172493,28.940000534057617,0.5792949475668975,0.0783265480932105,2008-09-12 00:00:00+00:00,7.8,low,1.0
2008-12-08 00:00:00+00:00,0.0,-5.385641101536953,30.079999923706055,0.7601543607664542,0.059209652107782555,2008-09-12 00:00:00+00:00,5.9,low,1.0
2008-12-09 00:00:00+00:00,0.0,-5.164948792361046,30.010000228881836,0.838656981395666,0.05002688660244925,2008-09-12 00:00:00+00:00,5.0,low,1.0
2008-12-10 00:00:00+00:00,0.0,-4.847879539741662,29.90999984741211,0.7848422670293534,0.05645056962117646,2008-09-12 00:00:00+00:00,5.6,low,1.0
2008-12-11 00:00:00+00:00,0.0,-2.165696338297163,29.09000015258789,0.6857974470958003,0.06715319147450444,2008-09-12 00:00:00+00:00,6.7,low,1.0
2008-12-12 00:00:00+00:00,0.0,-4.11051619999604,29.68000030517578,0.7999342239541085,0.054715166657551884,2008-09-12 00:00:00+00:00,5.5,low,1.0
2008-12-15 00:00:00+00:00,0.0,-2.4005513257969957,29.15999984741211,0.8109814955003628,0.053415970250398126,2008-09-12 00:00:00+00:00,5.3,low,1.0
2008-12-16 00:00:00+00:00,0.0,-8.147905152593825,30.559999465942383,0.9419720621663313,0.03376007256532709,2008-09-12 00:00:00+00:00,3.4,low,1.0
2008-12-17 00:00:00+00:00,0.0,-7.022195434683098,30.190000534057617,0.9587967546848004,0.029774741971945063,2008-09-12 00:00:00+00:00,3.0,low,1.0
2008-12-18 00:00:00+00:00,0.0,-5.731627686059415,29.65999984741211,0.9624658200598085,0.028780799659704148,2008-09-12 00:00:00+00:00,2.9,low,1.0
2008-12-19 00:00:00+00:00,0.0,-6.363032441533956,29.860000610351562,0.9585035689629747,0.029851813561472842,2008-09-12 00:00:00+00:00,3.0,low,1.0
2008-12-22 00:00:00+00:00,0.0,-4.279356518927346,29.209999084472656,0.9623445509855828,0.028814571184454203,2008-09-12 00:00:00+00:00,2.9,low,1.0
2008-12-23 00:00:00+00:00,0.0,-3.785273233603803,29.059999465942383,0.9548049533423734,0.030797168341308172,2008-09-12 00:00:00+00:00,3.1,low,1.0
2008-12-24 00:00:00+00:00,0.0,-4.049417741563022,29.139999389648438,0.9435722191799961,0.033413239973773684,2008-09-12 00:00:00+00:00,3.3,low,1.0
2008-12-26 00:00:00+00:00,0.0,-4.016478235501452,29.1299991607666,0.9314352034095293,0.03591690835809089,2008-09-12 00:00:00+00:00,3.6,low,1.0
2008-12-29 00:00:00+00:00,0.0,-3.2191080817710493,28.889999389648438,0.9465701767925306,0.03274761596841164,2008-09-12 00:00:00+00:00,3.3,low,1.0
2008-12-30 00:00:00+00:00,0.0,-5.188201758292166,29.489999771118164,0.836601112278937,0.05028632749283179,2008-09-12 00:00:00+00:00,5.0,low,1.0
2008-12-31 00:00:00+00:00,0.0,-5.985207465852593,29.739999771118164,0.8444832162252021,0.049283934370239715,2008-09-12 00:00:00+00:00,4.9,low,1.0
2009-01-02 00:00:00+00:00,0.0,-9.893656249560124,31.030000686645508,0.7184805840166127,0.06370861230118123,2008-09-12 00:00:00+00:00,6.4,low,1.0
2009-01-05 00:00:00+00:00,0.0,-9.864607763167065,31.020000457763672,0.7334595183736892,0.06210928217557483,2008-09-12 00:00:00+00:00,6.2,low,1.0
2009-01-06 00:00:00+00:00,1.0,-10.75646615844217,31.329999923706055,0.5267791591441935,0.08403915461074438,2008-09-12 00:00:00+00:00,8.4,low,1.0
2009-01-07 00:00:00+00:00,0.0,-8.147179389206071,30.440000534057617,0.6286644561785059,0.0731188703433288,2008-09-12 00:00:00+00:00,7.3,low,1.0
2009-01-08 00:00:00+00:00,0.0,-9.102734471959273,30.760000228881836,0.53509090123867,0.08311821013622342,2008-09-12 00:00:00+00:00,8.3,low,1.0
2009-01-09 00:00:00+00:00,0.0,-7.016962526656578,30.06999969482422,0.40764532915926427,0.09837333139107243,2008-09-12 00:00:00+00:00,9.8,low,1.0
2009-01-12 00:00:00+00:00,0.0,-5.284557415651192,29.520000457763672,0.4973062997864371,0.08736972993453238,2008-09-12 00:00:00+00:00,8.7,low,1.0
2009-01-13 00:00:00+00:00,0.0,-5.316632460773563,29.530000686645508,0.3952881363368651,0.42013200634042125,2008-12-11 00:00:00+00:00,42.0,elevated,0.75
2009-01-14 00:00:00+00:00,0.0,-2.3402029197824303,28.6299991607666,0.3311419321500686,0.40725690185589614,2008-12-11 00:00:00+00:00,40.7,elevated,0.75
2009-01-15 00:00:00+00:00,0.0,-3.917530178875872,29.100000381469727,0.3265904254464095,0.4063062678233132,2008-12-11 00:00:00+00:00,40.6,elevated,0.75
2009-01-16 00:00:00+00:00,0.0,-4.962613827447704,29.420000076293945,0.33782884303049215,0.4086429303573819,2008-12-11 00:00:00+00:00,40.9,elevated,0.75
2009-01-20 00:00:00+00:00,0.0,0.5007199627371284,27.959999084472656,0.7386816655194771,0.48937399039174784,2008-12-11 00:00:00+00:00,48.9,elevated,0.75
2009-01-21 00:00:00+00:00,0.0,-3.4648378802715096,29.149999618530273,0.8846451216632305,0.5369693965151862,2008-12-11 00:00:00+00:00,53.7,high,0.5
2009-01-22 00:00:00+00:00,0.0,-2.1557748063255278,28.760000228881836,0.9107991221486528,0.550534953118701,2008-12-11 00:00:00+00:00,55.1,high,0.5
2009-01-23 00:00:00+00:00,0.0,-4.048443224005293,28.899999618530273,0.9070560897345208,0.5483963189977376,2008-12-11 00:00:00+00:00,54.8,high,0.5
2009-01-26 00:00:00+00:00,0.0,-4.740642525526106,29.110000610351562,0.934131860332667,0.5660104923371364,2008-12-11 00:00:00+00:00,56.6,high,0.5
2009-01-27 00:00:00+00:00,0.0,-5.422920085734406,29.31999969482422,0.8874454676363539,0.5382865052218802,2008-12-11 00:00:00+00:00,53.8,high,0.5
2009-01-28 00:00:00+00:00,0.0,-8.731464860699766,30.350000381469727,0.7909274808897826,0.5032888807922075,2008-12-11 00:00:00+00:00,50.3,high,0.5
2009-01-29 00:00:00+00:00,0.0,-7.403652940183081,29.579999923706055,0.7038752758748086,0.48110459464123306,2008-12-11 00:00:00+00:00,48.1,elevated,0.75
2009-01-30 00:00:00+00:00,0.0,-8.91259532066856,29.059999465942383,0.6254739584468582,0.464299228836219,2008-12-11 00:00:00+00:00,46.4,elevated,0.75
2009-02-02 00:00:00+00:00,1.0,-10.166609271102278,29.40999984741211,0.5095965254917558,0.4418436674310877,2008-12-11 00:00:00+00:00,44.2,elevated,0.75
2009-02-03 00:00:00+00:00,1.0,-11.5500524472968,29.8700008392334,0.7043311699851393,0.48120895024824456,2008-12-11 00:00:00+00:00,48.1,elevated,0.75
2009-02-04 00:00:00+00:00,1.0,-11.668337642670124,29.90999984741211,0.48371776885762574,0.4369713405198858,2008-12-11 00:00:00+00:00,43.7,elevated,0.75
2009-02-05 00:00:00+00:00,1.0,-15.897941311312492,30.56999969482422,0.5084672526651838,0.44163080010422734,2008-12-11 00:00:00+00:00,44.2,elevated,0.75
2009-02-06 00:00:00+00:00,1.0,-18.29774155213911,31.3700008392334,0.780631743291173,0.5003674105400627,2008-12-11 00:00:00+00:00,50.0,high,0.5
2009-02-09 00:00:00+00:00,1.0,-18.634923299153648,31.5,0.7472809121477547,0.4915239759022792,2008-12-11 00:00:00+00:00,49.2,elevated,0.75
2009-02-10 00:00:00+00:00,1.0,-15.52406383695929,30.34000015258789,0.6474492775158895,0.46881579021301006,2008-12-11 00:00:00+00:00,46.9,elevated,0.75
2009-02-11 00:00:00+00:00,1.0,-15.132455254044308,30.200000762939453,0.8039729934108304,0.5071467159332028,2008-12-11 00:00:00+00:00,50.7,high,0.5
2009-02-12 00:00:00+00:00,1.0,-16.159635536057937,30.56999969482422,0.41928214359377863,0.4247656611811865,2008-12-11 00:00:00+00:00,42.5,elevated,0.75
2009-02-13 00:00:00+00:00,1.0,-15.77391093089393,30.43000030517578,0.7229554961259806,0.48555776903132425,2008-12-11 00:00:00+00:00,48.6,elevated,0.75
2009-02-17 00:00:00+00:00,1.0,-12.2861062181721,29.219999313354492,0.6548422208516289,0.4703644039787691,2008-12-11 00:00:00+00:00,47.0,elevated,0.75
2009-02-18 00:00:00+00:00,1.0,-12.346103415217346,29.239999771118164,0.5992044379067095,0.4590436844321545,2008-12-11 00:00:00+00:00,45.9,elevated,0.75
2009-02-19 00:00:00+00:00,1.0,-10.97603909090692,28.790000915527344,0.5259805706694963,0.4449376038960126,2008-12-11 00:00:00+00:00,44.5,elevated,0.75
2009-02-20 00:00:00+00:00,1.0,-11.222728037000051,28.8700008392334,0.4830441560767946,0.43684456793855586,2008-12-11 00:00:00+00:00,43.7,elevated,0.75
2009-02-23 00:00:00+00:00,0.0,-8.004312278286129,27.860000610351562,0.3864599097758539,0.4184072935917658,2008-12-11 00:00:00+00:00,41.8,elevated,0.75
2009-02-24 00:00:00+00:00,1.0,-10.945105805159239,28.780000686645508,0.5921170886183541,0.45764806085818494,2008-12-11 00:00:00+00:00,45.8,elevated,0.75
2009-02-25 00:00:00+00:00,1.0,-10.353273788119788,28.59000015258789,0.6251352804231679,0.4642305475264787,2008-12-11 00:00:00+00:00,46.4,elevated,0.75
2009-02-26 00:00:00+00:00,0.0,-7.772586123067981,27.790000915527344,0.5536970559832527,0.4502089194965489,2008-12-11 00:00:00+00:00,45.0,elevated,0.75
2009-02-27 00:00:00+00:00,0.0,-6.901567302904487,27.530000686645508,0.4260095187237638,0.42605303595123245,2008-12-11 00:00:00+00:00,42.6,elevated,0.75
2009-03-02 00:00:00+00:00,0.0,-3.7912922373199986,26.639999389648438,0.6802974309844798,0.47582853105247364,2008-12-11 00:00:00+00:00,47.6,elevated,0.75
2009-03-03 00:00:00+00:00,0.0,-3.7190144525003244,26.6200008392334,0.7415459935771399,0.49008488737234407,2008-12-11 00:00:00+00:00,49.0,elevated,0.75
2009-03-04 00:00:00+00:00,0.0,-6.220273573674151,27.329999923706055,0.6976596713023113,0.4796911145479137,2008-12-11 00:00:00+00:00,48.0,elevated,0.75
2009-03-05 00:00:00+00:00,0.0,-3.319506075131984,26.510000228881836,0.745832763658213,0.4911585613499219,2008-12-11 00:00:00+00:00,49.1,elevated,0.75
2009-03-06 00:00:00+00:00,0.0,-2.547528881102845,26.299999237060547,0.6408285154652713,0.4674419555065253,2008-12-11 00:00:00+00:00,46.7,elevated,0.75
2009-03-09 00:00:00+00:00,0.0,1.6317019426131063,25.739999771118164,0.6618531070068974,0.4718480735454655,2008-12-11 00:00:00+00:00,47.2,elevated,0.75
2009-03-10 00:00:00+00:00,0.0,-0.2561276802767187,27.329999923706055,0.6459155359356501,0.4684964659549273,2008-12-11 00:00:00+00:00,46.8,elevated,0.75
2009-03-11 00:00:00+00:00,0.0,-1.1171151925851608,27.75,0.7812264827708656,0.5005334364651757,2008-12-11 00:00:00+00:00,50.1,high,0.5
2009-03-12 00:00:00+00:00,0.0,-1.6742223263306544,28.670000076293945,0.5651005189061207,0.4523976657712497,2008-12-11 00:00:00+00:00,45.2,elevated,0.75
2009-03-13 00:00:00+00:00,0.0,-1.913706476829069,28.739999771118164,0.834253229643399,0.5169197796089087,2008-12-11 00:00:00+00:00,51.7,high,0.5
2009-03-16 00:00:00+00:00,0.0,0.14153930592624153,28.260000228881836,0.7440138296300017,0.4907015377523282,2008-12-11 00:00:00+00:00,49.1,elevated,0.75
2009-03-17 00:00:00+00:00,0.0,-1.193318726151238,29.329999923706055,0.6325962295111406,0.4657497894520123,2008-12-11 00:00:00+00:00,46.6,elevated,0.75
2009-03-18 00:00:00+00:00,0.0,-2.4242464720794388,29.700000762939453,0.6789966938718552,0.4755438915246977,2008-12-11 00:00:00+00:00,47.6,elevated,0.75
2009-03-19 00:00:00+00:00,0.0,-2.358493112337945,29.68000030517578,0.7730666082484108,0.49828311783905443,2008-12-11 00:00:00+00:00,49.8,elevated,0.75
2009-03-20 00:00:00+00:00,0.0,0.06854166399758999,29.18000030517578,0.8141270280786642,0.5102853428310931,2008-12-11 00:00:00+00:00,51.0,high,0.5
2009-03-23 00:00:00+00:00,0.0,-4.142390922649975,30.899999618530273,0.5313282335841072,0.4459503506027338,2008-12-11 00:00:00+00:00,44.6,elevated,0.75
2009-03-24 00:00:00+00:00,0.0,-2.3409135715747875,30.329999923706055,0.40849112138440585,0.4226905631109,2008-12-11 00:00:00+00:00,42.3,elevated,0.75
2009-03-25 00:00:00+00:00,0.0,-2.7896241984769365,30.469999313354492,0.43787413755295,0.42831347452059343,2008-12-11 00:00:00+00:00,42.8,elevated,0.75
2009-03-26 00:00:00+00:00,0.0,-5.698818901223868,31.40999984741211,0.32417612601967905,0.40579953832027027,2008-12-11 00:00:00+00:00,40.6,elevated,0.75
2009-03-27 00:00:00+00:00,0.0,-3.893571925610184,30.81999969482422,0.5207568558827771,0.44394986219523364,2008-12-11 00:00:00+00:00,44.4,elevated,0.75
2009-03-30 00:00:00+00:00,0.0,-0.8981987864668639,30.059999465942383,0.49375239669694854,0.43885973755771945,2008-12-11 00:00:00+00:00,43.9,elevated,0.75
2009-03-31 00:00:00+00:00,0.0,-1.7480170997077882,30.31999969482422,0.30888334813844387,0.40254711517190966,2008-12-11 00:00:00+00:00,40.3,elevated,0.75
2009-04-01 00:00:00+00:00,0.0,1.4299597665360597,30.770000457763672,0.47039500960810093,0.4344629125320841,2008-12-11 00:00:00+00:00,43.4,elevated,0.75
2009-04-02 00:00:00+00:00,0.0,-1.7317416260879681,31.760000228881836,0.3363362697947739,0.4083346192914681,2008-12-11 00:00:00+00:00,40.8,elevated,0.75
2009-04-03 00:00:00+00:00,0.0,-3.5239550028430378,32.349998474121094,0.5251150736646133,0.4447738500174994,2008-12-11 00:00:00+00:00,44.5,elevated,0.75
2009-04-06 00:00:00+00:00,0.0,-3.2847888387184554,32.27000045776367,0.28824108944288074,0.398025634546512,2008-12-11 00:00:00+00:00,39.8,elevated,0.75
2009-04-07 00:00:00+00:00,0.0,0.2227870612802274,31.420000076293945,0.2746018677623013,0.3949421543565315,2008-12-11 00:00:00+00:00,39.5,elevated,0.75
2009-04-08 00:00:00+00:00,0.0,-0.31299023186791564,31.950000762939453,0.38870400215868045,0.4188468531958334,2008-12-11 00:00:00+00:00,41.9,elevated,0.75
2009-04-09 00:00:00+00:00,0.0,-3.3090415624833835,32.939998626708984,0.3671433291182608,0.4145876590138794,2008-12-11 00:00:00+00:00,41.5,elevated,0.75
2009-04-13 00:00:00+00:00,0.0,-3.162052379076763,32.88999938964844,0.44546323762972817,0.42975365750813727,2008-12-11 00:00:00+00:00,43.0,elevated,0.75
2009-04-14 00:00:00+00:00,0.0,-1.969840763108488,32.4900016784668,0.43062010777156845,0.4269328600107279,2008-12-11 00:00:00+00:00,42.7,elevated,0.75
2009-04-15 00:00:00+00:00,0.0,-1.0493831375789298,32.400001525878906,0.3560192399048971,0.34834134478412465,2009-03-16 00:00:00+00:00,34.8,low,1.0
2009-04-16 00:00:00+00:00,0.0,-3.5499405703706577,33.2400016784668,0.2769939970656132,0.3316966133368223,2009-03-16 00:00:00+00:00,33.2,low,1.0
2009-04-17 00:00:00+00:00,0.0,-3.7526266840753997,33.310001373291016,0.34429536971840285,0.3459791419060336,2009-03-16 00:00:00+00:00,34.6,low,1.0
2009-04-20 00:00:00+00:00,0.0,-0.49627741650823953,32.2400016784668,0.3084485657349448,0.3385489966613937,2009-03-16 00:00:00+00:00,33.9,low,1.0
2009-04-21 00:00:00+00:00,0.0,-0.9177095431733506,32.689998626708984,0.33533906525257134,0.3441540310617728,2009-03-16 00:00:00+00:00,34.4,low,1.0
2009-04-22 00:00:00+00:00,0.0,-0.9149107309676441,32.790000915527344,0.5410559908776544,0.3838695110496976,2009-03-16 00:00:00+00:00,38.4,elevated,0.75
2009-04-23 00:00:00+00:00,0.0,-0.4530399369186644,33.11000061035156,0.4380061358490118,0.36427199662201803,2009-03-16 00:00:00+00:00,36.4,elevated,0.75
2009-04-24 00:00:00+00:00,0.0,-2.166813808230894,33.689998626708984,0.48653608172428586,0.3734728673256975,2009-03-16 00:00:00+00:00,37.3,elevated,0.75
2009-04-27 00:00:00+00:00,0.0,-2.282835660283622,33.72999954223633,0.6929018148552443,0.4153598733579203,2009-03-16 00:00:00+00:00,41.5,elevated,0.75
2009-04-28 00:00:00+00:00,0.0,-1.5531674578061816,33.47999954223633,0.6058251173774956,0.39663373444700123,2009-03-16 00:00:00+00:00,39.7,elevated,0.75
2009-04-29 00:00:00+00:00,0.0,-2.8874472065096635,33.939998626708984,0.48330427744455445,0.37286064595583285,2009-03-16 00:00:00+00:00,37.3,elevated,0.75
2009-04-30 00:00:00+00:00,0.0,-3.850641020504997,34.279998779296875,0.49863713310938557,0.3757673542272694,2009-03-16 00:00:00+00:00,37.6,elevated,0.75
2009-05-01 00:00:00+00:00,0.0,-4.102414580246217,34.369998931884766,0.4348110954472594,0.36366370179732455,2009-03-16 00:00:00+00:00,36.4,elevated,0.75
2009-05-04 00:00:00+00:00,0.0,-5.9629106935272125,35.04999923706055,0.5453341014657824,0.38469469689951397,2009-03-16 00:00:00+00:00,38.5,elevated,0.75
2009-05-05 00:00:00+00:00,0.0,-5.882356785733078,35.02000045776367,0.5215837884619324,0.3801349424883357,2009-03-16 00:00:00+00:00,38.0,elevated,0.75
2009-05-06 00:00:00+00:00,0.0,-5.909220002735516,35.029998779296875,0.21840560552524077,0.31770195513163973,2009-03-16 00:00:00+00:00,31.8,low,1.0
2009-05-07 00:00:00+00:00,0.0,-3.6539024655144026,34.209999084472656,0.2126712404543577,0.3162166667650982,2009-03-16 00:00:00+00:00,31.6,low,1.0
2009-05-08 00:00:00+00:00,0.0,-3.7101971216699003,34.22999954223633,0.15192063845166381,0.2985330370695784,2009-03-16 00:00:00+00:00,29.9,low,1.0
2009-05-11 00:00:00+00:00,0.0,-4.046577733316781,34.349998474121094,0.22060187788878563,0.3182643317666479,2009-03-16 00:00:00+00:00,31.8,low,1.0
2009-05-12 00:00:00+00:00,0.0,-2.8588305687552773,33.93000030517578,0.20851738664212052,0.31512480774299306,2009-03-16 00:00:00+00:00,31.5,low,1.0
2009-05-13 00:00:00+00:00,0.0,0.18171221217202493,33.02000045776367,0.07720289971577884,0.26731268027736493,2009-03-16 00:00:00+00:00,26.7,low,1.0
2009-05-14 00:00:00+00:00,0.0,-0.628928087185765,33.38999938964844,0.140254648179447,0.2945850219435473,2009-03-16 00:00:00+00:00,29.5,low,1.0
2009-05-15 00:00:00+00:00,0.0,-0.5693695918205233,33.369998931884766,0.18178515495913444,0.3077330230539889,2009-03-16 00:00:00+00:00,30.8,low,1.0
2009-05-18 00:00:00+00:00,0.0,-3.0957982515451787,34.2400016784668,0.2076872067190891,0.31490492521117247,2009-03-16 00:00:00+00:00,31.5,low,1.0
2009-05-19 00:00:00+00:00,0.0,-3.5465150191499983,34.400001525878906,0.1545641264468436,0.29939673135400474,2009-03-16 00:00:00+00:00,29.9,low,1.0
2009-05-20 00:00:00+00:00,0.0,-3.2088638077356846,34.279998779296875,0.11656608165696647,0.28574533968072785,2009-03-16 00:00:00+00:00,28.6,low,1.0
2009-05-21 00:00:00+00:00,0.0,-1.3967346192886976,33.650001525878906,0.13962080395424983,0.2943636969026653,2009-03-16 00:00:00+00:00,29.4,low,1.0
2009-05-22 00:00:00+00:00,0.0,-1.0733470498651698,33.540000915527344,0.1599951767605568,0.3011383606468108,2009-03-16 00:00:00+00:00,30.1,low,1.0
2009-05-26 00:00:00+00:00,0.0,-1.667150950823415,34.790000915527344,0.21914574335637704,0.31789186752227094,2009-03-16 00:00:00+00:00,31.8,low,1.0
2009-05-27 00:00:00+00:00,0.0,-0.9840815053425045,34.54999923706055,0.16570880192496884,0.302925643670599,2009-03-16 00:00:00+00:00,30.3,low,1.0
2009-05-28 00:00:00+00:00,0.0,-0.543640736076112,34.95000076293945,0.2230026285322648,0.31887509394631086,2009-03-16 00:00:00+00:00,31.9,low,1.0
2009-05-29 00:00:00+00:00,0.0,-1.7241396041146495,35.380001068115234,0.25466895501528863,0.32658515299949226,2009-03-16 00:00:00+00:00,32.7,low,1.0
2009-06-01 00:00:00+00:00,0.0,-4.451769604441358,36.38999938964844,0.37055079905340454,0.3512318410793501,2009-03-16 00:00:00+00:00,35.1,elevated,0.75
2009-06-02 00:00:00+00:00,0.0,-4.5828711083465095,36.439998626708984,0.14603793712750382,0.296571092218856,2009-03-16 00:00:00+00:00,29.7,low,1.0
2009-06-03 00:00:00+00:00,0.0,-4.293975487657519,36.33000183105469,0.1685227192414661,0.30378988374452387,2009-03-16 00:00:00+00:00,30.4,low,1.0
2009-06-04 00:00:00+00:00,0.0,-5.362006343776892,36.7400016784668,0.24258456093094682,0.32371352538069975,2009-03-16 00:00:00+00:00,32.4,low,1.0
2009-06-05 00:00:00+00:00,0.0,-5.464922208384115,36.779998779296875,0.14055485079252542,0.2946895880252189,2009-03-16 00:00:00+00:00,29.5,low,1.0
2009-06-08 00:00:00+00:00,0.0,-5.890373480414701,36.66999816894531,0.551777619875054,0.3859412931234231,2009-03-16 00:00:00+00:00,38.6,elevated,0.75
2009-06-09 00:00:00+00:00,0.0,-7.171857838056761,36.95000076293945,0.3319707742279171,0.3434626548002285,2009-03-16 00:00:00+00:00,34.3,low,1.0
2009-06-10 00:00:00+00:00,0.0,-6.844107763851792,36.81999969482422,0.18488119926053684,0.3086248447397849,2009-03-16 00:00:00+00:00,30.9,low,1.0
2009-06-11 00:00:00+00:00,0.0,-6.844107763851792,36.81999969482422,0.04857771843869771,0.24820852708886648,2009-03-16 00:00:00+00:00,24.8,low,1.0
2009-06-12 00:00:00+00:00,0.0,-6.412011435140053,36.650001525878906,0.05643385127946688,0.2542276992351909,2009-03-16 00:00:00+00:00,25.4,low,1.0
2009-06-15 00:00:00+00:00,0.0,-4.456830698642111,35.900001525878906,0.044241898182136856,0.24452647598170207,2009-03-16 00:00:00+00:00,24.5,low,1.0
2009-06-16 00:00:00+00:00,0.0,-3.516174477711065,35.54999923706055,0.03400128180211817,0.23443569147470752,2009-03-16 00:00:00+00:00,23.4,low,1.0
2009-06-17 00:00:00+00:00,0.0,-4.430203899770713,35.88999938964844,0.03980694432618534,0.2404298052925082,2009-03-16 00:00:00+00:00,24.0,low,1.0
2009-06-18 00:00:00+00:00,0.0,-4.243440733427207,35.81999969482422,0.041354797015087895,0.2419016558171501,2009-03-16 00:00:00+00:00,24.2,low,1.0
2009-06-19 00:00:00+00:00,0.0,-5.143807019359481,36.15999984741211,0.039013048063451135,0.23965594450825842,2009-03-16 00:00:00+00:00,24.0,low,1.0
2009-06-22 00:00:00+00:00,0.0,-2.2234964460681406,35.08000183105469,0.12796547656144566,0.2901535616477978,2009-03-16 00:00:00+00:00,29.0,low,1.0
2009-06-23 00:00:00+00:00,0.0,-2.0000021798270096,35.0,0.1616247712544957,0.3016526757579392,2009-03-16 00:00:00+00:00,30.2,low,1.0
2009-06-24 00:00:00+00:00,0.0,-3.6246162124097148,35.59000015258789,0.17136860096015208,0.304653700202811,2009-03-16 00:00:00+00:00,30.5,low,1.0
2009-06-25 00:00:00+00:00,0.0,-5.483608785513527,36.290000915527344,0.12095942798799827,0.2874816943489607,2009-03-16 00:00:00+00:00,28.7,low,1.0
2009-06-26 00:00:00+00:00,0.0,-5.691503314863988,36.369998931884766,0.19946668761077166,0.3126962636137281,2009-03-16 00:00:00+00:00,31.3,low,1.0
2009-06-29 00:00:00+00:00,0.0,-5.898495146438842,36.45000076293945,0.0652592125678503,0.2602059638425581,2009-03-16 00:00:00+00:00,26.0,low,1.0
2009-06-30 00:00:00+00:00,0.0,-5.717432023050916,36.380001068115234,0.06697146044796107,0.2612872912381673,2009-03-16 00:00:00+00:00,26.1,low,1.0
2009-07-01 00:00:00+00:00,0.0,-5.769236815348333,36.400001525878906,0.043086872821234086,0.24349430056667098,2009-03-16 00:00:00+00:00,24.3,low,1.0
2009-07-02 00:00:00+00:00,0.0,-3.651683406687678,35.599998474121094,0.03605125880590985,0.23664536799267627,2009-03-16 00:00:00+00:00,23.7,low,1.0
2009-07-06 00:00:00+00:00,0.0,-3.134709446864581,35.40999984741211,0.03386765363037341,0.23428774212776948,2009-03-16 00:00:00+00:00,23.4,low,1.0
2009-07-07 00:00:00+00:00,0.0,-0.6660861580285671,34.529998779296875,0.06403329738634196,0.259417274941831,2009-03-16 00:00:00+00:00,25.9,low,1.0
2009-07-08 00:00:00+00:00,0.0,-0.6626319455572016,34.709999084472656,0.08111464669876102,0.2694445111193172,2009-03-16 00:00:00+00:00,26.9,low,1.0
2009-07-09 00:00:00+00:00,0.0,-0.8340549660895702,34.77000045776367,0.16208923537188227,0.3017985883980592,2009-03-16 00:00:00+00:00,30.2,low,1.0
2009-07-10 00:00:00+00:00,0.0,-1.2600190428998292,34.91999816894531,0.13706042500642812,0.2934620051690305,2009-03-16 00:00:00+00:00,29.3,low,1.0
2009-07-13 00:00:00+00:00,0.0,-0.5338539643000462,35.59000015258789,0.12367702203664313,0.2885317250773879,2009-03-16 00:00:00+00:00,28.9,low,1.0
2009-07-14 00:00:00+00:00,0.0,1.1758067037855646,35.720001220703125,0.13138992690047666,0.291419375941886,2009-03-16 00:00:00+00:00,29.1,low,1.0
2009-07-15 00:00:00+00:00,0.0,-0.5417035703171091,36.91999816894531,0.09152959409047166,0.24583529896135334,2009-06-15 00:00:00+00:00,24.6,low,1.0
2009-07-16 00:00:00+00:00,0.0,-0.5085718369972514,37.36000061035156,0.09921800591122962,0.25009608373044384,2009-06-15 00:00:00+00:00,25.0,low,1.0
2009-07-17 00:00:00+00:00,0.0,0.13311830466571362,37.560001373291016,0.07930314055653961,0.23846348907144083,2009-06-15 00:00:00+00:00,23.8,low,1.0
2009-07-20 00:00:00+00:00,0.0,-0.7383934409737947,37.91999816894531,0.100335164415849,0.2506943786251337,2009-06-15 00:00:00+00:00,25.1,low,1.0
2009-07-21 00:00:00+00:00,0.0,-0.13095661776034717,38.18000030517578,0.058527142103938085,0.22361968281774924,2009-06-15 00:00:00+00:00,22.4,low,1.0
2009-07-22 00:00:00+00:00,0.0,-0.2857158710430241,38.5,0.08267558881174418,0.24057892790506938,2009-06-15 00:00:00+00:00,24.1,low,1.0
2009-07-23 00:00:00+00:00,0.0,-2.261752030902253,39.349998474121094,0.0445460494090382,0.2110796194024598,2009-06-15 00:00:00+00:00,21.1,low,1.0
2009-07-24 00:00:00+00:00,0.0,-1.5108839029834065,39.04999923706055,0.0927320902750175,0.24651904523249288,2009-06-15 00:00:00+00:00,24.7,low,1.0
2009-07-27 00:00:00+00:00,0.0,-2.261752030902253,39.349998474121094,0.12651120588317216,0.2634845756776302,2009-06-15 00:00:00+00:00,26.3,low,1.0
2009-07-28 00:00:00+00:00,0.0,-1.586496206582444,39.08000183105469,0.12200025448925875,0.26142784992055906,2009-06-15 00:00:00+00:00,26.1,low,1.0
2009-07-29 00:00:00+00:00,0.0,-2.236911704885558,39.34000015258789,0.11896328608435988,0.26001207594164183,2009-06-15 00:00:00+00:00,26.0,low,1.0
2009-07-30 00:00:00+00:00,0.0,-2.805156984867885,39.56999969482422,0.07954044401946038,0.23861457645736975,2009-06-15 00:00:00+00:00,23.9,low,1.0
2009-07-31 00:00:00+00:00,0.0,-2.509509909558316,39.45000076293945,0.032465025586290525,0.19738367244362234,2009-06-15 00:00:00+00:00,19.7,low,1.0
2009-08-03 00:00:00+00:00,0.0,-3.9460584288897205,40.040000915527344,0.07280162439653486,0.23418173060573635,2009-06-15 00:00:00+00:00,23.4,low,1.0
2009-08-04 00:00:00+00:00,0.0,-3.9460584288897205,40.040000915527344,0.02026335175881306,0.17847156296388747,2009-06-15 00:00:00+00:00,17.8,low,1.0
2009-08-05 00:00:00+00:00,0.0,-3.1965780830517154,39.72999954223633,0.017829710290633613,0.17362315683921595,2009-06-15 00:00:00+00:00,17.4,low,1.0
2009-08-06 00:00:00+00:00,0.0,-2.336216248575662,39.380001068115234,0.049379660450797544,0.21572939085095083,2009-06-15 00:00:00+00:00,21.6,low,1.0
2009-08-07 00:00:00+00:00,0.0,-3.5606869248002493,39.880001068115234,0.047842724259796326,0.21429179956446812,2009-06-15 00:00:00+00:00,21.4,low,1.0
2009-08-10 00:00:00+00:00,0.0,-2.8787864484223102,39.599998474121094,0.04170961979930464,0.208160241401166,2009-06-15 00:00:00+00:00,20.8,low,1.0
2009-08-11 00:00:00+00:00,0.0,-2.0376955457529045,39.2599983215332,0.03905219577762843,0.2052771738476369,2009-06-15 00:00:00+00:00,20.5,low,1.0
2009-08-12 00:00:00+00:00,0.0,-3.536493316242617,39.869998931884766,0.02060772284515555,0.17911891691291493,2009-06-15 00:00:00+00:00,17.9,low,1.0
2009-08-13 00:00:00+00:00,0.0,-4.065854482193143,40.09000015258789,0.01895270368195271,0.17592312052371956,2009-06-15 00:00:00+00:00,17.6,low,1.0
2009-08-14 00:00:00+00:00,0.0,-2.9523137827617063,39.630001068115234,0.018048051046277092,0.174079360968664,2009-06-15 00:00:00+00:00,17.4,low,1.0
2009-08-17 00:00:00+00:00,0.0,0.15592872662371082,38.47999954223633,0.017905647260426732,0.17378233220222666,2009-06-15 00:00:00+00:00,17.4,low,1.0
2009-08-18 00:00:00+00:00,0.0,-1.2554390958101846,39.029998779296875,0.0511833607214412,0.21737183730523932,2009-06-15 00:00:00+00:00,21.7,low,1.0
2009-08-19 00:00:00+00:00,0.0,-0.7124651011006455,39.29999923706055,0.047377381683296554,0.21384929261823124,2009-06-15 00:00:00+00:00,21.4,low,1.0
2009-08-20 00:00:00+00:00,0.0,-1.8611617077678888,39.7599983215332,0.057158353436025905,0.22250407544530698,2009-06-15 00:00:00+00:00,22.3,low,1.0
2009-08-21 00:00:00+00:00,0.0,-3.1521479992675516,40.290000915527344,0.06117653468196979,0.22572194372509716,2009-06-15 00:00:00+00:00,22.6,low,1.0
2009-08-24 00:00:00+00:00,0.0,-3.0558994838169595,40.25,0.06156592732147469,0.2260248613620273,2009-06-15 00:00:00+00:00,22.6,low,1.0
2009-08-25 00:00:00+00:00,0.0,-3.3440636855079253,40.369998931884766,0.04975545827060716,0.2160754753386295,2009-06-15 00:00:00+00:00,21.6,low,1.0
2009-08-26 00:00:00+00:00,0.0,-3.1761756911393824,40.29999923706055,0.05380104437102288,0.21967568218853822,2009-06-15 00:00:00+00:00,22.0,low,1.0
2009-08-27 00:00:00+00:00,0.0,-3.4158440989940364,40.400001525878906,0.0418937123315196,0.2083544593275838,2009-06-15 00:00:00+00:00,20.8,low,1.0
2009-08-28 00:00:00+00:00,0.0,-3.5113704677711355,40.439998626708984,0.05486573478436644,0.22058738202027037,2009-06-15 00:00:00+00:00,22.1,low,1.0
2009-08-31 00:00:00+00:00,0.0,-2.5231035531671386,40.029998779296875,0.0829104021765324,0.24072374130070678,2009-06-15 00:00:00+00:00,24.1,low,1.0
2009-09-01 00:00:00+00:00,0.0,-0.6619102077728201,39.279998779296875,0.0148375482116635,0.16686320509832137,2009-06-15 00:00:00+00:00,16.7,low,1.0
2009-09-02 00:00:00+00:00,0.0,-0.5859860948696283,39.25,0.04463104755350689,0.2111647834996484,2009-06-15 00:00:00+00:00,21.1,low,1.0
2009-09-03 00:00:00+00:00,0.0,0.025315455974128653,39.5099983215332,0.05347852895691561,0.21939669506365944,2009-06-15 00:00:00+00:00,21.9,low,1.0
2009-09-04 00:00:00+00:00,0.0,0.24776628495750685,40.36000061035156,0.09458922674334094,0.2475619991198937,2009-06-15 00:00:00+00:00,24.8,low,1.0
2009-09-08 00:00:00+00:00,0.0,-0.36819224275631557,40.7400016784668,0.10406733202551686,0.2526578127586157,2009-06-15 00:00:00+00:00,25.3,low,1.0
2009-09-09 00:00:00+00:00,0.0,-0.9004597968137573,41.09000015258789,0.04697164170265415,0.2134606300363903,2009-06-15 00:00:00+00:00,21.3,low,1.0
2009-09-10 00:00:00+00:00,0.0,-1.8322042669247085,41.47999954223633,0.04851925371992205,0.21492905894416955,2009-06-15 00:00:00+00:00,21.5,low,1.0
2009-09-11 00:00:00+00:00,0.0,-1.9267804148372925,41.52000045776367,0.05041746460585738,0.2166801197529305,2009-06-15 00:00:00+00:00,21.7,low,1.0
2009-09-14 00:00:00+00:00,0.0,-2.3032607424272156,41.68000030517578,0.036539212748003744,0.2024021966316436,2009-06-15 00:00:00+00:00,20.2,low,1.0
2009-09-15 00:00:00+00:00,0.0,-2.607032089896566,41.810001373291016,0.01675393932523298,0.17130687619198334,2009-06-15 00:00:00+00:00,17.1,low,1.0
2009-09-16 00:00:00+00:00,0.0,-4.007536590340344,42.41999816894531,0.02461342587139135,0.18606935066224362,2009-06-15 00:00:00+00:00,18.6,low,1.0
2009-09-17 00:00:00+00:00,0.0,-3.984905995730881,42.40999984741211,0.028801664701424454,0.192417063769663,2009-06-15 00:00:00+00:00,19.2,low,1.0
2009-09-18 00:00:00+00:00,0.0,-4.052774414849781,42.439998626708984,0.022960660221404843,0.18332156094525065,2009-06-15 00:00:00+00:00,18.3,low,1.0
2009-09-21 00:00:00+00:00,0.0,-4.345779862305288,42.56999969482422,0.01755057629698821,0.1730332806255574,2009-06-15 00:00:00+00:00,17.3,low,1.0
2009-09-22 00:00:00+00:00,0.0,-4.52520571190298,42.650001525878906,0.02141862988863629,0.18060930952543588,2009-06-15 00:00:00+00:00,18.1,low,1.0
2009-09-23 00:00:00+00:00,0.0,-4.0753816516929,42.45000076293945,0.00862895227651077,0.14823045746444907,2009-06-15 00:00:00+00:00,14.8,low,1.0
2009-09-24 00:00:00+00:00,0.0,-3.208933881421394,42.06999969482422,0.016884323407024025,0.17159393031177986,2009-06-15 00:00:00+00:00,17.2,low,1.0
2009-09-25 00:00:00+00:00,0.0,-2.3501187633245713,41.70000076293945,0.025161698867464374,0.18694785765001054,2009-06-15 00:00:00+00:00,18.7,low,1.0
2009-09-28 00:00:00+00:00,0.0,-3.984905995730881,42.40999984741211,0.0320712678452511,0.1968722065150457,2009-06-15 00:00:00+00:00,19.7,low,1.0
2009-09-29 00:00:00+00:00,0.0,-3.5528184666760665,42.220001220703125,0.02908923085495209,0.19282483381208687,2009-06-15 00:00:00+00:00,19.3,low,1.0
2009-09-30 00:00:00+00:00,0.0,-3.621298885909763,42.25,0.011552649292731523,0.158023270117681,2009-06-15 00:00:00+00:00,15.8,low,1.0
2009-10-01 00:00:00+00:00,0.0,-0.6829238519435954,41.0,0.025065877516298275,0.18679544666325443,2009-06-15 00:00:00+00:00,18.7,low,1.0
2009-10-02 00:00:00+00:00,0.0,-0.12230732816576051,40.880001068115234,0.017285530373356655,0.1724660861894847,2009-06-15 00:00:00+00:00,17.2,low,1.0
2009-10-05 00:00:00+00:00,0.0,-1.3831587175137439,41.209999084472656,0.007310171948332558,0.1429018542617159,2009-06-15 00:00:00+00:00,14.3,low,1.0
2009-10-06 00:00:00+00:00,0.0,-3.099664472169672,41.939998626708984,0.006352089306041917,0.13851908518409511,2009-06-15 00:00:00+00:00,13.9,low,1.0
2009-10-07 00:00:00+00:00,0.0,-3.376133945027182,42.060001373291016,0.012280600588228085,0.16014347761332598,2009-06-15 00:00:00+00:00,16.0,low,1.0
2009-10-08 00:00:00+00:00,0.0,-3.7878840559658733,42.2400016784668,0.0155292863153079,0.16851820782108484,2009-06-15 00:00:00+00:00,16.9,low,1.0
2009-10-09 00:00:00+00:00,0.0,-4.331450500036949,42.47999954223633,0.009975123636853128,0.15302807929942006,2009-06-15 00:00:00+00:00,15.3,low,1.0
2009-10-12 00:00:00+00:00,0.0,-4.5337099342531495,42.56999969482422,0.018314604200721583,0.174630268613235,2009-06-15 00:00:00+00:00,17.5,low,1.0
2009-10-13 00:00:00+00:00,0.0,-4.556135176094234,42.58000183105469,0.008441053108102581,0.013439456020240721,2009-09-14 00:00:00+00:00,1.3,low,1.0
2009-10-14 00:00:00+00:00,0.0,-5.83874065494181,43.15999984741211,0.00947331879939726,0.014480544111948712,2009-09-14 00:00:00+00:00,1.4,low,1.0
2009-10-15 00:00:00+00:00,0.0,-5.620069453002019,43.060001373291016,0.008685762661253172,0.013690147780171738,2009-09-14 00:00:00+00:00,1.4,low,1.0
2009-10-16 00:00:00+00:00,0.0,-5.002336256924056,42.779998779296875,0.008652688659019516,0.013656412582774816,2009-09-14 00:00:00+00:00,1.4,low,1.0
2009-10-19 00:00:00+00:00,0.0,-5.947696712050465,43.209999084472656,0.03511233421750478,0.03383651339744574,2009-09-14 00:00:00+00:00,3.4,low,1.0
2009-10-20 00:00:00+00:00,0.0,-5.9694626519788745,43.220001220703125,0.026095611011731374,0.02790239801116245,2009-09-14 00:00:00+00:00,2.8,low,1.0
2009-10-21 00:00:00+00:00,0.0,-5.795085849259152,43.13999938964844,0.0055538662519408356,0.010251664648934128,2009-09-14 00:00:00+00:00,1.0,low,1.0
2009-10-22 00:00:00+00:00,0.0,-6.164862385086767,43.310001373291016,0.005934715193472637,0.010701081432454743,2009-09-14 00:00:00+00:00,1.1,low,1.0
2009-10-23 00:00:00+00:00,0.0,-5.773247430563089,43.130001068115234,0.003437910267565352,0.007516248275246408,2009-09-14 00:00:00+00:00,0.8,low,1.0
2009-10-26 00:00:00+00:00,0.0,-5.466392642630313,42.9900016784668,0.004771390069241535,0.009292368704188004,2009-09-14 00:00:00+00:00,0.9,low,1.0
2009-10-27 00:00:00+00:00,0.0,-4.015117517271771,42.34000015258789,0.004457117797090272,0.008891590554877229,2009-09-14 00:00:00+00:00,0.9,low,1.0
2009-10-28 00:00:00+00:00,0.0,-1.8120319184821598,41.38999938964844,0.009725734764236568,0.014728900878712679,2009-09-14 00:00:00+00:00,1.5,low,1.0
2009-10-29 00:00:00+00:00,0.0,-3.445000612218574,42.09000015258789,0.008585340461778689,0.01358757672570396,2009-09-14 00:00:00+00:00,1.4,low,1.0
2009-10-30 00:00:00+00:00,0.0,-0.7812492724042275,40.959999084472656,0.03154435295200462,0.03155858332291055,2009-09-14 00:00:00+00:00,3.2,low,1.0
2009-11-02 00:00:00+00:00,0.0,-0.7050836566891316,41.130001068115234,0.035465513922728134,0.034057653261336675,2009-09-14 00:00:00+00:00,3.4,low,1.0
2009-11-03 00:00:00+00:00,0.0,0.048474208864024426,41.2599983215332,0.03921401599922445,0.03636126400270172,2009-09-14 00:00:00+00:00,3.6,low,1.0
2009-11-04 00:00:00+00:00,0.0,1.0887900515505589,41.33000183105469,0.025135399445046204,0.027232025176464985,2009-09-14 00:00:00+00:00,2.7,low,1.0
2009-11-05 00:00:00+00:00,0.0,-0.6375363702348036,42.349998474121094,0.03875603551576027,0.03608388130190828,2009-09-14 00:00:00+00:00,3.6,low,1.0
2009-11-06 00:00:00+00:00,0.0,0.6572831080363439,42.599998474121094,0.061881253261680376,0.04902380327316529,2009-09-14 00:00:00+00:00,4.9,low,1.0
2009-11-09 00:00:00+00:00,0.0,-1.401969246577539,43.5099983215332,0.11463036225442488,0.07399674995173487,2009-09-14 00:00:00+00:00,7.4,low,1.0
2009-11-10 00:00:00+00:00,0.0,-1.6506130757366066,43.619998931884766,0.15723131967571186,0.09200413954387332,2009-09-14 00:00:00+00:00,9.2,low,1.0
2009-11-11 00:00:00+00:00,0.0,-2.277904248842688,43.900001525878906,0.11271268129999078,0.07315345906241558,2009-09-14 00:00:00+00:00,7.3,low,1.0
2009-11-12 00:00:00+00:00,0.0,-1.7182129983554395,43.650001525878906,0.09651073801513856,0.0658744918487451,2009-09-14 00:00:00+00:00,6.6,low,1.0
2009-11-13 00:00:00+00:00,0.0,-2.522146871137687,44.0099983215332,0.14985469419678807,0.08896780871121418,2009-09-14 00:00:00+00:00,8.9,low,1.0
2009-11-16 00:00:00+00:00,0.0,-3.5087665108355037,44.459999084472656,0.17124660040593834,0.09770344830292509,2009-09-14 00:00:00+00:00,9.8,low,1.0
2009-11-17 00:00:00+00:00,0.0,-3.8116524807250918,44.599998474121094,0.15680328011851738,0.09182869561468601,2009-09-14 00:00:00+00:00,9.2,low,1.0
2009-11-18 00:00:00+00:00,0.0,-3.269440807508217,44.349998474121094,0.15908075507052166,0.09276117915264592,2009-09-14 00:00:00+00:00,9.3,low,1.0
2009-11-19 00:00:00+00:00,0.0,-1.7407199363017156,43.65999984741211,0.08343927573267819,0.059760416756439755,2009-09-14 00:00:00+00:00,6.0,low,1.0
2009-11-20 00:00:00+00:00,0.0,-1.2430872879863775,43.439998626708984,0.10029216254574748,0.06760009322751372,2009-09-14 00:00:00+00:00,6.8,low,1.0
2009-11-23 00:00:00+00:00,0.0,-2.809238515894341,44.13999938964844,0.12290262169644638,0.07759620824686919,2009-09-14 00:00:00+00:00,7.8,low,1.0
2009-11-24 00:00:00+00:00,0.0,-2.477836124115107,43.9900016784668,0.13734276509772306,0.08374873392179696,2009-09-14 00:00:00+00:00,8.4,low,1.0
2009-11-25 00:00:00+00:00,0.0,-2.8972357864536336,44.18000030517578,0.05512846378575685,0.04543594496729436,2009-09-14 00:00:00+00:00,4.5,low,1.0
2009-11-27 00:00:00+00:00,0.0,-0.9193236649326253,43.5099983215332,0.13336973032422889,0.0820709347193382,2009-09-14 00:00:00+00:00,8.2,low,1.0
2009-11-30 00:00:00+00:00,0.0,-0.5509680231873371,43.560001373291016,0.012931461243767128,0.017708807927344333,2009-09-14 00:00:00+00:00,1.8,low,1.0
2009-12-01 00:00:00+00:00,0.0,-1.5678224335931912,44.0099983215332,0.01677306012809396,0.020954523030202808,2009-09-14 00:00:00+00:00,2.1,low,1.0
2009-12-02 00:00:00+00:00,0.0,-1.7018379968087083,44.06999969482422,0.013581417815069401,0.018279564745202367,2009-09-14 00:00:00+00:00,1.8,low,1.0
2009-12-03 00:00:00+00:00,0.0,-1.2987006214419172,43.88999938964844,0.02571405057808803,0.02763704265820149,2009-09-14 00:00:00+00:00,2.8,low,1.0
2009-12-04 00:00:00+00:00,0.0,-1.8132349420398541,44.119998931884766,0.015909987455170027,0.02025024125787446,2009-09-14 00:00:00+00:00,2.0,low,1.0
2009-12-07 00:00:00+00:00,0.0,-1.3436578333822613,43.90999984741211,0.02370781291583019,0.026218819431611216,2009-09-14 00:00:00+00:00,2.6,low,1.0
2009-12-08 00:00:00+00:00,0.0,-0.7332715382670774,43.63999938964844,0.02136168277431382,0.024506592488413515,2009-09-14 00:00:00+00:00,2.5,low,1.0
2009-12-09 00:00:00+00:00,0.0,-0.7259607446205685,44.08000183105469,0.018620774297260737,0.022421126533421744,2009-09-14 00:00:00+00:00,2.2,low,1.0
2009-12-10 00:00:00+00:00,0.0,-1.2189637129284447,44.29999923706055,0.016742232194765096,0.020929588558015452,2009-09-14 00:00:00+00:00,2.1,low,1.0
2009-12-11 00:00:00+00:00,0.0,-0.8384381092829019,44.130001068115234,0.012288398872702245,0.01713408438575606,2009-09-14 00:00:00+00:00,1.7,low,1.0
2009-12-14 00:00:00+00:00,0.0,-1.7732905253793008,44.54999923706055,0.011555789410760523,0.01646625626607607,2009-09-14 00:00:00+00:00,1.6,low,1.0
2009-12-15 00:00:00+00:00,0.0,-1.2189637129284447,44.29999923706055,0.012331050556356152,0.017172526077563217,2009-09-14 00:00:00+00:00,1.7,low,1.0
2009-12-16 00:00:00+00:00,0.0,-1.352575023811764,44.36000061035156,0.009434205671659812,0.01444185194425124,2009-09-14 00:00:00+00:00,1.4,low,1.0
2009-12-17 00:00:00+00:00,0.0,0.4107720365799983,43.81999969482422,0.018700581681602945,0.02248329863706743,2009-09-14 00:00:00+00:00,2.2,low,1.0
2009-12-18 00:00:00+00:00,0.0,0.47233263337154163,44.459999084472656,0.01355533638005691,0.01825684899788766,2009-09-14 00:00:00+00:00,1.8,low,1.0
2009-12-21 00:00:00+00:00,0.0,0.15569327457658488,44.959999084472656,0.012474478485478198,0.017301454889774148,2009-09-14 00:00:00+00:00,1.7,low,1.0
2009-12-22 00:00:00+00:00,0.0,-2.6309941161899664,45.22999954223633,0.009766319175114035,0.014768619072345003,2009-09-14 00:00:00+00:00,1.5,low,1.0
2009-12-23 00:00:00+00:00,0.0,-3.336260781271072,45.560001373291016,0.01351196299465396,0.018219038705952904,2009-09-14 00:00:00+00:00,1.8,low,1.0
2009-12-24 00:00:00+00:00,0.0,-4.219222805617773,45.97999954223633,0.013878440265219812,0.018537186642452214,2009-09-14 00:00:00+00:00,1.9,low,1.0
2009-12-28 00:00:00+00:00,0.0,-4.781486025102066,46.220001220703125,0.07094190720619145,0.05365367700775178,2009-09-14 00:00:00+00:00,5.4,low,1.0
2009-12-29 00:00:00+00:00,0.0,-5.887462864091031,46.029998779296875,0.06104688406884049,0.048587357873669794,2009-09-14 00:00:00+00:00,4.9,low,1.0
2009-12-30 00:00:00+00:00,0.0,-7.667310463986842,46.16999816894531,0.13311513503113545,0.081963052392769,2009-09-14 00:00:00+00:00,8.2,low,1.0
2009-12-31 00:00:00+00:00,0.0,-6.81966979646943,45.75,0.07201999502436626,0.05419229298253529,2009-09-14 00:00:00+00:00,5.4,low,1.0
2010-01-04 00:00:00+00:00,0.0,-8.16457830747086,46.41999816894531,0.01564405473978236,0.02003056015239569,2009-09-14 00:00:00+00:00,2.0,low,1.0
2010-01-05 00:00:00+00:00,0.0,-8.16457830747086,46.41999816894531,0.01743316972945253,0.02148465943604047,2009-09-14 00:00:00+00:00,2.1,low,1.0
2010-01-06 00:00:00+00:00,0.0,-7.628956446309331,46.13999938964844,0.01494906294671169,0.019450168365573683,2009-09-14 00:00:00+00:00,1.9,low,1.0
2010-01-07 00:00:00+00:00,0.0,-8.771928519989935,46.16999816894531,0.019804560701345134,0.02333408376050684,2009-09-14 00:00:00+00:00,2.3,low,1.0
2010-01-08 00:00:00+00:00,0.0,-9.516649576330948,46.54999923706055,0.02837823666774283,0.0294630128646394,2009-09-14 00:00:00+00:00,2.9,low,1.0
2010-01-11 00:00:00+00:00,0.0,-9.14581885816469,46.36000061035156,0.04304185642631822,0.03863932537693472,2009-09-14 00:00:00+00:00,3.9,low,1.0
2010-01-12 00:00:00+00:00,0.0,-7.9947574159116686,45.779998779296875,0.03630331610298394,0.03457930540824562,2009-09-14 00:00:00+00:00,3.5,low,1.0
2010-01-13 00:00:00+00:00,0.0,-9.126212905051323,46.349998474121094,0.016297061248006256,0.004328874204462625,2009-12-11 00:00:00+00:00,0.4,low,1.0
2010-01-14 00:00:00+00:00,0.0,-9.204571058296862,46.38999938964844,0.023108659976531984,0.0055876514430672295,2009-12-11 00:00:00+00:00,0.6,low,1.0
2010-01-15 00:00:00+00:00,0.0,-8.135222827415433,45.849998474121094,0.02574416130033981,0.0060485804771907604,2009-12-11 00:00:00+00:00,0.6,low,1.0
2010-01-19 00:00:00+00:00,0.0,-9.594336136645909,46.59000015258789,0.020869772494288046,0.0051857856618471605,2009-12-11 00:00:00+00:00,0.5,low,1.0
2010-01-20 00:00:00+00:00,0.0,-8.275259992563333,45.91999816894531,0.03167150733301602,0.007045917634060248,2009-12-11 00:00:00+00:00,0.7,low,1.0
2010-01-21 00:00:00+00:00,0.0,-7.408227351588026,45.4900016784668,0.017817536547381732,0.004619887924257954,2009-12-11 00:00:00+00:00,0.5,low,1.0
2010-01-22 00:00:00+00:00,0.0,-4.619567306558525,44.15999984741211,0.026853377720151922,0.0062390839340919855,2009-12-11 00:00:00+00:00,0.6,low,1.0
2010-01-25 00:00:00+00:00,0.0,-4.942456270665629,44.310001373291016,0.04838242163052773,0.009655419667989261,2009-12-11 00:00:00+00:00,1.0,low,1.0
2010-01-26 00:00:00+00:00,0.0,-5.028184033732419,44.349998474121094,0.04675114054605123,0.009410551087632,2009-12-11 00:00:00+00:00,0.9,low,1.0
2010-01-27 00:00:00+00:00,0.0,-5.771816078342784,44.70000076293945,0.04228232530056429,0.008730223024059491,2009-12-11 00:00:00+00:00,0.9,low,1.0
2010-01-28 00:00:00+00:00,0.0,-3.2835828478244067,43.54999923706055,0.15755554163565844,0.0243050119273991,2009-12-11 00:00:00+00:00,2.4,low,1.0
2010-01-29 00:00:00+00:00,0.0,-1.5657910009519327,42.790000915527344,0.2918082911445206,0.04214549203392209,2009-12-11 00:00:00+00:00,4.2,low,1.0
2010-02-01 00:00:00+00:00,0.0,-2.6352275401753555,43.2599983215332,0.1740978145776104,0.026434891099138887,2009-12-11 00:00:00+00:00,2.6,low,1.0
2010-02-02 00:00:00+00:00,0.0,-3.5051604593577035,43.650001525878906,0.2193054802398315,0.032311737437476375,2009-12-11 00:00:00+00:00,3.2,low,1.0
2010-02-03 00:00:00+00:00,0.0,-4.032810395028463,43.88999938964844,0.20683240292166719,0.030677493011844987,2009-12-11 00:00:00+00:00,3.1,low,1.0
2010-02-04 00:00:00+00:00,0.0,-1.1731581711184491,42.619998931884766,0.17319028928333807,0.026317915524998257,2009-12-11 00:00:00+00:00,2.6,low,1.0
2010-02-05 00:00:00+00:00,0.0,-0.7910659753585514,42.97999954223633,0.15656729811336093,0.024177850288286742,2009-12-11 00:00:00+00:00,2.4,low,1.0
2010-02-08 00:00:00+00:00,0.0,0.18748965195154454,42.66999816894531,0.08634220589375846,0.015007474068906606,2009-12-11 00:00:00+00:00,1.5,low,1.0
2010-02-09 00:00:00+00:00,0.0,-0.8350744728709669,43.11000061035156,0.07902947742290753,0.014014299424315764,2009-12-11 00:00:00+00:00,1.4,low,1.0
2010-02-10 00:00:00+00:00,0.0,-0.6043750196742415,43.02000045776367,0.04033648454182672,0.008429199852818753,2009-12-11 00:00:00+00:00,0.8,low,1.0
2010-02-11 00:00:00+00:00,0.0,-1.1678459879026826,43.66999816894531,0.04530868089896144,0.009192531199363016,2009-12-11 00:00:00+00:00,0.9,low,1.0
2010-02-12 00:00:00+00:00,0.0,0.15997146299486786,43.7599983215332,0.039869409598129284,0.00835647333684073,2009-12-11 00:00:00+00:00,0.8,low,1.0
2010-02-16 00:00:00+00:00,0.0,-1.1055908554682414,44.31999969482422,0.04419289499656679,0.009022876993728203,2009-12-11 00:00:00+00:00,0.9,low,1.0
2010-02-17 00:00:00+00:00,0.0,-1.6603048436984014,44.56999969482422,0.05360750352521421,0.01042870939829433,2009-12-11 00:00:00+00:00,1.0,low,1.0
2010-02-18 00:00:00+00:00,0.0,-2.2742400842108323,44.849998474121094,0.02214097141855998,0.005415204728212953,2009-12-11 00:00:00+00:00,0.5,low,1.0
2010-02-19 00:00:00+00:00,0.0,-2.2306490277840707,44.83000183105469,0.030539895050396903,0.0068592051749844,2009-12-11 00:00:00+00:00,0.7,low,1.0
2010-02-22 00:00:00+00:00,0.0,-2.0339736550570753,44.7400016784668,0.021530761255690426,0.005305499919001253,2009-12-11 00:00:00+00:00,0.5,low,1.0
2010-02-23 00:00:00+00:00,0.0,-0.7472781193335054,44.15999984741211,0.06041509071421324,0.011414287917846044,2009-12-11 00:00:00+00:00,1.1,low,1.0
2010-02-24 00:00:00+00:00,0.0,-1.748484126036709,44.61000061035156,0.13988813764557134,0.022030022684752536,2009-12-11 00:00:00+00:00,2.2,low,1.0
2010-02-25 00:00:00+00:00,0.0,-0.4484236661089436,44.599998474121094,0.16015588993428725,0.024639615939361557,2009-12-11 00:00:00+00:00,2.5,low,1.0
2010-02-26 00:00:00+00:00,0.0,0.42449161870241614,44.7599983215332,0.05176248536760029,0.010157474450532361,2009-12-11 00:00:00+00:00,1.0,low,1.0
2010-03-01 00:00:00+00:00,0.0,-0.022017884974234736,45.40999984741211,0.010665571517525398,0.003180402418060488,2009-12-11 00:00:00+00:00,0.3,low,1.0
2010-03-02 00:00:00+00:00,0.0,-0.3293034329177269,45.54999923706055,0.013383366936693968,0.0037505316953683446,2009-12-11 00:00:00+00:00,0.4,low,1.0
2010-03-03 00:00:00+00:00,0.0,-0.4385898134529276,45.599998474121094,0.012401321534782848,0.00354840195717371,2009-12-11 00:00:00+00:00,0.4,low,1.0
2010-03-04 00:00:00+00:00,0.0,0.524593832714304,45.75,0.012457091480916397,0.0035599908178664055,2009-12-11 00:00:00+00:00,0.4,low,1.0
2010-03-05 00:00:00+00:00,0.0,-0.08612640398976135,46.439998626708984,0.022406222668414234,0.0054626566399693655,2009-12-11 00:00:00+00:00,0.5,low,1.0
2010-03-08 00:00:00+00:00,0.0,-0.2793837456015802,46.529998779296875,0.03573764057892329,0.00770451902941178,2009-12-11 00:00:00+00:00,0.8,low,1.0
2010-03-09 00:00:00+00:00,0.0,0.021368500400864576,46.790000915527344,0.0697187388225895,0.01272867887722578,2009-12-11 00:00:00+00:00,1.3,low,1.0
2010-03-10 00:00:00+00:00,0.0,-0.5511942582698159,47.16999816894531,0.059099799270158425,0.011225595993834773,2009-12-11 00:00:00+00:00,1.1,low,1.0
2010-03-11 00:00:00+00:00,0.0,-0.929247393639232,47.349998474121094,0.04355686545824067,0.008925760542355065,2009-12-11 00:00:00+00:00,0.9,low,1.0
2010-03-12 00:00:00+00:00,0.0,-0.9501705176099495,47.36000061035156,0.04091820450452624,0.008519518782075958,2009-12-11 00:00:00+00:00,0.9,low,1.0
2010-03-15 00:00:00+00:00,0.0,-0.021173022597553715,47.2400016784668,0.050401844213774985,0.009956202078667957,2009-12-11 00:00:00+00:00,1.0,low,1.0
2010-03-16 00:00:00+00:00,0.0,-0.6100145350073527,47.540000915527344,0.032433724535929596,0.007170799719890309,2009-12-11 00:00:00+00:00,0.7,low,1.0
2010-03-17 00:00:00+00:00,0.0,-0.8810534614597909,47.66999816894531,0.051412453288672146,0.010105799416615685,2009-12-11 00:00:00+00:00,1.0,low,1.0
2010-03-18 00:00:00+00:00,0.0,-1.2126318395373925,47.83000183105469,0.032618920857611956,0.007201038600160339,2009-12-11 00:00:00+00:00,0.7,low,1.0
2010-03-19 00:00:00+00:00,0.0,-0.5053730679812074,47.4900016784668,0.10937657539693299,0.018067946501433948,2009-12-11 00:00:00+00:00,1.8,low,1.0
2010-03-22 00:00:00+00:00,0.0,-0.37561873404904356,47.91999816894531,0.03167384971328188,0.00704630247887983,2009-12-11 00:00:00+00:00,0.7,low,1.0
2010-03-23 00:00:00+00:00,0.0,-1.0569913399651854,48.25,0.04418550954701134,0.009021751022288005,2009-12-11 00:00:00+00:00,0.9,low,1.0
2010-03-24 00:00:00+00:00,0.0,-0.583087831377993,48.02000045776367,0.04291898019235871,0.008828054147739335,2009-12-11 00:00:00+00:00,0.9,low,1.0
2010-03-25 00:00:00+00:00,0.0,-0.4379542880736831,47.95000076293945,0.02817898726375613,0.006464279430226239,2009-12-11 00:00:00+00:00,0.6,low,1.0
2010-03-26 00:00:00+00:00,0.0,-0.4374980926513672,48.0,0.04774161158399221,0.00955943707838408,2009-12-11 00:00:00+00:00,1.0,low,1.0
2010-03-29 00:00:00+00:00,0.0,-0.9122924131974464,48.22999954223633,0.04042943368358076,0.008443650427291676,2009-12-11 00:00:00+00:00,0.8,low,1.0
2010-03-30 00:00:00+00:00,0.0,-1.239922466809218,48.38999938964844,0.040346998316628725,0.008430834770841583,2009-12-11 00:00:00+00:00,0.8,low,1.0
2010-03-31 00:00:00+00:00,0.0,-0.768270209836075,48.15999984741211,0.08605659068206005,0.014968919723790827,2009-12-11 00:00:00+00:00,1.5,low,1.0
2010-04-01 00:00:00+00:00,0.0,-0.041529189840194825,48.15999984741211,0.06843642614411662,0.012549455183964135,2009-12-11 00:00:00+00:00,1.3,low,1.0
2010-04-05 00:00:00+00:00,0.0,-0.7611580482185243,48.61000061035156,0.07118501206966656,0.012932927035192825,2009-12-11 00:00:00+00:00,1.3,low,1.0
2010-04-06 00:00:00+00:00,0.0,-1.3743552183493546,48.75,0.10697163578551973,0.01775214773349435,2009-12-11 00:00:00+00:00,1.8,low,1.0
2010-04-07 00:00:00+00:00,0.0,-2.0357837892705732,48.630001068115234,0.0809973136191467,0.014282854263759108,2009-12-11 00:00:00+00:00,1.4,low,1.0
2010-04-08 00:00:00+00:00,1.0,-12.515392036831475,48.7400016784668,0.05875024820591539,0.01117531685718743,2009-12-11 00:00:00+00:00,1.1,low,1.0
2010-04-09 00:00:00+00:00,1.0,-13.032836118173929,49.029998779296875,0.06602657997259415,0.01221105130768267,2009-12-11 00:00:00+00:00,1.2,low,1.0
2010-04-12 00:00:00+00:00,1.0,-13.103730069625419,49.06999969482422,0.07110967348273642,0.012922449996689811,2009-12-11 00:00:00+00:00,1.3,low,1.0
2010-04-13 00:00:00+00:00,1.0,-13.544201838015823,49.31999969482422,0.06399673992282236,0.011924313496910687,2009-12-11 00:00:00+00:00,1.2,low,1.0
2010-04-14 00:00:00+00:00,1.0,-14.566220156261188,49.90999984741211,0.052996253355945704,0.010339059433649737,2009-12-11 00:00:00+00:00,1.0,low,1.0
2010-04-15 00:00:00+00:00,1.0,-14.941156032072678,50.130001068115234,0.042734850295593846,0.0,2010-03-16 00:00:00+00:00,0.0,low,1.0
2010-04-16 00:00:00+00:00,1.0,-13.910760265409895,49.529998779296875,0.1409852752461475,0.0,2010-03-16 00:00:00+00:00,0.0,low,1.0
2010-04-19 00:00:00+00:00,1.0,-13.858587091619324,49.5,0.06941181153672864,0.0,2010-03-16 00:00:00+00:00,0.0,low,1.0
2010-04-20 00:00:00+00:00,1.0,-14.291458513269472,49.75,0.03711409969493721,0.0,2010-03-16 00:00:00+00:00,0.0,low,1.0
2010-04-21 00:00:00+00:00,1.0,-14.771136458045497,50.029998779296875,0.056168160675443994,0.0,2010-03-16 00:00:00+00:00,0.0,low,1.0
2010-04-22 00:00:00+00:00,1.0,-15.245481562865738,50.310001373291016,0.060880231851445366,0.0,2010-03-16 00:00:00+00:00,0.0,low,1.0
2010-04-23 00:00:00+00:00,1.0,-15.597785029125577,50.52000045776367,0.04591529657426061,0.0,2010-03-16 00:00:00+00:00,0.0,low,1.0
2010-04-26 00:00:00+00:00,1.0,-15.413609365766657,50.40999984741211,0.05589552668860428,0.0,2010-03-16 00:00:00+00:00,0.0,low,1.0
2010-04-27 00:00:00+00:00,1.0,-13.579247552126395,49.34000015258789,0.04560630207356148,0.0,2010-03-16 00:00:00+00:00,0.0,low,1.0
2010-04-28 00:00:00+00:00,1.0,-13.631759545957522,49.369998931884766,0.03757785376045693,0.0,2010-03-16 00:00:00+00:00,0.0,low,1.0
2010-04-29 00:00:00+00:00,1.0,-15.110492179490809,50.22999954223633,0.018896575776659062,0.0,2010-03-16 00:00:00+00:00,0.0,low,1.0
2010-04-30 00:00:00+00:00,1.0,-13.403740990741298,49.2400016784668,0.008515920975123667,0.0,2010-03-16 00:00:00+00:00,0.0,low,1.0
2010-05-03 00:00:00+00:00,1.0,-14.600442361246401,49.93000030517578,0.019546621968620746,0.0,2010-03-16 00:00:00+00:00,0.0,low,1.0
2010-05-04 00:00:00+00:00,1.0,-11.955401360814278,48.43000030517578,0.042358438219934784,0.0,2010-03-16 00:00:00+00:00,0.0,low,1.0
2010-05-05 00:00:00+00:00,1.0,-11.498548942375585,48.18000030517578,0.042344616295688364,0.0,2010-03-16 00:00:00+00:00,0.0,low,1.0
2010-05-06 00:00:00+00:00,0.0,-7.171999515729222,46.56999969482422,0.29343874293943767,0.0,2010-03-16 00:00:00+00:00,0.0,low,1.0
2010-05-07 00:00:00+00:00,0.0,-4.8007053787735625,45.40999984741211,0.3315745650388935,0.0,2010-03-16 00:00:00+00:00,0.0,low,1.0
2010-05-10 00:00:00+00:00,0.0,-9.503874548926227,47.77000045776367,0.07425095404546507,0.0,2010-03-16 00:00:00+00:00,0.0,low,1.0
2010-05-11 00:00:00+00:00,0.0,-9.409056084681799,47.720001220703125,0.08115253776120372,0.0,2010-03-16 00:00:00+00:00,0.0,low,1.0
2010-05-12 00:00:00+00:00,1.0,-11.085971838871645,48.619998931884766,0.09354493788742353,0.0,2010-03-16 00:00:00+00:00,0.0,low,1.0
2010-05-13 00:00:00+00:00,0.0,-9.655170489469123,47.849998474121094,0.06995128562740197,0.0,2010-03-16 00:00:00+00:00,0.0,low,1.0
2010-05-14 00:00:00+00:00,0.0,-7.884084250754608,46.93000030517578,0.06626263270525394,0.0,2010-03-16 00:00:00+00:00,0.0,low,1.0
2010-05-17 00:00:00+00:00,0.0,-8.17757463696367,47.08000183105469,0.08432741651190233,0.0,2010-03-16 00:00:00+00:00,0.0,low,1.0
2010-05-18 00:00:00+00:00,0.0,-6.8920972257300095,46.43000030517578,0.0728130177402198,0.0,2010-03-16 00:00:00+00:00,0.0,low,1.0
2010-05-19 00:00:00+00:00,0.0,-6.144163583754758,46.060001373291016,0.08206259537103364,0.0,2010-03-16 00:00:00+00:00,0.0,low,1.0
2010-05-20 00:00:00+00:00,0.0,-2.525364082116721,44.349998474121094,0.44609507762595,0.0,2010-03-16 00:00:00+00:00,0.0,low,1.0
2010-05-21 00:00:00+00:00,0.0,-3.590545505960807,44.84000015258789,0.6736747881593427,0.0,2010-03-16 00:00:00+00:00,0.0,low,1.0
2010-05-24 00:00:00+00:00,0.0,-3.20197113762114,44.65999984741211,0.20360179344639048,0.0,2010-03-16 00:00:00+00:00,0.0,low,1.0
2010-05-25 00:00:00+00:00,0.0,-2.483222799566165,44.70000076293945,0.34223693593030546,0.0,2010-03-16 00:00:00+00:00,0.0,low,1.0
2010-05-26 00:00:00+00:00,0.0,-1.3800918548015795,44.20000076293945,0.07917008026503447,0.0,2010-03-16 00:00:00+00:00,0.0,low,1.0
2010-05-27 00:00:00+00:00,0.0,-4.970566453865821,45.869998931884766,0.2638340555784269,0.0,2010-03-16 00:00:00+00:00,0.0,low,1.0
2010-05-28 00:00:00+00:00,0.0,-4.407891203491854,45.599998474121094,0.24049751530028027,0.0,2010-03-16 00:00:00+00:00,0.0,low,1.0
2010-06-01 00:00:00+00:00,0.0,-4.670209376049616,45.18000030517578,0.017547290869168338,0.0,2010-03-16 00:00:00+00:00,0.0,low,1.0
2010-06-02 00:00:00+00:00,0.0,-7.805406725084463,46.25,0.06417542594835113,0.0,2010-03-16 00:00:00+00:00,0.0,low,1.0
2010-06-03 00:00:00+00:00,1.0,-10.537584736896587,46.689998626708984,0.10433556130432163,0.0,2010-03-16 00:00:00+00:00,0.0,low,1.0
2010-06-04 00:00:00+00:00,0.0,-7.363050972697039,45.09000015258789,0.05988128287039549,0.0,2010-03-16 00:00:00+00:00,0.0,low,1.0
2010-06-07 00:00:00+00:00,0.0,-5.647165064714999,44.27000045776367,0.04306588263443507,0.0,2010-03-16 00:00:00+00:00,0.0,low,1.0
2010-06-08 00:00:00+00:00,0.0,-5.476348142456455,44.189998626708984,0.07168694372638712,0.0,2010-03-16 00:00:00+00:00,0.0,low,1.0
2010-06-09 00:00:00+00:00,0.0,-4.678227410628399,43.81999969482422,0.028376363699480038,0.0,2010-03-16 00:00:00+00:00,0.0,low,1.0
2010-06-10 00:00:00+00:00,0.0,-7.32194200001185,45.06999969482422,0.06401290181882541,0.0,2010-03-16 00:00:00+00:00,0.0,low,1.0
2010-06-11 00:00:00+00:00,0.0,-8.197801191728193,45.5,0.045831536077969005,0.0,2010-03-16 00:00:00+00:00,0.0,low,1.0
2010-06-14 00:00:00+00:00,0.0,-8.177623836984882,45.4900016784668,0.025618772935558753,0.0,2010-03-16 00:00:00+00:00,0.0,low,1.0
2010-06-15 00:00:00+00:00,1.0,-10.575891080141641,46.709999084472656,0.28404788190460606,0.0,2010-03-16 00:00:00+00:00,0.0,low,1.0
2010-06-16 00:00:00+00:00,1.0,-10.938168232861479,46.900001525878906,0.40608278710465756,0.0,2010-03-16 00:00:00+00:00,0.0,low,1.0
2010-06-17 00:00:00+00:00,1.0,-11.22210173201853,47.04999923706055,0.4921404806080776,0.0,2010-03-16 00:00:00+00:00,0.0,low,1.0
2010-06-18 00:00:00+00:00,1.0,-11.127658600502821,47.0,0.5406648656137251,0.0,2010-03-16 00:00:00+00:00,0.0,low,1.0
2010-06-21 00:00:00+00:00,1.0,-10.364802949596063,46.599998474121094,0.5135917346105413,0.0,2010-03-16 00:00:00+00:00,0.0,low,1.0
2010-06-22 00:00:00+00:00,0.0,-9.666957306328838,46.2400016784668,0.2898825811817225,0.0,2010-03-16 00:00:00+00:00,0.0,low,1.0
2010-06-23 00:00:00+00:00,0.0,-9.29424288861308,46.04999923706055,0.4904960264958675,0.0,2010-03-16 00:00:00+00:00,0.0,low,1.0
2010-06-24 00:00:00+00:00,0.0,-7.894152451626524,45.349998474121094,0.5376685201659571,0.0,2010-03-16 00:00:00+00:00,0.0,low,1.0
2010-06-25 00:00:00+00:00,0.0,-7.731389362952301,45.27000045776367,0.3871814368853786,0.0,2010-03-16 00:00:00+00:00,0.0,low,1.0
2010-06-28 00:00:00+00:00,0.0,-7.404123492344727,45.11000061035156,0.42495095822088663,0.0,2010-03-16 00:00:00+00:00,0.0,low,1.0
2010-06-29 00:00:00+00:00,0.0,-3.6891826458976595,43.369998931884766,0.7689797806244921,0.0,2010-03-16 00:00:00+00:00,0.0,low,1.0
2010-06-30 00:00:00+00:00,0.0,-2.200886553169523,42.709999084472656,0.5303471770953619,0.0,2010-03-16 00:00:00+00:00,0.0,low,1.0
2010-07-01 00:00:00+00:00,0.0,-1.1739844991984993,42.59000015258789,0.6384549734251522,0.0,2010-03-16 00:00:00+00:00,0.0,low,1.0
2010-07-02 00:00:00+00:00,0.0,-0.5180155742399162,42.470001220703125,0.5101453996834416,0.0,2010-03-16 00:00:00+00:00,0.0,low,1.0
2010-07-06 00:00:00+00:00,0.0,0.23474716525895278,42.599998474121094,0.5597287510589338,0.0,2010-03-16 00:00:00+00:00,0.0,low,1.0
2010-07-07 00:00:00+00:00,0.0,-0.6369399115746854,43.959999084472656,0.36466818297715925,0.0,2010-03-16 00:00:00+00:00,0.0,low,1.0
2010-07-08 00:00:00+00:00,0.0,-0.7692311011744835,44.20000076293945,0.2933306167422019,0.0,2010-03-16 00:00:00+00:00,0.0,low,1.0
2010-07-09 00:00:00+00:00,0.0,-1.7032683543838467,44.619998931884766,0.3461671833077294,0.0,2010-03-16 00:00:00+00:00,0.0,low,1.0
2010-07-12 00:00:00+00:00,0.0,-1.9888254517283488,44.75,0.36777588303243397,0.0,2010-03-16 00:00:00+00:00,0.0,low,1.0
2010-07-13 00:00:00+00:00,0.0,-3.2428880682198735,45.33000183105469,0.38460235577722107,0.0,2010-03-16 00:00:00+00:00,0.0,low,1.0
2010-07-14 00:00:00+00:00,0.0,-3.7313448456918974,45.560001373291016,0.34729826132922,0.0,2010-03-16 00:00:00+00:00,0.0,low,1.0
2010-07-15 00:00:00+00:00,0.0,-3.815784916653042,45.599998474121094,0.4148960184844048,0.08901550616887297,2010-06-15 00:00:00+00:00,8.9,low,1.0
2010-07-16 00:00:00+00:00,0.0,-1.0825429422293587,44.34000015258789,0.44312869874532657,0.08892149987180348,2010-06-15 00:00:00+00:00,8.9,low,1.0
2010-07-19 00:00:00+00:00,0.0,-1.9230782354125342,44.720001220703125,0.42264750419531744,0.08898952884394877,2010-06-15 00:00:00+00:00,8.9,low,1.0
2010-07-20 00:00:00+00:00,0.0,-2.121076270601452,45.2599983215332,0.4194185115125102,0.08900033295609168,2010-06-15 00:00:00+00:00,8.9,low,1.0
2010-07-21 00:00:00+00:00,0.0,-0.7616490977523038,44.63999938964844,0.2798593303234422,0.08950734477036168,2010-06-15 00:00:00+00:00,9.0,low,1.0
2010-07-22 00:00:00+00:00,0.0,-3.211713362466828,45.77000045776367,0.4528757038491822,0.08888938071020834,2010-06-15 00:00:00+00:00,8.9,low,1.0
2010-07-23 00:00:00+00:00,0.0,-3.8211074332512918,46.060001373291016,0.423848329739346,0.08898551690980215,2010-06-15 00:00:00+00:00,8.9,low,1.0
2010-07-26 00:00:00+00:00,0.0,-4.608095290549086,46.439998626708984,0.5067420229456882,0.08871352872309929,2010-06-15 00:00:00+00:00,8.9,low,1.0
2010-07-27 00:00:00+00:00,0.0,-6.355013064640136,46.41999816894531,0.502298730620147,0.08872798592197416,2010-06-15 00:00:00+00:00,8.9,low,1.0
2010-07-28 00:00:00+00:00,0.0,-6.036913844418834,46.04999923706055,0.5075204656612328,0.0887109958205931,2010-06-15 00:00:00+00:00,8.9,low,1.0
2010-07-29 00:00:00+00:00,0.0,-5.3379975401002255,45.709999084472656,0.43445681462756086,0.08895020586003878,2010-06-15 00:00:00+00:00,8.9,low,1.0
2010-07-30 00:00:00+00:00,0.0,-6.199519902751449,45.810001373291016,0.456985267704566,0.08887587875171339,2010-06-15 00:00:00+00:00,8.9,low,1.0
2010-08-02 00:00:00+00:00,0.0,-7.927998914523638,46.66999816894531,0.27088109127925747,0.08954424316400716,2010-06-15 00:00:00+00:00,9.0,low,1.0
2010-08-03 00:00:00+00:00,0.0,-7.531740710264268,46.470001220703125,0.3372424474738038,0.08928659563998309,2010-06-15 00:00:00+00:00,8.9,low,1.0
2010-08-04 00:00:00+00:00,0.0,-8.457600175017731,46.939998626708984,0.08811748849058615,0.0906549034817832,2010-06-15 00:00:00+00:00,9.1,low,1.0
2010-08-05 00:00:00+00:00,0.0,-8.242580524077315,46.83000183105469,0.16009275858757047,0.09009311571782569,2010-06-15 00:00:00+00:00,9.0,low,1.0
2010-08-06 00:00:00+00:00,0.0,-8.105212225990964,46.7599983215332,0.061255032134874265,0.09098107092300013,2010-06-15 00:00:00+00:00,9.1,low,1.0
2010-08-09 00:00:00+00:00,0.0,-8.72982253717871,47.08000183105469,0.060431716275399346,0.09099305971184961,2010-06-15 00:00:00+00:00,9.1,low,1.0
2010-08-10 00:00:00+00:00,0.0,-7.927998914523638,46.66999816894531,0.07929710967255807,0.09075040025469548,2010-06-15 00:00:00+00:00,9.1,low,1.0
2010-08-11 00:00:00+00:00,0.0,-5.3524233997891635,45.400001525878906,0.30278161957552346,0.08941632260776038,2010-06-15 00:00:00+00:00,8.9,low,1.0
2010-08-12 00:00:00+00:00,0.0,-4.595913971463961,45.040000915527344,0.2672896949792103,0.08955922085888336,2010-06-15 00:00:00+00:00,9.0,low,1.0
2010-08-13 00:00:00+00:00,0.0,-3.913237818047821,44.720001220703125,0.0764604922175805,0.0907831980250096,2010-06-15 00:00:00+00:00,9.1,low,1.0
2010-08-16 00:00:00+00:00,0.0,-4.084817070361835,44.79999923706055,0.11305786045885834,0.09042547563322902,2010-06-15 00:00:00+00:00,9.0,low,1.0
2010-08-17 00:00:00+00:00,0.0,-5.289834180478659,45.369998931884766,0.12282225661280538,0.09034780252162875,2010-06-15 00:00:00+00:00,9.0,low,1.0
2010-08-18 00:00:00+00:00,0.0,-5.664101118707099,45.54999923706055,0.05550126605050783,0.09106826203102507,2010-06-15 00:00:00+00:00,9.1,low,1.0
2010-08-19 00:00:00+00:00,0.0,-4.213106027493707,44.86000061035156,0.01471045440673155,0.09221565399719839,2010-06-15 00:00:00+00:00,9.2,low,1.0
2010-08-20 00:00:00+00:00,0.0,-4.341044140091455,44.91999816894531,0.010963540389470552,0.09246673616290434,2010-06-15 00:00:00+00:00,9.2,low,1.0
2010-08-23 00:00:00+00:00,0.0,-3.3947804340676124,44.47999954223633,0.007650614829750416,0.09277375493078055,2010-06-15 00:00:00+00:00,9.3,low,1.0
2010-08-24 00:00:00+00:00,0.0,-1.5578471509849257,43.650001525878906,0.08875084511743342,0.09064838791702858,2010-06-15 00:00:00+00:00,9.1,low,1.0
2010-08-25 00:00:00+00:00,0.0,-2.4960255995878367,44.06999969482422,0.07678531542328305,0.09077938579699366,2010-06-15 00:00:00+00:00,9.1,low,1.0
2010-08-26 00:00:00+00:00,0.0,-1.3091402913153027,43.540000915527344,0.04070307064632118,0.09133980187050846,2010-06-15 00:00:00+00:00,9.1,low,1.0
2010-08-27 00:00:00+00:00,0.0,-2.019513037920362,44.06999969482422,0.05391761862728227,0.09109376653006361,2010-06-15 00:00:00+00:00,9.1,low,1.0
2010-08-30 00:00:00+00:00,0.0,-0.9860130684651081,43.61000061035156,0.033901545038352805,0.09149849137627473,2010-06-15 00:00:00+00:00,9.1,low,1.0
2010-08-31 00:00:00+00:00,0.0,1.4035909415596404,43.459999084472656,0.05009165234648556,0.09115845536895884,2010-06-15 00:00:00+00:00,9.1,low,1.0
2010-09-01 00:00:00+00:00,0.0,-0.0670214039808048,44.7599983215332,0.03310580839958593,0.09151904479463514,2010-06-15 00:00:00+00:00,9.2,low,1.0
2010-09-02 00:00:00+00:00,0.0,0.6407444239549864,45.2599983215332,0.033309075931376456,0.09151374912590658,2010-06-15 00:00:00+00:00,9.2,low,1.0
2010-09-03 00:00:00+00:00,0.0,-0.8259014720288005,46.0099983215332,0.06141449332289972,0.09097876650624064,2010-06-15 00:00:00+00:00,9.1,low,1.0
2010-09-07 00:00:00+00:00,0.0,0.26257971527667845,45.70000076293945,0.04648198275044181,0.09122397253552829,2010-06-15 00:00:00+00:00,9.1,low,1.0
2010-09-08 00:00:00+00:00,0.0,0.0,46.25,0.10684786485112571,0.09047800735031067,2010-06-15 00:00:00+00:00,9.0,low,1.0
2010-09-09 00:00:00+00:00,0.0,-0.3876810337985592,46.43000030517578,0.13878598499215988,0.09023165451276477,2010-06-15 00:00:00+00:00,9.0,low,1.0
2010-09-10 00:00:00+00:00,0.0,0.7296140852380173,46.599998474121094,0.12881025385911696,0.09030279203412678,2010-06-15 00:00:00+00:00,9.0,low,1.0
2010-09-13 00:00:00+00:00,0.0,-0.3597844845403486,47.25,0.23295317367367477,0.08970968773576636,2010-06-15 00:00:00+00:00,9.0,low,1.0
2010-09-14 00:00:00+00:00,0.0,-0.5479496987353949,47.45000076293945,0.17954952515855754,0.08997926101284513,2010-06-15 00:00:00+00:00,9.0,low,1.0
2010-09-15 00:00:00+00:00,0.0,-0.43978865858147476,47.75,0.17130566254749535,0.09002622561178376,2010-06-15 00:00:00+00:00,9.0,low,1.0
2010-09-16 00:00:00+00:00,0.0,-0.3963258910131273,47.939998626708984,0.1436163491610031,0.0901987610718766,2010-06-15 00:00:00+00:00,9.0,low,1.0
2010-09-17 00:00:00+00:00,0.0,0.25004985973695604,47.9900016784668,0.09978041931556664,0.09054120654312561,2010-06-15 00:00:00+00:00,9.1,low,1.0
2010-09-20 00:00:00+00:00,0.0,-1.290192595722106,48.83000183105469,0.11601648075102824,0.09040133909602871,2010-06-15 00:00:00+00:00,9.0,low,1.0
2010-09-21 00:00:00+00:00,0.0,-1.2699691433027516,48.81999969482422,0.11317461247032451,0.09042451268272694,2010-06-15 00:00:00+00:00,9.0,low,1.0
2010-09-22 00:00:00+00:00,0.0,-1.006362451406484,48.689998626708984,0.018255558509082278,0.09203095435982869,2010-06-15 00:00:00+00:00,9.2,low,1.0
2010-09-23 00:00:00+00:00,0.0,-0.9656819882638668,48.66999816894531,0.021867189711456306,0.09187622304292015,2010-06-15 00:00:00+00:00,9.2,low,1.0
2010-09-24 00:00:00+00:00,0.0,-2.93999011067001,49.65999984741211,0.03144860949225788,0.09156344104211728,2010-06-15 00:00:00+00:00,9.2,low,1.0
2010-09-27 00:00:00+00:00,0.0,-2.4093918635649803,49.38999938964844,0.017313108300596666,0.09207632962603515,2010-06-15 00:00:00+00:00,9.2,low,1.0
2010-09-28 00:00:00+00:00,0.0,-2.3698565814423977,49.369998931884766,0.02615285117956962,0.09172243069207417,2010-06-15 00:00:00+00:00,9.2,low,1.0
2010-09-29 00:00:00+00:00,0.0,-2.211402175576993,49.290000915527344,0.024766696864482945,0.09176927532892401,2010-06-15 00:00:00+00:00,9.2,low,1.0
2010-09-30 00:00:00+00:00,0.0,-1.7729752135631882,49.06999969482422,0.025771042539182793,0.09173508578899711,2010-06-15 00:00:00+00:00,9.2,low,1.0
2010-10-01 00:00:00+00:00,0.0,-1.652719009047321,49.0099983215332,0.023260925389681435,0.0918231774142303,2010-06-15 00:00:00+00:00,9.2,low,1.0
2010-10-04 00:00:00+00:00,0.0,0.8869643342326317,48.47999954223633,0.016745858615176204,0.09210483545756411,2010-06-15 00:00:00+00:00,9.2,low,1.0
2010-10-05 00:00:00+00:00,0.0,-1.5102698395176972,49.65999984741211,0.00846014478733517,0.09268793523381748,2010-06-15 00:00:00+00:00,9.3,low,1.0
2010-10-06 00:00:00+00:00,0.0,-0.46719387441594984,49.22999954223633,0.014329691162259075,0.09223806709694571,2010-06-15 00:00:00+00:00,9.2,low,1.0
2010-10-07 00:00:00+00:00,0.0,-0.6678769831542586,49.40999984741211,0.011087709898771052,0.09245712306756686,2010-06-15 00:00:00+00:00,9.2,low,1.0
2010-10-08 00:00:00+00:00,0.0,-0.9849279969181834,49.75,0.010374030057959836,0.0925139094181302,2010-06-15 00:00:00+00:00,9.3,low,1.0
2010-10-11 00:00:00+00:00,0.0,-1.0247179657216887,49.77000045776367,0.02101534662298175,0.09191031115383458,2010-06-15 00:00:00+00:00,9.2,low,1.0
2010-10-12 00:00:00+00:00,0.0,0.11973170597279204,50.11000061035156,0.007905148478653106,0.09274582951254028,2010-06-15 00:00:00+00:00,9.3,low,1.0
2010-10-13 00:00:00+00:00,0.0,-0.6927994569417506,50.52000045776367,0.018281333636042438,0.10108067711016766,2010-09-14 00:00:00+00:00,10.1,low,1.0
2010-10-14 00:00:00+00:00,0.0,0.0,50.41999816894531,0.023878712248161973,0.10248985738356407,2010-09-14 00:00:00+00:00,10.2,low,1.0
2010-10-15 00:00:00+00:00,0.0,-2.078080160500284,51.4900016784668,0.009808456641449347,0.09788605463485504,2010-09-14 00:00:00+00:00,9.8,low,1.0
2010-10-18 00:00:00+00:00,0.0,-1.7154017177440806,51.29999923706055,0.027334609369779845,0.10321298363998978,2010-09-14 00:00:00+00:00,10.3,low,1.0
2010-10-19 00:00:00+00:00,0.0,-0.059029475554939204,50.81999969482422,0.02017427131852804,0.10159754421272055,2010-09-14 00:00:00+00:00,10.2,low,1.0
2010-10-20 00:00:00+00:00,0.0,-0.7813981674399506,51.189998626708984,0.009816488599014565,0.09789017883562612,2010-09-14 00:00:00+00:00,9.8,low,1.0
2010-10-21 00:00:00+00:00,0.0,-0.8578717753016218,51.290000915527344,0.009083299772031138,0.09749989764452442,2010-09-14 00:00:00+00:00,9.7,low,1.0
2010-10-22 00:00:00+00:00,0.0,-1.5298236345171357,51.63999938964844,0.008029255327595939,0.09688316341798014,2010-09-14 00:00:00+00:00,9.7,low,1.0
2010-10-25 00:00:00+00:00,0.0,-2.004241525843642,51.88999938964844,0.005162904422397385,0.09470811217121097,2010-09-14 00:00:00+00:00,9.5,low,1.0
2010-10-26 00:00:00+00:00,0.0,-2.2679229922359934,52.029998779296875,0.010847080709346991,0.0983946034395066,2010-09-14 00:00:00+00:00,9.8,low,1.0
2010-10-27 00:00:00+00:00,0.0,-2.567542034580794,52.189998626708984,0.01055181612726362,0.09825487468864058,2010-09-14 00:00:00+00:00,9.8,low,1.0
2010-10-28 00:00:00+00:00,0.0,-2.7724680384162648,52.29999923706055,0.00945938570787244,0.09770366211895357,2010-09-14 00:00:00+00:00,9.8,low,1.0
2010-10-29 00:00:00+00:00,0.0,-2.5488727927867827,52.18000030517578,0.007186789031011999,0.09633241933239424,2010-09-14 00:00:00+00:00,9.6,low,1.0
2010-11-01 00:00:00+00:00,0.0,-2.6235210926017327,52.220001220703125,0.023063473545611855,0.10230514065997146,2010-09-14 00:00:00+00:00,10.2,low,1.0
2010-11-02 00:00:00+00:00,0.0,-3.6566888022226185,52.779998779296875,0.08523820883231414,0.10965181628851588,2010-09-14 00:00:00+00:00,11.0,low,1.0
2010-11-03 00:00:00+00:00,0.0,-4.092798877606995,53.02000045776367,0.06643533031155459,0.10817378254040683,2010-09-14 00:00:00+00:00,10.8,low,1.0
2010-11-04 00:00:00+00:00,0.0,-5.254331639712884,53.66999816894531,0.0794938956584802,0.10923316398344435,2010-09-14 00:00:00+00:00,10.9,low,1.0
2010-11-05 00:00:00+00:00,0.0,-5.254331639712884,53.66999816894531,0.08769322609460259,0.10982337379469552,2010-09-14 00:00:00+00:00,11.0,low,1.0
2010-11-08 00:00:00+00:00,0.0,-5.377750491406674,53.7400016784668,0.02022018779891087,0.10160950993817308,2010-09-14 00:00:00+00:00,10.2,low,1.0
2010-11-09 00:00:00+00:00,0.0,-4.864363426952689,53.45000076293945,0.03716954446002963,0.10488515249077485,2010-09-14 00:00:00+00:00,10.5,low,1.0
2010-11-10 00:00:00+00:00,0.0,-5.342521744910089,53.720001220703125,0.02611454456038356,0.10296790778633419,2010-09-14 00:00:00+00:00,10.3,low,1.0
2010-11-11 00:00:00+00:00,0.0,-4.739607612157492,53.380001068115234,0.015157902850409518,0.10010675898087483,2010-09-14 00:00:00+00:00,10.0,low,1.0
2010-11-12 00:00:00+00:00,0.0,-3.1613024194887096,52.5099983215332,0.1080787007576219,0.11110917963612303,2010-09-14 00:00:00+00:00,11.1,low,1.0
2010-11-15 00:00:00+00:00,0.0,-2.7910588048949747,52.310001373291016,0.03197427566001783,0.10406089961386784,2010-09-14 00:00:00+00:00,10.4,low,1.0
2010-11-16 00:00:00+00:00,0.0,-0.1943679054138947,51.45000076293945,0.03291713975136736,0.10421921671761332,2010-09-14 00:00:00+00:00,10.4,low,1.0
2010-11-17 00:00:00+00:00,0.0,0.32946121835224496,51.599998474121094,0.05005824414461504,0.1065471721906637,2010-09-14 00:00:00+00:00,10.7,low,1.0
2010-11-18 00:00:00+00:00,0.0,-1.258820987164777,52.43000030517578,0.026146174059300534,0.10297439401169614,2010-09-14 00:00:00+00:00,10.3,low,1.0
2010-11-19 00:00:00+00:00,0.0,-1.334097096729725,52.470001220703125,0.01646545709118471,0.10053545594904732,2010-09-14 00:00:00+00:00,10.1,low,1.0
2010-11-22 00:00:00+00:00,0.0,-2.154601007250234,52.90999984741211,0.022270445052591563,0.10211953253146824,2010-09-14 00:00:00+00:00,10.2,low,1.0
2010-11-23 00:00:00+00:00,0.0,-0.36489077745831544,52.06999969482422,0.03534271848806284,0.10460810618464916,2010-09-14 00:00:00+00:00,10.5,low,1.0
2010-11-24 00:00:00+00:00,0.0,-2.33433337481721,53.119998931884766,0.014623192426272667,0.0999213673782712,2010-09-14 00:00:00+00:00,10.0,low,1.0
2010-11-26 00:00:00+00:00,0.0,-1.686563164540389,52.77000045776367,0.016775380379477726,0.10063237664010835,2010-09-14 00:00:00+00:00,10.1,low,1.0
2010-11-29 00:00:00+00:00,0.0,-1.6119827071878756,52.72999954223633,0.00894319375673669,0.09742194394249906,2010-09-14 00:00:00+00:00,9.7,low,1.0
2010-11-30 00:00:00+00:00,0.0,1.43981569937226,52.09000015258789,0.02873897426933268,0.10348284423103642,2010-09-14 00:00:00+00:00,10.3,low,1.0
2010-12-01 00:00:00+00:00,0.0,0.03760191442010452,53.189998626708984,0.04499967592731097,0.1059471515742338,2010-09-14 00:00:00+00:00,10.6,low,1.0
2010-12-02 00:00:00+00:00,0.0,-0.42806540888862266,53.72999954223633,0.04596817927817219,0.1060665964867492,2010-09-14 00:00:00+00:00,10.6,low,1.0
2010-12-03 00:00:00+00:00,0.0,-0.3526984044481374,53.869998931884766,0.033053181679964086,0.10424171433355069,2010-09-14 00:00:00+00:00,10.4,low,1.0
2010-12-06 00:00:00+00:00,0.0,-0.29712135923086747,53.849998474121094,0.028092868502113594,0.10336024074094093,2010-09-14 00:00:00+00:00,10.3,low,1.0
2010-12-07 00:00:00+00:00,0.0,-0.3526400104670535,53.880001068115234,0.015530970052802327,0.10023250476385757,2010-09-14 00:00:00+00:00,10.0,low,1.0
2010-12-08 00:00:00+00:00,0.0,-0.2403865823106921,54.08000183105469,0.04189543565509283,0.10554793193719546,2010-09-14 00:00:00+00:00,10.6,low,1.0
2010-12-09 00:00:00+00:00,0.0,-0.18474466440988602,54.130001068115234,0.04094167395456649,0.10541986633108487,2010-09-14 00:00:00+00:00,10.5,low,1.0
2010-12-10 00:00:00+00:00,0.0,-0.8441968893381446,54.4900016784668,0.041738441324467114,0.10552703529451268,2010-09-14 00:00:00+00:00,10.6,low,1.0
2010-12-13 00:00:00+00:00,0.0,-0.4972384190742196,54.29999923706055,0.006843885228907197,0.09609054793019435,2010-09-14 00:00:00+00:00,9.6,low,1.0
2010-12-14 00:00:00+00:00,0.0,-0.6801520886098089,54.400001525878906,0.016664715179257026,0.10059796298074992,2010-09-14 00:00:00+00:00,10.1,low,1.0
2010-12-15 00:00:00+00:00,0.0,-0.18463529247197963,54.15999984741211,0.014030563075859882,0.09970830320163711,2010-09-14 00:00:00+00:00,10.0,low,1.0
2010-12-16 00:00:00+00:00,0.0,-0.7695162505538922,54.58000183105469,0.010908337194383394,0.09842314209903277,2010-09-14 00:00:00+00:00,9.8,low,1.0
2010-12-17 00:00:00+00:00,0.0,-0.6603092577566194,54.52000045776367,0.011210378019591618,0.09856168625956295,2010-09-14 00:00:00+00:00,9.9,low,1.0
2010-12-20 00:00:00+00:00,0.0,-0.6414997800745947,54.560001373291016,0.01139463682130893,0.09864448619031589,2010-09-14 00:00:00+00:00,9.9,low,1.0
2010-12-21 00:00:00+00:00,0.0,-1.2388418887540054,54.88999938964844,0.007177927706936921,0.09632630773296162,2010-09-14 00:00:00+00:00,9.6,low,1.0
2010-12-22 00:00:00+00:00,0.0,-1.2208490717975695,54.880001068115234,0.008737791199099969,0.09730554766134793,2010-09-14 00:00:00+00:00,9.7,low,1.0
2010-12-23 00:00:00+00:00,0.0,-0.9682180813717967,54.7400016784668,0.0293187012295818,0.10359070226674523,2010-09-14 00:00:00+00:00,10.4,low,1.0
2010-12-27 00:00:00+00:00,0.0,-1.022460048586027,54.77000045776367,0.017522168095236972,0.10085919430514437,2010-09-14 00:00:00+00:00,10.1,low,1.0
2010-12-28 00:00:00+00:00,0.0,-0.8414104625559582,54.66999816894531,0.029270532387191236,0.10358181587200171,2010-09-14 00:00:00+00:00,10.4,low,1.0
2010-12-29 00:00:00+00:00,0.0,-1.0585906577167403,54.790000915527344,0.03871670473213452,0.10511020662028675,2010-09-14 00:00:00+00:00,10.5,low,1.0
2010-12-30 00:00:00+00:00,0.0,-0.823272528715091,54.65999984741211,0.036427356636243836,0.10477413408969616,2010-09-14 00:00:00+00:00,10.5,low,1.0
2010-12-31 00:00:00+00:00,0.0,0.8446549618172927,54.459999084472656,0.027457265645066446,0.10323705832395416,2010-09-14 00:00:00+00:00,10.3,low,1.0
2011-01-03 00:00:00+00:00,0.0,-0.7051223913620008,55.310001373291016,0.11417900350405788,0.1114543190409932,2010-09-14 00:00:00+00:00,11.1,low,1.0
2011-01-04 00:00:00+00:00,0.0,-0.36186133758455696,55.27000045776367,0.061766934339885816,0.10775020732244148,2010-09-14 00:00:00+00:00,10.8,low,1.0
2011-01-05 00:00:00+00:00,0.0,-0.7535019214124472,55.7400016784668,0.04440384834112266,0.10587250590729587,2010-09-14 00:00:00+00:00,10.6,low,1.0
2011-01-06 00:00:00+00:00,0.0,-1.07295867984184,55.91999816894531,0.03929248820561102,0.10519186802732905,2010-09-14 00:00:00+00:00,10.5,low,1.0
2011-01-07 00:00:00+00:00,0.0,-0.8591364800660362,55.869998931884766,0.04613741790287589,0.10608723434022418,2010-09-14 00:00:00+00:00,10.6,low,1.0
2011-01-10 00:00:00+00:00,0.0,-1.230389477313032,56.08000183105469,0.06549899195696887,0.10809098265466356,2010-09-14 00:00:00+00:00,10.8,low,1.0
2011-01-11 00:00:00+00:00,0.0,-1.3710834399141336,56.15999984741211,0.17847029772505613,0.1144085588193381,2010-09-14 00:00:00+00:00,11.4,low,1.0
2011-01-12 00:00:00+00:00,0.0,-2.068603174035777,56.560001373291016,0.03626490360448828,0.10717504053156596,2010-12-13 00:00:00+00:00,10.7,low,1.0
2011-01-13 00:00:00+00:00,0.0,-2.103220931239169,56.58000183105469,0.056512299735491954,0.10712222711041372,2010-12-13 00:00:00+00:00,10.7,low,1.0
2011-01-14 00:00:00+00:00,0.0,-2.8245624743009845,57.0,0.035205853320914665,0.1071785334857607,2010-12-13 00:00:00+00:00,10.7,low,1.0
2011-01-18 00:00:00+00:00,0.0,-3.0965718378038187,57.15999984741211,0.03489674902888615,0.1071795720843655,2010-12-13 00:00:00+00:00,10.7,low,1.0
2011-01-19 00:00:00+00:00,0.0,-1.9819482660610621,56.5099983215332,0.05294420957174875,0.10713006452298844,2010-12-13 00:00:00+00:00,10.7,low,1.0
2011-01-20 00:00:00+00:00,0.0,-1.2831958882037364,56.11000061035156,0.01882757037672199,0.10725159705811936,2010-12-13 00:00:00+00:00,10.7,low,1.0
2011-01-21 00:00:00+00:00,0.0,-0.5208349747447549,55.68000030517578,0.040762329499541027,0.1071612242478976,2010-12-13 00:00:00+00:00,10.7,low,1.0
2011-01-24 00:00:00+00:00,0.0,-1.8777703436045456,56.45000076293945,0.03599324200485955,0.1071759270548683,2010-12-13 00:00:00+00:00,10.7,low,1.0
2011-01-25 00:00:00+00:00,0.0,-2.0166273027869663,56.529998779296875,0.03973312695880669,0.10716425195055086,2010-12-13 00:00:00+00:00,10.7,low,1.0
2011-01-26 00:00:00+00:00,0.0,-2.5338771687657413,56.83000183105469,0.03549263688812141,0.10717757772079875,2010-12-13 00:00:00+00:00,10.7,low,1.0
2011-01-27 00:00:00+00:00,0.0,-3.1304667820460264,57.18000030517578,0.036832183963828466,0.10717320974795892,2010-12-13 00:00:00+00:00,10.7,low,1.0
2011-01-28 00:00:00+00:00,0.0,-0.6100846139971972,55.72999954223633,0.005362052512623682,0.10739605222466128,2010-12-13 00:00:00+00:00,10.7,low,1.0
2011-01-31 00:00:00+00:00,0.0,0.23214476449149313,56.0,0.003592035465627418,0.10744187347014351,2010-12-13 00:00:00+00:00,10.7,low,1.0
2011-02-01 00:00:00+00:00,0.0,-1.6126173203306005,57.04999923706055,0.0039104816573791576,0.10743216349333591,2010-12-13 00:00:00+00:00,10.7,low,1.0
2011-02-02 00:00:00+00:00,0.0,-1.457159462250901,56.959999084472656,0.005748584046871466,0.1073880837224774,2010-12-13 00:00:00+00:00,10.7,low,1.0
2011-02-03 00:00:00+00:00,0.0,-1.6298637973939822,57.060001373291016,0.006577815595715341,0.1073726499434835,2010-12-13 00:00:00+00:00,10.7,low,1.0
2011-02-04 00:00:00+00:00,0.0,-2.1784593529654006,57.380001068115234,0.006589389115946528,0.10737244852086399,2010-12-13 00:00:00+00:00,10.7,low,1.0
2011-02-07 00:00:00+00:00,0.0,-2.6366008977143696,57.650001525878906,0.006377215113761396,0.10737619827795272,2010-12-13 00:00:00+00:00,10.7,low,1.0
2011-02-08 00:00:00+00:00,0.0,-3.274164658193124,58.029998779296875,0.004708837554397556,0.1074109172396785,2010-12-13 00:00:00+00:00,10.7,low,1.0
2011-02-09 00:00:00+00:00,0.0,-3.4869678010051586,57.93000030517578,0.004898008807050937,0.10740641096835041,2010-12-13 00:00:00+00:00,10.7,low,1.0
2011-02-10 00:00:00+00:00,0.0,-3.791797217480153,58.02000045776367,0.0027674482911494106,0.10747167296873639,2010-12-13 00:00:00+00:00,10.7,low,1.0
2011-02-11 00:00:00+00:00,0.0,-4.483228941568351,58.439998626708984,0.004355541288169679,0.10741983822385198,2010-12-13 00:00:00+00:00,10.7,low,1.0
2011-02-14 00:00:00+00:00,0.0,-7.016047254837654,58.58000183105469,0.003793485946198247,0.10743563606064535,2010-12-13 00:00:00+00:00,10.7,low,1.0
2011-02-15 00:00:00+00:00,0.0,-8.085469302968084,58.5,0.00414549290730388,0.10742549060386042,2010-12-13 00:00:00+00:00,10.7,low,1.0
2011-02-16 00:00:00+00:00,0.0,-8.678669357427605,58.880001068115234,0.004594011006761331,0.10741374135347384,2010-12-13 00:00:00+00:00,10.7,low,1.0
2011-02-17 00:00:00+00:00,0.0,-8.647638633718813,58.86000061035156,0.004206323535408967,0.10742382481748594,2010-12-13 00:00:00+00:00,10.7,low,1.0
2011-02-18 00:00:00+00:00,0.0,-8.445426737838845,58.72999954223633,0.004569260600322824,0.10741435928788445,2010-12-13 00:00:00+00:00,10.7,low,1.0
2011-02-22 00:00:00+00:00,0.0,-5.716286851327535,57.029998779296875,0.004580564075160987,0.1074140766654482,2010-12-13 00:00:00+00:00,10.7,low,1.0
2011-02-23 00:00:00+00:00,0.0,-4.9328162089558365,56.560001373291016,0.007899867131384285,0.10735165387903246,2010-12-13 00:00:00+00:00,10.7,low,1.0
2011-02-24 00:00:00+00:00,0.0,-5.4344004914156585,56.86000061035156,0.010626001089904503,0.10731760693321357,2010-12-13 00:00:00+00:00,10.7,low,1.0
2011-02-25 00:00:00+00:00,0.0,-6.730270538455252,57.650001525878906,0.018482225567663754,0.10725374222560372,2010-12-13 00:00:00+00:00,10.7,low,1.0
2011-02-28 00:00:00+00:00,0.0,-6.924008946346549,57.77000045776367,0.0054030746832520555,0.10739517986590377,2010-12-13 00:00:00+00:00,10.7,low,1.0
2011-03-01 00:00:00+00:00,0.0,-5.401125416225816,56.84000015258789,0.0034391099404716256,0.10744684596821216,2010-12-13 00:00:00+00:00,10.7,low,1.0
2011-03-02 00:00:00+00:00,0.0,-5.897793083447733,57.13999938964844,0.004717686460879602,0.10741070245978947,2010-12-13 00:00:00+00:00,10.7,low,1.0
2011-03-03 00:00:00+00:00,0.0,-7.722670267115872,58.27000045776367,0.003258616706970796,0.1074530067797953,2010-12-13 00:00:00+00:00,10.7,low,1.0
2011-03-04 00:00:00+00:00,0.0,-7.245127953248143,57.970001220703125,0.004731583789256455,0.10741036595379666,2010-12-13 00:00:00+00:00,10.7,low,1.0
2011-03-07 00:00:00+00:00,0.0,-5.980063387076385,57.189998626708984,0.029423142135493095,0.10719960566441043,2010-12-13 00:00:00+00:00,10.7,low,1.0
2011-03-08 00:00:00+00:00,0.0,-6.356666366380493,57.41999816894531,0.03576294502274761,0.10717668365590581,2010-12-13 00:00:00+00:00,10.7,low,1.0
2011-03-09 00:00:00+00:00,0.0,-5.716286851327535,57.029998779296875,0.023436888350038244,0.10722616255889597,2010-12-13 00:00:00+00:00,10.7,low,1.0
2011-03-10 00:00:00+00:00,0.0,-4.221587028235286,56.13999938964844,0.022555621184845765,0.1072306225132999,2010-12-13 00:00:00+00:00,10.7,low,1.0
2011-03-11 00:00:00+00:00,0.0,-4.8150135243135495,56.4900016784668,0.027165720537631083,0.10720894335113502,2010-12-13 00:00:00+00:00,10.7,low,1.0
2011-03-14 00:00:00+00:00,0.0,-4.4768172264650685,56.290000915527344,0.025573676814061606,0.10721599436737694,2010-12-13 00:00:00+00:00,10.7,low,1.0
2011-03-15 00:00:00+00:00,0.0,-3.0996597020658934,55.4900016784668,0.031628047564293216,0.10719113379641892,2010-12-13 00:00:00+00:00,10.7,low,1.0
2011-03-16 00:00:00+00:00,0.0,-0.0369352856880556,54.150001525878906,0.19396807745452813,0.10696435848140183,2010-12-13 00:00:00+00:00,10.7,low,1.0
2011-03-17 00:00:00+00:00,0.0,-0.4391613390040794,54.650001525878906,0.13480131773992624,0.10701368575765437,2010-12-13 00:00:00+00:00,10.7,low,1.0
2011-03-18 00:00:00+00:00,0.0,0.09182596209360572,54.45000076293945,0.03948018372278648,0.10716500757168954,2010-12-13 00:00:00+00:00,10.7,low,1.0
2011-03-21 00:00:00+00:00,0.0,-1.2252257750914985,55.5,0.028337725321974656,0.10720400512317228,2010-12-13 00:00:00+00:00,10.7,low,1.0
2011-03-22 00:00:00+00:00,0.0,-1.0469346842594485,55.400001525878906,0.024422129270623753,0.10722136638293847,2010-12-13 00:00:00+00:00,10.7,low,1.0
2011-03-23 00:00:00+00:00,0.0,-0.7000527662136324,55.709999084472656,0.03271837252320317,0.10718715374680887,2010-12-13 00:00:00+00:00,10.7,low,1.0
2011-03-24 00:00:00+00:00,0.0,-2.4338642849141556,56.70000076293945,0.06537022670623215,0.1071046170013772,2010-12-13 00:00:00+00:00,10.7,low,1.0
2011-03-25 00:00:00+00:00,0.0,-2.6741739156988187,56.84000015258789,0.05554088727934676,0.10712431356702491,2010-12-13 00:00:00+00:00,10.7,low,1.0
2011-03-28 00:00:00+00:00,0.0,-2.140454821512927,56.529998779296875,0.02234830665379681,0.10723169643943152,2010-12-13 00:00:00+00:00,10.7,low,1.0
2011-03-29 00:00:00+00:00,0.0,-3.083395374512632,57.08000183105469,0.07466498351074523,0.1070883837894968,2010-12-13 00:00:00+00:00,10.7,low,1.0
2011-03-30 00:00:00+00:00,0.0,-3.539666666622321,57.349998474121094,0.07037293701041987,0.10709563254299144,2010-12-13 00:00:00+00:00,10.7,low,1.0
2011-03-31 00:00:00+00:00,0.0,-3.6740390025061576,57.43000030517578,0.04284754522055443,0.1071553082226085,2010-12-13 00:00:00+00:00,10.7,low,1.0
2011-04-01 00:00:00+00:00,0.0,-3.7243289657947876,57.459999084472656,0.05312677658705656,0.10712965157504649,2010-12-13 00:00:00+00:00,10.7,low,1.0
2011-04-04 00:00:00+00:00,0.0,-3.4049253489662035,57.27000045776367,0.04002870844869227,0.10716337478229102,2010-12-13 00:00:00+00:00,10.7,low,1.0
2011-04-05 00:00:00+00:00,0.0,-3.1512592274503315,57.119998931884766,0.012082854911268728,0.10730282211853258,2010-12-13 00:00:00+00:00,10.7,low,1.0
2011-04-06 00:00:00+00:00,0.0,-3.3880521892705517,57.2599983215332,0.010090899247309082,0.10732354728195852,2010-12-13 00:00:00+00:00,10.7,low,1.0
2011-04-07 00:00:00+00:00,0.0,-3.320519897492513,57.220001220703125,0.007955508755747073,0.10735084873519798,2010-12-13 00:00:00+00:00,10.7,low,1.0
2011-04-08 00:00:00+00:00,0.0,-2.8621616264770444,56.95000076293945,0.0077134380802943575,0.10735439318781652,2010-12-13 00:00:00+00:00,10.7,low,1.0
2011-04-11 00:00:00+00:00,0.0,-2.536995541387621,56.7599983215332,0.010208782979183697,0.10732221225266322,2010-12-13 00:00:00+00:00,10.7,low,1.0
2011-04-12 00:00:00+00:00,0.0,-1.8626916036122765,56.369998931884766,0.011361015188760037,0.10730991299627218,2010-12-13 00:00:00+00:00,10.7,low,1.0
2011-04-13 00:00:00+00:00,0.0,-2.6912908009898207,56.849998474121094,0.014458530087978129,0.10907504286825868,2011-03-15 00:00:00+00:00,10.9,low,1.0
2011-04-14 00:00:00+00:00,0.0,-2.5198243263009346,56.75,0.0220151792120533,0.10826737489226652,2011-03-15 00:00:00+00:00,10.8,low,1.0
2011-04-15 00:00:00+00:00,0.0,-2.3477525070270566,56.650001525878906,0.04442641391406755,0.10691115973803235,2011-03-15 00:00:00+00:00,10.7,low,1.0
2011-04-18 00:00:00+00:00,0.0,-0.26666937934027857,56.25,0.030761056170586748,0.1076231866941155,2011-03-15 00:00:00+00:00,10.8,low,1.0
2011-04-19 00:00:00+00:00,0.0,0.6713799971019174,56.599998474121094,0.012337527593939702,0.10937972387898129,2011-03-15 00:00:00+00:00,10.9,low,1.0
2011-04-20 00:00:00+00:00,0.0,-1.5549438653599035,57.880001068115234,0.03377565954878458,0.10744262337759618,2011-03-15 00:00:00+00:00,10.7,low,1.0
2011-04-21 00:00:00+00:00,0.0,-2.3311631929970655,58.34000015258789,0.01828517537667532,0.1086241069960802,2011-03-15 00:00:00+00:00,10.9,low,1.0
2011-04-25 00:00:00+00:00,0.0,-3.145837065799384,58.4900016784668,0.018163980230862808,0.10863688074443886,2011-03-15 00:00:00+00:00,10.9,low,1.0
2011-04-26 00:00:00+00:00,0.0,-3.8422277002018945,58.81999969482422,0.019749781716353956,0.10847608162160381,2011-03-15 00:00:00+00:00,10.8,low,1.0
2011-04-27 00:00:00+00:00,0.0,-4.64370135649137,59.220001220703125,0.020407191963704576,0.1084131599554326,2011-03-15 00:00:00+00:00,10.8,low,1.0
2011-04-28 00:00:00+00:00,0.0,-4.4985621501137825,59.130001068115234,0.016594546908155768,0.10881043843673989,2011-03-15 00:00:00+00:00,10.9,low,1.0
2011-04-29 00:00:00+00:00,0.0,-4.41773955562007,59.08000183105469,0.03729845718496446,0.10725065622232333,2011-03-15 00:00:00+00:00,10.7,low,1.0
2011-05-02 00:00:00+00:00,0.0,-4.239443697217194,58.970001220703125,0.03796414526885489,0.10721638330628039,2011-03-15 00:00:00+00:00,10.7,low,1.0
2011-05-03 00:00:00+00:00,0.0,-3.7825821399756654,58.689998626708984,0.03897883835908708,0.10716525450438927,2011-03-15 00:00:00+00:00,10.7,low,1.0
2011-05-04 00:00:00+00:00,0.0,-3.6348076943357177,58.599998474121094,0.01921210294435099,0.10852911335223432,2011-03-15 00:00:00+00:00,10.9,low,1.0
2011-05-05 00:00:00+00:00,0.0,-3.44886472826631,58.279998779296875,0.09490327428413954,0.1054081831004014,2011-03-15 00:00:00+00:00,10.5,low,1.0
2011-05-06 00:00:00+00:00,0.0,-4.463828554577509,58.470001220703125,0.07833996316179978,0.10579435112582006,2011-03-15 00:00:00+00:00,10.6,low,1.0
2011-05-09 00:00:00+00:00,0.0,-5.009369050097456,58.689998626708984,0.018316994774672083,0.10862076727789625,2011-03-15 00:00:00+00:00,10.9,low,1.0
2011-05-10 00:00:00+00:00,0.0,-6.690317919158961,59.189998626708984,0.016671578973756818,0.10880154435314435,2011-03-15 00:00:00+00:00,10.9,low,1.0
2011-05-11 00:00:00+00:00,0.0,-6.0074861812977165,58.7599983215332,0.11062804903722928,0.10509484394340893,2011-03-15 00:00:00+00:00,10.5,low,1.0
2011-05-12 00:00:00+00:00,0.0,-7.646760972917521,59.11000061035156,0.030003227667488013,0.10767131548436053,2011-03-15 00:00:00+00:00,10.8,low,1.0
2011-05-13 00:00:00+00:00,0.0,-6.779659467244647,58.40999984741211,0.032585515090992945,0.10751194087572223,2011-03-15 00:00:00+00:00,10.8,low,1.0
2011-05-16 00:00:00+00:00,0.0,-5.139374014841169,57.400001525878906,0.0068148223400556944,0.11052159001220115,2011-03-15 00:00:00+00:00,11.1,low,1.0
2011-05-17 00:00:00+00:00,0.0,-5.872135141545742,57.560001373291016,0.008141857382211955,0.11017885708963411,2011-03-15 00:00:00+00:00,11.0,low,1.0
2011-05-18 00:00:00+00:00,0.0,-7.615440926811045,58.040000915527344,0.008350198135766401,0.1101302211792757,2011-03-15 00:00:00+00:00,11.0,low,1.0
2011-05-19 00:00:00+00:00,0.0,-7.885243471533155,58.209999084472656,0.006717422952944715,0.11054934200848472,2011-03-15 00:00:00+00:00,11.1,low,1.0
2011-05-20 00:00:00+00:00,0.0,-7.183661923134343,57.77000045776367,0.021945684681160777,0.10827345346830326,2011-03-15 00:00:00+00:00,10.8,low,1.0
2011-05-23 00:00:00+00:00,0.0,-5.797609527789794,56.91999816894531,0.024345543123508135,0.10807385327112358,2011-03-15 00:00:00+00:00,10.8,low,1.0
2011-05-24 00:00:00+00:00,0.0,-5.214779527759761,56.56999969482422,0.01609469076339239,0.10886917327250262,2011-03-15 00:00:00+00:00,10.9,low,1.0
2011-05-25 00:00:00+00:00,0.0,-5.581972059408513,56.790000915527344,0.01896155111160037,0.10855433240629461,2011-03-15 00:00:00+00:00,10.9,low,1.0
2011-05-26 00:00:00+00:00,0.0,-6.160308882329735,57.13999938964844,0.014714464088199888,0.10904134761293566,2011-03-15 00:00:00+00:00,10.9,low,1.0
2011-05-27 00:00:00+00:00,0.0,-6.634165685260573,57.43000030517578,0.013789675668121238,0.10916600184110122,2011-03-15 00:00:00+00:00,10.9,low,1.0
2011-05-31 00:00:00+00:00,0.0,-8.12200416191573,58.36000061035156,0.014081424902975946,0.1091257948468301,2011-03-15 00:00:00+00:00,10.9,low,1.0
2011-06-01 00:00:00+00:00,0.0,-6.078124385056305,57.09000015258789,0.015006467200479089,0.10900361250938753,2011-03-15 00:00:00+00:00,10.9,low,1.0
2011-06-02 00:00:00+00:00,0.0,-6.275127093232646,57.209999084472656,0.01806178332722761,0.10864771832624985,2011-03-15 00:00:00+00:00,10.9,low,1.0
2011-06-03 00:00:00+00:00,0.0,-4.84471981572473,56.349998474121094,0.013616885700852302,0.1091902182740111,2011-03-15 00:00:00+00:00,10.9,low,1.0
2011-06-06 00:00:00+00:00,0.0,-4.061550335575969,55.88999938964844,0.007895326405686555,0.110238053945148,2011-03-15 00:00:00+00:00,11.0,low,1.0
2011-06-07 00:00:00+00:00,0.0,-3.889589439025498,55.790000915527344,0.005134726630010868,0.11106797233479002,2011-03-15 00:00:00+00:00,11.1,low,1.0
2011-06-08 00:00:00+00:00,0.0,-3.195523519168797,55.38999938964844,0.005783805500093153,0.11083803709477834,2011-03-15 00:00:00+00:00,11.1,low,1.0
2011-06-09 00:00:00+00:00,0.0,-3.369981420108148,55.4900016784668,0.005846198536737371,0.11081732380731962,2011-03-15 00:00:00+00:00,11.1,low,1.0
2011-06-10 00:00:00+00:00,0.0,-1.8667651338900138,54.63999938964844,0.0053630095350298765,0.11098391674267036,2011-03-15 00:00:00+00:00,11.1,low,1.0
2011-06-13 00:00:00+00:00,0.0,-1.8667651338900138,54.63999938964844,0.0065472355948649925,0.11059882200392457,2011-03-15 00:00:00+00:00,11.1,low,1.0
2011-06-14 00:00:00+00:00,0.0,-3.108061467221901,55.34000015258789,0.00685278089082335,0.11051088265698011,2011-03-15 00:00:00+00:00,11.1,low,1.0
2011-06-15 00:00:00+00:00,0.0,-1.234116729312773,54.290000915527344,0.012428465586314956,0.10936561704756707,2011-03-15 00:00:00+00:00,10.9,low,1.0
2011-06-16 00:00:00+00:00,0.0,-0.8321019743032787,54.08000183105469,0.007498685873847333,0.11033731859559275,2011-03-15 00:00:00+00:00,11.0,low,1.0
2011-06-17 00:00:00+00:00,0.0,-0.27886507403944716,53.790000915527344,0.006283258989320086,0.11067819710689196,2011-03-15 00:00:00+00:00,11.1,low,1.0
2011-06-20 00:00:00+00:00,0.0,-0.07397987008158635,54.06999969482422,0.006873380141323667,0.11050509702350428,2011-03-15 00:00:00+00:00,11.1,low,1.0
2011-06-21 00:00:00+00:00,0.0,-2.1184106077179576,55.22999954223633,0.018212726052546393,0.10863173283769835,2011-03-15 00:00:00+00:00,10.9,low,1.0
2011-06-22 00:00:00+00:00,0.0,-1.404341477383575,54.83000183105469,0.012936131154673002,0.10928871851772719,2011-03-15 00:00:00+00:00,10.9,low,1.0
2011-06-23 00:00:00+00:00,0.0,-1.9335014309250664,55.34000015258789,0.019205031785066804,0.10852982058978917,2011-03-15 00:00:00+00:00,10.9,low,1.0
2011-06-24 00:00:00+00:00,0.0,-0.11033720506158362,54.380001068115234,0.02210735759003824,0.10825934153048133,2011-03-15 00:00:00+00:00,10.8,low,1.0
2011-06-27 00:00:00+00:00,0.0,0.0723998471083176,55.25,0.039235253300386214,0.10715253972354649,2011-03-15 00:00:00+00:00,10.7,low,1.0
2011-06-28 00:00:00+00:00,0.0,-0.30318917401565004,56.06999969482422,0.03378382783756928,0.10744215596309807,2011-03-15 00:00:00+00:00,10.7,low,1.0
2011-06-29 00:00:00+00:00,0.0,0.3019573462634595,56.29999923706055,0.013575785677388904,0.10919602373013157,2011-03-15 00:00:00+00:00,10.9,low,1.0
2011-06-30 00:00:00+00:00,0.0,-0.3155132472970279,57.04999923706055,0.04318397752835648,0.10696633418582369,2011-03-15 00:00:00+00:00,10.7,low,1.0
2011-07-01 00:00:00+00:00,0.0,-1.7958917600892077,57.90999984741211,0.03999628012824575,0.10711527442172127,2011-03-15 00:00:00+00:00,10.7,low,1.0
2011-07-05 00:00:00+00:00,0.0,-3.419246825395217,58.20000076293945,0.05171972028113436,0.10661461339177794,2011-03-15 00:00:00+00:00,10.7,low,1.0
2011-07-06 00:00:00+00:00,0.0,-5.206372576305052,58.38999938964844,0.06678714955802854,0.10611167569161699,2011-03-15 00:00:00+00:00,10.6,low,1.0
2011-07-07 00:00:00+00:00,0.0,-8.481163328661479,59.189998626708984,0.09218455446422308,0.1054670847990043,2011-03-15 00:00:00+00:00,10.5,low,1.0
2011-07-08 00:00:00+00:00,1.0,-11.367100157938681,59.029998779296875,0.06535131084115299,0.10615467122379205,2011-03-15 00:00:00+00:00,10.6,low,1.0
2011-07-11 00:00:00+00:00,1.0,-12.715664334541321,57.959999084472656,0.18619433564004728,0.10398381678206797,2011-03-15 00:00:00+00:00,10.4,low,1.0
2011-07-12 00:00:00+00:00,1.0,-13.195410452336741,57.52000045776367,0.07124715412464905,0.10598347682479764,2011-03-15 00:00:00+00:00,10.6,low,1.0
2011-07-13 00:00:00+00:00,1.0,-13.556091142472148,57.7599983215332,0.10156725173331471,0.10527006103430214,2011-03-15 00:00:00+00:00,10.5,low,1.0
2011-07-14 00:00:00+00:00,1.0,-12.541600680110609,57.09000015258789,0.06741316571007881,0.005844809777081547,2011-06-14 00:00:00+00:00,0.6,low,1.0
2011-07-15 00:00:00+00:00,1.0,-13.690576279769973,57.849998474121094,0.06886825549928163,0.0059341216043730894,2011-06-14 00:00:00+00:00,0.6,low,1.0
2011-07-18 00:00:00+00:00,1.0,-13.225583053993283,57.540000915527344,0.1522177273387319,0.01065823785377914,2011-06-14 00:00:00+00:00,1.1,low,1.0
2011-07-19 00:00:00+00:00,1.0,-15.15717655093538,58.849998474121094,0.35054017050072095,0.02192325131007469,2011-06-14 00:00:00+00:00,2.2,low,1.0
2011-07-20 00:00:00+00:00,1.0,-14.795219103587787,58.599998474121094,0.16841469398865117,0.011537418774461959,2011-06-14 00:00:00+00:00,1.2,low,1.0
2011-07-21 00:00:00+00:00,1.0,-15.358537235977398,58.9900016784668,0.08750342872701068,0.007046094376036535,2011-06-14 00:00:00+00:00,0.7,low,1.0
2011-07-22 00:00:00+00:00,1.0,-16.2248295579137,59.599998474121094,0.09671778358151661,0.007578682571280328,2011-06-14 00:00:00+00:00,0.8,low,1.0
2011-07-25 00:00:00+00:00,1.0,-16.05581592225662,59.47999954223633,0.048958328954385164,0.004668157937727519,2011-06-14 00:00:00+00:00,0.5,low,1.0
2011-07-26 00:00:00+00:00,1.0,-16.266980696275958,59.630001068115234,0.03296286160891283,0.0035517912495909823,2011-06-14 00:00:00+00:00,0.4,low,1.0
2011-07-27 00:00:00+00:00,1.0,-14.047167887722212,58.09000015258789,0.12088862917407023,0.008939812394103915,2011-06-14 00:00:00+00:00,0.9,low,1.0
2011-07-28 00:00:00+00:00,1.0,-14.194876295704006,58.189998626708984,0.20591471129023453,0.013572850668195325,2011-06-14 00:00:00+00:00,1.4,low,1.0
2011-07-29 00:00:00+00:00,1.0,-13.913792577283136,58.0,0.16242335864292182,0.011212540139630156,2011-06-14 00:00:00+00:00,1.1,low,1.0
2011-08-01 00:00:00+00:00,1.0,-13.511171486072726,57.72999954223633,0.07770511384998115,0.00646816669274081,2011-06-14 00:00:00+00:00,0.6,low,1.0
2011-08-02 00:00:00+00:00,1.0,-11.267105208834504,56.27000045776367,0.1029391960021204,0.007933396157646372,2011-06-14 00:00:00+00:00,0.8,low,1.0
2011-08-03 00:00:00+00:00,1.0,-12.110545505724701,56.810001373291016,0.2529511889662084,0.016168005267416213,2011-06-14 00:00:00+00:00,1.6,low,1.0
2011-08-04 00:00:00+00:00,0.0,-7.827206954199683,54.16999816894531,0.5731323563720649,0.039490246718428004,2011-06-14 00:00:00+00:00,3.9,low,1.0
2011-08-05 00:00:00+00:00,0.0,-7.245033240234788,53.83000183105469,0.6422564974491771,0.04751566043836686,2011-06-14 00:00:00+00:00,4.8,low,1.0
2011-08-08 00:00:00+00:00,0.0,-1.3046053477395514,50.59000015258789,0.7326125263664953,0.06200062129924784,2011-06-14 00:00:00+00:00,6.2,low,1.0
2011-08-09 00:00:00+00:00,0.0,-5.732598851231552,53.029998779296875,0.8267953483841514,0.08730066219547965,2011-06-14 00:00:00+00:00,8.7,low,1.0
2011-08-10 00:00:00+00:00,0.0,-1.7105759367759266,50.86000061035156,0.7260562142641513,0.060727205408272165,2011-06-14 00:00:00+00:00,6.1,low,1.0
2011-08-11 00:00:00+00:00,0.0,-5.856867956728829,53.099998474121094,0.7755938073522024,0.07162436142377043,2011-06-14 00:00:00+00:00,7.2,low,1.0
2011-08-12 00:00:00+00:00,0.0,-6.682841211035717,53.56999969482422,0.8475553187608487,0.09573372535161413,2011-06-14 00:00:00+00:00,9.6,low,1.0
2011-08-15 00:00:00+00:00,0.0,-8.038997209011445,54.36000061035156,0.8372776988461239,0.09136300332027034,2011-06-14 00:00:00+00:00,9.1,low,1.0
2011-08-16 00:00:00+00:00,0.0,-7.2541739085755115,53.900001525878906,0.8349139636148084,0.09041427752305442,2011-06-14 00:00:00+00:00,9.0,low,1.0
2011-08-17 00:00:00+00:00,0.0,-6.700261347335646,53.58000183105469,0.7804019370125332,0.07286643122116714,2011-06-14 00:00:00+00:00,7.3,low,1.0
2011-08-18 00:00:00+00:00,0.0,-1.8841983711430088,50.95000076293945,0.80760282754535,0.08071759730401949,2011-06-14 00:00:00+00:00,8.1,low,1.0
2011-08-19 00:00:00+00:00,0.0,0.05996920792761262,50.029998779296875,0.6936221909760096,0.055011991720904964,2011-06-14 00:00:00+00:00,5.5,low,1.0
2011-08-22 00:00:00+00:00,0.0,0.2589146992345581,50.209999084472656,0.7441235214460457,0.06434817055105078,2011-06-14 00:00:00+00:00,6.4,low,1.0
2011-08-23 00:00:00+00:00,0.0,-2.1614332054373575,52.279998779296875,0.7637355967305698,0.06871901196310082,2011-06-14 00:00:00+00:00,6.9,low,1.0
2011-08-24 00:00:00+00:00,0.0,-2.922750314989453,52.689998626708984,0.7844483457979151,0.07394263019931592,2011-06-14 00:00:00+00:00,7.4,low,1.0
2011-08-25 00:00:00+00:00,0.0,-1.3119820203601584,51.83000183105469,0.8095949499738391,0.08135568106473778,2011-06-14 00:00:00+00:00,8.1,low,1.0
2011-08-26 00:00:00+00:00,0.0,-2.2962567215818908,53.130001068115234,0.7910345669822109,0.07575840048651462,2011-06-14 00:00:00+00:00,7.6,low,1.0
2011-08-29 00:00:00+00:00,0.0,-4.944150764993138,54.61000061035156,0.6917247297750483,0.054704352950563924,2011-06-14 00:00:00+00:00,5.5,low,1.0
2011-08-30 00:00:00+00:00,0.0,-5.566675105218188,54.970001220703125,0.7694767271186221,0.0700986713573037,2011-06-14 00:00:00+00:00,7.0,low,1.0
2011-08-31 00:00:00+00:00,0.0,-5.721034230498468,55.060001373291016,0.7962896608963403,0.07726777415035932,2011-06-14 00:00:00+00:00,7.7,low,1.0
2011-09-01 00:00:00+00:00,0.0,-4.85704079761291,54.560001373291016,0.633554369986482,0.046393402144653706,2011-06-14 00:00:00+00:00,4.6,low,1.0
2011-09-02 00:00:00+00:00,0.0,-4.072819479471368,53.279998779296875,0.7516672623119838,0.06597051129715613,2011-06-14 00:00:00+00:00,6.6,low,1.0
2011-09-06 00:00:00+00:00,0.0,-5.986118195912371,53.290000915527344,0.7640131634959809,0.06878459785988665,2011-06-14 00:00:00+00:00,6.9,low,1.0
2011-09-07 00:00:00+00:00,0.0,-8.30893295432109,54.63999938964844,0.7418992533831411,0.06388288234931766,2011-06-14 00:00:00+00:00,6.4,low,1.0
2011-09-08 00:00:00+00:00,0.0,-7.887481087826265,54.38999938964844,0.43316090228613396,0.027475848340959785,2011-06-14 00:00:00+00:00,2.7,low,1.0
2011-09-09 00:00:00+00:00,0.0,-5.79165440650613,53.18000030517578,0.6586578170603182,0.04973707241793544,2011-06-14 00:00:00+00:00,5.0,low,1.0
2011-09-12 00:00:00+00:00,0.0,-6.981065899779848,53.86000061035156,0.6463638487341236,0.048058532889090004,2011-06-14 00:00:00+00:00,4.8,low,1.0
2011-09-13 00:00:00+00:00,0.0,-8.208140723045165,54.58000183105469,0.6987462869925983,0.05585639722860233,2011-06-14 00:00:00+00:00,5.6,low,1.0
2011-09-14 00:00:00+00:00,0.0,-9.501448840748239,55.36000061035156,0.8538820557697148,0.09864367789088187,2011-06-14 00:00:00+00:00,9.9,low,1.0
2011-09-15 00:00:00+00:00,1.0,-10.82235991104925,56.18000030517578,0.8505343606494187,0.09708158981299352,2011-06-14 00:00:00+00:00,9.7,low,1.0
2011-09-16 00:00:00+00:00,1.0,-11.468460259705449,56.59000015258789,0.6919988947407105,0.05474863836287062,2011-06-14 00:00:00+00:00,5.5,low,1.0
2011-09-19 00:00:00+00:00,1.0,-11.499738678752225,56.61000061035156,0.7624249509116162,0.06841081588314553,2011-06-14 00:00:00+00:00,6.8,low,1.0
2011-09-20 00:00:00+00:00,1.0,-11.107171874445832,56.36000061035156,0.6884515605520528,0.05417989913138158,2011-06-14 00:00:00+00:00,5.4,low,1.0
2011-09-21 00:00:00+00:00,0.0,-9.53413234409285,55.380001068115234,0.5880677890386206,0.041068518728662726,2011-06-14 00:00:00+00:00,4.1,low,1.0
2011-09-22 00:00:00+00:00,0.0,-6.494966849584172,53.58000183105469,0.7155299655156592,0.058771182806000605,2011-06-14 00:00:00+00:00,5.9,low,1.0
2011-09-23 00:00:00+00:00,0.0,-7.479229801724507,54.150001525878906,0.7068705961292847,0.05723774140958556,2011-06-14 00:00:00+00:00,5.7,low,1.0
2011-09-26 00:00:00+00:00,0.0,-8.543264712420006,54.779998779296875,0.7519622631870774,0.06603539025553241,2011-06-14 00:00:00+00:00,6.6,low,1.0
2011-09-27 00:00:00+00:00,0.0,-9.485095112431917,55.349998474121094,0.7006639377085891,0.056177651717841816,2011-06-14 00:00:00+00:00,5.6,low,1.0
2011-09-28 00:00:00+00:00,0.0,-8.123969199239555,54.529998779296875,0.5863166980238798,0.040879555216368706,2011-06-14 00:00:00+00:00,4.1,low,1.0
2011-09-29 00:00:00+00:00,0.0,-7.015594875760023,53.880001068115234,0.7599985852722427,0.06784668058901383,2011-06-14 00:00:00+00:00,6.8,low,1.0
2011-09-30 00:00:00+00:00,0.0,-4.553254196839096,52.4900016784668,0.6881112155178927,0.05412581230824106,2011-06-14 00:00:00+00:00,5.4,low,1.0
2011-10-03 00:00:00+00:00,0.0,-2.033634978372445,51.13999938964844,0.6794275630832874,0.05277332285155664,2011-06-14 00:00:00+00:00,5.3,low,1.0
2011-10-04 00:00:00+00:00,0.0,-1.0155179023623173,52.189998626708984,0.6906413970790152,0.054529906259837335,2011-06-14 00:00:00+00:00,5.5,low,1.0
2011-10-05 00:00:00+00:00,0.0,-0.5977950721492986,53.529998779296875,0.5176228666317729,0.03420428065648916,2011-06-14 00:00:00+00:00,3.4,low,1.0
2011-10-06 00:00:00+00:00,0.0,-1.3044260159688847,54.43000030517578,0.47016494894768507,0.030263542342996327,2011-06-14 00:00:00+00:00,3.0,low,1.0
2011-10-07 00:00:00+00:00,0.0,1.5165520611288397,54.06999969482422,0.46666425020044244,0.029990092993318385,2011-06-14 00:00:00+00:00,3.0,low,1.0
2011-10-10 00:00:00+00:00,0.0,-0.4290272964986186,55.939998626708984,0.5478493754192784,0.036978236990136845,2011-06-14 00:00:00+00:00,3.7,low,1.0
2011-10-11 00:00:00+00:00,0.0,-0.9410489740211747,56.31999969482422,0.5574141788265871,0.03790638136125409,2011-06-14 00:00:00+00:00,3.8,low,1.0
2011-10-12 00:00:00+00:00,0.0,-1.4310911315025932,56.599998474121094,0.4001117972623296,0.09010987291838325,2011-09-13 00:00:00+00:00,9.0,low,1.0
2011-10-13 00:00:00+00:00,0.0,-2.328427943325828,57.119998931884766,0.649184706080072,0.09997624196140134,2011-09-13 00:00:00+00:00,10.0,low,1.0
2011-10-14 00:00:00+00:00,0.0,-4.107939802530081,58.18000030517578,0.5652619730728254,0.09645994568082368,2011-09-13 00:00:00+00:00,9.6,low,1.0
2011-10-17 00:00:00+00:00,0.0,-2.601253309223306,57.279998779296875,0.5118689726473078,0.09437169181830533,2011-09-13 00:00:00+00:00,9.4,low,1.0
2011-10-18 00:00:00+00:00,0.0,-3.793758750237064,57.9900016784668,0.3271081447944703,0.08723454571787032,2011-09-13 00:00:00+00:00,8.7,low,1.0
2011-10-19 00:00:00+00:00,0.0,-1.899064597576261,56.869998931884766,0.23244276755238952,0.08308703205808192,2011-09-13 00:00:00+00:00,8.3,low,1.0
2011-10-20 00:00:00+00:00,0.0,-1.961478366069247,56.59000015258789,0.3233815625658921,0.0870825500883995,2011-09-13 00:00:00+00:00,8.7,low,1.0
2011-10-21 00:00:00+00:00,0.0,-3.4904014426346386,57.29999923706055,0.28558738234631653,0.08549801732478966,2011-09-13 00:00:00+00:00,8.5,low,1.0
2011-10-24 00:00:00+00:00,0.0,-8.052663299724127,58.4900016784668,0.27702453468364524,0.08512616379263843,2011-09-13 00:00:00+00:00,8.5,low,1.0
2011-10-25 00:00:00+00:00,0.0,-6.208582776103022,57.34000015258789,0.22754421958328905,0.08285025668170799,2011-09-13 00:00:00+00:00,8.3,low,1.0
2011-10-26 00:00:00+00:00,0.0,-7.001924400520698,57.27000045776367,0.32316914233453664,0.08707386603300814,2011-09-13 00:00:00+00:00,8.7,low,1.0
2011-10-27 00:00:00+00:00,1.0,-10.161426843309085,58.849998474121094,0.2356636151257849,0.08324115169254669,2011-09-13 00:00:00+00:00,8.3,low,1.0
2011-10-28 00:00:00+00:00,1.0,-10.298608476847782,58.939998626708984,0.24853567211597036,0.08384553443499748,2011-09-13 00:00:00+00:00,8.4,low,1.0
2011-10-31 00:00:00+00:00,0.0,-8.766180783734312,57.95000076293945,0.08917486347455575,0.07390737953401104,2011-09-13 00:00:00+00:00,7.4,low,1.0
2011-11-01 00:00:00+00:00,0.0,-6.325300818017377,56.439998626708984,0.19890521504401523,0.08140077103639985,2011-09-13 00:00:00+00:00,8.1,low,1.0
2011-11-02 00:00:00+00:00,0.0,-7.115248361462823,56.91999816894531,0.20260969097910533,0.08159520922129043,2011-09-13 00:00:00+00:00,8.2,low,1.0
2011-11-03 00:00:00+00:00,0.0,-9.001720618918563,58.099998474121094,0.25268721259723587,0.08403677296929823,2011-09-13 00:00:00+00:00,8.4,low,1.0
2011-11-04 00:00:00+00:00,0.0,-8.52941240527687,57.79999923706055,0.26077706744145374,0.08440466493240141,2011-09-13 00:00:00+00:00,8.4,low,1.0
2011-11-07 00:00:00+00:00,0.0,-9.1736819044416,58.209999084472656,0.16818823294270882,0.07968971717734567,2011-09-13 00:00:00+00:00,8.0,low,1.0
2011-11-08 00:00:00+00:00,1.0,-10.207204529901093,58.880001068115234,0.1970675415610705,0.08130346496185827,2011-09-13 00:00:00+00:00,8.1,low,1.0
2011-11-09 00:00:00+00:00,0.0,-6.935402827253978,56.810001373291016,0.24516757326251923,0.08368910371015065,2011-09-13 00:00:00+00:00,8.4,low,1.0
2011-11-10 00:00:00+00:00,0.0,-6.886227424220682,56.779998779296875,0.24697522275940334,0.08377320498605009,2011-09-13 00:00:00+00:00,8.4,low,1.0
2011-11-11 00:00:00+00:00,0.0,-8.608469617270787,57.849998474121094,0.2582320413371088,0.0842895857233744,2011-09-13 00:00:00+00:00,8.4,low,1.0
2011-11-14 00:00:00+00:00,0.0,-8.036184748125486,57.4900016784668,0.30599772456618074,0.08636415503871889,2011-09-13 00:00:00+00:00,8.6,low,1.0
2011-11-15 00:00:00+00:00,0.0,-9.048687492826524,58.130001068115234,0.2738018874824683,0.08498477775478167,2011-09-13 00:00:00+00:00,8.5,low,1.0
2011-11-16 00:00:00+00:00,0.0,-7.521426228409956,57.16999816894531,0.21927330996099711,0.08244359740767446,2011-09-13 00:00:00+00:00,8.2,low,1.0
2011-11-17 00:00:00+00:00,0.0,-5.301814082197398,55.83000183105469,0.29729644558951307,0.08599816285933153,2011-09-13 00:00:00+00:00,8.6,low,1.0
2011-11-18 00:00:00+00:00,0.0,-4.566791560127137,55.400001525878906,0.1665432966929315,0.07959237669477996,2011-09-13 00:00:00+00:00,8.0,low,1.0
2011-11-21 00:00:00+00:00,0.0,-2.7051917861158126,54.34000015258789,0.20655606308613358,0.08179990436372675,2011-09-13 00:00:00+00:00,8.2,low,1.0
2011-11-22 00:00:00+00:00,0.0,-3.0264150990922167,54.52000045776367,0.18117871063397106,0.0804366400835056,2011-09-13 00:00:00+00:00,8.0,low,1.0
2011-11-23 00:00:00+00:00,0.0,-0.7881440728596423,53.290000915527344,0.09698057450994449,0.07462297051993536,2011-09-13 00:00:00+00:00,7.5,low,1.0
2011-11-25 00:00:00+00:00,0.0,2.382750181699489,52.880001068115234,0.17828396416159542,0.08027339515981927,2011-09-13 00:00:00+00:00,8.0,low,1.0
2011-11-28 00:00:00+00:00,0.0,-1.0051225136846642,54.720001220703125,0.1662669179119026,0.0795759571139785,2011-09-13 00:00:00+00:00,8.0,low,1.0
2011-11-29 00:00:00+00:00,0.0,-0.3861767102705249,54.380001068115234,0.12060253936629375,0.07654480683886693,2011-09-13 00:00:00+00:00,7.7,low,1.0
2011-11-30 00:00:00+00:00,0.0,-3.936870446412266,56.38999938964844,0.3439848961500166,0.08791513177623263,2011-09-13 00:00:00+00:00,8.8,low,1.0
2011-12-01 00:00:00+00:00,0.0,-4.596690148755734,56.779998779296875,0.29823078470678843,0.08603768538597932,2011-09-13 00:00:00+00:00,8.6,low,1.0
2011-12-02 00:00:00+00:00,0.0,-4.32709432913777,56.619998931884766,0.12084294114267152,0.0765628191532034,2011-09-13 00:00:00+00:00,7.7,low,1.0
2011-12-05 00:00:00+00:00,0.0,-5.363388224141852,57.2400016784668,0.3056692828483085,0.08635042242334237,2011-09-13 00:00:00+00:00,8.6,low,1.0
2011-12-06 00:00:00+00:00,0.0,-5.098114170918211,57.08000183105469,0.34531769999304923,0.08796837939613522,2011-09-13 00:00:00+00:00,8.8,low,1.0
2011-12-07 00:00:00+00:00,0.0,-5.098114170918211,57.08000183105469,0.1804124071164903,0.08039359544706887,2011-09-13 00:00:00+00:00,8.0,low,1.0
2011-12-08 00:00:00+00:00,0.0,-3.474698503302276,56.119998931884766,0.06908796008495607,0.07180225845599428,2011-09-13 00:00:00+00:00,7.2,low,1.0
2011-12-09 00:00:00+00:00,0.0,-4.99825020332898,57.02000045776367,0.24776037367731754,0.0838096291489344,2011-09-13 00:00:00+00:00,8.4,low,1.0
2011-12-12 00:00:00+00:00,0.0,-3.9198347947881684,56.380001068115234,0.1511517575877975,0.07864751675998137,2011-09-13 00:00:00+00:00,7.9,low,1.0
2011-12-13 00:00:00+00:00,0.0,-2.8515068157272006,55.7599983215332,0.09073807926554445,0.07405455734215287,2011-09-13 00:00:00+00:00,7.4,low,1.0
2011-12-14 00:00:00+00:00,0.0,-1.311716576260169,54.88999938964844,0.19989307346388036,0.08145284318214434,2011-09-13 00:00:00+00:00,8.1,low,1.0
2011-12-15 00:00:00+00:00,0.0,-1.041292458976495,54.7400016784668,0.08708070481615035,0.07370695571369117,2011-09-13 00:00:00+00:00,7.4,low,1.0
2011-12-16 00:00:00+00:00,0.0,-1.2577514285992408,54.86000061035156,0.1384702076548006,0.07781629389988765,2011-09-13 00:00:00+00:00,7.8,low,1.0
2011-12-19 00:00:00+00:00,0.0,0.3129638891709696,54.31999969482422,0.15340159467245718,0.07878971956432139,2011-09-13 00:00:00+00:00,7.9,low,1.0
2011-12-20 00:00:00+00:00,0.0,-2.574644410605742,55.93000030517578,0.13179671345965524,0.0773564650774964,2011-09-13 00:00:00+00:00,7.7,low,1.0
2011-12-21 00:00:00+00:00,0.0,0.07255051705996607,55.130001068115234,0.11392667826158367,0.07603338545851057,2011-09-13 00:00:00+00:00,7.6,low,1.0
2011-12-22 00:00:00+00:00,0.0,-0.2877695176315198,55.599998474121094,0.13038847281445629,0.07725725121654285,2011-09-13 00:00:00+00:00,7.7,low,1.0
2011-12-23 00:00:00+00:00,0.0,-1.1412324954513386,56.08000183105469,0.12945374685057684,0.07719095863753374,2011-09-13 00:00:00+00:00,7.7,low,1.0
2011-12-27 00:00:00+00:00,0.0,-1.4224804905440092,56.2400016784668,0.12616117460653084,0.0769545713755485,2011-09-13 00:00:00+00:00,7.7,low,1.0
2011-12-28 00:00:00+00:00,0.0,-0.16189989627783952,55.59000015258789,0.08832915450877421,0.07382689695004366,2011-09-13 00:00:00+00:00,7.4,low,1.0
2011-12-29 00:00:00+00:00,0.0,-0.30362918118639337,55.9900016784668,0.13229397310116736,0.07739131099586057,2011-09-13 00:00:00+00:00,7.7,low,1.0
2011-12-30 00:00:00+00:00,0.0,1.3075398858938936,55.83000183105469,0.0334188109141769,0.06628135933962635,2011-09-13 00:00:00+00:00,6.6,low,1.0
2012-01-03 00:00:00+00:00,0.0,-0.5975397952023842,56.900001525878906,0.1419170746793354,0.07804747939437896,2011-09-13 00:00:00+00:00,7.8,low,1.0
2012-01-04 00:00:00+00:00,0.0,-0.5950300248856566,57.13999938964844,0.11247385943292834,0.07591907846797902,2011-09-13 00:00:00+00:00,7.6,low,1.0
2012-01-05 00:00:00+00:00,0.0,-0.3645184555594705,57.61000061035156,0.0860149391511586,0.07360347269179791,2011-09-13 00:00:00+00:00,7.4,low,1.0
2012-01-06 00:00:00+00:00,0.0,-0.6573275542089863,57.810001373291016,0.11007158472018728,0.07572756192867675,2011-09-13 00:00:00+00:00,7.6,low,1.0
2012-01-09 00:00:00+00:00,0.0,0.03471096517602135,57.619998931884766,0.1337121661618213,0.07749016440236683,2011-09-13 00:00:00+00:00,7.7,low,1.0
2012-01-10 00:00:00+00:00,0.0,-0.6202629301738205,58.040000915527344,0.04318779787346674,0.0681619095836704,2011-09-13 00:00:00+00:00,6.8,low,1.0
2012-01-11 00:00:00+00:00,0.0,-0.8253087061479536,58.15999984741211,0.027694955367994465,0.06494487233339973,2011-09-13 00:00:00+00:00,6.5,low,1.0
2012-01-12 00:00:00+00:00,0.0,-1.215960082024814,58.38999938964844,0.02061891671949172,0.07927489249891825,2011-12-12 00:00:00+00:00,7.9,low,1.0
2012-01-13 00:00:00+00:00,0.0,0.5328315085337598,58.18000030517578,0.012054744845168507,0.07431973768779519,2011-12-12 00:00:00+00:00,7.4,low,1.0
2012-01-17 00:00:00+00:00,0.0,-0.05109654192586577,58.709999084472656,0.01867770888893543,0.07833644849024148,2011-12-12 00:00:00+00:00,7.8,low,1.0
2012-01-18 00:00:00+00:00,0.0,-0.13447945671120065,59.4900016784668,0.019924860032331418,0.07894854765861234,2011-12-12 00:00:00+00:00,7.9,low,1.0
2012-01-19 00:00:00+00:00,0.0,-0.751755359757944,59.86000061035156,0.014307416311937604,0.07586509486749324,2011-12-12 00:00:00+00:00,7.6,low,1.0
2012-01-20 00:00:00+00:00,0.0,-0.6023098671480764,59.77000045776367,0.0275130105349256,0.08208394939191861,2011-12-12 00:00:00+00:00,8.2,low,1.0
2012-01-23 00:00:00+00:00,0.0,-0.6355595622955512,59.790000915527344,0.02696647643777774,0.08188497517672881,2011-12-12 00:00:00+00:00,8.2,low,1.0
2012-01-24 00:00:00+00:00,0.0,-0.03351283120207604,59.68000030517578,0.023300768104369766,0.08045240218212406,2011-12-12 00:00:00+00:00,8.0,low,1.0
2012-01-25 00:00:00+00:00,0.0,-1.2742023065945962,60.43000030517578,0.02294225868979067,0.08030202303395702,2011-12-12 00:00:00+00:00,8.0,low,1.0
2012-01-26 00:00:00+00:00,0.0,-0.9299258750238848,60.220001220703125,0.02455456823626196,0.08096302838873759,2011-12-12 00:00:00+00:00,8.1,low,1.0
2012-01-27 00:00:00+00:00,0.0,-1.2251683108811418,60.400001525878906,0.017500282629364403,0.07772498494196335,2011-12-12 00:00:00+00:00,7.8,low,1.0
2012-01-30 00:00:00+00:00,0.0,-0.5128227781281858,60.45000076293945,0.019750646695273093,0.07886508263247913,2011-12-12 00:00:00+00:00,7.9,low,1.0
2012-01-31 00:00:00+00:00,0.0,0.21477130470337613,60.529998779296875,0.02172681239826097,0.07977656589293929,2011-12-12 00:00:00+00:00,8.0,low,1.0
2012-02-01 00:00:00+00:00,0.0,-0.08193909650190401,61.02000045776367,0.11997370748991892,0.0986059627864093,2011-12-12 00:00:00+00:00,9.9,low,1.0
2012-02-02 00:00:00+00:00,0.0,0.7351752486034702,61.209999084472656,0.12283950447910214,0.09891247226269557,2011-12-12 00:00:00+00:00,9.9,low,1.0
2012-02-03 00:00:00+00:00,0.0,-0.6285244068391593,62.04999923706055,0.08328039073324792,0.0940773224254606,2011-12-12 00:00:00+00:00,9.4,low,1.0
2012-02-06 00:00:00+00:00,0.0,-0.5322610178301379,62.0,0.08347356867797363,0.09410493753706288,2011-12-12 00:00:00+00:00,9.4,low,1.0
2012-02-07 00:00:00+00:00,0.0,-0.35409820846764584,62.130001068115234,0.1998851291902895,0.10572411510871679,2011-12-12 00:00:00+00:00,10.6,low,1.0
2012-02-08 00:00:00+00:00,0.0,-0.3362137168600454,62.459999084472656,0.23135732029871986,0.10800369725091843,2011-12-12 00:00:00+00:00,10.8,low,1.0
2012-02-09 00:00:00+00:00,0.0,-1.049117547310341,62.90999984741211,0.3200951729338823,0.11365269530741902,2011-12-12 00:00:00+00:00,11.4,low,1.0
2012-02-10 00:00:00+00:00,0.0,0.25612268974806174,62.470001220703125,0.14098044977085492,0.10073959283929965,2011-12-12 00:00:00+00:00,10.1,low,1.0
2012-02-13 00:00:00+00:00,0.0,-0.6661350896550622,63.04999923706055,0.15369497203002677,0.10192146070014467,2011-12-12 00:00:00+00:00,10.2,low,1.0
2012-02-14 00:00:00+00:00,0.0,-0.9175732079703458,63.209999084472656,0.1389624811273729,0.10054511306516466,2011-12-12 00:00:00+00:00,10.1,low,1.0
2012-02-15 00:00:00+00:00,0.0,-0.22303550840762076,62.77000045776367,0.140089653932855,0.10065399137964014,2011-12-12 00:00:00+00:00,10.1,low,1.0
2012-02-16 00:00:00+00:00,0.0,-0.8486577187846955,63.630001068115234,0.1982466573650931,0.1055996464041989,2011-12-12 00:00:00+00:00,10.6,low,1.0
2012-02-17 00:00:00+00:00,0.0,-0.5360242014063932,63.43000030517578,0.10199854293435229,0.09654592394943817,2011-12-12 00:00:00+00:00,9.7,low,1.0
2012-02-21 00:00:00+00:00,0.0,-0.8174822398587578,63.61000061035156,0.0920315435727928,0.0952804124678183,2011-12-12 00:00:00+00:00,9.5,low,1.0
2012-02-22 00:00:00+00:00,0.0,-0.3632336439431949,63.31999969482422,0.07510542112130646,0.0928588362018511,2011-12-12 00:00:00+00:00,9.3,low,1.0
2012-02-23 00:00:00+00:00,0.0,-0.8001288402895712,63.7400016784668,0.17316148139720927,0.10360576903307528,2011-12-12 00:00:00+00:00,10.4,low,1.0
2012-02-24 00:00:00+00:00,0.0,-1.1413376370944084,63.959999084472656,0.2263788763855064,0.10765586315274384,2011-12-12 00:00:00+00:00,10.8,low,1.0
2012-02-27 00:00:00+00:00,0.0,-1.280255223186877,64.05000305175781,0.2444320929921771,0.10889759617817321,2011-12-12 00:00:00+00:00,10.9,low,1.0
2012-02-28 00:00:00+00:00,0.0,-2.272020827422616,64.69999694824219,0.22959757449746643,0.1078812413276504,2011-12-12 00:00:00+00:00,10.8,low,1.0
2012-02-29 00:00:00+00:00,0.0,-1.8320199546382088,64.41000366210938,0.15946565984965086,0.10243530255749166,2011-12-12 00:00:00+00:00,10.2,low,1.0
2012-03-01 00:00:00+00:00,0.0,-2.603201901378671,64.91999816894531,0.18732530486319243,0.1047529000765207,2011-12-12 00:00:00+00:00,10.5,low,1.0
2012-03-02 00:00:00+00:00,0.0,-2.528138022056914,64.87000274658203,0.15155520620460097,0.10172751644640986,2011-12-12 00:00:00+00:00,10.2,low,1.0
2012-03-05 00:00:00+00:00,0.0,-1.5108994581228163,64.19999694824219,0.2694988841576556,0.11054226878266234,2011-12-12 00:00:00+00:00,11.1,low,1.0
2012-03-06 00:00:00+00:00,0.0,0.31461501321312646,63.56999969482422,0.17674736575821637,0.10390186331428573,2011-12-12 00:00:00+00:00,10.4,low,1.0
2012-03-07 00:00:00+00:00,0.0,0.3746573560895472,64.05999755859375,0.5447388455152092,0.12626362310980704,2011-12-12 00:00:00+00:00,12.6,low,1.0
2012-03-08 00:00:00+00:00,0.0,-0.04633016107625787,64.75,0.6149276149114983,0.13040172663203226,2011-12-12 00:00:00+00:00,13.0,low,1.0
2012-03-09 00:00:00+00:00,0.0,-0.4613894768560778,65.0199966430664,0.5941416374928492,0.1291430239810663,2011-12-12 00:00:00+00:00,12.9,low,1.0
2012-03-12 00:00:00+00:00,0.0,0.338191515738373,65.05000305175781,0.6058820394518614,0.12984986300756698,2011-12-12 00:00:00+00:00,13.0,low,1.0
2012-03-13 00:00:00+00:00,0.0,-0.5131360644784033,66.26000213623047,0.44437845761096945,0.1206764120085265,2011-12-12 00:00:00+00:00,12.1,low,1.0
2012-03-14 00:00:00+00:00,0.0,-0.8572713387539621,66.48999786376953,0.47028281756073836,0.1221035812238827,2011-12-12 00:00:00+00:00,12.2,low,1.0
2012-03-15 00:00:00+00:00,0.0,-1.1397752440794107,66.68000030517578,0.5751612172626547,0.12802035342701346,2011-12-12 00:00:00+00:00,12.8,low,1.0
2012-03-16 00:00:00+00:00,0.0,-1.9242315753037476,66.5199966430664,0.6234880122742884,0.1309303240701903,2011-12-12 00:00:00+00:00,13.1,low,1.0
2012-03-19 00:00:00+00:00,0.0,-2.6123302818411687,66.98999786376953,0.39624208290853175,0.11801278153718404,2011-12-12 00:00:00+00:00,11.8,low,1.0
2012-03-20 00:00:00+00:00,0.0,-2.7864740419829337,67.11000061035156,0.35441619846201355,0.11565170898779539,2011-12-12 00:00:00+00:00,11.6,low,1.0
2012-03-21 00:00:00+00:00,0.0,-2.8009606762243955,67.12000274658203,0.2580270015192195,0.10979989700634597,2011-12-12 00:00:00+00:00,11.0,low,1.0
2012-03-22 00:00:00+00:00,0.0,-2.597798456192435,66.9800033569336,0.43841533129951404,0.12034786303739875,2011-12-12 00:00:00+00:00,12.0,low,1.0
2012-03-23 00:00:00+00:00,0.0,-3.6600007294311787,66.94000244140625,0.42428001068876015,0.11956805612121055,2011-12-12 00:00:00+00:00,12.0,low,1.0
2012-03-26 00:00:00+00:00,0.0,-5.37366558407154,68.11000061035156,0.07029612415328493,0.092091221511822,2011-12-12 00:00:00+00:00,9.2,low,1.0
2012-03-27 00:00:00+00:00,0.0,-5.5123914187038885,68.20999908447266,0.07559997236393039,0.09293549987381432,2011-12-12 00:00:00+00:00,9.3,low,1.0
2012-03-28 00:00:00+00:00,0.0,-5.136893387918207,67.94000244140625,0.0840782362781236,0.09419104855065434,2011-12-12 00:00:00+00:00,9.4,low,1.0
2012-03-29 00:00:00+00:00,0.0,-4.772463567330365,67.68000030517578,0.09776351804978686,0.09602050412127115,2011-12-12 00:00:00+00:00,9.6,low,1.0
2012-03-30 00:00:00+00:00,0.0,-4.589202018451955,67.55000305175781,0.20245557033171285,0.10591810707336352,2011-12-12 00:00:00+00:00,10.6,low,1.0
2012-04-02 00:00:00+00:00,0.0,-5.567770039205588,68.25,0.12637533895193376,0.09928341366589921,2011-12-12 00:00:00+00:00,9.9,low,1.0
2012-04-03 00:00:00+00:00,0.0,-5.540094126797779,68.2300033569336,0.19884539902212356,0.1056452049438574,2011-12-12 00:00:00+00:00,10.6,low,1.0
2012-04-04 00:00:00+00:00,0.0,-4.234778565052655,67.30000305175781,0.17217536891041268,0.10352362833275049,2011-12-12 00:00:00+00:00,10.4,low,1.0
2012-04-05 00:00:00+00:00,0.0,-4.828712660243195,67.72000122070312,0.3579576214795008,0.11585430987073334,2011-12-12 00:00:00+00:00,11.6,low,1.0
2012-04-09 00:00:00+00:00,0.0,-4.344588913437308,67.20999908447266,0.28495884124655274,0.11151854827572169,2011-12-12 00:00:00+00:00,11.2,low,1.0
2012-04-10 00:00:00+00:00,0.0,-4.007255135708743,66.12999725341797,0.07957317976125354,0.09353721022868551,2011-12-12 00:00:00+00:00,9.4,low,1.0
2012-04-11 00:00:00+00:00,0.0,-4.469522260955383,66.44999694824219,0.08537818753826629,0.09437452252466408,2011-12-12 00:00:00+00:00,9.4,low,1.0
2012-04-12 00:00:00+00:00,0.0,-5.549768774060371,67.20999908447266,0.06110850565855528,0.09049736383855483,2011-12-12 00:00:00+00:00,9.0,low,1.0
2012-04-13 00:00:00+00:00,0.0,-4.094278288581288,66.19000244140625,0.043232900432356426,0.08177005106529871,2012-03-14 00:00:00+00:00,8.2,low,1.0
2012-04-16 00:00:00+00:00,0.0,-3.0099274222483596,65.44999694824219,0.026267652084825288,0.07493352564661063,2012-03-14 00:00:00+00:00,7.5,low,1.0
2012-04-17 00:00:00+00:00,0.0,-5.271040015135398,66.77999877929688,0.023596591967398862,0.07354556253399634,2012-03-14 00:00:00+00:00,7.4,low,1.0
2012-04-18 00:00:00+00:00,0.0,-5.704847924096857,66.61000061035156,0.023634664643916167,0.07356622539618465,2012-03-14 00:00:00+00:00,7.4,low,1.0
2012-04-19 00:00:00+00:00,0.0,-6.468269202476895,65.86000061035156,0.018425360090361814,0.07044610175860215,2012-03-14 00:00:00+00:00,7.0,low,1.0
2012-04-20 00:00:00+00:00,0.0,-7.4908677843822495,65.68000030517578,0.01519512205575918,0.06812484111153612,2012-03-14 00:00:00+00:00,6.8,low,1.0
2012-04-23 00:00:00+00:00,0.0,-6.6379892255320705,65.08000183105469,0.018533887342387582,0.07051808720772709,2012-03-14 00:00:00+00:00,7.1,low,1.0
2012-04-24 00:00:00+00:00,0.0,-6.1331760072821595,64.7300033569336,0.0105808872187134,0.06397329582871088,2012-03-14 00:00:00+00:00,6.4,low,1.0
2012-04-25 00:00:00+00:00,0.0,-8.56282752148343,66.44999694824219,0.02402605513785272,0.07377708316714576,2012-03-14 00:00:00+00:00,7.4,low,1.0
2012-04-26 00:00:00+00:00,0.0,-9.096347021956309,66.83999633789062,0.02640321621496784,0.07500085195753894,2012-03-14 00:00:00+00:00,7.5,low,1.0
2012-04-27 00:00:00+00:00,0.0,-9.637120386834376,67.23999786376953,0.04540573971881599,0.08248031998333635,2012-03-14 00:00:00+00:00,8.2,low,1.0
2012-04-30 00:00:00+00:00,0.0,-8.98742304179928,66.76000213623047,0.02627483940852721,0.07493710222529083,2012-03-14 00:00:00+00:00,7.5,low,1.0
2012-05-01 00:00:00+00:00,0.0,-9.137137990264455,66.87000274658203,0.027154708503373023,0.07536905949256731,2012-03-14 00:00:00+00:00,7.5,low,1.0
2012-05-02 00:00:00+00:00,0.0,-9.394571229376968,67.05999755859375,0.024193386114473667,0.07386637757060044,2012-03-14 00:00:00+00:00,7.4,low,1.0
2012-05-03 00:00:00+00:00,0.0,-8.98266649817222,66.3499984741211,0.019951165079686466,0.07142779131247992,2012-03-14 00:00:00+00:00,7.1,low,1.0
2012-05-04 00:00:00+00:00,0.0,-7.202467159994896,64.69999694824219,0.02648144481132802,0.07503957554361933,2012-03-14 00:00:00+00:00,7.5,low,1.0
2012-05-07 00:00:00+00:00,0.0,-7.288451304825516,64.76000213623047,0.04589347262057775,0.08263603848998557,2012-03-14 00:00:00+00:00,8.3,low,1.0
2012-05-08 00:00:00+00:00,0.0,-6.943577124349554,64.5199966430664,0.04421204636873818,0.08209354312591753,2012-03-14 00:00:00+00:00,8.2,low,1.0
2012-05-09 00:00:00+00:00,0.0,-6.6542269894340205,64.31999969482422,0.016890796533670687,0.06938902113337043,2012-03-14 00:00:00+00:00,6.9,low,1.0
2012-05-10 00:00:00+00:00,0.0,-6.465183623675818,64.19000244140625,0.008795956038328357,0.06195221433238962,2012-03-14 00:00:00+00:00,6.2,low,1.0
2012-05-11 00:00:00+00:00,0.0,-6.4506066842672904,64.18000030517578,0.010752763692783593,0.06415262955123714,2012-03-14 00:00:00+00:00,6.4,low,1.0
2012-05-14 00:00:00+00:00,0.0,-5.5677898923845,63.58000183105469,0.011037963636411175,0.06444503816901907,2012-03-14 00:00:00+00:00,6.4,low,1.0
2012-05-15 00:00:00+00:00,0.0,-5.25484941215918,63.369998931884766,0.006014141790201128,0.05798881032646396,2012-03-14 00:00:00+00:00,5.8,low,1.0
2012-05-16 00:00:00+00:00,0.0,-4.6075592222066035,62.939998626708984,0.006868033253847749,0.059343868725324045,2012-03-14 00:00:00+00:00,5.9,low,1.0
2012-05-17 00:00:00+00:00,0.0,-2.5482870950668812,61.61000061035156,0.01332508592402537,0.06658804064085426,2012-03-14 00:00:00+00:00,6.7,low,1.0
2012-05-18 00:00:00+00:00,0.0,-1.2662398295913757,60.810001373291016,0.015268795304112823,0.06818212255706844,2012-03-14 00:00:00+00:00,6.8,low,1.0
2012-05-21 00:00:00+00:00,0.0,-3.9513637375270916,62.5099983215332,0.028782524637912445,0.07613911858578053,2012-03-14 00:00:00+00:00,7.6,low,1.0
2012-05-22 00:00:00+00:00,0.0,-3.843686361253429,62.439998626708984,0.0519711465571305,0.08447463832301462,2012-03-14 00:00:00+00:00,8.4,low,1.0
2012-05-23 00:00:00+00:00,0.0,-4.028133635622877,62.560001373291016,0.01783768617306589,0.07005014526359724,2012-03-14 00:00:00+00:00,7.0,low,1.0
2012-05-24 00:00:00+00:00,0.0,-3.395012966287647,62.150001525878906,0.01512475639538295,0.06806991739931195,2012-03-14 00:00:00+00:00,6.8,low,1.0
2012-05-25 00:00:00+00:00,0.0,-3.2704990966290426,62.06999969482422,0.012691944624863338,0.06602728989161455,2012-03-14 00:00:00+00:00,6.6,low,1.0
2012-05-29 00:00:00+00:00,0.0,-4.486159190968619,62.86000061035156,0.02841658583044343,0.07596914304955306,2012-03-14 00:00:00+00:00,7.6,low,1.0
2012-05-30 00:00:00+00:00,0.0,-3.673994622580612,62.33000183105469,0.01929151116268445,0.07101120477288092,2012-03-14 00:00:00+00:00,7.1,low,1.0
2012-05-31 00:00:00+00:00,0.0,-3.254915264363867,62.060001373291016,0.01722659260661261,0.06962688221288792,2012-03-14 00:00:00+00:00,7.0,low,1.0
2012-06-01 00:00:00+00:00,0.0,-0.6124796106924957,60.40999984741211,0.017124884990613095,0.06955524291245135,2012-03-14 00:00:00+00:00,7.0,low,1.0
2012-06-04 00:00:00+00:00,0.0,-0.3942793954014978,60.869998931884766,0.01759440789122333,0.06988309160028831,2012-03-14 00:00:00+00:00,7.0,low,1.0
2012-06-05 00:00:00+00:00,0.0,0.6544527697467606,61.119998931884766,0.009753443952385598,0.06307462227602817,2012-03-14 00:00:00+00:00,6.3,low,1.0
2012-06-06 00:00:00+00:00,0.0,-1.5674976568472387,62.52000045776367,0.034151181282450795,0.07845154622838155,2012-03-14 00:00:00+00:00,7.8,low,1.0
2012-06-07 00:00:00+00:00,0.0,-1.17231337220155,62.27000045776367,0.013113934925606287,0.06640352335762992,2012-03-14 00:00:00+00:00,6.6,low,1.0
2012-06-08 00:00:00+00:00,0.0,-2.1154732606221027,62.869998931884766,0.04064067316965825,0.08088458845669179,2012-03-14 00:00:00+00:00,8.1,low,1.0
2012-06-11 00:00:00+00:00,0.0,-0.4368232515204906,61.810001373291016,0.02206575081685821,0.07269128595922578,2012-03-14 00:00:00+00:00,7.3,low,1.0
2012-06-12 00:00:00+00:00,0.0,-1.6304354785374842,62.560001373291016,0.0303742014417468,0.07685868732099141,2012-03-14 00:00:00+00:00,7.7,low,1.0
2012-06-13 00:00:00+00:00,0.0,-0.9496219900930858,62.130001068115234,0.04188248208811337,0.08131421003861497,2012-03-14 00:00:00+00:00,8.1,low,1.0
2012-06-14 00:00:00+00:00,0.0,-1.3149449756228893,62.36000061035156,0.17409295517505846,0.10567285981569693,2012-03-14 00:00:00+00:00,10.6,low,1.0
2012-06-15 00:00:00+00:00,0.0,-2.3019538407714313,62.9900016784668,0.2731504334177826,0.11613559180093382,2012-03-14 00:00:00+00:00,11.6,low,1.0
2012-06-18 00:00:00+00:00,0.0,-3.2085574972898767,63.58000183105469,0.22569753735689094,0.1114314739533226,2012-03-14 00:00:00+00:00,11.1,low,1.0
2012-06-19 00:00:00+00:00,0.0,-4.2029841812385005,64.23999786376953,0.04773508998686443,0.08321246332100216,2012-03-14 00:00:00+00:00,8.3,low,1.0
2012-06-20 00:00:00+00:00,0.0,-4.277492550689665,64.29000091552734,0.0698467550946254,0.08905201339819815,2012-03-14 00:00:00+00:00,8.9,low,1.0
2012-06-21 00:00:00+00:00,0.0,-1.83441974218147,62.689998626708984,0.21619033533371973,0.11043100749541589,2012-03-14 00:00:00+00:00,11.0,low,1.0
2012-06-22 00:00:00+00:00,0.0,-2.8571390721234935,63.349998474121094,0.4996788348833429,0.13586631632289403,2012-03-14 00:00:00+00:00,13.6,low,1.0
2012-06-25 00:00:00+00:00,0.0,-0.9496219900930858,62.130001068115234,0.38766054331939925,0.126333762701489,2012-03-14 00:00:00+00:00,12.6,low,1.0
2012-06-26 00:00:00+00:00,0.0,-1.5674976568472387,62.52000045776367,0.34728381030009886,0.12285201601671918,2012-03-14 00:00:00+00:00,12.3,low,1.0
2012-06-27 00:00:00+00:00,0.0,-2.1621630800629177,62.900001525878906,0.48746533954680893,0.13481622504314003,2012-03-14 00:00:00+00:00,13.5,low,1.0
2012-06-28 00:00:00+00:00,0.0,-0.5466240328255267,62.20000076293945,0.48029284774950654,0.13420223163467374,2012-03-14 00:00:00+00:00,13.4,low,1.0
2012-06-29 00:00:00+00:00,0.0,-3.5847925817936166,64.16000366210938,0.8088442499768205,0.1700997847857937,2012-03-14 00:00:00+00:00,17.0,low,1.0
2012-07-02 00:00:00+00:00,0.0,-3.869460641511757,64.3499984741211,0.7749651119113976,0.16482716087820318,2012-03-14 00:00:00+00:00,16.5,low,1.0
2012-07-03 00:00:00+00:00,0.0,-4.6694387545027976,64.88999938964844,0.8052267275601753,0.16949843053690117,2012-03-14 00:00:00+00:00,16.9,low,1.0
2012-07-05 00:00:00+00:00,0.0,-4.728168304936076,64.93000030517578,0.7711705833957253,0.16428110187358155,2012-03-14 00:00:00+00:00,16.4,low,1.0
2012-07-06 00:00:00+00:00,0.0,-3.5246444782021435,64.12000274658203,0.7802567483298309,0.16560218257909223,2012-03-14 00:00:00+00:00,16.6,low,1.0
2012-07-09 00:00:00+00:00,0.0,-3.3437490463256836,64.0,0.7570454690668206,0.16231442276945524,2012-03-14 00:00:00+00:00,16.2,low,1.0
2012-07-10 00:00:00+00:00,0.0,-2.3828283840690467,63.369998931884766,0.7012408106723544,0.15536355280706324,2012-03-14 00:00:00+00:00,15.5,low,1.0
2012-07-11 00:00:00+00:00,0.0,-1.840685241171247,63.02000045776367,0.6489013591637806,0.14969086492111355,2012-03-14 00:00:00+00:00,15.0,low,1.0
2012-07-12 00:00:00+00:00,0.0,-0.4485003650939623,62.43000030517578,0.6399388041396202,0.14877889122654825,2012-03-14 00:00:00+00:00,14.9,low,1.0
2012-07-13 00:00:00+00:00,0.0,-1.9406745369322964,63.380001068115234,0.605460050805428,0.1414676243704073,2012-06-13 00:00:00+00:00,14.1,low,1.0
2012-07-16 00:00:00+00:00,0.0,-1.6613911778245893,63.20000076293945,0.5785975443247,0.1391026254199149,2012-06-13 00:00:00+00:00,13.9,low,1.0
2012-07-17 00:00:00+00:00,0.0,-2.172197827694089,63.529998779296875,0.5600187078310798,0.13751068319115115,2012-06-13 00:00:00+00:00,13.8,low,1.0
2012-07-18 00:00:00+00:00,0.0,-3.4787977713968465,64.38999938964844,0.33743128430827063,0.11945684830112725,2012-06-13 00:00:00+00:00,11.9,low,1.0
2012-07-19 00:00:00+00:00,0.0,-4.531485433774451,65.0999984741211,0.5031522380182673,0.13280046444083524,2012-06-13 00:00:00+00:00,13.3,low,1.0
2012-07-20 00:00:00+00:00,0.0,-3.253419065054719,64.23999786376953,0.28460289757585655,0.11495286078507111,2012-06-13 00:00:00+00:00,11.5,low,1.0
2012-07-23 00:00:00+00:00,0.0,-2.06428865031969,63.459999084472656,0.3244112352050236,0.11837073047653492,2012-06-13 00:00:00+00:00,11.8,low,1.0
2012-07-24 00:00:00+00:00,0.0,-1.2865272718746157,62.959999084472656,0.03097029145789302,0.07687488289239681,2012-06-13 00:00:00+00:00,7.7,low,1.0
2012-07-25 00:00:00+00:00,0.0,0.6875604395282675,62.540000915527344,0.02771989420893599,0.0754581430147854,2012-06-13 00:00:00+00:00,7.5,low,1.0
2012-07-26 00:00:00+00:00,0.0,0.42606984742714626,63.369998931884766,0.07616396512236584,0.08959832246198395,2012-06-13 00:00:00+00:00,9.0,low,1.0
2012-07-27 00:00:00+00:00,0.0,-1.4798872491500026,64.87000274658203,0.08606613243355636,0.09152918957836892,2012-06-13 00:00:00+00:00,9.2,low,1.0
2012-07-30 00:00:00+00:00,0.0,-1.403887460191966,64.81999969482422,0.025394467251035936,0.07435871934550767,2012-06-13 00:00:00+00:00,7.4,low,1.0
2012-07-31 00:00:00+00:00,0.0,-1.3734616704181746,64.80000305175781,0.019936117275056685,0.07141015095219376,2012-06-13 00:00:00+00:00,7.1,low,1.0
2012-08-01 00:00:00+00:00,0.0,-1.08342478923813,64.61000061035156,0.011073641682218154,0.06473947147532555,2012-06-13 00:00:00+00:00,6.5,low,1.0
2012-08-02 00:00:00+00:00,0.0,1.2581628184913818,64.37999725341797,0.0167830213067185,0.0693872099746964,2012-06-13 00:00:00+00:00,6.9,low,1.0
2012-08-03 00:00:00+00:00,0.0,0.30488503397696487,65.5999984741211,0.032933326477752156,0.07767277812470491,2012-06-13 00:00:00+00:00,7.8,low,1.0
2012-08-06 00:00:00+00:00,0.0,0.2723151427095116,66.0999984741211,0.030655885025837874,0.07674328996034385,2012-06-13 00:00:00+00:00,7.7,low,1.0
2012-08-07 00:00:00+00:00,0.0,-0.42010318512619715,66.6500015258789,0.03205118314104571,0.0773191444980084,2012-06-13 00:00:00+00:00,7.7,low,1.0
2012-08-08 00:00:00+00:00,0.0,-0.31521926720939897,66.62000274658203,0.03906770689894846,0.07993983284926445,2012-06-13 00:00:00+00:00,8.0,low,1.0
2012-08-09 00:00:00+00:00,0.0,-0.6135828114147701,66.81999969482422,0.02262393427543889,0.07293538639134786,2012-06-13 00:00:00+00:00,7.3,low,1.0
2012-08-10 00:00:00+00:00,0.0,-0.5384394362327072,66.86000061035156,0.018716087365420717,0.07066113519329116,2012-06-13 00:00:00+00:00,7.1,low,1.0
2012-08-13 00:00:00+00:00,0.0,-0.23872879846137396,67.0199966430664,0.019605102303536452,0.07121075812520433,2012-06-13 00:00:00+00:00,7.1,low,1.0
2012-08-14 00:00:00+00:00,0.0,-0.08949319203156447,67.05000305175781,0.026754166350409857,0.07501109252245554,2012-06-13 00:00:00+00:00,7.5,low,1.0
2012-08-15 00:00:00+00:00,0.0,0.25289819377889433,67.22000122070312,0.02858941024972542,0.0758498900408779,2012-06-13 00:00:00+00:00,7.6,low,1.0
2012-08-16 00:00:00+00:00,0.0,-0.8820913021645338,68.0199966430664,0.02847817200075016,0.07580032095476205,2012-06-13 00:00:00+00:00,7.6,low,1.0
2012-08-17 00:00:00+00:00,0.0,-1.3173324500864836,68.31999969482422,0.021708715461790998,0.07243365569289521,2012-06-13 00:00:00+00:00,7.2,low,1.0
2012-08-20 00:00:00+00:00,0.0,-1.4615609862057566,68.41999816894531,0.014531707979914548,0.06774013569642294,2012-06-13 00:00:00+00:00,6.8,low,1.0
2012-08-21 00:00:00+00:00,0.0,-1.0711714462051547,68.1500015258789,0.011200987664209884,0.06486299132178118,2012-06-13 00:00:00+00:00,6.5,low,1.0
2012-08-22 00:00:00+00:00,0.0,-1.4759639510831257,68.43000030517578,0.015390717518864675,0.06839204093156628,2012-06-13 00:00:00+00:00,6.8,low,1.0
2012-08-23 00:00:00+00:00,0.0,-0.6630389854513141,67.87000274658203,0.010936545582188349,0.06460516369856861,2012-06-13 00:00:00+00:00,6.5,low,1.0
2012-08-24 00:00:00+00:00,0.0,-1.2739826254479003,68.29000091552734,0.029274696089774333,0.07615183542706604,2012-06-13 00:00:00+00:00,7.6,low,1.0
2012-08-27 00:00:00+00:00,0.0,-1.432753413847243,68.4000015258789,0.025997913824337852,0.0746516949450223,2012-06-13 00:00:00+00:00,7.5,low,1.0
2012-08-28 00:00:00+00:00,0.0,-1.432753413847243,68.4000015258789,0.02459338098974398,0.07396083806447311,2012-06-13 00:00:00+00:00,7.4,low,1.0
2012-08-29 00:00:00+00:00,0.0,-1.432753413847243,68.4000015258789,0.027008437652304144,0.07513006291210965,2012-06-13 00:00:00+00:00,7.5,low,1.0
2012-08-30 00:00:00+00:00,0.0,-0.42829850752995613,67.70999908447266,0.02745517114526741,0.07533688237178825,2012-06-13 00:00:00+00:00,7.5,low,1.0
2012-08-31 00:00:00+00:00,0.0,-1.0856887520612535,68.16000366210938,0.23632680815525914,0.11052454451454245,2012-06-13 00:00:00+00:00,11.1,low,1.0
2012-09-04 00:00:00+00:00,0.0,-0.3671611300423594,68.08999633789062,0.2572325778373989,0.11248953250432676,2012-06-13 00:00:00+00:00,11.2,low,1.0
2012-09-05 00:00:00+00:00,0.0,-0.2499238126067116,68.0199966430664,0.4597461235013796,0.12930840111945452,2012-06-13 00:00:00+00:00,12.9,low,1.0
2012-09-06 00:00:00+00:00,0.0,-2.416223694334385,69.52999877929688,0.03862944580911593,0.07978779605864722,2012-06-13 00:00:00+00:00,8.0,low,1.0
2012-09-07 00:00:00+00:00,0.0,-2.275675967319424,69.43000030517578,0.04135259240495578,0.08071095830622904,2012-06-13 00:00:00+00:00,8.1,low,1.0
2012-09-10 00:00:00+00:00,0.0,-1.0067149579654155,68.54000091552734,0.018479644171768703,0.07051132973495247,2012-06-13 00:00:00+00:00,7.1,low,1.0
2012-09-11 00:00:00+00:00,0.0,-1.943594658955583,68.43000030517578,0.018853812044673627,0.07074767501106792,2012-06-13 00:00:00+00:00,7.1,low,1.0
2012-09-12 00:00:00+00:00,0.0,-2.666464046185024,68.62999725341797,0.013351230691943626,0.06678992578722559,2012-06-13 00:00:00+00:00,6.7,low,1.0
2012-09-13 00:00:00+00:00,0.0,-4.154685869869468,69.55999755859375,0.018439960508273272,0.07048603186141936,2012-06-13 00:00:00+00:00,7.0,low,1.0
2012-09-14 00:00:00+00:00,0.0,-5.172409856986359,70.18000030517578,0.019456594323057075,0.07112039707623088,2012-06-13 00:00:00+00:00,7.1,low,1.0
2012-09-17 00:00:00+00:00,0.0,-5.241419104347534,70.20999908447266,0.015069099852033368,0.06815158796634364,2012-06-13 00:00:00+00:00,6.8,low,1.0
2012-09-18 00:00:00+00:00,0.0,-5.322325377026416,70.2699966430664,0.014639510077663785,0.06782367544769344,2012-06-13 00:00:00+00:00,6.8,low,1.0
2012-09-19 00:00:00+00:00,0.0,-5.497162873156225,70.4000015258789,0.028069604405021313,0.07561689024406654,2012-06-13 00:00:00+00:00,7.6,low,1.0
2012-09-20 00:00:00+00:00,0.0,-5.403103871497262,70.33000183105469,0.013460276593851996,0.06688056621562756,2012-06-13 00:00:00+00:00,6.7,low,1.0
2012-09-21 00:00:00+00:00,0.0,-6.486105420937561,70.1500015258789,0.01315041767952359,0.06662138396121911,2012-06-13 00:00:00+00:00,6.7,low,1.0
2012-09-24 00:00:00+00:00,0.0,-6.079721814807004,69.73999786376953,0.014917695470443455,0.06803691489156946,2012-06-13 00:00:00+00:00,6.8,low,1.0
2012-09-25 00:00:00+00:00,0.0,-5.191971471657563,68.76000213623047,0.01060002245273132,0.0642694331244459,2012-06-13 00:00:00+00:00,6.4,low,1.0
2012-09-26 00:00:00+00:00,0.0,-4.604104882924586,68.19999694824219,0.013797399653346358,0.06715697773337641,2012-06-13 00:00:00+00:00,6.7,low,1.0
2012-09-27 00:00:00+00:00,0.0,-6.031238365283587,69.13999938964844,0.015541944211534398,0.06850366481744787,2012-06-13 00:00:00+00:00,6.9,low,1.0
2012-09-28 00:00:00+00:00,0.0,-5.716783121469371,68.56999969482422,0.013416357865056032,0.06684413408380173,2012-06-13 00:00:00+00:00,6.7,low,1.0
2012-10-01 00:00:00+00:00,0.0,-5.579085185804223,68.47000122070312,0.011976800935478234,0.0655911802831535,2012-06-13 00:00:00+00:00,6.6,low,1.0
2012-10-02 00:00:00+00:00,0.0,-5.854080020762797,68.66999816894531,0.012690940955831667,0.06622754030572127,2012-06-13 00:00:00+00:00,6.6,low,1.0
2012-10-03 00:00:00+00:00,0.0,-6.453478577751048,69.11000061035156,0.013623571262538955,0.06701516369765696,2012-06-13 00:00:00+00:00,6.7,low,1.0
2012-10-04 00:00:00+00:00,0.0,-6.777212763740803,69.3499984741211,0.022743580606401397,0.07299973678844159,2012-06-13 00:00:00+00:00,7.3,low,1.0
2012-10-05 00:00:00+00:00,0.0,-6.277184140814418,68.9800033569336,0.017109674744530692,0.06961073092039481,2012-06-13 00:00:00+00:00,7.0,low,1.0
2012-10-08 00:00:00+00:00,0.0,-6.510602849431024,68.3499984741211,0.04756039733681866,0.08264599033239226,2012-06-13 00:00:00+00:00,8.3,low,1.0
2012-10-09 00:00:00+00:00,0.0,-6.0957510535222585,67.26000213623047,0.021850596338767795,0.07251256300702816,2012-06-13 00:00:00+00:00,7.3,low,1.0
2012-10-10 00:00:00+00:00,0.0,-5.618646778860881,66.91999816894531,0.015347717193929666,0.06836013525489984,2012-06-13 00:00:00+00:00,6.8,low,1.0
2012-10-11 00:00:00+00:00,0.0,-5.3215399277180335,66.70999908447266,0.00666146490453181,0.0004951496033013254,2012-09-12 00:00:00+00:00,0.0,low,1.0
2012-10-12 00:00:00+00:00,0.0,-5.84883249554542,66.68000030517578,0.008830652633113034,0.0006510098455332918,2012-09-12 00:00:00+00:00,0.1,low,1.0
2012-10-15 00:00:00+00:00,0.0,-7.488460497863159,67.16999816894531,0.010828394793342114,0.0007938601548568869,2012-09-12 00:00:00+00:00,0.1,low,1.0
2012-10-16 00:00:00+00:00,0.0,-9.2777499335004,68.12000274658203,0.005669096022078896,0.00042346995385812795,2012-09-12 00:00:00+00:00,0.0,low,1.0
2012-10-17 00:00:00+00:00,0.0,-9.94418371868424,68.08000183105469,0.00531723618021505,0.00039798093249022564,2012-09-12 00:00:00+00:00,0.0,low,1.0
2012-10-18 00:00:00+00:00,0.0,-8.886906614466138,67.29000091552734,0.019208199742182172,0.0013898982715382778,2012-09-12 00:00:00+00:00,0.1,low,1.0
2012-10-19 00:00:00+00:00,0.0,-6.653469719214355,65.68000030517578,0.022632759088754367,0.0016331278446263184,2012-09-12 00:00:00+00:00,0.2,low,1.0
2012-10-22 00:00:00+00:00,0.0,-7.134194954961492,66.0199966430664,0.020417273406275846,0.0014757612320948224,2012-09-12 00:00:00+00:00,0.1,low,1.0
2012-10-23 00:00:00+00:00,0.0,-6.239483184646288,65.38999938964844,0.011198074015803625,0.0008202419377248478,2012-09-12 00:00:00+00:00,0.1,low,1.0
2012-10-24 00:00:00+00:00,0.0,-5.908536022776712,65.16000366210938,0.012772304432990477,0.0009324465096539641,2012-09-12 00:00:00+00:00,0.1,low,1.0
2012-10-25 00:00:00+00:00,0.0,-5.908536022776712,65.16000366210938,0.011902995072785309,0.0008705114526928388,2012-09-12 00:00:00+00:00,0.1,low,1.0
2012-10-26 00:00:00+00:00,0.0,-6.182092111953052,65.3499984741211,0.010494038306458621,0.0007699866401459162,2012-09-12 00:00:00+00:00,0.1,low,1.0
2012-10-31 00:00:00+00:00,0.0,-5.60430445878517,64.94999694824219,0.009710539421147643,0.0007139921151106642,2012-09-12 00:00:00+00:00,0.1,low,1.0
2012-11-01 00:00:00+00:00,0.0,-6.9227283788562355,65.87000274658203,0.01188067307315962,0.0008689203005692361,2012-09-12 00:00:00+00:00,0.1,low,1.0
2012-11-02 00:00:00+00:00,0.0,-5.92296594154832,65.16999816894531,0.006901062291803645,0.000512415357694544,2012-09-12 00:00:00+00:00,0.1,low,1.0
2012-11-05 00:00:00+00:00,0.0,-6.539629878989195,65.5999984741211,0.009252581797911184,0.0006812257611048735,2012-09-12 00:00:00+00:00,0.1,low,1.0
2012-11-06 00:00:00+00:00,0.0,-6.7102857052639076,65.72000122070312,0.00768020952646288,0.0005684684985508222,2012-09-12 00:00:00+00:00,0.1,low,1.0
2012-11-07 00:00:00+00:00,0.0,-4.456906462930799,64.16999816894531,0.028875709392186494,0.00207723440967528,2012-09-12 00:00:00+00:00,0.2,low,1.0
2012-11-08 00:00:00+00:00,0.0,-2.9290666222142048,63.15999984741211,0.022425115878400015,0.0016183757676136164,2012-09-12 00:00:00+00:00,0.2,low,1.0
2012-11-09 00:00:00+00:00,0.0,-3.3422653660491575,63.43000030517578,0.025993585218276827,0.0018720450478014272,2012-09-12 00:00:00+00:00,0.2,low,1.0
2012-11-12 00:00:00+00:00,0.0,-3.327021218186499,63.41999816894531,0.025356083612242192,0.001826700746184794,2012-09-12 00:00:00+00:00,0.2,low,1.0
2012-11-13 00:00:00+00:00,0.0,-2.651632551736305,62.97999954223633,0.024031474177693884,0.0017325239431180417,2012-09-12 00:00:00+00:00,0.2,low,1.0
2012-11-14 00:00:00+00:00,0.0,-1.4942163883288173,62.2400016784668,0.019603137332569468,0.0014179445879868643,2012-09-12 00:00:00+00:00,0.1,low,1.0
2012-11-15 00:00:00+00:00,0.0,-1.1607245206752492,62.029998779296875,0.010668559031669711,0.0007824491976614485,2012-09-12 00:00:00+00:00,0.1,low,1.0
2012-11-16 00:00:00+00:00,0.0,1.0593898162032378,62.29999923706055,0.012772799960452358,0.0009324817980746547,2012-09-12 00:00:00+00:00,0.1,low,1.0
2012-11-19 00:00:00+00:00,0.0,-0.9250551330825751,63.779998779296875,0.018842528877712757,0.001363930137138634,2012-09-12 00:00:00+00:00,0.1,low,1.0
2012-11-20 00:00:00+00:00,0.0,-0.31348082340301175,63.79999923706055,0.00847616065863019,0.0006256012646430094,2012-09-12 00:00:00+00:00,0.1,low,1.0
2012-11-21 00:00:00+00:00,0.0,0.5005469940507989,63.93000030517578,0.008711694691772347,0.0006424857458624193,2012-09-12 00:00:00+00:00,0.1,low,1.0
2012-11-23 00:00:00+00:00,0.0,-1.001543159624918,64.9000015258789,0.01608013421196073,0.0011677137508457256,2012-09-12 00:00:00+00:00,0.1,low,1.0
2012-11-26 00:00:00+00:00,0.0,-1.4268185038684877,65.18000030517578,0.015524337391899994,0.001128215444210459,2012-09-12 00:00:00+00:00,0.1,low,1.0
2012-11-27 00:00:00+00:00,0.0,-1.0929789015997171,64.95999908447266,0.019464038067073756,0.001408066513075277,2012-09-12 00:00:00+00:00,0.1,low,1.0
2012-11-28 00:00:00+00:00,0.0,-2.930400285892709,65.5199966430664,0.022680023869916757,0.0016364859006025865,2012-09-12 00:00:00+00:00,0.2,low,1.0
2012-11-29 00:00:00+00:00,0.0,-3.504786921012215,65.91000366210938,0.031177049381483465,0.00224133850570633,2012-09-12 00:00:00+00:00,0.2,low,1.0
2012-11-30 00:00:00+00:00,0.0,-3.3738618810653986,65.80000305175781,0.04070974966501835,0.0029243562606051693,2012-09-12 00:00:00+00:00,0.3,low,1.0
2012-12-03 00:00:00+00:00,0.0,-3.182574076694533,65.66999816894531,0.025301505874565648,0.0018228193512413958,2012-09-12 00:00:00+00:00,0.2,low,1.0
2012-12-04 00:00:00+00:00,0.0,-3.123564693211256,65.62999725341797,0.017271577113401965,0.0012523581143736775,2012-09-12 00:00:00+00:00,0.1,low,1.0
2012-12-05 00:00:00+00:00,0.0,-2.033897787040684,64.9000015258789,0.026444536980837163,0.001904128811819398,2012-09-12 00:00:00+00:00,0.2,low,1.0
2012-12-06 00:00:00+00:00,0.0,-2.66380568263751,65.31999969482422,0.024426957858672087,0.0017606366860428498,2012-09-12 00:00:00+00:00,0.2,low,1.0
2012-12-07 00:00:00+00:00,0.0,-2.079159814840603,64.93000030517578,0.028423772190172055,0.002045036744836961,2012-09-12 00:00:00+00:00,0.2,low,1.0
2012-12-10 00:00:00+00:00,0.0,-2.3648661710294117,65.12000274658203,0.03292546373463641,0.0023661959580382483,2012-09-12 00:00:00+00:00,0.2,low,1.0
2012-12-11 00:00:00+00:00,0.0,-3.6228578830136415,65.97000122070312,0.0523828730009887,0.003769861540422233,2012-09-12 00:00:00+00:00,0.4,low,1.0
2012-12-12 00:00:00+00:00,0.0,-3.417894481872219,65.83000183105469,0.042047510477236795,0.0030206990133703647,2012-09-12 00:00:00+00:00,0.3,low,1.0
2012-12-13 00:00:00+00:00,0.0,-2.648898778455744,65.30999755859375,0.07009999426568801,0.005077115084555465,2012-09-12 00:00:00+00:00,0.5,low,1.0
2012-12-14 00:00:00+00:00,0.0,-1.7158765936930664,64.69000244140625,0.09345163230235878,0.006852501624056805,2012-09-12 00:00:00+00:00,0.7,low,1.0
2012-12-17 00:00:00+00:00,0.0,-3.0053411578754963,65.55000305175781,0.09952844360237131,0.007325385529428699,2012-09-12 00:00:00+00:00,0.7,low,1.0
2012-12-18 00:00:00+00:00,0.0,-4.462811546970591,66.55000305175781,0.059137920809227806,0.004264612756115229,2012-09-12 00:00:00+00:00,0.4,low,1.0
2012-12-19 00:00:00+00:00,0.0,-4.044672832436236,66.26000213623047,0.07371391663828585,0.0053477650916318245,2012-09-12 00:00:00+00:00,0.5,low,1.0
2012-12-20 00:00:00+00:00,0.0,-4.044672832436236,66.26000213623047,0.11227050763607246,0.008332691711150312,2012-09-12 00:00:00+00:00,0.8,low,1.0
2012-12-21 00:00:00+00:00,0.0,-2.484655204007913,65.19999694824219,0.09149750966655967,0.006701430311160793,2012-09-12 00:00:00+00:00,0.7,low,1.0
2012-12-24 00:00:00+00:00,0.0,-2.2898384366951907,65.06999969482422,0.03342136951809122,0.002401640340684491,2012-09-12 00:00:00+00:00,0.2,low,1.0
2012-12-26 00:00:00+00:00,0.0,-1.4263537503028112,64.5,0.06982923793408613,0.005056895221314663,2012-09-12 00:00:00+00:00,0.5,low,1.0
2012-12-27 00:00:00+00:00,0.0,-1.2732914214213298,64.4000015258789,0.05748791875423255,0.00414336471355802,2012-09-12 00:00:00+00:00,0.4,low,1.0
2012-12-28 00:00:00+00:00,0.0,-0.31357314529630864,63.779998779296875,0.03512275640812755,0.002523355161387474,2012-09-12 00:00:00+00:00,0.3,low,1.0
2012-12-31 00:00:00+00:00,0.0,1.5968078602563773,65.12999725341797,0.03996016022432476,0.0028704298666095925,2012-09-12 00:00:00+00:00,0.3,low,1.0
2013-01-02 00:00:00+00:00,0.0,-1.5327363483218392,67.19999694824219,0.20438673699425314,0.016364736573851766,2012-09-12 00:00:00+00:00,1.6,low,1.0
2013-01-03 00:00:00+00:00,0.0,-1.0172031723217234,66.8499984741211,0.28567017128390765,0.0248553895458611,2012-09-12 00:00:00+00:00,2.5,low,1.0
2013-01-04 00:00:00+00:00,0.0,-0.690378363251487,66.62999725341797,0.14260916606126275,0.010823839203420988,2012-09-12 00:00:00+00:00,1.1,low,1.0
2013-01-07 00:00:00+00:00,0.0,-0.7201850651829544,66.6500015258789,0.10114683218536198,0.0074521274391741036,2012-09-12 00:00:00+00:00,0.7,low,1.0
2013-01-08 00:00:00+00:00,0.0,-0.2856205977146864,66.5199966430664,0.10043920401646178,0.007396668463720834,2012-09-12 00:00:00+00:00,0.7,low,1.0
2013-01-09 00:00:00+00:00,0.0,-0.6589708463874966,66.7699966430664,0.09850845172761083,0.007245681188341683,2012-09-12 00:00:00+00:00,0.7,low,1.0
2013-01-10 00:00:00+00:00,0.0,-1.250552867037269,67.16999816894531,0.09730778476929926,0.007152030693256696,2012-09-12 00:00:00+00:00,0.7,low,1.0
2013-01-11 00:00:00+00:00,0.0,-1.3826944330036284,67.26000213623047,0.09895656259482899,0.007280680931047499,2012-09-12 00:00:00+00:00,0.7,low,1.0
2013-01-14 00:00:00+00:00,0.0,-0.9408561260928372,66.95999908447266,0.02986118277161945,0.00214747531150551,2012-09-12 00:00:00+00:00,0.2,low,1.0
2013-01-15 00:00:00+00:00,0.0,-0.25513758960359345,66.62999725341797,0.03609616101722722,0.0,2012-12-13 00:00:00+00:00,0.0,low,1.0
2013-01-16 00:00:00+00:00,0.0,-0.6577016911368028,66.9000015258789,0.023892990577022887,0.0,2012-12-13 00:00:00+00:00,0.0,low,1.0
2013-01-17 00:00:00+00:00,0.0,-1.130619045565262,67.22000122070312,0.015115038998816452,0.0,2012-12-13 00:00:00+00:00,0.0,low,1.0
2013-01-18 00:00:00+00:00,0.0,-0.9094984540437334,67.06999969482422,0.011641017315827028,0.0,2012-12-13 00:00:00+00:00,0.0,low,1.0
2013-01-22 00:00:00+00:00,0.0,-1.0717493561065883,67.18000030517578,0.011497696777764533,0.0,2012-12-13 00:00:00+00:00,0.0,low,1.0
2013-01-23 00:00:00+00:00,0.0,-2.012121696468605,67.58999633789062,0.010970600801955697,0.0,2012-12-13 00:00:00+00:00,0.0,low,1.0
2013-01-24 00:00:00+00:00,0.0,-0.6450649288220811,66.66000366210938,0.005746435102349107,0.0,2012-12-13 00:00:00+00:00,0.0,low,1.0
2013-01-25 00:00:00+00:00,0.0,-1.1492487209946334,67.0,0.00923996774131702,0.0,2012-12-13 00:00:00+00:00,0.0,low,1.0
2013-01-28 00:00:00+00:00,0.0,-1.7721554942148998,67.1500015258789,0.009591045700566299,0.0,2012-12-13 00:00:00+00:00,0.0,low,1.0
2013-01-29 00:00:00+00:00,0.0,-1.786784562541266,67.16000366210938,0.00833074979348072,0.0,2012-12-13 00:00:00+00:00,0.0,low,1.0
2013-01-30 00:00:00+00:00,0.0,-1.5816138640517452,67.0199966430664,0.007570126976668805,0.0,2012-12-13 00:00:00+00:00,0.0,low,1.0
2013-01-31 00:00:00+00:00,0.0,-1.360854829867475,66.87000274658203,0.08107229829674195,0.0,2012-12-13 00:00:00+00:00,0.0,low,1.0
2013-02-01 00:00:00+00:00,0.0,-2.512569443724033,67.66000366210938,0.09206142418714462,0.0,2012-12-13 00:00:00+00:00,0.0,low,1.0
2013-02-04 00:00:00+00:00,0.0,-0.7821965195594416,66.4800033569336,0.02272657918588051,0.0,2012-12-13 00:00:00+00:00,0.0,low,1.0
2013-02-05 00:00:00+00:00,0.0,-2.223539905658345,67.45999908447266,0.024449136753512814,0.0,2012-12-13 00:00:00+00:00,0.0,low,1.0
2013-02-06 00:00:00+00:00,0.0,-1.903627037422273,67.23999786376953,0.020869773241875333,0.0,2012-12-13 00:00:00+00:00,0.0,low,1.0
2013-02-07 00:00:00+00:00,0.0,-1.991090500032533,67.30000305175781,0.023777951282328683,0.0,2012-12-13 00:00:00+00:00,0.0,low,1.0
2013-02-08 00:00:00+00:00,0.0,-2.9857314944535696,67.98999786376953,0.0229203776307924,0.0,2012-12-13 00:00:00+00:00,0.0,low,1.0
2013-02-11 00:00:00+00:00,0.0,-3.0142670009794426,68.01000213623047,0.024812575458071653,0.0,2012-12-13 00:00:00+00:00,0.0,low,1.0
2013-02-12 00:00:00+00:00,0.0,-2.6133237630789785,67.7300033569336,0.015418258455256332,0.0,2012-12-13 00:00:00+00:00,0.0,low,1.0
2013-02-13 00:00:00+00:00,0.0,-2.9571900840546617,67.97000122070312,0.02549955610086667,0.0,2012-12-13 00:00:00+00:00,0.0,low,1.0
2013-02-14 00:00:00+00:00,0.0,-2.928620975929286,67.94999694824219,0.019576222587022556,0.0,2012-12-13 00:00:00+00:00,0.0,low,1.0
2013-02-15 00:00:00+00:00,0.0,-2.6420677719960817,67.75,0.014570014371287444,0.0,2012-12-13 00:00:00+00:00,0.0,low,1.0
2013-02-19 00:00:00+00:00,0.0,-3.3411472020390964,68.23999786376953,0.01975480115963809,0.0,2012-12-13 00:00:00+00:00,0.0,low,1.0
2013-02-20 00:00:00+00:00,0.0,-1.830634487632632,67.19000244140625,0.022650966790878534,0.0,2012-12-13 00:00:00+00:00,0.0,low,1.0
2013-02-21 00:00:00+00:00,0.0,-0.7672666268458306,66.47000122070312,0.024706614431945335,0.0,2012-12-13 00:00:00+00:00,0.0,low,1.0
2013-02-22 00:00:00+00:00,0.0,-1.7575220671773084,67.13999938964844,0.017979262899592365,0.0,2012-12-13 00:00:00+00:00,0.0,low,1.0
2013-02-25 00:00:00+00:00,0.0,-0.5278215759423333,66.30999755859375,0.021032808353682153,0.0,2012-12-13 00:00:00+00:00,0.0,low,1.0
2013-02-26 00:00:00+00:00,0.0,-0.135210849146139,66.55999755859375,0.0211748908711502,0.0,2012-12-13 00:00:00+00:00,0.0,low,1.0
2013-02-27 00:00:00+00:00,0.0,-1.041042490305255,67.23999786376953,0.025133637404213257,0.0,2012-12-13 00:00:00+00:00,0.0,low,1.0
2013-02-28 00:00:00+00:00,0.0,-0.8345716413238446,67.0999984741211,0.014675910278266192,0.0,2012-12-13 00:00:00+00:00,0.0,low,1.0
2013-03-01 00:00:00+00:00,0.0,-0.4600735696498215,67.37999725341797,0.01989918688822316,0.0,2012-12-13 00:00:00+00:00,0.0,low,1.0
2013-03-04 00:00:00+00:00,0.0,-0.08864887459103521,67.68000030517578,0.018168574675297935,0.0,2012-12-13 00:00:00+00:00,0.0,low,1.0
2013-03-05 00:00:00+00:00,0.0,-1.5433860714672565,68.68000030517578,0.042882480205551944,0.0,2012-12-13 00:00:00+00:00,0.0,low,1.0
2013-03-06 00:00:00+00:00,0.0,-1.2990794948140483,68.51000213623047,0.016268295096711398,0.0,2012-12-13 00:00:00+00:00,0.0,low,1.0
2013-03-07 00:00:00+00:00,0.0,-2.1837238996745167,68.69000244140625,0.02946780131337648,0.0,2012-12-13 00:00:00+00:00,0.0,low,1.0
2013-03-08 00:00:00+00:00,0.0,-2.2975051312867256,68.7699966430664,0.029755944099345177,0.0,2012-12-13 00:00:00+00:00,0.0,low,1.0
2013-03-11 00:00:00+00:00,0.0,-2.5808304303212903,68.97000122070312,0.020784686026140167,0.0,2012-12-13 00:00:00+00:00,0.0,low,1.0
2013-03-12 00:00:00+00:00,0.0,-2.226424260941273,68.72000122070312,0.015314382857704532,0.0,2012-12-13 00:00:00+00:00,0.0,low,1.0
2013-03-13 00:00:00+00:00,0.0,-2.0982003054648257,68.62999725341797,0.019077774829724285,0.0,2012-12-13 00:00:00+00:00,0.0,low,1.0
2013-03-14 00:00:00+00:00,0.0,-2.4252078915814934,68.86000061035156,0.01740394923150678,0.0,2012-12-13 00:00:00+00:00,0.0,low,1.0
2013-03-15 00:00:00+00:00,0.0,-1.926725519872896,68.51000213623047,0.017560899604124536,0.0,2012-12-13 00:00:00+00:00,0.0,low,1.0
2013-03-18 00:00:00+00:00,0.0,-1.711524515065821,68.36000061035156,0.021901638213405263,0.0,2012-12-13 00:00:00+00:00,0.0,low,1.0
2013-03-19 00:00:00+00:00,0.0,-1.5242574591221358,68.2300033569336,0.0172342013654597,0.0,2012-12-13 00:00:00+00:00,0.0,low,1.0
2013-03-20 00:00:00+00:00,0.0,-2.6633704780069434,68.70999908447266,0.01811594769483619,0.0,2012-12-13 00:00:00+00:00,0.0,low,1.0
2013-03-21 00:00:00+00:00,0.0,-1.5457133034604276,67.93000030517578,0.02062048856936885,0.0,2012-12-13 00:00:00+00:00,0.0,low,1.0
2013-03-22 00:00:00+00:00,0.0,-2.493073590569672,68.58999633789062,0.017397242228760046,0.0,2012-12-13 00:00:00+00:00,0.0,low,1.0
2013-03-25 00:00:00+00:00,0.0,-2.136375713650973,68.33999633789062,0.024229255012998475,0.0,2012-12-13 00:00:00+00:00,0.0,low,1.0
2013-03-26 00:00:00+00:00,0.0,-2.6633704780069434,68.70999908447266,0.02393354303543074,0.0,2012-12-13 00:00:00+00:00,0.0,low,1.0
2013-03-27 00:00:00+00:00,0.0,-2.790705978450958,68.80000305175781,0.024044951798602873,0.0,2012-12-13 00:00:00+00:00,0.0,low,1.0
2013-03-28 00:00:00+00:00,0.0,-3.0303087288590436,68.97000122070312,0.034292030334059004,0.0,2012-12-13 00:00:00+00:00,0.0,low,1.0
2013-04-01 00:00:00+00:00,0.0,-2.3649675132584425,68.5,0.020057023406062413,0.0,2012-12-13 00:00:00+00:00,0.0,low,1.0
2013-04-02 00:00:00+00:00,0.0,-3.128626352065389,69.04000091552734,0.04420185255074875,0.0,2012-12-13 00:00:00+00:00,0.0,low,1.0
2013-04-03 00:00:00+00:00,0.0,-2.2365243777041965,68.41000366210938,0.04056379580720427,0.0,2012-12-13 00:00:00+00:00,0.0,low,1.0
2013-04-04 00:00:00+00:00,0.0,-2.265092861092066,68.43000030517578,0.04436695072278265,0.0,2012-12-13 00:00:00+00:00,0.0,low,1.0
2013-04-05 00:00:00+00:00,0.0,-1.4441546538744077,67.86000061035156,0.053308898018318535,0.0,2012-12-13 00:00:00+00:00,0.0,low,1.0
2013-04-08 00:00:00+00:00,0.0,-1.9642391429311457,68.22000122070312,0.02926809397461773,0.0,2012-12-13 00:00:00+00:00,0.0,low,1.0
2013-04-09 00:00:00+00:00,0.0,-2.6208547521252124,68.68000030517578,0.031751071783182164,0.0,2012-12-13 00:00:00+00:00,0.0,low,1.0
2013-04-10 00:00:00+00:00,0.0,-4.484432362450519,70.0199966430664,0.01902933282848818,0.0,2012-12-13 00:00:00+00:00,0.0,low,1.0
2013-04-11 00:00:00+00:00,0.0,-4.443492935097604,69.98999786376953,0.016163127242219757,0.0,2012-12-13 00:00:00+00:00,0.0,low,1.0
2013-04-12 00:00:00+00:00,0.0,-4.3751859896657415,69.94000244140625,0.0147139595370661,0.0,2012-12-13 00:00:00+00:00,0.0,low,1.0
2013-04-15 00:00:00+00:00,0.0,-2.4504089337809454,68.55999755859375,0.016509077359104434,0.0,2012-12-13 00:00:00+00:00,0.0,low,1.0
2013-04-16 00:00:00+00:00,0.0,-3.728233657369351,69.47000122070312,0.01839903382134051,0.0,2012-12-13 00:00:00+00:00,0.0,low,1.0
2013-04-17 00:00:00+00:00,0.0,-1.8059071295128626,68.11000061035156,0.0565343717051039,0.0,2013-03-18 00:00:00+00:00,0.0,low,1.0
2013-04-18 00:00:00+00:00,0.0,0.044660979774668874,67.16999816894531,0.04180140501216896,0.0,2013-03-18 00:00:00+00:00,0.0,low,1.0
2013-04-19 00:00:00+00:00,0.0,-0.014678377696397682,68.08999633789062,0.0974223488761101,0.0,2013-03-18 00:00:00+00:00,0.0,low,1.0
2013-04-22 00:00:00+00:00,0.0,0.043609214853357336,68.79000091552734,0.09583178968894901,0.0,2013-03-18 00:00:00+00:00,0.0,low,1.0
2013-04-23 00:00:00+00:00,0.0,-0.47515365897867756,69.44999694824219,0.09852705436436109,0.0,2013-03-18 00:00:00+00:00,0.0,low,1.0
2013-04-24 00:00:00+00:00,0.0,-0.21607826251140994,69.41999816894531,0.10506117673300837,0.0,2013-03-18 00:00:00+00:00,0.0,low,1.0
2013-04-25 00:00:00+00:00,0.0,-0.7450985322243309,69.79000091552734,0.09290524984161751,0.0,2013-03-18 00:00:00+00:00,0.0,low,1.0
2013-04-26 00:00:00+00:00,0.0,0.2731097344253586,69.56999969482422,0.08518925655968868,0.0,2013-03-18 00:00:00+00:00,0.0,low,1.0
2013-04-29 00:00:00+00:00,0.0,-0.24212814579412933,70.20999908447266,0.14254771991078183,0.0,2013-03-18 00:00:00+00:00,0.0,low,1.0
2013-04-30 00:00:00+00:00,0.0,-0.6645944748167376,70.72000122070312,0.13975612811449944,0.0,2013-03-18 00:00:00+00:00,0.0,low,1.0
2013-05-01 00:00:00+00:00,0.0,0.08523591293363442,70.38999938964844,0.12819003428335374,0.0,2013-03-18 00:00:00+00:00,0.0,low,1.0
2013-05-02 00:00:00+00:00,0.0,0.883845249160542,71.27999877929688,0.202304943951908,0.0,2013-03-18 00:00:00+00:00,0.0,low,1.0
2013-05-03 00:00:00+00:00,0.0,-0.04160622233591038,72.12000274658203,0.18018282146802803,0.0,2013-03-18 00:00:00+00:00,0.0,low,1.0
2013-05-06 00:00:00+00:00,0.0,-0.4281839522855102,72.4000015258789,0.1477333194678589,0.0,2013-03-18 00:00:00+00:00,0.0,low,1.0
2013-05-07 00:00:00+00:00,0.0,-0.5113360191557281,72.36000061035156,0.13828706752163955,0.0,2013-03-18 00:00:00+00:00,0.0,low,1.0
2013-05-08 00:00:00+00:00,0.0,-1.7054021171543865,72.70999908447266,0.07798720196400044,0.0,2013-03-18 00:00:00+00:00,0.0,low,1.0
2013-05-09 00:00:00+00:00,0.0,-1.570030822291324,72.61000061035156,0.07775425983140068,0.0,2013-03-18 00:00:00+00:00,0.0,low,1.0
2013-05-10 00:00:00+00:00,0.0,-2.1629045380535006,73.05000305175781,0.08463715557958607,0.0,2013-03-18 00:00:00+00:00,0.0,low,1.0
2013-05-13 00:00:00+00:00,0.0,-2.2832898316672234,73.13999938964844,0.06842387865451575,0.0,2013-03-18 00:00:00+00:00,0.0,low,1.0
2013-05-14 00:00:00+00:00,0.0,-2.788350810618012,73.5199966430664,0.06393083553509618,0.0,2013-03-18 00:00:00+00:00,0.0,low,1.0
2013-05-15 00:00:00+00:00,0.0,-2.986286144865913,73.66999816894531,0.045515337924697134,0.0,2013-03-18 00:00:00+00:00,0.0,low,1.0
2013-05-16 00:00:00+00:00,0.0,-2.880819707414417,73.58999633789062,0.0640814389670972,0.0,2013-03-18 00:00:00+00:00,0.0,low,1.0
2013-05-17 00:00:00+00:00,0.0,-3.808885215096547,74.30000305175781,0.11749047062620745,0.0,2013-03-18 00:00:00+00:00,0.0,low,1.0
2013-05-20 00:00:00+00:00,0.0,-3.6662638242279666,74.19000244140625,0.07686879981034071,0.0,2013-03-18 00:00:00+00:00,0.0,low,1.0
2013-05-21 00:00:00+00:00,0.0,-3.7700222821064,74.2699966430664,0.07731800909777657,0.0,2013-03-18 00:00:00+00:00,0.0,low,1.0
2013-05-22 00:00:00+00:00,0.0,-3.8440664567702343,73.62000274658203,0.18578168297193437,0.0,2013-03-18 00:00:00+00:00,0.0,low,1.0
2013-05-23 00:00:00+00:00,0.0,-4.914909135932866,73.44999694824219,0.056049520973565116,0.0,2013-03-18 00:00:00+00:00,0.0,low,1.0
2013-05-24 00:00:00+00:00,0.0,-5.803026731667737,73.41000366210938,0.07706760771533551,0.0,2013-03-18 00:00:00+00:00,0.0,low,1.0
2013-05-28 00:00:00+00:00,0.0,-6.414938290598471,73.88999938964844,0.06485104697600551,0.0,2013-03-18 00:00:00+00:00,0.0,low,1.0
2013-05-29 00:00:00+00:00,0.0,-5.969539481908715,73.54000091552734,0.060091145040041885,0.0,2013-03-18 00:00:00+00:00,0.0,low,1.0
2013-05-30 00:00:00+00:00,0.0,-6.46557386658394,73.93000030517578,0.06038235284056549,0.0,2013-03-18 00:00:00+00:00,0.0,low,1.0
2013-05-31 00:00:00+00:00,0.0,-5.597267541462248,73.25,0.10899349981266146,0.0,2013-03-18 00:00:00+00:00,0.0,low,1.0
2013-06-03 00:00:00+00:00,0.0,-5.7645078847996745,73.37999725341797,0.4302329808072385,0.0,2013-03-18 00:00:00+00:00,0.0,low,1.0
2013-06-04 00:00:00+00:00,0.0,-5.273970512494652,73.0,0.28178742523688866,0.0,2013-03-18 00:00:00+00:00,0.0,low,1.0
2013-06-05 00:00:00+00:00,0.0,-4.024984598259717,72.05000305175781,0.054186910709591064,0.0,2013-03-18 00:00:00+00:00,0.0,low,1.0
2013-06-06 00:00:00+00:00,0.0,-4.488950181635431,72.4000015258789,0.0720585462659841,0.0,2013-03-18 00:00:00+00:00,0.0,low,1.0
2013-06-07 00:00:00+00:00,0.0,-5.777351000179431,73.38999938964844,0.02745139662494008,0.0,2013-03-18 00:00:00+00:00,0.0,low,1.0
2013-06-10 00:00:00+00:00,0.0,-5.815849563549158,73.41999816894531,0.017381731616550912,0.0,2013-03-18 00:00:00+00:00,0.0,low,1.0
2013-06-11 00:00:00+00:00,0.0,-4.86999696881405,72.69000244140625,0.017192464696995494,0.0,2013-03-18 00:00:00+00:00,0.0,low,1.0
2013-06-12 00:00:00+00:00,0.0,-3.7578246424245565,71.8499984741211,0.008638019393967303,0.0,2013-03-18 00:00:00+00:00,0.0,low,1.0
2013-06-13 00:00:00+00:00,0.0,-4.961518010393218,72.76000213623047,0.014206494212270056,0.0,2013-03-18 00:00:00+00:00,0.0,low,1.0
2013-06-14 00:00:00+00:00,0.0,-4.330378121581391,72.27999877929688,0.013262183863742893,0.0,2013-03-18 00:00:00+00:00,0.0,low,1.0
2013-06-17 00:00:00+00:00,0.0,-5.248015421872154,72.9800033569336,0.015614244361349996,0.0,2013-03-18 00:00:00+00:00,0.0,low,1.0
2013-06-18 00:00:00+00:00,0.0,-6.020658052370531,73.58000183105469,0.018608089010726844,0.0,2013-03-18 00:00:00+00:00,0.0,low,1.0
2013-06-19 00:00:00+00:00,0.0,-4.961518010393218,72.76000213623047,0.008130825499076514,0.0,2013-03-18 00:00:00+00:00,0.0,low,1.0
2013-06-20 00:00:00+00:00,0.0,-2.646765149552466,71.02999877929688,0.04916784063208337,0.0,2013-03-18 00:00:00+00:00,0.0,low,1.0
2013-06-21 00:00:00+00:00,0.0,-1.8174056137307826,70.43000030517578,0.010723022919404619,0.0,2013-03-18 00:00:00+00:00,0.0,low,1.0
2013-06-24 00:00:00+00:00,0.0,0.11471991654823377,69.7300033569336,0.006030208717777262,0.0,2013-03-18 00:00:00+00:00,0.0,low,1.0
2013-06-25 00:00:00+00:00,0.0,0.4982894145297623,70.23999786376953,0.005555140984067586,0.0,2013-03-18 00:00:00+00:00,0.0,low,1.0
2013-06-26 00:00:00+00:00,0.0,-0.1128853223567039,70.87000274658203,0.011491106762100542,0.0,2013-03-18 00:00:00+00:00,0.0,low,1.0
2013-06-27 00:00:00+00:00,0.0,-0.5339289914212508,71.16999816894531,0.008983202753989864,0.0,2013-03-18 00:00:00+00:00,0.0,low,1.0
2013-06-28 00:00:00+00:00,0.0,0.11225176767630796,71.2699966430664,0.01414666768788787,0.0,2013-03-18 00:00:00+00:00,0.0,low,1.0
2013-07-01 00:00:00+00:00,0.0,-0.502022890737297,71.70999908447266,0.01701891058021799,0.0,2013-03-18 00:00:00+00:00,0.0,low,1.0
2013-07-02 00:00:00+00:00,0.0,-0.4460547872218834,71.73999786376953,0.01860407051238157,0.0,2013-03-18 00:00:00+00:00,0.0,low,1.0
2013-07-03 00:00:00+00:00,0.0,-0.23601023438331037,72.02999877929688,0.012743169704701646,0.0,2013-03-18 00:00:00+00:00,0.0,low,1.0
2013-07-05 00:00:00+00:00,0.0,-0.27556430503029583,72.58000183105469,0.016594212342195876,0.0,2013-03-18 00:00:00+00:00,0.0,low,1.0
2013-07-08 00:00:00+00:00,0.0,0.0,72.6500015258789,0.00833970702107792,0.0,2013-03-18 00:00:00+00:00,0.0,low,1.0
2013-07-09 00:00:00+00:00,0.0,-0.15048978857317152,73.08999633789062,0.010326618658436032,0.0,2013-03-18 00:00:00+00:00,0.0,low,1.0
2013-07-10 00:00:00+00:00,0.0,0.9386407182154777,73.51000213623047,0.014379215681685358,0.0,2013-03-18 00:00:00+00:00,0.0,low,1.0
2013-07-11 00:00:00+00:00,0.0,-1.0270831798363411,74.97000122070312,0.03172905501664844,0.0,2013-03-18 00:00:00+00:00,0.0,low,1.0
2013-07-12 00:00:00+00:00,0.0,-1.460831419567843,75.30000305175781,0.03618067852470639,0.0,2013-03-18 00:00:00+00:00,0.0,low,1.0
2013-07-15 00:00:00+00:00,0.0,-1.6827934966463842,75.47000122070312,0.032041501987863645,0.0,2013-03-18 00:00:00+00:00,0.0,low,1.0
2013-07-16 00:00:00+00:00,0.0,-1.5523494171464702,75.37000274658203,0.039287865060054515,0.0,2013-03-18 00:00:00+00:00,0.0,low,1.0
2013-07-17 00:00:00+00:00,0.0,-1.7998949898018979,75.55999755859375,0.043811714098708834,0.0,2013-06-17 00:00:00+00:00,0.0,low,1.0
2013-07-18 00:00:00+00:00,0.0,-1.5523494171464702,75.37000274658203,0.03803943494662993,0.0,2013-06-17 00:00:00+00:00,0.0,low,1.0
2013-07-19 00:00:00+00:00,0.0,-0.5228574993914048,74.58999633789062,0.021181637820729706,0.0,2013-06-17 00:00:00+00:00,0.0,low,1.0
2013-07-22 00:00:00+00:00,0.0,-0.815399853306753,74.80999755859375,0.021676144929739738,0.0,2013-06-17 00:00:00+00:00,0.0,low,1.0
2013-07-23 00:00:00+00:00,0.0,0.09426298520138765,74.26000213623047,0.027860054182954234,0.0,2013-06-17 00:00:00+00:00,0.0,low,1.0
2013-07-24 00:00:00+00:00,0.0,-0.05369250406355164,74.5,0.02721361490948105,0.0,2013-06-17 00:00:00+00:00,0.0,low,1.0
2013-07-25 00:00:00+00:00,0.0,-0.5602216381308089,74.97000122070312,0.031879335829840254,0.0,2013-06-17 00:00:00+00:00,0.0,low,1.0
2013-07-26 00:00:00+00:00,0.0,-0.45111311515850794,75.37000274658203,0.03236172050205141,0.0,2013-06-17 00:00:00+00:00,0.0,low,1.0
2013-07-29 00:00:00+00:00,0.0,-0.11963839328589243,75.2300033569336,0.038215675069486324,0.0,2013-06-17 00:00:00+00:00,0.0,low,1.0
2013-07-30 00:00:00+00:00,0.0,-0.8858894529644279,75.62999725341797,0.04580665154701693,0.0,2013-06-17 00:00:00+00:00,0.0,low,1.0
2013-07-31 00:00:00+00:00,0.0,-1.0690215051868734,75.7699966430664,0.01809398774928778,0.0,2013-06-17 00:00:00+00:00,0.0,low,1.0
2013-08-01 00:00:00+00:00,0.0,-2.0642824825654826,76.54000091552734,0.01680775254103568,0.0,2013-06-17 00:00:00+00:00,0.0,low,1.0
2013-08-02 00:00:00+00:00,0.0,-2.6114097756956056,76.97000122070312,0.016497144127656748,0.0,2013-06-17 00:00:00+00:00,0.0,low,1.0
2013-08-05 00:00:00+00:00,0.0,-2.674626912982603,77.0199966430664,0.008232257857432174,0.0,2013-06-17 00:00:00+00:00,0.0,low,1.0
2013-08-06 00:00:00+00:00,0.0,-2.0898622324230898,76.55999755859375,0.015918704710000682,0.0,2013-06-17 00:00:00+00:00,0.0,low,1.0
2013-08-07 00:00:00+00:00,0.0,-1.910493482667941,76.41999816894531,0.04544602424286596,0.0,2013-06-17 00:00:00+00:00,0.0,low,1.0
2013-08-08 00:00:00+00:00,0.0,-2.3958384038671454,76.80000305175781,0.4646557056171368,0.0,2013-06-17 00:00:00+00:00,0.0,low,1.0
2013-08-09 00:00:00+00:00,0.0,-2.000259932052606,76.48999786376953,0.42030537844285787,0.0,2013-06-17 00:00:00+00:00,0.0,low,1.0
2013-08-12 00:00:00+00:00,0.0,-2.2303366705508587,76.66999816894531,0.4295878140449782,0.0,2013-06-17 00:00:00+00:00,0.0,low,1.0
2013-08-13 00:00:00+00:00,0.0,-2.7756153463047606,77.0999984741211,0.5565016772191854,0.0,2013-06-17 00:00:00+00:00,0.0,low,1.0
2013-08-14 00:00:00+00:00,0.0,-2.4085386446078716,76.80999755859375,0.401800647103536,0.0,2013-06-17 00:00:00+00:00,0.0,low,1.0
2013-08-15 00:00:00+00:00,0.0,-0.7283843678954405,75.51000213623047,0.03498305140733086,0.0,2013-06-17 00:00:00+00:00,0.0,low,1.0
2013-08-16 00:00:00+00:00,0.0,-0.6889298480842854,75.4800033569336,0.026840787671771026,0.0,2013-06-17 00:00:00+00:00,0.0,low,1.0
2013-08-19 00:00:00+00:00,0.0,-0.5175838056352244,75.3499984741211,0.05241009347235867,0.0,2013-06-17 00:00:00+00:00,0.0,low,1.0
2013-08-20 00:00:00+00:00,0.0,-0.9513758163316011,75.68000030517578,0.1294604450212588,0.0,2013-06-17 00:00:00+00:00,0.0,low,1.0
2013-08-21 00:00:00+00:00,0.0,-0.6099165945910423,75.41999816894531,0.08393366155406289,0.0,2013-06-17 00:00:00+00:00,0.0,low,1.0
2013-08-22 00:00:00+00:00,0.0,-1.5756361868897062,76.16000366210938,0.02994467113451609,0.0,2013-06-17 00:00:00+00:00,0.0,low,1.0
2013-08-23 00:00:00+00:00,0.0,-2.2303366705508587,76.66999816894531,0.028810439427215194,0.0,2013-06-17 00:00:00+00:00,0.0,low,1.0
2013-08-26 00:00:00+00:00,0.0,-2.2813192815618555,76.70999908447266,0.06271419460666654,0.0,2013-06-17 00:00:00+00:00,0.0,low,1.0
2013-08-27 00:00:00+00:00,0.0,-0.11977154461225714,75.13999938964844,0.0299652032866079,0.0,2013-06-17 00:00:00+00:00,0.0,low,1.0
2013-08-28 00:00:00+00:00,0.0,-0.3049229166154577,75.43000030517578,0.030975510129382877,0.0,2013-06-17 00:00:00+00:00,0.0,low,1.0
2013-08-29 00:00:00+00:00,0.0,-1.0005294173125234,75.95999908447266,0.035666298620301545,0.0,2013-06-17 00:00:00+00:00,0.0,low,1.0
2013-08-30 00:00:00+00:00,0.0,0.09275168105471465,75.47000122070312,0.03092874631506194,0.0,2013-06-17 00:00:00+00:00,0.0,low,1.0
2013-09-03 00:00:00+00:00,0.0,0.039524082600506105,75.9000015258789,0.030612077018095884,0.0,2013-06-17 00:00:00+00:00,0.0,low,1.0
2013-09-04 00:00:00+00:00,0.0,-0.8603781001066846,76.70999908447266,0.0296593731691993,0.0,2013-06-17 00:00:00+00:00,0.0,low,1.0
2013-09-05 00:00:00+00:00,0.0,-1.0281016707223034,76.83999633789062,0.02187665830568643,0.0,2013-06-17 00:00:00+00:00,0.0,low,1.0
2013-09-06 00:00:00+00:00,0.0,0.38996886853988055,76.93000030517578,0.0320591326496003,0.0,2013-06-17 00:00:00+00:00,0.0,low,1.0
2013-09-09 00:00:00+00:00,0.0,-0.30837143455944016,77.83000183105469,0.038139192132820625,0.0,2013-06-17 00:00:00+00:00,0.0,low,1.0
2013-09-10 00:00:00+00:00,0.0,-1.3041767740781252,78.20999908447266,0.032617238900056425,0.0,2013-06-17 00:00:00+00:00,0.0,low,1.0
2013-09-11 00:00:00+00:00,0.0,-2.190621493664646,78.05999755859375,0.020404476024655574,0.0,2013-06-17 00:00:00+00:00,0.0,low,1.0
2013-09-12 00:00:00+00:00,0.0,-2.1279369525083136,78.01000213623047,0.019919587556934026,0.0,2013-06-17 00:00:00+00:00,0.0,low,1.0
2013-09-13 00:00:00+00:00,0.0,-2.190621493664646,78.05999755859375,0.02547776496962376,0.0,2013-06-17 00:00:00+00:00,0.0,low,1.0
2013-09-16 00:00:00+00:00,0.0,-1.92678231136848,77.8499984741211,0.03789656708309163,0.0,2013-06-17 00:00:00+00:00,0.0,low,1.0
2013-09-17 00:00:00+00:00,0.0,-2.5775222683005916,78.37000274658203,0.04023042629810158,0.0,2013-06-17 00:00:00+00:00,0.0,low,1.0
2013-09-18 00:00:00+00:00,0.0,-3.7321891004798324,79.30999755859375,0.10377035457461457,0.0,2013-06-17 00:00:00+00:00,0.0,low,1.0
2013-09-19 00:00:00+00:00,0.0,-3.962266070287934,79.5,0.08379867645055787,0.0,2013-06-17 00:00:00+00:00,0.0,low,1.0
2013-09-20 00:00:00+00:00,0.0,-3.3421945322767654,78.98999786376953,0.04151704501008842,0.0,2013-06-17 00:00:00+00:00,0.0,low,1.0
2013-09-23 00:00:00+00:00,0.0,-3.1460145875026546,78.83000183105469,0.05288142438179252,0.0,2013-06-17 00:00:00+00:00,0.0,low,1.0
2013-09-24 00:00:00+00:00,0.0,-3.1460145875026546,78.83000183105469,0.03843644022645552,0.0,2013-06-17 00:00:00+00:00,0.0,low,1.0
2013-09-25 00:00:00+00:00,0.0,-2.8131353782493873,78.55999755859375,0.1328815547652765,0.0,2013-06-17 00:00:00+00:00,0.0,low,1.0
2013-09-26 00:00:00+00:00,0.0,-3.561954983005633,79.16999816894531,0.1339287886317582,0.0,2013-06-17 00:00:00+00:00,0.0,low,1.0
2013-09-27 00:00:00+00:00,0.0,-3.439991439485446,79.06999969482422,0.1549503595300408,0.0,2013-06-17 00:00:00+00:00,0.0,low,1.0
2013-09-30 00:00:00+00:00,0.0,-3.207402215252042,78.87999725341797,0.16748834806165622,0.0,2013-06-17 00:00:00+00:00,0.0,low,1.0
2013-10-01 00:00:00+00:00,0.0,-4.1792191494738,79.68000030517578,0.11665551141031472,0.0,2013-06-17 00:00:00+00:00,0.0,low,1.0
2013-10-02 00:00:00+00:00,0.0,-4.143129929113199,79.6500015258789,0.12753596536727202,0.0,2013-06-17 00:00:00+00:00,0.0,low,1.0
2013-10-03 00:00:00+00:00,0.0,-3.010674174073469,78.72000122070312,0.11567095591668199,0.0,2013-06-17 00:00:00+00:00,0.0,low,1.0
2013-10-04 00:00:00+00:00,0.0,-3.84131359338038,79.4000015258789,0.12847170695715365,0.0,2013-06-17 00:00:00+00:00,0.0,low,1.0
2013-10-07 00:00:00+00:00,0.0,-3.0353053778124917,78.73999786376953,0.04643211617573981,0.0,2013-06-17 00:00:00+00:00,0.0,low,1.0
2013-10-08 00:00:00+00:00,0.0,-1.1266546656681253,77.22000122070312,0.047069921912471856,0.0,2013-06-17 00:00:00+00:00,0.0,low,1.0
2013-10-09 00:00:00+00:00,0.0,1.0522181388302076,76.9800033569336,0.05125590504617662,0.0,2013-06-17 00:00:00+00:00,0.0,low,1.0
2013-10-10 00:00:00+00:00,0.0,-0.2671404183210324,78.61000061035156,0.022409485200945836,0.0,2013-06-17 00:00:00+00:00,0.0,low,1.0
2013-10-11 00:00:00+00:00,0.0,-0.6941853192660274,79.2300033569336,0.022661137911600102,0.0,2013-06-17 00:00:00+00:00,0.0,low,1.0
2013-10-14 00:00:00+00:00,0.0,-0.5138534370283332,79.79000091552734,0.022999885708757852,0.0,2013-06-17 00:00:00+00:00,0.0,low,1.0
2013-10-15 00:00:00+00:00,0.0,0.3900321407909191,79.4800033569336,0.016180934108664002,0.0,2013-09-16 00:00:00+00:00,0.0,low,1.0
2013-10-16 00:00:00+00:00,0.0,-0.5349593429570532,80.37999725341797,0.024457748390389607,0.0,2013-09-16 00:00:00+00:00,0.0,low,1.0
2013-10-17 00:00:00+00:00,0.0,0.6308784751780427,80.83999633789062,0.022492330737657915,0.0,2013-09-16 00:00:00+00:00,0.0,low,1.0
2013-10-18 00:00:00+00:00,0.0,-0.9494811501021827,82.1500015258789,0.03981852037339731,0.0,2013-09-16 00:00:00+00:00,0.0,low,1.0
2013-10-21 00:00:00+00:00,0.0,-1.1660379729404369,82.33000183105469,0.04505272675493012,0.0,2013-09-16 00:00:00+00:00,0.0,low,1.0
2013-10-22 00:00:00+00:00,0.0,-1.3098777945839357,82.44999694824219,0.05825841845228316,0.0,2013-09-16 00:00:00+00:00,0.0,low,1.0
2013-10-23 00:00:00+00:00,0.0,-0.7077415781070351,81.94999694824219,0.0529377407504527,0.0,2013-09-16 00:00:00+00:00,0.0,low,1.0
2013-10-24 00:00:00+00:00,0.0,-1.1420177862872194,82.30999755859375,0.04225523107810953,0.0,2013-09-16 00:00:00+00:00,0.0,low,1.0
2013-10-25 00:00:00+00:00,0.0,-1.8455955984744477,82.9000015258789,0.07684616113255104,0.0,2013-09-16 00:00:00+00:00,0.0,low,1.0
2013-10-28 00:00:00+00:00,0.0,-1.86926610780338,82.91999816894531,0.12104600346209615,0.0,2013-09-16 00:00:00+00:00,0.0,low,1.0
2013-10-29 00:00:00+00:00,0.0,-2.0346675435663597,83.05999755859375,0.09605597573486344,0.0,2013-09-16 00:00:00+00:00,0.0,low,1.0
2013-10-30 00:00:00+00:00,0.0,-1.9402272176662128,82.9800033569336,0.08641592962539017,0.0,2013-09-16 00:00:00+00:00,0.0,low,1.0
2013-10-31 00:00:00+00:00,0.0,-1.7151807624620874,82.79000091552734,0.0766648583734114,0.0,2013-09-16 00:00:00+00:00,0.0,low,1.0
2013-11-01 00:00:00+00:00,0.0,-1.7389142065761143,82.80999755859375,0.05324606588445063,0.0,2013-09-16 00:00:00+00:00,0.0,low,1.0
2013-11-04 00:00:00+00:00,0.0,-1.8811015951441967,82.93000030517578,0.058188727720156416,0.0,2013-09-16 00:00:00+00:00,0.0,low,1.0
2013-11-05 00:00:00+00:00,0.0,-1.987465626598739,83.0199966430664,0.055586008245930206,0.0,2013-09-16 00:00:00+00:00,0.0,low,1.0
2013-11-06 00:00:00+00:00,0.0,-1.9638521125517672,83.0,0.05264711905243713,0.0,2013-09-16 00:00:00+00:00,0.0,low,1.0
2013-11-07 00:00:00+00:00,0.0,0.08595247142162421,81.44000244140625,0.13488723274575398,0.0,2013-09-16 00:00:00+00:00,0.0,low,1.0
2013-11-08 00:00:00+00:00,0.0,-0.6542293549039235,82.54000091552734,0.26960003393454557,0.0,2013-09-16 00:00:00+00:00,0.0,low,1.0
2013-11-11 00:00:00+00:00,0.0,-0.49751685947064805,82.41000366210938,0.15002904017806623,0.0,2013-09-16 00:00:00+00:00,0.0,low,1.0
2013-11-12 00:00:00+00:00,0.0,-0.6542293549039235,82.54000091552734,0.23553693496189615,0.0,2013-09-16 00:00:00+00:00,0.0,low,1.0
2013-11-13 00:00:00+00:00,0.0,-1.2927960488613666,83.54000091552734,0.31889923225942074,0.0,2013-09-16 00:00:00+00:00,0.0,low,1.0
2013-11-14 00:00:00+00:00,0.0,-1.5990500220596893,83.80000305175781,0.2780892204411355,0.0,2013-09-16 00:00:00+00:00,0.0,low,1.0
2013-11-15 00:00:00+00:00,0.0,-1.7865650504484187,83.95999908447266,0.2323641651386152,0.0,2013-09-16 00:00:00+00:00,0.0,low,1.0
2013-11-18 00:00:00+00:00,0.0,-0.8178978953185423,83.13999938964844,0.2331539250205072,0.0,2013-09-16 00:00:00+00:00,0.0,low,1.0
2013-11-19 00:00:00+00:00,0.0,-0.5307628869812397,82.9000015258789,0.10066757999714752,0.0,2013-09-16 00:00:00+00:00,0.0,low,1.0
2013-11-20 00:00:00+00:00,0.0,0.33858091780420985,82.69999694824219,0.05281486749988933,0.0,2013-09-16 00:00:00+00:00,0.0,low,1.0
2013-11-21 00:00:00+00:00,0.0,0.0957646997581163,83.54000091552734,0.10464433085097125,0.0,2013-09-16 00:00:00+00:00,0.0,low,1.0
2013-11-22 00:00:00+00:00,0.0,-0.011899639350088087,83.98999786376953,0.12483508539983691,0.0,2013-09-16 00:00:00+00:00,0.0,low,1.0
2013-11-25 00:00:00+00:00,0.0,-0.19005066809534288,84.19000244140625,0.0924202393341891,0.0,2013-09-16 00:00:00+00:00,0.0,low,1.0
2013-11-26 00:00:00+00:00,0.0,-0.6853293400487903,84.62999725341797,0.13033767473434635,0.0,2013-09-16 00:00:00+00:00,0.0,low,1.0
2013-11-27 00:00:00+00:00,0.0,-1.3729149873106028,85.22000122070312,0.09897073008012705,0.0,2013-09-16 00:00:00+00:00,0.0,low,1.0
2013-11-29 00:00:00+00:00,0.0,-1.9596410117717622,85.7300033569336,0.11524949371958572,0.0,2013-09-16 00:00:00+00:00,0.0,low,1.0
2013-12-02 00:00:00+00:00,0.0,-1.6729062342272227,85.4800033569336,0.13445008703295444,0.0,2013-09-16 00:00:00+00:00,0.0,low,1.0
2013-12-03 00:00:00+00:00,0.0,-1.5923200468786591,85.41000366210938,0.15545143704051026,0.0,2013-09-16 00:00:00+00:00,0.0,low,1.0
2013-12-04 00:00:00+00:00,0.0,-1.6844015066024287,85.48999786376953,0.17355491482307242,0.0,2013-09-16 00:00:00+00:00,0.0,low,1.0
2013-12-05 00:00:00+00:00,0.0,-1.557735118815451,85.37999725341797,0.15689691206440426,0.0,2013-09-16 00:00:00+00:00,0.0,low,1.0
2013-12-06 00:00:00+00:00,0.0,-2.26743831190952,86.0,0.12993395814547648,0.0,2013-09-16 00:00:00+00:00,0.0,low,1.0
2013-12-09 00:00:00+00:00,0.0,-2.663573205565928,86.3499984741211,0.2159943865851416,0.0,2013-09-16 00:00:00+00:00,0.0,low,1.0
2013-12-10 00:00:00+00:00,0.0,-2.5958950515742263,86.29000091552734,0.3118391047849471,0.0,2013-09-16 00:00:00+00:00,0.0,low,1.0
2013-12-11 00:00:00+00:00,0.0,-1.3265992596495746,85.18000030517578,0.32942545428956943,0.0,2013-09-16 00:00:00+00:00,0.0,low,1.0
2013-12-12 00:00:00+00:00,0.0,-1.071087620669664,84.95999908447266,0.3303505273992018,0.0,2013-09-16 00:00:00+00:00,0.0,low,1.0
2013-12-13 00:00:00+00:00,0.0,-0.9428349284028248,84.8499984741211,0.32297120062608836,0.0,2013-09-16 00:00:00+00:00,0.0,low,1.0
2013-12-16 00:00:00+00:00,0.0,-1.4885099010888192,85.31999969482422,0.23909537374475187,0.0,2013-09-16 00:00:00+00:00,0.0,low,1.0
2013-12-17 00:00:00+00:00,0.0,-1.2918361179204196,85.1500015258789,0.3437987551210277,0.0,2013-09-16 00:00:00+00:00,0.0,low,1.0
2013-12-18 00:00:00+00:00,0.0,-0.7197617262306832,86.13999938964844,0.39042193774381073,0.0,2013-09-16 00:00:00+00:00,0.0,low,1.0
2013-12-19 00:00:00+00:00,0.0,-0.2561131743831768,85.9000015258789,0.40837280332970355,0.0,2013-09-16 00:00:00+00:00,0.0,low,1.0
2013-12-20 00:00:00+00:00,0.0,-0.9479765258083472,86.5,0.44035458090059176,0.0,2013-09-16 00:00:00+00:00,0.0,low,1.0
2013-12-23 00:00:00+00:00,0.0,-1.9791823412124154,87.41000366210938,0.3477919343987555,0.0,2013-09-16 00:00:00+00:00,0.0,low,1.0
2013-12-24 00:00:00+00:00,0.0,-2.024009954070083,87.44999694824219,0.23914198573449344,0.0,2013-09-16 00:00:00+00:00,0.0,low,1.0
2013-12-26 00:00:00+00:00,0.0,-2.83792788282905,87.73999786376953,0.28220972484273815,0.0,2013-09-16 00:00:00+00:00,0.0,low,1.0
2013-12-27 00:00:00+00:00,0.0,-2.5936891340663015,87.5199966430664,0.3663319513642559,0.0,2013-09-16 00:00:00+00:00,0.0,low,1.0
2013-12-30 00:00:00+00:00,0.0,-3.0094945323108635,87.38999938964844,0.2427010874093354,0.0,2013-09-16 00:00:00+00:00,0.0,low,1.0
2013-12-31 00:00:00+00:00,0.0,-3.6380138489645275,87.95999908447266,0.40493386878019816,0.0,2013-09-16 00:00:00+00:00,0.0,low,1.0
2014-01-02 00:00:00+00:00,0.0,-2.8761253619635108,87.2699966430664,0.16408837123061226,0.0,2013-09-16 00:00:00+00:00,0.0,low,1.0
2014-01-03 00:00:00+00:00,0.0,-2.9662969909153514,86.63999938964844,0.08181202328611663,0.0,2013-09-16 00:00:00+00:00,0.0,low,1.0
2014-01-06 00:00:00+00:00,0.0,-2.6065801760364327,86.31999969482422,0.11639073964381601,0.0,2013-09-16 00:00:00+00:00,0.0,low,1.0
2014-01-07 00:00:00+00:00,0.0,-3.87971163481754,87.12000274658203,0.08516418009905094,0.0,2013-09-16 00:00:00+00:00,0.0,low,1.0
2014-01-08 00:00:00+00:00,0.0,-4.08887847285575,87.30999755859375,0.0943604990433183,0.0,2013-09-16 00:00:00+00:00,0.0,low,1.0
2014-01-09 00:00:00+00:00,0.0,-3.7692471912525893,87.0199966430664,0.07433666401897214,0.0,2013-09-16 00:00:00+00:00,0.0,low,1.0
2014-01-10 00:00:00+00:00,0.0,-4.077898125476187,87.30000305175781,0.06728081798593105,0.0,2013-09-16 00:00:00+00:00,0.0,low,1.0
2014-01-13 00:00:00+00:00,0.0,-2.639232898594168,86.01000213623047,0.06543072896323596,0.0,2013-09-16 00:00:00+00:00,0.0,low,1.0
2014-01-14 00:00:00+00:00,0.0,-4.460928230508854,87.6500015258789,0.046177706242501844,0.0,2013-09-16 00:00:00+00:00,0.0,low,1.0
2014-01-15 00:00:00+00:00,0.0,-5.239339978397339,88.37000274658203,0.05887584137547793,0.0,2013-12-13 00:00:00+00:00,0.0,low,1.0
2014-01-16 00:00:00+00:00,0.0,-5.250056046442109,88.37999725341797,0.060469803893124854,0.0,2013-12-13 00:00:00+00:00,0.0,low,1.0
2014-01-17 00:00:00+00:00,0.0,-4.710968956576089,87.87999725341797,0.03694434138072874,0.0,2013-12-13 00:00:00+00:00,0.0,low,1.0
2014-01-21 00:00:00+00:00,0.0,-5.431965016620966,88.55000305175781,0.06906418434729747,0.0,2013-12-13 00:00:00+00:00,0.0,low,1.0
2014-01-22 00:00:00+00:00,0.0,-5.676955378267756,88.77999877929688,0.04372825696534257,0.0,2013-12-13 00:00:00+00:00,0.0,low,1.0
2014-01-23 00:00:00+00:00,0.0,-5.357148862260552,88.4800033569336,0.030427295995193126,0.0,2013-12-13 00:00:00+00:00,0.0,low,1.0
2014-01-24 00:00:00+00:00,0.0,-3.4586120289185174,86.73999786376953,0.037204561718443344,0.0,2013-12-13 00:00:00+00:00,0.0,low,1.0
2014-01-27 00:00:00+00:00,0.0,-2.514556022980552,85.9000015258789,0.04094122420935088,0.0,2013-12-13 00:00:00+00:00,0.0,low,1.0
2014-01-28 00:00:00+00:00,0.0,-2.4577759439187497,85.8499984741211,0.016559318861526336,0.0,2013-12-13 00:00:00+00:00,0.0,low,1.0
2014-01-29 00:00:00+00:00,0.0,-1.4011567610152542,84.93000030517578,0.016568817327643065,0.0,2013-12-13 00:00:00+00:00,0.0,low,1.0
2014-01-30 00:00:00+00:00,0.0,-3.1907539147173036,86.5,0.04050291715703565,0.0,2013-12-13 00:00:00+00:00,0.0,low,1.0
2014-01-31 00:00:00+00:00,0.0,-2.932651996921354,86.2699966430664,0.025545783696714265,0.0,2013-12-13 00:00:00+00:00,0.0,low,1.0
2014-02-03 00:00:00+00:00,0.0,-0.6525128079058917,84.29000091552734,0.06888573672321435,0.0,2013-12-13 00:00:00+00:00,0.0,low,1.0
2014-02-04 00:00:00+00:00,0.0,-1.3779363418658708,84.91000366210938,0.10628596584869865,0.0,2013-12-13 00:00:00+00:00,0.0,low,1.0
2014-02-05 00:00:00+00:00,0.0,0.2715736461315954,84.69000244140625,0.06303107712382786,0.0,2013-12-13 00:00:00+00:00,0.0,low,1.0
2014-02-06 00:00:00+00:00,0.0,0.268162954337936,85.7699966430664,0.08496711315993845,0.0,2013-12-13 00:00:00+00:00,0.0,low,1.0
2014-02-07 00:00:00+00:00,0.0,-0.10309732432860486,87.30000305175781,0.19224559690421802,0.0,2013-12-13 00:00:00+00:00,0.0,low,1.0
2014-02-10 00:00:00+00:00,0.0,0.10250152023065784,87.80000305175781,0.1911273230497679,0.0,2013-12-13 00:00:00+00:00,0.0,low,1.0
2014-02-11 00:00:00+00:00,0.0,-0.5630630437124751,88.80000305175781,0.2742150106129829,0.0,2013-12-13 00:00:00+00:00,0.0,low,1.0
2014-02-12 00:00:00+00:00,0.0,-0.7530607617766361,88.97000122070312,0.11296838025752848,0.0,2013-12-13 00:00:00+00:00,0.0,low,1.0
2014-02-13 00:00:00+00:00,0.0,-1.1156979032060255,89.62999725341797,0.09590476618481329,0.0,2013-12-13 00:00:00+00:00,0.0,low,1.0
2014-02-14 00:00:00+00:00,0.0,-1.3138852435731652,89.80999755859375,0.09537454090422086,0.0,2013-12-13 00:00:00+00:00,0.0,low,1.0
2014-02-18 00:00:00+00:00,0.0,-1.795016893719703,90.25,0.11344084364009833,0.0,2013-12-13 00:00:00+00:00,0.0,low,1.0
2014-02-19 00:00:00+00:00,0.0,-1.1156979032060255,89.62999725341797,0.12835185479991476,0.0,2013-12-13 00:00:00+00:00,0.0,low,1.0
2014-02-20 00:00:00+00:00,0.0,-1.5769081068477853,90.05000305175781,0.09283670865834971,0.0,2013-12-13 00:00:00+00:00,0.0,low,1.0
2014-02-21 00:00:00+00:00,0.0,-1.4455721642903097,89.93000030517578,0.07020799393044695,0.0,2013-12-13 00:00:00+00:00,0.0,low,1.0
2014-02-24 00:00:00+00:00,0.0,-3.3182168769862463,90.41000366210938,0.06540664374986556,0.0,2013-12-13 00:00:00+00:00,0.0,low,1.0
2014-02-25 00:00:00+00:00,0.0,-3.211154883049172,90.30999755859375,0.05740942098442028,0.0,2013-12-13 00:00:00+00:00,0.0,low,1.0
2014-02-26 00:00:00+00:00,0.0,-3.180763204927317,90.2300033569336,0.06893792467824873,0.0,2013-12-13 00:00:00+00:00,0.0,low,1.0
2014-02-27 00:00:00+00:00,0.0,-4.467050869602485,90.44000244140625,0.07875066929369344,0.0,2013-12-13 00:00:00+00:00,0.0,low,1.0
2014-02-28 00:00:00+00:00,0.0,-4.36129618300548,90.33999633789062,0.06577176749333569,0.0,2013-12-13 00:00:00+00:00,0.0,low,1.0
2014-03-03 00:00:00+00:00,0.0,-3.6467009142851503,89.66999816894531,0.15491916696334562,0.0,2013-12-13 00:00:00+00:00,0.0,low,1.0
2014-03-04 00:00:00+00:00,0.0,-4.85628912154673,90.80999755859375,0.11499266648476751,0.0,2013-12-13 00:00:00+00:00,0.0,low,1.0
2014-03-05 00:00:00+00:00,0.0,-5.117500722220325,91.05999755859375,0.1362734877637835,0.0,2013-12-13 00:00:00+00:00,0.0,low,1.0
2014-03-06 00:00:00+00:00,0.0,-5.0340752495758645,90.9800033569336,0.11497500001193277,0.0,2013-12-13 00:00:00+00:00,0.0,low,1.0
2014-03-07 00:00:00+00:00,0.0,-4.849220643812025,90.52999877929688,0.034179420413703934,0.0,2013-12-13 00:00:00+00:00,0.0,low,1.0
2014-03-10 00:00:00+00:00,0.0,-6.246555152834599,90.61000061035156,0.05425544644473008,0.0,2013-12-13 00:00:00+00:00,0.0,low,1.0
2014-03-11 00:00:00+00:00,0.0,-5.841281535309495,90.22000122070312,0.11704053215826227,0.0,2013-12-13 00:00:00+00:00,0.0,low,1.0
2014-03-12 00:00:00+00:00,0.0,-6.194788826845765,90.55999755859375,0.1620794943962109,0.0,2013-12-13 00:00:00+00:00,0.0,low,1.0
2014-03-13 00:00:00+00:00,0.0,-4.950714862655515,89.27999877929688,0.18058973770714248,0.0,2013-12-13 00:00:00+00:00,0.0,low,1.0
2014-03-14 00:00:00+00:00,0.0,-5.368213155668045,88.66999816894531,0.11118531132499941,0.0,2013-12-13 00:00:00+00:00,0.0,low,1.0
2014-03-17 00:00:00+00:00,0.0,-6.1933968419679015,89.44999694824219,0.02583751031300558,0.0,2013-12-13 00:00:00+00:00,0.0,low,1.0
2014-03-18 00:00:00+00:00,0.0,-8.008395115164834,90.52999877929688,0.02405663956556604,0.0,2013-12-13 00:00:00+00:00,0.0,low,1.0
2014-03-19 00:00:00+00:00,0.0,-7.507776618719153,90.04000091552734,0.024026793866092824,0.0,2013-12-13 00:00:00+00:00,0.0,low,1.0
2014-03-20 00:00:00+00:00,0.0,-7.763874255343972,90.29000091552734,0.01991644542189849,0.0,2013-12-13 00:00:00+00:00,0.0,low,1.0
2014-03-21 00:00:00+00:00,0.0,-6.42696766371138,89.0,0.01748031529728527,0.0,2013-12-13 00:00:00+00:00,0.0,low,1.0
2014-03-24 00:00:00+00:00,0.0,-5.599639960384573,88.22000122070312,0.02462430816138082,0.0,2013-12-13 00:00:00+00:00,0.0,low,1.0
2014-03-25 00:00:00+00:00,0.0,-5.908940493396231,88.51000213623047,0.01703663106360811,0.0,2013-12-13 00:00:00+00:00,0.0,low,1.0
2014-03-26 00:00:00+00:00,0.0,-4.681245094095132,87.37000274658203,0.011016893943845823,0.0,2013-12-13 00:00:00+00:00,0.0,low,1.0
2014-03-27 00:00:00+00:00,0.0,-4.143644783528655,86.87999725341797,0.019730064747409935,0.0,2013-12-13 00:00:00+00:00,0.0,low,1.0
2014-03-28 00:00:00+00:00,0.0,-4.330849098557055,87.05000305175781,0.019353231264485325,0.0,2013-12-13 00:00:00+00:00,0.0,low,1.0
2014-03-31 00:00:00+00:00,0.0,-5.007413575153318,87.66999816894531,0.01497971114452428,0.0,2013-12-13 00:00:00+00:00,0.0,low,1.0
2014-04-01 00:00:00+00:00,0.0,-6.6472372671595785,89.20999908447266,0.013238025104705268,0.0,2013-12-13 00:00:00+00:00,0.0,low,1.0
2014-04-02 00:00:00+00:00,0.0,-6.88730265425127,89.44000244140625,0.013551310028326546,0.0,2013-12-13 00:00:00+00:00,0.0,low,1.0
2014-04-03 00:00:00+00:00,0.0,-6.142234161440319,88.7300033569336,0.014251221328759212,0.0,2013-12-13 00:00:00+00:00,0.0,low,1.0
2014-04-04 00:00:00+00:00,0.0,-3.577635601508,86.37000274658203,0.048647087833878645,0.0,2013-12-13 00:00:00+00:00,0.0,low,1.0
2014-04-07 00:00:00+00:00,0.0,-2.653423952641576,85.55000305175781,0.025042380974061272,0.0,2013-12-13 00:00:00+00:00,0.0,low,1.0
2014-04-08 00:00:00+00:00,0.0,-3.544125189232672,86.33999633789062,0.021897293022727554,0.0,2013-12-13 00:00:00+00:00,0.0,low,1.0
2014-04-09 00:00:00+00:00,0.0,-5.169666284791519,87.81999969482422,0.03071687323033771,0.0,2013-12-13 00:00:00+00:00,0.0,low,1.0
2014-04-10 00:00:00+00:00,0.0,-2.138660079268606,85.0999984741211,0.03991769985754739,0.0,2013-12-13 00:00:00+00:00,0.0,low,1.0
2014-04-11 00:00:00+00:00,0.0,-0.9868051658919352,84.11000061035156,0.046674985047372525,0.0,2013-12-13 00:00:00+00:00,0.0,low,1.0
2014-04-14 00:00:00+00:00,0.0,-1.7576948481469623,84.7699966430664,0.03600667004218545,0.0,2013-12-13 00:00:00+00:00,0.0,low,1.0
2014-04-15 00:00:00+00:00,0.0,0.047023262431244994,85.05000305175781,0.036285862775853474,0.0,2013-12-13 00:00:00+00:00,0.0,low,1.0
2014-04-16 00:00:00+00:00,0.0,-1.2415870167500564,86.18000030517578,0.04436600365960595,0.0,2014-03-18 00:00:00+00:00,0.0,low,1.0
2014-04-17 00:00:00+00:00,0.0,-1.2644969564733266,86.19999694824219,0.042928661049302895,0.0,2014-03-18 00:00:00+00:00,0.0,low,1.0
2014-04-21 00:00:00+00:00,0.0,-1.9921646712279029,86.83999633789062,0.04454361930981538,0.0,2014-03-18 00:00:00+00:00,0.0,low,1.0
2014-04-22 00:00:00+00:00,0.0,-2.7647643124584453,87.52999877929688,0.030572528451292443,0.0,2014-03-18 00:00:00+00:00,0.0,low,1.0
2014-04-23 00:00:00+00:00,0.0,-1.9017997755325977,86.76000213623047,0.0331942536844847,0.0,2014-03-18 00:00:00+00:00,0.0,low,1.0
2014-04-24 00:00:00+00:00,0.0,-2.831368685040392,87.58999633789062,0.0398569920568377,0.0,2014-03-18 00:00:00+00:00,0.0,low,1.0
2014-04-25 00:00:00+00:00,0.0,-1.2530476858831685,86.19000244140625,0.03641232267237234,0.0,2014-03-18 00:00:00+00:00,0.0,low,1.0
2014-04-28 00:00:00+00:00,0.0,-1.0870850331168858,86.47000122070312,0.03720691130964785,0.0,2014-03-18 00:00:00+00:00,0.0,low,1.0
2014-04-29 00:00:00+00:00,0.0,-1.8701294336006313,87.16000366210938,0.07393711759936476,0.0,2014-03-18 00:00:00+00:00,0.0,low,1.0
2014-04-30 00:00:00+00:00,0.0,-2.1283906892576088,87.38999938964844,0.17533627460470338,0.0,2014-03-18 00:00:00+00:00,0.0,low,1.0
2014-05-01 00:00:00+00:00,0.0,-2.4187138729895974,87.6500015258789,0.16539182148870465,0.0,2014-03-18 00:00:00+00:00,0.0,low,1.0
2014-05-02 00:00:00+00:00,0.0,-2.2402550375239083,87.48999786376953,0.1353921240725923,0.0,2014-03-18 00:00:00+00:00,0.0,low,1.0
2014-05-05 00:00:00+00:00,0.0,-2.7515614018377543,87.94999694824219,0.05083853729345506,0.0,2014-03-18 00:00:00+00:00,0.0,low,1.0
2014-05-06 00:00:00+00:00,0.0,-1.4744831416829807,86.80999755859375,0.06118892181110288,0.0,2014-03-18 00:00:00+00:00,0.0,low,1.0
2014-05-07 00:00:00+00:00,0.0,-0.8202392612038256,86.55999755859375,0.0394272958426711,0.0,2014-03-18 00:00:00+00:00,0.0,low,1.0
2014-05-08 00:00:00+00:00,0.0,-0.7284977548072558,86.4800033569336,0.047050978073772856,0.0,2014-03-18 00:00:00+00:00,0.0,low,1.0
2014-05-09 00:00:00+00:00,0.0,-0.25345761862697325,86.80000305175781,0.030300241028704312,0.0,2014-03-18 00:00:00+00:00,0.0,low,1.0
2014-05-12 00:00:00+00:00,0.0,-1.8701138650123794,88.2300033569336,0.03790922986814277,0.0,2014-03-18 00:00:00+00:00,0.0,low,1.0
2014-05-13 00:00:00+00:00,0.0,-1.936798127467143,88.29000091552734,0.032340384915218165,0.0,2014-03-18 00:00:00+00:00,0.0,low,1.0
2014-05-14 00:00:00+00:00,0.0,-1.4232038869866348,87.83000183105469,0.041098369931985256,0.0,2014-03-18 00:00:00+00:00,0.0,low,1.0
2014-05-15 00:00:00+00:00,0.0,-0.5737893085863366,87.13999938964844,0.03644728572520054,0.0,2014-03-18 00:00:00+00:00,0.0,low,1.0
2014-05-16 00:00:00+00:00,0.0,-0.46744503134696913,87.70999908447266,0.056704442290013236,0.0,2014-03-18 00:00:00+00:00,0.0,low,1.0
2014-05-19 00:00:00+00:00,0.0,-0.7699278844264246,88.31999969482422,0.04478057518135724,0.0,2014-03-18 00:00:00+00:00,0.0,low,1.0
2014-05-20 00:00:00+00:00,0.0,0.12500069358132304,88.0,0.03549097015287072,0.0,2014-03-18 00:00:00+00:00,0.0,low,1.0
2014-05-21 00:00:00+00:00,0.0,-0.045017208218589566,88.83999633789062,0.06007591300443922,0.0,2014-03-18 00:00:00+00:00,0.0,low,1.0
2014-05-22 00:00:00+00:00,0.0,-0.1232776041838135,89.2300033569336,0.04217656170633796,0.0,2014-03-18 00:00:00+00:00,0.0,low,1.0
2014-05-23 00:00:00+00:00,0.0,0.35602993391508075,89.87999725341797,0.03576648815998323,0.0,2014-03-18 00:00:00+00:00,0.0,low,1.0
2014-05-27 00:00:00+00:00,0.0,-0.3956050663204036,91.0,0.054975941183702776,0.0,2014-03-18 00:00:00+00:00,0.0,low,1.0
2014-05-28 00:00:00+00:00,0.0,-0.08818543868849282,90.72000122070312,0.030732254652772028,0.0,2014-03-18 00:00:00+00:00,0.0,low,1.0
2014-05-29 00:00:00+00:00,0.0,-0.7228955531745407,91.30000305175781,0.03771817706982179,0.0,2014-03-18 00:00:00+00:00,0.0,low,1.0
2014-05-30 00:00:00+00:00,0.0,-0.7337621146198958,91.30999755859375,0.03181632346299003,0.0,2014-03-18 00:00:00+00:00,0.0,low,1.0
2014-06-02 00:00:00+00:00,0.0,-0.4604233318624362,91.22000122070312,0.02843790157386039,0.0,2014-03-18 00:00:00+00:00,0.0,low,1.0
2014-06-03 00:00:00+00:00,0.0,-0.40579375448963617,91.18000030517578,0.025961847257633112,0.0,2014-03-18 00:00:00+00:00,0.0,low,1.0
2014-06-04 00:00:00+00:00,0.0,-0.2513065296932404,91.5199966430664,0.04321910255760231,0.0,2014-03-18 00:00:00+00:00,0.0,low,1.0
2014-06-05 00:00:00+00:00,0.0,-0.6067803153521623,92.29000091552734,0.057342974549586735,0.0,2014-03-18 00:00:00+00:00,0.0,low,1.0
2014-06-06 00:00:00+00:00,0.0,-1.1743119386709133,92.81999969482422,0.08122289609937375,0.0,2014-03-18 00:00:00+00:00,0.0,low,1.0
2014-06-09 00:00:00+00:00,0.0,-1.0997268388856174,92.75,0.0688349189819453,0.0,2014-03-18 00:00:00+00:00,0.0,low,1.0
2014-06-10 00:00:00+00:00,0.0,-1.2700465597516808,92.91000366210938,0.2738967268255751,0.0,2014-03-18 00:00:00+00:00,0.0,low,1.0
2014-06-11 00:00:00+00:00,0.0,-1.2487846273407488,92.88999938964844,0.19745386156795036,0.0,2014-03-18 00:00:00+00:00,0.0,low,1.0
2014-06-12 00:00:00+00:00,0.0,-0.14123289353874524,92.05000305175781,0.19445847792329915,0.0,2014-03-18 00:00:00+00:00,0.0,low,1.0
2014-06-13 00:00:00+00:00,0.0,-0.38994866934747296,92.31999969482422,0.1881415009793938,0.0,2014-03-18 00:00:00+00:00,0.0,low,1.0
2014-06-16 00:00:00+00:00,0.0,-0.4545434653782765,92.4000015258789,0.14163223790681775,0.0,2014-03-18 00:00:00+00:00,0.0,low,1.0
2014-06-17 00:00:00+00:00,0.0,-0.508375994400212,92.44999694824219,0.11891061999215899,0.0,2014-03-18 00:00:00+00:00,0.0,low,1.0
2014-06-18 00:00:00+00:00,0.0,-0.5808335037507661,92.97000122070312,0.1359548357928603,0.0,2014-03-18 00:00:00+00:00,0.0,low,1.0
2014-06-19 00:00:00+00:00,0.0,-0.5166325885415435,92.91000366210938,0.08451864552896522,0.0,2014-03-18 00:00:00+00:00,0.0,low,1.0
2014-06-20 00:00:00+00:00,0.0,-0.36649385598100936,92.7699966430664,0.06913801473933556,0.0,2014-03-18 00:00:00+00:00,0.0,low,1.0
2014-06-23 00:00:00+00:00,0.0,-0.3879734958503689,92.79000091552734,0.04564521640296844,0.0,2014-03-18 00:00:00+00:00,0.0,low,1.0
2014-06-24 00:00:00+00:00,0.0,-0.2373177977895935,92.69999694824219,0.22623246757077164,0.0,2014-03-18 00:00:00+00:00,0.0,low,1.0
2014-06-25 00:00:00+00:00,0.0,-0.7181886186837794,93.29000091552734,0.28132764866950444,0.0,2014-03-18 00:00:00+00:00,0.0,low,1.0
2014-06-26 00:00:00+00:00,0.0,-0.16069627423317412,93.33999633789062,0.28895263062375626,0.0,2014-03-18 00:00:00+00:00,0.0,low,1.0
2014-06-27 00:00:00+00:00,0.0,-0.1280029296874985,93.75,0.3145976217921104,0.0,2014-03-18 00:00:00+00:00,0.0,low,1.0
2014-06-30 00:00:00+00:00,0.0,-0.29816462333328575,93.91000366210938,0.21253455260050438,0.0,2014-03-18 00:00:00+00:00,0.0,low,1.0
2014-07-01 00:00:00+00:00,0.0,-1.3798242619561418,94.94000244140625,0.2035546518367279,0.0,2014-03-18 00:00:00+00:00,0.0,low,1.0
2014-07-02 00:00:00+00:00,0.0,-1.545742633322067,95.0999984741211,0.18657605774861902,0.0,2014-03-18 00:00:00+00:00,0.0,low,1.0
2014-07-03 00:00:00+00:00,0.0,-2.163009154476514,95.69999694824219,0.2972423689617412,0.0,2014-03-18 00:00:00+00:00,0.0,low,1.0
2014-07-07 00:00:00+00:00,0.0,-1.8656391786706417,95.41000366210938,0.16546310989328986,0.0,2014-03-18 00:00:00+00:00,0.0,low,1.0
2014-07-08 00:00:00+00:00,0.0,-0.668369264305746,94.26000213623047,0.21266770311674615,0.0,2014-03-18 00:00:00+00:00,0.0,low,1.0
2014-07-09 00:00:00+00:00,0.0,-1.4005916637294558,94.95999908447266,0.2065638432252014,0.0,2014-03-18 00:00:00+00:00,0.0,low,1.0
2014-07-10 00:00:00+00:00,0.0,-0.813442048036972,94.66000366210938,0.18128099474496717,0.0,2014-03-18 00:00:00+00:00,0.0,low,1.0
2014-07-11 00:00:00+00:00,0.0,-1.4485119156539827,95.2699966430664,0.24952024595845423,0.0,2014-03-18 00:00:00+00:00,0.0,low,1.0
2014-07-14 00:00:00+00:00,0.0,-2.034637961970842,95.83999633789062,0.3167989082353704,0.0,2014-03-18 00:00:00+00:00,0.0,low,1.0
2014-07-15 00:00:00+00:00,0.0,-1.696160308185679,95.51000213623047,0.20135817703443595,0.0,2014-03-18 00:00:00+00:00,0.0,low,1.0
2014-07-16 00:00:00+00:00,0.0,-2.0857232378039936,95.88999938964844,0.20615649587097995,0.0,2014-03-18 00:00:00+00:00,0.0,low,1.0
2014-07-17 00:00:00+00:00,0.0,-0.7715106063659105,94.62000274658203,0.053226387912512156,0.0,2014-06-17 00:00:00+00:00,0.0,low,1.0
2014-07-18 00:00:00+00:00,0.0,-2.320020072006179,96.12000274658203,0.08052625084353261,0.0,2014-06-17 00:00:00+00:00,0.0,low,1.0
2014-07-21 00:00:00+00:00,0.0,-2.197917302449548,96.0,0.051086434288007965,0.0,2014-06-17 00:00:00+00:00,0.0,low,1.0
2014-07-22 00:00:00+00:00,0.0,-2.8154447816157835,96.61000061035156,0.10198073685824127,0.0,2014-06-17 00:00:00+00:00,0.0,low,1.0
2014-07-23 00:00:00+00:00,0.0,-3.435157720836357,97.2300033569336,0.10325644466000801,0.0,2014-06-17 00:00:00+00:00,0.0,low,1.0
2014-07-24 00:00:00+00:00,0.0,-3.325785899493572,97.12000274658203,0.21493978579904371,0.0,2014-06-17 00:00:00+00:00,0.0,low,1.0
2014-07-25 00:00:00+00:00,0.0,-2.9460394222196484,96.73999786376953,0.23624196256449037,0.0,2014-06-17 00:00:00+00:00,0.0,low,1.0
2014-07-28 00:00:00+00:00,0.0,-2.9761262305720293,96.7699966430664,0.12772463743491255,0.0,2014-06-17 00:00:00+00:00,0.0,low,1.0
2014-07-29 00:00:00+00:00,0.0,-2.805382119336841,96.5999984741211,0.030639320248392096,0.0,2014-06-17 00:00:00+00:00,0.0,low,1.0
2014-07-30 00:00:00+00:00,0.0,-3.186227944241704,96.9800033569336,0.0597243467435277,0.0,2014-06-17 00:00:00+00:00,0.0,low,1.0
2014-07-31 00:00:00+00:00,0.0,-1.1892204728891964,95.0199966430664,0.04733111760364475,0.0,2014-06-17 00:00:00+00:00,0.0,low,1.0
2014-08-01 00:00:00+00:00,0.0,-0.8239133773985219,94.66999816894531,0.0687709433318755,0.0,2014-06-17 00:00:00+00:00,0.0,low,1.0
2014-08-04 00:00:00+00:00,0.0,-1.5002101445174776,95.31999969482422,0.042397970207352934,0.0,2014-06-17 00:00:00+00:00,0.0,low,1.0
2014-08-05 00:00:00+00:00,0.0,-0.7400327469531676,94.58999633789062,0.052356884549438355,0.0,2014-06-17 00:00:00+00:00,0.0,low,1.0
2014-08-06 00:00:00+00:00,0.0,-0.6665227208978997,94.5199966430664,0.02696422266039302,0.0,2014-06-17 00:00:00+00:00,0.0,low,1.0
2014-08-07 00:00:00+00:00,0.0,-0.26533644317664473,94.22000122070312,0.028584217197774667,0.0,2014-06-17 00:00:00+00:00,0.0,low,1.0
2014-08-08 00:00:00+00:00,0.0,0.0316109365801065,94.9000015258789,0.032003472895572524,0.0,2014-06-17 00:00:00+00:00,0.0,low,1.0
2014-08-11 00:00:00+00:00,0.0,-0.5552050957258858,95.45999908447266,0.02447122670555264,0.0,2014-06-17 00:00:00+00:00,0.0,low,1.0
2014-08-12 00:00:00+00:00,0.0,0.3563235944347376,95.41999816894531,0.025240773564162405,0.0,2014-06-17 00:00:00+00:00,0.0,low,1.0
2014-08-13 00:00:00+00:00,0.0,0.0,96.43000030517578,0.0266178522323624,0.0,2014-06-17 00:00:00+00:00,0.0,low,1.0
2014-08-14 00:00:00+00:00,0.0,-0.4642494035132727,96.93000030517578,0.024471655446503444,0.0,2014-06-17 00:00:00+00:00,0.0,low,1.0
2014-08-15 00:00:00+00:00,0.0,0.3798717776089422,97.4000015258789,0.035118707579687714,0.0,2014-06-17 00:00:00+00:00,0.0,low,1.0
2014-08-18 00:00:00+00:00,0.0,-0.1018833138731301,98.1500015258789,0.031750146216140175,0.0,2014-06-17 00:00:00+00:00,0.0,low,1.0
2014-08-19 00:00:00+00:00,0.0,-0.6585551333149753,98.69999694824219,0.030498419762628008,0.0,2014-06-17 00:00:00+00:00,0.0,low,1.0
2014-08-20 00:00:00+00:00,0.0,-0.6585551333149753,98.69999694824219,0.026811105710225814,0.0,2014-06-17 00:00:00+00:00,0.0,low,1.0
2014-08-21 00:00:00+00:00,0.0,-0.8594524378229385,98.9000015258789,0.03037099350165885,0.0,2014-06-17 00:00:00+00:00,0.0,low,1.0
2014-08-22 00:00:00+00:00,0.0,-1.0095910844924005,99.05000305175781,0.03141760984160104,0.0,2014-06-17 00:00:00+00:00,0.0,low,1.0
2014-08-25 00:00:00+00:00,0.0,-1.3581473374219444,99.4000015258789,0.030629411335374477,0.0,2014-06-17 00:00:00+00:00,0.0,low,1.0
2014-08-26 00:00:00+00:00,0.0,-1.4572833650675299,99.5,0.04399292865604814,0.0,2014-06-17 00:00:00+00:00,0.0,low,1.0
2014-08-27 00:00:00+00:00,0.0,-1.8287778900874962,99.5199966430664,0.03738572363993908,0.0,2014-06-17 00:00:00+00:00,0.0,low,1.0
2014-08-28 00:00:00+00:00,0.0,-1.7201555687287096,99.41000366210938,0.16899762786861536,0.0,2014-06-17 00:00:00+00:00,0.0,low,1.0
2014-08-29 00:00:00+00:00,0.0,-2.084587949991301,99.77999877929688,0.22755136816112911,0.0,2014-06-17 00:00:00+00:00,0.0,low,1.0
2014-09-02 00:00:00+00:00,0.0,-2.36834491237099,100.06999969482422,0.19081460454976013,0.0,2014-06-17 00:00:00+00:00,0.0,low,1.0
2014-09-03 00:00:00+00:00,0.0,-2.593487880974088,99.4800033569336,0.11211981991969638,0.0,2014-06-17 00:00:00+00:00,0.0,low,1.0
2014-09-04 00:00:00+00:00,0.0,-3.440988218077712,99.38999938964844,0.22327928690538273,0.0,2014-06-17 00:00:00+00:00,0.0,low,1.0
2014-09-05 00:00:00+00:00,0.0,-3.9243149393306975,99.88999938964844,0.2934699676102022,0.0,2014-06-17 00:00:00+00:00,0.0,low,1.0
2014-09-08 00:00:00+00:00,0.0,-4.106715163024943,100.08000183105469,0.3018569325061245,0.0,2014-06-17 00:00:00+00:00,0.0,low,1.0
2014-09-09 00:00:00+00:00,0.0,-3.30478466427897,99.25,0.34999600031947053,0.0,2014-06-17 00:00:00+00:00,0.0,low,1.0
2014-09-10 00:00:00+00:00,0.0,-4.097130495277845,100.06999969482422,0.5190568503481615,0.0,2014-06-17 00:00:00+00:00,0.0,low,1.0
2014-09-11 00:00:00+00:00,0.0,-4.0203987688282705,99.98999786376953,0.5412230918796709,0.0,2014-06-17 00:00:00+00:00,0.0,low,1.0
2014-09-12 00:00:00+00:00,0.0,-5.086454581060895,99.4800033569336,0.3218926184657054,0.0,2014-06-17 00:00:00+00:00,0.0,low,1.0
2014-09-15 00:00:00+00:00,0.0,-5.724725519512452,98.5199966430664,0.14018959976826995,0.0,2014-06-17 00:00:00+00:00,0.0,low,1.0
2014-09-16 00:00:00+00:00,0.0,-6.711610337376928,99.37999725341797,0.1489336951208333,0.0,2014-06-17 00:00:00+00:00,0.0,low,1.0
2014-09-17 00:00:00+00:00,0.0,-9.33387021949783,99.52999877929688,0.08893599127993387,0.0,2014-06-17 00:00:00+00:00,0.0,low,1.0
2014-09-18 00:00:00+00:00,1.0,-10.01196752866349,100.27999877929688,0.19895070669423412,0.0,2014-06-17 00:00:00+00:00,0.0,low,1.0
2014-09-19 00:00:00+00:00,0.0,-9.741953556844518,99.9800033569336,0.16131641896626797,0.0,2014-06-17 00:00:00+00:00,0.0,low,1.0
2014-09-22 00:00:00+00:00,0.0,-8.894502692124783,99.05000305175781,0.05046666728369538,0.0,2014-06-17 00:00:00+00:00,0.0,low,1.0
2014-09-23 00:00:00+00:00,0.0,-8.645475826141869,98.77999877929688,0.024859999544955155,0.0,2014-06-17 00:00:00+00:00,0.0,low,1.0
2014-09-24 00:00:00+00:00,0.0,-9.615383439750557,99.83999633789062,0.018186398838519795,0.0,2014-06-17 00:00:00+00:00,0.0,low,1.0
2014-09-25 00:00:00+00:00,0.0,-7.673419443341444,97.73999786376953,0.022529842894578985,0.0,2014-06-17 00:00:00+00:00,0.0,low,1.0
2014-09-26 00:00:00+00:00,0.0,-8.645475826141869,98.77999877929688,0.026538925615449373,0.0,2014-06-17 00:00:00+00:00,0.0,low,1.0
2014-09-29 00:00:00+00:00,0.0,-8.52509227777678,98.6500015258789,0.019471506921259058,0.0,2014-06-17 00:00:00+00:00,0.0,low,1.0
2014-09-30 00:00:00+00:00,0.0,-8.654725146797693,98.79000091552734,0.020254577792273628,0.0,2014-06-17 00:00:00+00:00,0.0,low,1.0
2014-10-01 00:00:00+00:00,0.0,-7.1700455573982635,97.20999908447266,0.029727905154209356,0.0,2014-06-17 00:00:00+00:00,0.0,low,1.0
2014-10-02 00:00:00+00:00,0.0,-7.1700455573982635,97.20999908447266,0.02696627426868984,0.0,2014-06-17 00:00:00+00:00,0.0,low,1.0
2014-10-03 00:00:00+00:00,0.0,-8.077824644071685,98.16999816894531,0.026787088516878672,0.0,2014-06-17 00:00:00+00:00,0.0,low,1.0
2014-10-06 00:00:00+00:00,0.0,-7.880768980046671,97.95999908447266,0.026439777062202494,0.0,2014-06-17 00:00:00+00:00,0.0,low,1.0
2014-10-07 00:00:00+00:00,0.0,-6.554832609566585,96.56999969482422,0.026067337716700566,0.0,2014-06-17 00:00:00+00:00,0.0,low,1.0
2014-10-08 00:00:00+00:00,0.0,-8.339257835415548,98.44999694824219,0.03020240745498034,0.0,2014-06-17 00:00:00+00:00,0.0,low,1.0
2014-10-09 00:00:00+00:00,0.0,-6.83460944132448,96.86000061035156,0.02024506796898159,0.0,2014-06-17 00:00:00+00:00,0.0,low,1.0
2014-10-10 00:00:00+00:00,0.0,-4.447272838903771,94.44000244140625,0.020751154543867133,0.0,2014-06-17 00:00:00+00:00,0.0,low,1.0
2014-10-13 00:00:00+00:00,0.0,-2.9259910149433854,92.95999908447266,0.030996734721042387,0.0,2014-06-17 00:00:00+00:00,0.0,low,1.0
2014-10-14 00:00:00+00:00,0.0,-2.936434679023814,92.97000122070312,0.031006833854768472,0.0,2014-06-17 00:00:00+00:00,0.0,low,1.0
2014-10-15 00:00:00+00:00,0.0,-2.1435566721436095,92.37000274658203,0.03466907067904407,0.0,2014-09-16 00:00:00+00:00,0.0,low,1.0
2014-10-16 00:00:00+00:00,0.0,0.7299250051886474,91.79000091552734,0.02833465895754605,0.0,2014-09-16 00:00:00+00:00,0.0,low,1.0
2014-10-17 00:00:00+00:00,0.0,-0.21505048198084964,93.0,0.02347486314529959,0.0,2014-09-16 00:00:00+00:00,0.0,low,1.0
2014-10-20 00:00:00+00:00,0.0,0.9852741934414766,94.38999938964844,0.024829601728200493,0.0,2014-09-16 00:00:00+00:00,0.0,low,1.0
2014-10-21 00:00:00+00:00,0.0,-0.578099692485079,96.87000274658203,0.03835138669942908,0.0,2014-09-16 00:00:00+00:00,0.0,low,1.0
2014-10-22 00:00:00+00:00,0.0,0.8301290853617305,96.37000274658203,0.018387492180252797,0.0,2014-09-16 00:00:00+00:00,0.0,low,1.0
2014-10-23 00:00:00+00:00,0.0,-0.18401176215225856,97.81999969482422,0.08108924691412796,0.0,2014-09-16 00:00:00+00:00,0.0,low,1.0
2014-10-24 00:00:00+00:00,0.0,-0.6084020348868013,98.62000274658203,0.06555736857230114,0.0,2014-09-16 00:00:00+00:00,0.0,low,1.0
2014-10-27 00:00:00+00:00,0.0,0.39517618806421684,98.69000244140625,0.12058749506431961,0.0,2014-09-16 00:00:00+00:00,0.0,low,1.0
2014-10-28 00:00:00+00:00,0.0,-1.0780613173933973,100.18000030517578,0.1987743293426109,0.0,2014-09-16 00:00:00+00:00,0.0,low,1.0
2014-10-29 00:00:00+00:00,0.0,-0.6712736051836754,99.80999755859375,0.2683807415537374,0.0,2014-09-16 00:00:00+00:00,0.0,low,1.0
2014-10-30 00:00:00+00:00,0.0,0.6498715733799898,100.0199966430664,0.23924456660886984,0.0,2014-09-16 00:00:00+00:00,0.0,low,1.0
2014-10-31 00:00:00+00:00,0.0,-0.7199244042883857,101.4000015258789,0.24413827263321364,0.0,2014-09-16 00:00:00+00:00,0.0,low,1.0
2014-11-03 00:00:00+00:00,0.0,-1.0127815242915617,101.69999694824219,0.2371068769771306,0.0,2014-09-16 00:00:00+00:00,0.0,low,1.0
2014-11-04 00:00:00+00:00,0.0,-0.4340986964845306,101.36000061035156,0.23406117243960564,0.0,2014-09-16 00:00:00+00:00,0.0,low,1.0
2014-11-05 00:00:00+00:00,0.0,-0.443922822772036,101.37000274658203,0.2644859062502634,0.0,2014-09-16 00:00:00+00:00,0.0,low,1.0
2014-11-06 00:00:00+00:00,0.0,-0.6096988216115706,101.69000244140625,0.19694415301677198,0.0,2014-09-16 00:00:00+00:00,0.0,low,1.0
2014-11-07 00:00:00+00:00,0.0,-0.21653663780237808,101.5999984741211,0.022123320250023216,0.0,2014-09-16 00:00:00+00:00,0.0,low,1.0
2014-11-10 00:00:00+00:00,0.0,-0.2550040590085345,101.95999908447266,0.0182772899467569,0.0,2014-09-16 00:00:00+00:00,0.0,low,1.0
2014-11-11 00:00:00+00:00,0.0,-0.40085650919838844,102.27999877929688,0.014537812336572779,0.0,2014-09-16 00:00:00+00:00,0.0,low,1.0
2014-11-12 00:00:00+00:00,0.0,-0.03904051911455264,102.45999908447266,0.009459455099458721,0.0,2014-09-16 00:00:00+00:00,0.0,low,1.0
2014-11-13 00:00:00+00:00,0.0,-0.4664755586158864,102.9000015258789,0.010069519182019898,0.0,2014-09-16 00:00:00+00:00,0.0,low,1.0
2014-11-14 00:00:00+00:00,0.0,-1.8407299974898872,103.22000122070312,0.008190251960682286,0.0,2014-09-16 00:00:00+00:00,0.0,low,1.0
2014-11-17 00:00:00+00:00,0.0,-2.866586796870252,102.91000366210938,0.008533190874024446,0.0,2014-09-16 00:00:00+00:00,0.0,low,1.0
2014-11-18 00:00:00+00:00,0.0,-3.626545259609504,103.68000030517578,0.01078648056570692,0.0,2014-09-16 00:00:00+00:00,0.0,low,1.0
2014-11-19 00:00:00+00:00,0.0,-3.1876765281575348,103.20999908447266,0.010604064824080469,0.0,2014-09-16 00:00:00+00:00,0.0,low,1.0
2014-11-20 00:00:00+00:00,0.0,-3.617247097746479,103.66999816894531,0.01284143678960136,0.0,2014-09-16 00:00:00+00:00,0.0,low,1.0
2014-11-21 00:00:00+00:00,0.0,-3.8028347676795415,103.87000274658203,0.019338093089982376,0.0,2014-09-16 00:00:00+00:00,0.0,low,1.0
2014-11-24 00:00:00+00:00,0.0,-4.5471934680488495,104.68000030517578,0.014007894190463202,0.0,2014-09-16 00:00:00+00:00,0.0,low,1.0
2014-11-25 00:00:00+00:00,0.0,-4.6928637359816,104.83999633789062,0.03232056029073857,0.0,2014-09-16 00:00:00+00:00,0.0,low,1.0
2014-11-26 00:00:00+00:00,0.0,-5.307049518835505,105.5199966430664,0.07248223714043062,0.0,2014-09-16 00:00:00+00:00,0.0,low,1.0
2014-11-28 00:00:00+00:00,0.0,-5.744744688769144,106.01000213623047,0.07071710378411042,0.0,2014-09-16 00:00:00+00:00,0.0,low,1.0
2014-12-01 00:00:00+00:00,0.0,-4.665584871247319,104.80999755859375,0.09353572236022846,0.0,2014-09-16 00:00:00+00:00,0.0,low,1.0
2014-12-02 00:00:00+00:00,0.0,-5.0460942873650545,105.2300033569336,0.29401666249679104,0.0,2014-09-16 00:00:00+00:00,0.0,low,1.0
2014-12-03 00:00:00+00:00,0.0,-5.217226423382915,105.41999816894531,0.5015850181711673,0.0,2014-09-16 00:00:00+00:00,0.0,low,1.0
2014-12-04 00:00:00+00:00,0.0,-5.172254375606444,105.37000274658203,0.48715586527430516,0.0,2014-09-16 00:00:00+00:00,0.0,low,1.0
2014-12-05 00:00:00+00:00,0.0,-5.465927744317822,105.37999725341797,0.20862358405513856,0.0,2014-09-16 00:00:00+00:00,0.0,low,1.0
2014-12-08 00:00:00+00:00,0.0,-4.788296509940193,104.62999725341797,0.2054629883842973,0.0,2014-09-16 00:00:00+00:00,0.0,low,1.0
2014-12-09 00:00:00+00:00,0.0,-5.087648994349703,104.95999908447266,0.2292768059504413,0.0,2014-09-16 00:00:00+00:00,0.0,low,1.0
2014-12-10 00:00:00+00:00,0.0,-3.571769334249464,103.30999755859375,0.05473366193925707,0.0,2014-09-16 00:00:00+00:00,0.0,low,1.0
2014-12-11 00:00:00+00:00,0.0,-4.026975127439547,103.80000305175781,0.033837520436446396,0.0,2014-09-16 00:00:00+00:00,0.0,low,1.0
2014-12-12 00:00:00+00:00,0.0,-2.9706783644278034,102.66999816894531,0.03679365488986566,0.0,2014-09-16 00:00:00+00:00,0.0,low,1.0
2014-12-15 00:00:00+00:00,0.0,-1.9584665405137258,101.61000061035156,0.045903912348094364,0.0,2014-09-16 00:00:00+00:00,0.0,low,1.0
2014-12-16 00:00:00+00:00,0.0,-0.45009458144362746,99.9800033569336,0.01720960602148937,0.0,2014-09-16 00:00:00+00:00,0.0,low,1.0
2014-12-17 00:00:00+00:00,0.0,-2.3968589079174096,101.80000305175781,0.017847470705093123,0.0,2014-09-16 00:00:00+00:00,0.0,low,1.0
2014-12-18 00:00:00+00:00,0.0,-4.690646896545259,104.25,0.018002804185950405,0.0,2014-09-16 00:00:00+00:00,0.0,low,1.0
2014-12-19 00:00:00+00:00,0.0,-4.7546003632884855,104.31999969482422,0.012800824886066113,0.0,2014-09-16 00:00:00+00:00,0.0,low,1.0
2014-12-22 00:00:00+00:00,0.0,-4.991395227871442,104.58000183105469,0.013022301781015329,0.0,2014-09-16 00:00:00+00:00,0.0,low,1.0
2014-12-23 00:00:00+00:00,0.0,-4.6540624860668895,104.20999908447266,0.011064327306991485,0.0,2014-09-16 00:00:00+00:00,0.0,low,1.0
2014-12-24 00:00:00+00:00,0.0,-4.736339690186608,104.30000305175781,0.012243728597763057,0.0,2014-09-16 00:00:00+00:00,0.0,low,1.0
2014-12-26 00:00:00+00:00,0.0,-5.407464066706935,105.04000091552734,0.012894928017305126,0.0,2014-09-16 00:00:00+00:00,0.0,low,1.0
2014-12-29 00:00:00+00:00,0.0,-5.389446023266964,105.0199966430664,0.009843689207833248,0.0,2014-09-16 00:00:00+00:00,0.0,low,1.0
2014-12-30 00:00:00+00:00,0.0,-4.7546003632884855,104.31999969482422,0.009347391314596314,0.0,2014-09-16 00:00:00+00:00,0.0,low,1.0
2014-12-31 00:00:00+00:00,0.0,-3.7675538882793624,103.25,0.006126927367856678,0.0,2014-09-16 00:00:00+00:00,0.0,low,1.0
2015-01-02 00:00:00+00:00,0.0,-3.4777557277526183,102.94000244140625,0.0069680416675561565,0.0,2014-09-16 00:00:00+00:00,0.0,low,1.0
2015-01-05 00:00:00+00:00,0.0,-2.0408160195170444,101.43000030517578,0.008093838368493502,0.0,2014-09-16 00:00:00+00:00,0.0,low,1.0
2015-01-06 00:00:00+00:00,0.0,-0.7095024349334289,100.06999969482422,0.01266461320273716,0.0,2014-09-16 00:00:00+00:00,0.0,low,1.0
2015-01-07 00:00:00+00:00,0.0,-1.9731649447087163,101.36000061035156,0.022843028302287117,0.0,2014-09-16 00:00:00+00:00,0.0,low,1.0
2015-01-08 00:00:00+00:00,0.0,-3.814135842214972,103.30000305175781,0.11285399708430142,0.0,2014-09-16 00:00:00+00:00,0.0,low,1.0
2015-01-09 00:00:00+00:00,0.0,-3.176770657744943,102.62000274658203,0.11548769615668242,0.0,2014-09-16 00:00:00+00:00,0.0,low,1.0
2015-01-12 00:00:00+00:00,0.0,-2.156575456024412,101.55000305175781,0.06697920315037378,0.0,2014-09-16 00:00:00+00:00,0.0,low,1.0
2015-01-13 00:00:00+00:00,0.0,-2.127655736937384,101.5199966430664,0.09238584442481851,0.0,2014-09-16 00:00:00+00:00,0.0,low,1.0
2015-01-14 00:00:00+00:00,0.0,-1.5847845568841445,100.95999908447266,0.062098224923959895,0.0,2014-09-16 00:00:00+00:00,0.0,low,1.0
2015-01-15 00:00:00+00:00,0.0,-0.29101947926416516,99.6500015258789,0.012835613403177406,0.001517341870777196,2014-12-15 00:00:00+00:00,0.2,low,1.0
2015-01-16 00:00:00+00:00,0.0,-1.061297062153388,100.81999969482422,0.03109692651082624,0.0025792404801524343,2014-12-15 00:00:00+00:00,0.3,low,1.0
2015-01-20 00:00:00+00:00,0.0,-1.8401915922452883,101.62000274658203,0.01675838134203421,0.0017787951814786404,2014-12-15 00:00:00+00:00,0.2,low,1.0
2015-01-21 00:00:00+00:00,0.0,-2.3399250087431045,102.13999938964844,0.015919837579994038,0.0017251043231106722,2014-12-15 00:00:00+00:00,0.2,low,1.0
2015-01-22 00:00:00+00:00,0.0,-4.11419670241181,104.02999877929688,0.024766992079022564,0.002248112944803439,2014-12-15 00:00:00+00:00,0.2,low,1.0
2015-01-23 00:00:00+00:00,0.0,-4.325726111474193,104.26000213623047,0.025337612939625043,0.002279157170629655,2014-12-15 00:00:00+00:00,0.2,low,1.0
2015-01-26 00:00:00+00:00,0.0,-4.215478601284495,104.13999938964844,0.01972922695811971,0.0019611921452389073,2014-12-15 00:00:00+00:00,0.2,low,1.0
2015-01-27 00:00:00+00:00,0.0,-1.6660118303747362,101.44000244140625,0.07504890674819188,0.004442794718711723,2014-12-15 00:00:00+00:00,0.4,low,1.0
2015-01-28 00:00:00+00:00,0.0,-1.1593323327123706,100.91999816894531,0.06009960788137074,0.003864142904259217,2014-12-15 00:00:00+00:00,0.4,low,1.0
2015-01-29 00:00:00+00:00,0.0,-2.1003036632325833,101.88999938964844,0.03970348733364541,0.002992410484371701,2014-12-15 00:00:00+00:00,0.3,low,1.0
2015-01-30 00:00:00+00:00,0.0,-1.3353100835769571,101.0999984741211,0.025425263060813944,0.002283902479354038,2014-12-15 00:00:00+00:00,0.2,low,1.0
2015-02-02 00:00:00+00:00,0.0,-0.29417831131833827,101.9800033569336,0.11571889220973282,0.005877093966226401,2014-12-15 00:00:00+00:00,0.6,low,1.0
2015-02-03 00:00:00+00:00,0.0,-0.6313146189381946,102.95999908447266,0.17118447068872644,0.007673294375371093,2014-12-15 00:00:00+00:00,0.8,low,1.0
2015-02-04 00:00:00+00:00,0.0,-0.3110719221156577,102.87000274658203,0.1203143039489794,0.006030833861811875,2014-12-15 00:00:00+00:00,0.6,low,1.0
2015-02-05 00:00:00+00:00,0.0,-1.166151753624678,103.76000213623047,0.08456524961401102,0.004793466555938792,2014-12-15 00:00:00+00:00,0.5,low,1.0
2015-02-06 00:00:00+00:00,0.0,-0.5623913673099001,103.12999725341797,0.02838787737442288,0.002440897138435391,2014-12-15 00:00:00+00:00,0.2,low,1.0
2015-02-09 00:00:00+00:00,0.0,0.3988288137583229,102.80000305175781,0.02278007548380995,0.002137857095906983,2014-12-15 00:00:00+00:00,0.2,low,1.0
2015-02-10 00:00:00+00:00,0.0,-0.07663010525421621,104.4000015258789,0.027521256241461945,0.0023956291103377067,2014-12-15 00:00:00+00:00,0.2,low,1.0
2015-02-11 00:00:00+00:00,0.0,0.17178880251269568,104.77999877929688,0.030828156423554232,0.0025657176673724354,2014-12-15 00:00:00+00:00,0.3,low,1.0
2015-02-12 00:00:00+00:00,0.0,-1.2452827309662462,106.0,0.06686880632567381,0.004130992377615807,2014-12-15 00:00:00+00:00,0.4,low,1.0
2015-02-13 00:00:00+00:00,0.0,-2.085869685293018,106.91000366210938,0.02727952696492706,0.0023829088882097033,2014-12-15 00:00:00+00:00,0.2,low,1.0
2015-02-17 00:00:00+00:00,0.0,-2.177368268891766,107.01000213623047,0.025220737464110975,0.002272820083787421,2014-12-15 00:00:00+00:00,0.2,low,1.0
2015-02-18 00:00:00+00:00,0.0,-2.3142994327934097,107.16000366210938,0.025220737464110975,0.002272820083787421,2014-12-15 00:00:00+00:00,0.2,low,1.0
2015-02-19 00:00:00+00:00,0.0,-2.7950618144596984,107.69000244140625,0.04231864503164772,0.003111465075853357,2014-12-15 00:00:00+00:00,0.3,low,1.0
2015-02-20 00:00:00+00:00,0.0,-3.4406449874858525,108.41000366210938,0.058743340615313125,0.0038095731659964446,2014-12-15 00:00:00+00:00,0.4,low,1.0
2015-02-23 00:00:00+00:00,0.0,-3.5385149803503713,108.5199966430664,0.05117712232589484,0.0034973192597238336,2014-12-15 00:00:00+00:00,0.3,low,1.0
2015-02-24 00:00:00+00:00,0.0,-3.609574791918102,108.5999984741211,0.050306455075538326,0.0034604501114134196,2014-12-15 00:00:00+00:00,0.3,low,1.0
2015-02-25 00:00:00+00:00,0.0,-3.3693357926562584,108.33000183105469,0.05893109633831617,0.003817151150303542,2014-12-15 00:00:00+00:00,0.4,low,1.0
2015-02-26 00:00:00+00:00,0.0,-4.261571920183693,108.87999725341797,0.030837912188242847,0.002566209264717936,2014-12-15 00:00:00+00:00,0.3,low,1.0
2015-02-27 00:00:00+00:00,0.0,-3.8376417006933616,108.4000015258789,0.03071935983344809,0.002560231512426252,2014-12-15 00:00:00+00:00,0.3,low,1.0
2015-03-02 00:00:00+00:00,0.0,-4.699213310217765,109.37999725341797,0.03359716817533169,0.0027030721410873076,2014-12-15 00:00:00+00:00,0.3,low,1.0
2015-03-03 00:00:00+00:00,0.0,-4.252782920920661,108.87000274658203,0.023953234594183047,0.002203373892448203,2014-12-15 00:00:00+00:00,0.2,low,1.0
2015-03-04 00:00:00+00:00,0.0,-3.881972524611388,108.44999694824219,0.02440393882017065,0.0022282219995800657,2014-12-15 00:00:00+00:00,0.2,low,1.0
2015-03-05 00:00:00+00:00,0.0,-4.050075064983982,108.63999938964844,0.024913527612802057,0.002256110384791934,2014-12-15 00:00:00+00:00,0.2,low,1.0
2015-03-06 00:00:00+00:00,0.0,-2.9513133695740823,107.41000366210938,0.017483599626194272,0.0018243971121560424,2014-12-15 00:00:00+00:00,0.2,low,1.0
2015-03-09 00:00:00+00:00,0.0,-3.230600926009608,107.72000122070312,0.027366608184406595,0.002387496041063715,2014-12-15 00:00:00+00:00,0.2,low,1.0
2015-03-10 00:00:00+00:00,0.0,-1.3999274875564072,105.72000122070312,0.03967738730793451,0.0029912087598756975,2014-12-15 00:00:00+00:00,0.3,low,1.0
2015-03-11 00:00:00+00:00,0.0,-0.827706918019322,105.11000061035156,0.02622174771507778,0.0023267478510572,2014-12-15 00:00:00+00:00,0.2,low,1.0
2015-03-12 00:00:00+00:00,0.0,-1.4744850122784259,105.80000305175781,0.03722496176466256,0.002877017984077375,2014-12-15 00:00:00+00:00,0.3,low,1.0
2015-03-13 00:00:00+00:00,0.0,-1.0442362942492567,105.33999633789062,0.04026328687607932,0.003018119321368318,2014-12-15 00:00:00+00:00,0.3,low,1.0
2015-03-16 00:00:00+00:00,0.0,-2.30552872992672,106.69999694824219,0.02272707492445516,0.0021348675765160458,2014-12-15 00:00:00+00:00,0.2,low,1.0
2015-03-17 00:00:00+00:00,0.0,-2.4609383505387994,106.87000274658203,0.020759754384479367,0.002021957001258397,2014-12-15 00:00:00+00:00,0.2,low,1.0
2015-03-18 00:00:00+00:00,0.0,-3.409933624549233,107.91999816894531,0.023285916341061346,0.0021662585826351475,2014-12-15 00:00:00+00:00,0.2,low,1.0
2015-03-19 00:00:00+00:00,0.0,-3.552927370678305,108.08000183105469,0.019014755627569636,0.0019183498676569434,2014-12-15 00:00:00+00:00,0.2,low,1.0
2015-03-20 00:00:00+00:00,0.0,-3.952824991964987,108.52999877929688,0.01637195375760988,0.0017541852240416254,2014-12-15 00:00:00+00:00,0.2,low,1.0
2015-03-23 00:00:00+00:00,0.0,-3.7666191308617925,108.31999969482422,0.008408057043838495,0.0011803101802760044,2014-12-15 00:00:00+00:00,0.1,low,1.0
2015-03-24 00:00:00+00:00,0.0,-3.4188848614589484,107.93000030517578,0.013117406656418381,0.0015370806268277658,2014-12-15 00:00:00+00:00,0.2,low,1.0
2015-03-25 00:00:00+00:00,0.0,-1.1568378828885728,105.45999908447266,0.03101476795430893,0.002575111311567744,2014-12-15 00:00:00+00:00,0.3,low,1.0
2015-03-26 00:00:00+00:00,0.0,-0.7231228803657896,105.0999984741211,0.013338989390770037,0.0015524851904283393,2014-12-15 00:00:00+00:00,0.2,low,1.0
2015-03-27 00:00:00+00:00,0.0,-1.1182717425278765,105.5199966430664,0.014967753439256755,0.0016627940199436329,2014-12-15 00:00:00+00:00,0.2,low,1.0
2015-03-30 00:00:00+00:00,0.0,-2.2393019243615586,106.7300033569336,0.013513961006091011,0.0015645785437702305,2014-12-15 00:00:00+00:00,0.2,low,1.0
2015-03-31 00:00:00+00:00,0.0,-1.1931838583683851,105.5999984741211,0.014601283878503811,0.0016384009937556534,2014-12-15 00:00:00+00:00,0.2,low,1.0
2015-04-01 00:00:00+00:00,0.0,-0.6758750054651319,105.05000305175781,0.01504727443292875,0.0016680562571392231,2014-12-15 00:00:00+00:00,0.2,low,1.0
2015-04-02 00:00:00+00:00,0.0,-0.7420152095808152,105.12000274658203,0.011460947911301882,0.0014184918359639864,2014-12-15 00:00:00+00:00,0.1,low,1.0
2015-04-06 00:00:00+00:00,0.0,-0.4057372066007314,105.9800033569336,0.012919567396270213,0.001523240228689818,2014-12-15 00:00:00+00:00,0.2,low,1.0
2015-04-07 00:00:00+00:00,0.0,-0.23629488921441677,105.80000305175781,0.009543764939198408,0.0012723945557029004,2014-12-15 00:00:00+00:00,0.1,low,1.0
2015-04-08 00:00:00+00:00,0.0,-1.022127104397219,106.63999938964844,0.01250705465775899,0.0014941110551683818,2014-12-15 00:00:00+00:00,0.1,low,1.0
2015-04-09 00:00:00+00:00,0.0,-1.6401030163801233,107.30999755859375,0.012917896694885309,0.0015231229972406109,2014-12-15 00:00:00+00:00,0.2,low,1.0
2015-04-10 00:00:00+00:00,0.0,-2.0417605088094537,107.75,0.014686540570415761,0.0016440969737542372,2014-12-15 00:00:00+00:00,0.2,low,1.0
2015-04-13 00:00:00+00:00,0.0,-1.7956831456046651,107.4800033569336,0.01726850948063606,0.0018109496718996625,2014-12-15 00:00:00+00:00,0.2,low,1.0
2015-04-14 00:00:00+00:00,0.0,-1.5116125267014557,107.16999816894531,0.01366559672906731,0.0015750094784977074,2014-12-15 00:00:00+00:00,0.2,low,1.0
2015-04-15 00:00:00+00:00,0.0,-2.123510166819431,107.83999633789062,0.008994636965488315,0.0012284506456427093,2014-12-15 00:00:00+00:00,0.1,low,1.0
2015-04-16 00:00:00+00:00,0.0,-1.987184827869981,107.69000244140625,0.008813973999088138,0.0012137609059467544,2014-12-15 00:00:00+00:00,0.1,low,1.0
2015-04-17 00:00:00+00:00,0.0,-0.009435087283193866,106.01000213623047,0.013057892836950129,0.0013212103667242165,2015-03-18 00:00:00+00:00,0.1,low,1.0
2015-04-20 00:00:00+00:00,0.0,-1.4869874505675895,107.5999984741211,0.012255098058562924,0.0012637181342274467,2015-03-18 00:00:00+00:00,0.1,low,1.0
2015-04-21 00:00:00+00:00,0.0,-1.9063461087686528,108.05999755859375,0.01100183452675666,0.0011717392825978876,2015-03-18 00:00:00+00:00,0.1,low,1.0
2015-04-22 00:00:00+00:00,0.0,-2.4390257603887022,108.6500015258789,0.012656994031777299,0.0012926307655789226,2015-03-18 00:00:00+00:00,0.1,low,1.0
2015-04-23 00:00:00+00:00,0.0,-2.8057927994631915,109.05999755859375,0.029479648096856,0.0023481475335149944,2015-03-18 00:00:00+00:00,0.2,low,1.0
2015-04-24 00:00:00+00:00,0.0,-4.107111342433156,110.54000091552734,0.02527142498788836,0.0021045491524648743,2015-03-18 00:00:00+00:00,0.2,low,1.0
2015-04-27 00:00:00+00:00,0.0,-3.8635970013560117,110.26000213623047,0.05181371515867417,0.003523724523582917,2015-03-18 00:00:00+00:00,0.4,low,1.0
2015-04-28 00:00:00+00:00,0.0,-3.671393022459779,110.04000091552734,0.03912010776350262,0.0028752779306425794,2015-03-18 00:00:00+00:00,0.3,low,1.0
2015-04-29 00:00:00+00:00,0.0,-3.0635560318859167,109.3499984741211,0.027866119658816347,0.0022558990730201173,2015-03-18 00:00:00+00:00,0.2,low,1.0
2015-04-30 00:00:00+00:00,0.0,-1.5144451314814122,107.62999725341797,0.0430946921053991,0.0030829606874176836,2015-03-18 00:00:00+00:00,0.3,low,1.0
2015-05-01 00:00:00+00:00,0.0,-2.7968848843683225,109.05000305175781,0.05372215130677883,0.0036179008292126385,2015-03-18 00:00:00+00:00,0.4,low,1.0
2015-05-04 00:00:00+00:00,0.0,-2.9570660603010612,109.2300033569336,0.018155120061730784,0.0016656956739669456,2015-03-18 00:00:00+00:00,0.2,low,1.0
2015-05-05 00:00:00+00:00,0.0,-1.3494620655416512,107.44999694824219,0.04986611667343534,0.0034268271292264983,2015-03-18 00:00:00+00:00,0.3,low,1.0
2015-05-06 00:00:00+00:00,0.0,-0.10308369533813533,106.70999908447266,0.05455434982431799,0.0036587397033279734,2015-03-18 00:00:00+00:00,0.4,low,1.0
2015-05-07 00:00:00+00:00,0.0,-0.5123385469780639,107.3499984741211,0.043948501081973214,0.0031269705740287097,2015-03-18 00:00:00+00:00,0.3,low,1.0
2015-05-08 00:00:00+00:00,0.0,-1.7388898216901927,108.69000244140625,0.03756158499168173,0.0027924718184301057,2015-03-18 00:00:00+00:00,0.3,low,1.0
2015-05-11 00:00:00+00:00,0.0,-1.3577109419839695,108.2699966430664,0.030067989583362667,0.0023814558124628147,2015-03-18 00:00:00+00:00,0.2,low,1.0
2015-05-12 00:00:00+00:00,0.0,-0.5381349393428492,107.77999877929688,0.02994696904398113,0.0023746182188912166,2015-03-18 00:00:00+00:00,0.2,low,1.0
2015-05-13 00:00:00+00:00,0.0,-0.7407435664424145,108.0,0.025449192490409125,0.0021150454294841243,2015-03-18 00:00:00+00:00,0.2,low,1.0
2015-05-14 00:00:00+00:00,0.0,-2.1719336037992365,109.58000183105469,0.02813791410363561,0.00227153351801558,2015-03-18 00:00:00+00:00,0.2,low,1.0
2015-05-15 00:00:00+00:00,0.0,-2.1719336037992365,109.58000183105469,0.042658345925178025,0.003060390155158528,2015-03-18 00:00:00+00:00,0.3,low,1.0
2015-05-18 00:00:00+00:00,0.0,-2.598583203519478,110.05999755859375,0.028550567410881588,0.002295195511180667,2015-03-18 00:00:00+00:00,0.2,low,1.0
2015-05-19 00:00:00+00:00,0.0,-2.4922734512620948,109.94000244140625,0.01417915849347739,0.0013998476790365295,2015-03-18 00:00:00+00:00,0.1,low,1.0
2015-05-20 00:00:00+00:00,0.0,-2.5543179105737335,110.01000213623047,0.015091147602242614,0.001462508113844876,2015-03-18 00:00:00+00:00,0.1,low,1.0
2015-05-21 00:00:00+00:00,0.0,-3.0566149636862106,110.58000183105469,0.01468966344582519,0.0014350594367105107,2015-03-18 00:00:00+00:00,0.1,low,1.0
2015-05-22 00:00:00+00:00,0.0,-2.9600834944574106,110.47000122070312,0.008413378534637276,0.0009713535855601616,2015-03-18 00:00:00+00:00,0.1,low,1.0
2015-05-26 00:00:00+00:00,0.0,-1.8315018826859042,109.19999694824219,0.010093252782456028,0.001103151665080939,2015-03-18 00:00:00+00:00,0.1,low,1.0
2015-05-27 00:00:00+00:00,0.0,-3.388610460755337,110.95999908447266,0.014690669422358986,0.0014351284769304451,2015-03-18 00:00:00+00:00,0.1,low,1.0
2015-05-28 00:00:00+00:00,0.0,-3.1704472633518055,110.70999908447266,0.015172451088397826,0.00146804136575548,2015-03-18 00:00:00+00:00,0.1,low,1.0
2015-05-29 00:00:00+00:00,0.0,-2.589737414341764,110.05000305175781,0.01737223564536811,0.0016147589151900238,2015-03-18 00:00:00+00:00,0.2,low,1.0
2015-06-01 00:00:00+00:00,0.0,-3.4232918329824447,110.41999816894531,0.01257199028970757,0.0012865377980201525,2015-03-18 00:00:00+00:00,0.1,low,1.0
2015-06-02 00:00:00+00:00,0.0,-3.116199068488845,110.06999969482422,0.0138467177296044,0.001376724013637064,2015-03-18 00:00:00+00:00,0.1,low,1.0
2015-06-03 00:00:00+00:00,0.0,-3.4057989893678475,110.4000015258789,0.013926162173408243,0.0013822641927488733,2015-03-18 00:00:00+00:00,0.1,low,1.0
2015-06-04 00:00:00+00:00,0.0,-2.6652046677745345,109.55999755859375,0.018088743746434564,0.0016614010919407739,2015-03-18 00:00:00+00:00,0.2,low,1.0
2015-06-05 00:00:00+00:00,0.0,-2.4336720840252513,109.30000305175781,0.015109114780248874,0.0014637316261132563,2015-03-18 00:00:00+00:00,0.1,low,1.0
2015-06-08 00:00:00+00:00,0.0,-2.1813481440946414,108.19000244140625,0.012643981443405084,0.0012916988016630478,2015-03-18 00:00:00+00:00,0.1,low,1.0
2015-06-09 00:00:00+00:00,0.0,-2.0183318785849114,108.01000213623047,0.010889889000643046,0.0011633800281919302,2015-03-18 00:00:00+00:00,0.1,low,1.0
2015-06-10 00:00:00+00:00,0.0,-3.3427674711152267,109.48999786376953,0.012292800575238712,0.0012664419336774716,2015-03-18 00:00:00+00:00,0.1,low,1.0
2015-06-11 00:00:00+00:00,0.0,-3.483811802704484,109.6500015258789,0.012346051811655228,0.0012702849548623936,2015-03-18 00:00:00+00:00,0.1,low,1.0
2015-06-12 00:00:00+00:00,0.0,-2.685055787535917,108.75,0.007424488485032861,0.0008901623395298648,2015-03-18 00:00:00+00:00,0.1,low,1.0
2015-06-15 00:00:00+00:00,0.0,-2.199424520427229,108.20999908447266,0.008776436602068224,0.0010004458726179826,2015-03-18 00:00:00+00:00,0.1,low,1.0
2015-06-16 00:00:00+00:00,0.0,-2.7297804571662088,108.80000305175781,0.007658776467222678,0.0009096724113909905,2015-03-18 00:00:00+00:00,0.1,low,1.0
2015-06-17 00:00:00+00:00,0.0,-2.9972471941345225,109.0999984741211,0.011200212646992091,0.001186492471549981,2015-03-18 00:00:00+00:00,0.1,low,1.0
2015-06-18 00:00:00+00:00,0.0,-4.390640982164761,110.69000244140625,0.016423413176890576,0.0015521571214719965,2015-03-18 00:00:00+00:00,0.2,low,1.0
2015-06-19 00:00:00+00:00,0.0,-3.694601493442362,109.88999938964844,0.008355897200203757,0.0009667140421814201,2015-03-18 00:00:00+00:00,0.1,low,1.0
2015-06-22 00:00:00+00:00,0.0,-4.399273036533568,110.69999694824219,0.01614170845324704,0.0015333772151177789,2015-03-18 00:00:00+00:00,0.2,low,1.0
2015-06-23 00:00:00+00:00,0.0,-4.476937488478261,110.79000091552734,0.011381815011339395,0.0011999319102408035,2015-03-18 00:00:00+00:00,0.1,low,1.0
2015-06-24 00:00:00+00:00,0.0,-3.982942606630857,110.22000122070312,0.008043388313782717,0.0009413236528054734,2015-03-18 00:00:00+00:00,0.1,low,1.0
2015-06-25 00:00:00+00:00,0.0,-3.7909074263139164,110.0,0.008570333724648434,0.0009839749163446242,2015-03-18 00:00:00+00:00,0.1,low,1.0
2015-06-26 00:00:00+00:00,0.0,-3.148160444489223,109.2699966430664,0.006834079455784086,0.0008401680316879045,2015-03-18 00:00:00+00:00,0.1,low,1.0
2015-06-29 00:00:00+00:00,0.0,-0.806074225018294,106.69000244140625,0.010612766217172474,0.0011425785412856734,2015-03-18 00:00:00+00:00,0.1,low,1.0
2015-06-30 00:00:00+00:00,0.0,-1.1581188636441864,107.06999969482422,0.012731861327893388,0.0012979874465584927,2015-03-18 00:00:00+00:00,0.1,low,1.0
2015-07-01 00:00:00+00:00,0.0,-1.936616357812393,107.91999816894531,0.01407194987324638,0.001392407571517215,2015-03-18 00:00:00+00:00,0.1,low,1.0
2015-07-02 00:00:00+00:00,0.0,-1.9638676953404266,107.94999694824219,0.010587194772703272,0.0011406511977262292,2015-03-18 00:00:00+00:00,0.1,low,1.0
2015-07-06 00:00:00+00:00,0.0,-1.736300065158003,107.69999694824219,0.018174593999539766,0.0016669548195657681,2015-03-18 00:00:00+00:00,0.2,low,1.0
2015-07-07 00:00:00+00:00,0.0,-1.9264627281080804,107.97000122070312,0.02391146009570386,0.002023584915934354,2015-03-18 00:00:00+00:00,0.2,low,1.0
2015-07-08 00:00:00+00:00,0.0,-0.06598142825952058,106.08999633789062,0.025421213954028028,0.0021133947326325265,2015-03-18 00:00:00+00:00,0.2,low,1.0
2015-07-09 00:00:00+00:00,0.0,0.9619959296463865,106.02999877929688,0.011209292354153463,0.0011871659022467094,2015-03-18 00:00:00+00:00,0.1,low,1.0
2015-07-10 00:00:00+00:00,0.0,0.8546197453830562,107.6500015258789,0.022331281475928087,0.0019279392071707387,2015-03-18 00:00:00+00:00,0.2,low,1.0
2015-07-13 00:00:00+00:00,0.0,-0.12780663545584048,109.54000091552734,0.027036275047324455,0.0022079144120507902,2015-03-18 00:00:00+00:00,0.2,low,1.0
2015-07-14 00:00:00+00:00,0.0,-0.7799751439229952,110.26000213623047,0.03130046647678821,0.0024506934538229305,2015-03-18 00:00:00+00:00,0.2,low,1.0
2015-07-15 00:00:00+00:00,0.0,-1.9568727001829656,110.37999725341797,0.01946450699814698,0.0017495493655682443,2015-03-18 00:00:00+00:00,0.2,low,1.0
2015-07-16 00:00:00+00:00,0.0,-3.3232098799089393,111.94000244140625,0.029853102223284987,0.002369309887317874,2015-03-18 00:00:00+00:00,0.2,low,1.0
2015-07-17 00:00:00+00:00,0.0,-4.727524685548579,113.58999633789062,0.031699798352190174,0.00287262537101169,2015-06-17 00:00:00+00:00,0.3,low,1.0
2015-07-20 00:00:00+00:00,0.0,-5.053519886460045,113.9800033569336,0.04584136530677579,0.0037444993120783606,2015-06-17 00:00:00+00:00,0.4,low,1.0
2015-07-21 00:00:00+00:00,0.0,-4.995173609408765,113.91000366210938,0.021044206978183367,0.0021475706752505795,2015-06-17 00:00:00+00:00,0.2,low,1.0
2015-07-22 00:00:00+00:00,0.0,-3.9069449641018106,112.62000274658203,0.07289512884911677,0.0052607610910655085,2015-06-17 00:00:00+00:00,0.5,low,1.0
2015-07-23 00:00:00+00:00,0.0,-4.572190189795133,112.19999694824219,0.07828555268415022,0.005548286491158682,2015-06-17 00:00:00+00:00,0.6,low,1.0
2015-07-24 00:00:00+00:00,0.0,-7.8307804390012725,111.0999984741211,0.06686613315067612,0.004934537772187627,2015-06-17 00:00:00+00:00,0.5,low,1.0
2015-07-27 00:00:00+00:00,1.0,-23.08949207745753,110.18000030517578,0.09031148241532544,0.006178231221572592,2015-06-17 00:00:00+00:00,0.6,low,1.0
2015-07-28 00:00:00+00:00,1.0,-23.74696305397126,111.12999725341797,0.045622152256149,0.003731530364630976,2015-06-17 00:00:00+00:00,0.4,low,1.0
2015-07-29 00:00:00+00:00,1.0,-24.034069434806536,111.55000305175781,0.034622766398605315,0.0030595973423277823,2015-06-17 00:00:00+00:00,0.3,low,1.0
2015-07-30 00:00:00+00:00,1.0,-24.39329364795736,112.08000183105469,0.039435148293184626,0.00335910910732401,2015-06-17 00:00:00+00:00,0.3,low,1.0
2015-07-31 00:00:00+00:00,1.0,-24.3054933686623,111.94999694824219,0.029452086031561932,0.002725843909382849,2015-06-17 00:00:00+00:00,0.3,low,1.0
2015-08-03 00:00:00+00:00,1.0,-24.06810123441008,111.5999984741211,0.032031412060561086,0.0028940508114713532,2015-06-17 00:00:00+00:00,0.3,low,1.0
2015-08-04 00:00:00+00:00,1.0,-23.9249498805146,111.38999938964844,0.027184347184069937,0.002574777652523245,2015-06-17 00:00:00+00:00,0.3,low,1.0
2015-08-05 00:00:00+00:00,1.0,-24.50779700332336,112.25,0.03499014849355375,0.0030828102809959176,2015-06-17 00:00:00+00:00,0.3,low,1.0
2015-08-06 00:00:00+00:00,1.0,-23.277500945989694,110.44999694824219,0.060743066862977424,0.004597352526949491,2015-06-17 00:00:00+00:00,0.5,low,1.0
2015-08-07 00:00:00+00:00,1.0,-23.18012896450489,110.30999755859375,0.04241591406529732,0.0035401383933542233,2015-06-17 00:00:00+00:00,0.4,low,1.0
2015-08-10 00:00:00+00:00,1.0,-24.0476847758738,111.56999969482422,0.06265575222303546,0.004703377685100765,2015-06-17 00:00:00+00:00,0.5,low,1.0
2015-08-11 00:00:00+00:00,1.0,-23.06155953026647,110.13999938964844,0.025824639001660078,0.002482616889915443,2015-06-17 00:00:00+00:00,0.2,low,1.0
2015-08-12 00:00:00+00:00,1.0,-23.32609442846396,110.5199966430664,0.027312040352190668,0.002583369414354547,2015-06-17 00:00:00+00:00,0.3,low,1.0
2015-08-13 00:00:00+00:00,1.0,-23.201014431545786,110.33999633789062,0.021943373513729537,0.0022120434014937613,2015-06-17 00:00:00+00:00,0.2,low,1.0
2015-08-14 00:00:00+00:00,1.0,-23.3191600527644,110.51000213623047,0.017620853100925957,0.0018947427659928716,2015-06-17 00:00:00+00:00,0.2,low,1.0
2015-08-17 00:00:00+00:00,1.0,-23.95225914772481,111.43000030517578,0.017584619375016715,0.0018919975913664739,2015-06-17 00:00:00+00:00,0.2,low,1.0
2015-08-18 00:00:00+00:00,1.0,-23.561250769236487,110.86000061035156,0.013999805404737987,0.0016117697759342792,2015-06-17 00:00:00+00:00,0.2,low,1.0
2015-08-19 00:00:00+00:00,1.0,-23.054571890366994,110.12999725341797,0.017007977558576748,0.0018480938964042174,2015-06-17 00:00:00+00:00,0.2,low,1.0
2015-08-20 00:00:00+00:00,1.0,-20.862909586546387,107.08000183105469,0.019286504413309553,0.0020193062881916518,2015-06-17 00:00:00+00:00,0.2,low,1.0
2015-08-21 00:00:00+00:00,1.0,-17.24609706929181,102.4000015258789,0.33147339027369993,0.01860564233054086,2015-06-17 00:00:00+00:00,1.9,low,1.0
2015-08-24 00:00:00+00:00,0.0,-0.45703529598463133,98.45999908447266,0.7979862676231266,0.07400431950233168,2015-06-17 00:00:00+00:00,7.4,low,1.0
2015-08-25 00:00:00+00:00,0.0,0.8563604838882855,98.08999633789062,0.6441713616185308,0.04446050314056743,2015-06-17 00:00:00+00:00,4.4,low,1.0
2015-08-26 00:00:00+00:00,0.0,-2.3294201245406265,103.02999877929688,0.6038300190765269,0.03965918202886507,2015-06-17 00:00:00+00:00,4.0,low,1.0
2015-08-27 00:00:00+00:00,0.0,-4.742523821636258,105.63999938964844,0.5708146946555068,0.03621335010040902,2015-06-17 00:00:00+00:00,3.6,low,1.0
2015-08-28 00:00:00+00:00,0.0,-5.614467099952503,105.62000274658203,0.5756189399340057,0.036691548688760456,2015-06-17 00:00:00+00:00,3.7,low,1.0
2015-08-31 00:00:00+00:00,0.0,-5.330263338823826,104.30999755859375,0.49879395325975895,0.029814432244896515,2015-06-17 00:00:00+00:00,3.0,low,1.0
2015-09-01 00:00:00+00:00,0.0,-2.276103891436554,101.05000305175781,0.637974598235908,0.043673994616414115,2015-06-17 00:00:00+00:00,4.4,low,1.0
2015-09-02 00:00:00+00:00,0.0,-4.9566905199671,103.9000015258789,0.5848729328497052,0.03763406071873499,2015-06-17 00:00:00+00:00,3.8,low,1.0
2015-09-03 00:00:00+00:00,0.0,-4.487860931463549,103.38999938964844,0.6105358746828262,0.04040827208158286,2015-06-17 00:00:00+00:00,4.0,low,1.0
2015-09-04 00:00:00+00:00,0.0,-3.337904796272173,102.16000366210938,0.6441096288536022,0.0444525716576296,2015-06-17 00:00:00+00:00,4.4,low,1.0
2015-09-08 00:00:00+00:00,0.0,-5.988195792749218,105.04000091552734,0.588526724994429,0.03801424700180288,2015-06-17 00:00:00+00:00,3.8,low,1.0
2015-09-09 00:00:00+00:00,0.0,-4.920085288197329,103.86000061035156,0.4021132467934652,0.02288430166173111,2015-06-17 00:00:00+00:00,2.3,low,1.0
2015-09-10 00:00:00+00:00,0.0,-5.943421269392046,104.98999786376953,0.5528363128035685,0.03448694802735203,2015-06-17 00:00:00+00:00,3.4,low,1.0
2015-09-11 00:00:00+00:00,0.0,-6.460168338106554,105.56999969482422,0.5368445538399995,0.03302877465839061,2015-06-17 00:00:00+00:00,3.3,low,1.0
2015-09-14 00:00:00+00:00,0.0,-6.175771971496435,105.25,0.4544136601669723,0.026444167184668806,2015-06-17 00:00:00+00:00,2.6,low,1.0
2015-09-15 00:00:00+00:00,0.0,-7.268286241935273,106.48999786376953,0.398367495905367,0.022643644618877613,2015-06-17 00:00:00+00:00,2.3,low,1.0
2015-09-16 00:00:00+00:00,0.0,-7.787838848715845,107.08999633789062,0.40833870977375775,0.023288169586528247,2015-06-17 00:00:00+00:00,2.3,low,1.0
2015-09-17 00:00:00+00:00,0.0,-7.822269642735947,107.12999725341797,0.5577645682707626,0.03495063641393374,2015-06-17 00:00:00+00:00,3.5,low,1.0
2015-09-18 00:00:00+00:00,0.0,-6.264830156350087,105.3499984741211,0.5706089498456042,0.03619303555057738,2015-06-17 00:00:00+00:00,3.6,low,1.0
2015-09-21 00:00:00+00:00,0.0,-6.557532442433556,105.68000030517578,0.45268884474132426,0.026320236799654232,2015-06-17 00:00:00+00:00,2.6,low,1.0
2015-09-22 00:00:00+00:00,0.0,-5.139287754601729,104.0999984741211,0.15893354320288614,0.00961955776062486,2015-06-17 00:00:00+00:00,1.0,low,1.0
2015-09-23 00:00:00+00:00,0.0,-5.212133124658869,104.18000030517578,0.20891995869553354,0.012101828945556668,2015-06-17 00:00:00+00:00,1.2,low,1.0
2015-09-24 00:00:00+00:00,0.0,-4.865128037847677,103.80000305175781,0.1527854465842971,0.00931573104048478,2015-06-17 00:00:00+00:00,0.9,low,1.0
2015-09-25 00:00:00+00:00,0.0,-4.051688926480712,102.91999816894531,0.18583092455679,0.010950476673261702,2015-06-17 00:00:00+00:00,1.1,low,1.0
2015-09-28 00:00:00+00:00,0.0,-1.2401219024516408,99.98999786376953,0.21124416384495578,0.012218467184358707,2015-06-17 00:00:00+00:00,1.2,low,1.0
2015-09-29 00:00:00+00:00,0.0,1.0153836572189157,99.47000122070312,0.3520746918620484,0.019801314722624655,2015-06-17 00:00:00+00:00,2.0,low,1.0
2015-09-30 00:00:00+00:00,0.0,-1.2578604092237433,101.76000213623047,0.2076435979706684,0.012037842061545128,2015-06-17 00:00:00+00:00,1.2,low,1.0
2015-10-01 00:00:00+00:00,0.0,-1.7022088074649,102.22000122070312,0.18003305736848343,0.010662993444770263,2015-06-17 00:00:00+00:00,1.1,low,1.0
2015-10-02 00:00:00+00:00,0.0,0.16344405869990197,104.01000213623047,0.27687165004616354,0.015600537060095785,2015-06-17 00:00:00+00:00,1.6,low,1.0
2015-10-05 00:00:00+00:00,0.0,-1.2511845448570758,105.5,0.4275450071925766,0.024566399209143275,2015-06-17 00:00:00+00:00,2.5,low,1.0
2015-10-06 00:00:00+00:00,0.0,-0.7523818243117542,105.0,0.26665815331632026,0.015060451193551847,2015-06-17 00:00:00+00:00,1.5,low,1.0
2015-10-07 00:00:00+00:00,0.0,-1.3443133635027804,105.62999725341797,0.21818876398951537,0.012567959043170712,2015-06-17 00:00:00+00:00,1.3,low,1.0
2015-10-08 00:00:00+00:00,0.0,-0.5280576821058314,106.05000305175781,0.22615975078211614,0.012971086606852601,2015-06-17 00:00:00+00:00,1.3,low,1.0
2015-10-09 00:00:00+00:00,0.0,-0.9762516919595177,106.52999877929688,0.20257162650066513,0.01178401274961621,2015-06-17 00:00:00+00:00,1.2,low,1.0
2015-10-12 00:00:00+00:00,0.0,-1.2173452950769548,106.79000091552734,0.16143475664320106,0.009743144380212258,2015-06-17 00:00:00+00:00,1.0,low,1.0
2015-10-13 00:00:00+00:00,0.0,-0.5749298954988658,106.0999984741211,0.10026516936092017,0.006690107947830997,2015-06-17 00:00:00+00:00,0.7,low,1.0
2015-10-14 00:00:00+00:00,0.0,0.23600490822219822,105.93000030517578,0.2005994400744136,0.011685493807232874,2015-06-17 00:00:00+00:00,1.2,low,1.0
2015-10-15 00:00:00+00:00,0.0,-0.2693423613440604,107.66999816894531,0.20215283880410176,0.09887278641162002,2015-09-16 00:00:00+00:00,9.9,low,1.0
2015-10-16 00:00:00+00:00,0.0,-0.5919343076123518,108.12000274658203,0.1377815313696579,0.09511451248548755,2015-09-16 00:00:00+00:00,9.5,low,1.0
2015-10-19 00:00:00+00:00,0.0,-1.158722210399954,108.73999786376953,0.16426025315656087,0.09678597923019631,2015-09-16 00:00:00+00:00,9.7,low,1.0
2015-10-20 00:00:00+00:00,0.0,-0.6470668758250087,108.18000030517578,0.05236926729605921,0.08694013089330445,2015-09-16 00:00:00+00:00,8.7,low,1.0
2015-10-21 00:00:00+00:00,0.0,0.6045401285090346,107.5199966430664,0.03325046967534869,0.08349869656957633,2015-09-16 00:00:00+00:00,8.3,low,1.0
2015-10-22 00:00:00+00:00,0.0,-0.2096397132972161,109.70999908447266,0.4882236076217937,0.11042753729004448,2015-09-16 00:00:00+00:00,11.0,low,1.0
2015-10-23 00:00:00+00:00,0.0,-2.926046690975015,112.77999877929688,0.556100617052993,0.11294413093497578,2015-09-16 00:00:00+00:00,11.3,low,1.0
2015-10-26 00:00:00+00:00,0.0,-2.986260667039631,112.8499984741211,0.0704593004646764,0.08930400059064712,2015-09-16 00:00:00+00:00,8.9,low,1.0
2015-10-27 00:00:00+00:00,0.0,-3.1835854402439856,113.08000183105469,0.08907203738845523,0.09125091794454997,2015-09-16 00:00:00+00:00,9.1,low,1.0
2015-10-28 00:00:00+00:00,0.0,-3.981751815293433,114.0199966430664,0.017345543003276044,0.07886744348352316,2015-09-16 00:00:00+00:00,7.9,low,1.0
2015-10-29 00:00:00+00:00,0.0,-3.829930710833873,113.83999633789062,0.01634360106014338,0.07845909692240456,2015-09-16 00:00:00+00:00,7.8,low,1.0
2015-10-30 00:00:00+00:00,0.0,-3.397157338672274,113.33000183105469,0.011258650149886468,0.07595298745069944,2015-09-16 00:00:00+00:00,7.6,low,1.0
2015-11-02 00:00:00+00:00,0.0,-4.4760467900692325,114.61000061035156,0.009458197691639619,0.07481045221110633,2015-09-16 00:00:00+00:00,7.5,low,1.0
2015-11-03 00:00:00+00:00,0.0,-4.808276390384325,115.01000213623047,0.009853673817448075,0.07507741894352224,2015-09-16 00:00:00+00:00,7.5,low,1.0
2015-11-04 00:00:00+00:00,0.0,-4.816547946288585,115.0199966430664,0.016274891613741935,0.07843027236742652,2015-09-16 00:00:00+00:00,7.8,low,1.0
2015-11-05 00:00:00+00:00,0.0,-4.559319823276853,114.70999908447266,0.013995965825126234,0.07740574463891153,2015-09-16 00:00:00+00:00,7.7,low,1.0
2015-11-06 00:00:00+00:00,0.0,-4.62583632393323,114.79000091552734,0.011052459705027004,0.0758309387561117,2015-09-16 00:00:00+00:00,7.6,low,1.0
2015-11-09 00:00:00+00:00,0.0,-3.601299946183778,113.56999969482422,0.007891680327731847,0.07364193892469935,2015-09-16 00:00:00+00:00,7.4,low,1.0
2015-11-10 00:00:00+00:00,0.0,-3.3545157691666327,113.27999877929688,0.007051521683653841,0.07292486826813988,2015-09-16 00:00:00+00:00,7.3,low,1.0
2015-11-11 00:00:00+00:00,0.0,-3.2349266859282966,113.13999938964844,0.00617517476547129,0.07208848322736136,2015-09-16 00:00:00+00:00,7.2,low,1.0
2015-11-12 00:00:00+00:00,0.0,-2.2848960529051277,112.04000091552734,0.007425505952446604,0.07325318843682563,2015-09-16 00:00:00+00:00,7.3,low,1.0
2015-11-13 00:00:00+00:00,0.0,-0.41879014913438484,109.83999633789062,0.009952228113196994,0.07514242850172474,2015-09-16 00:00:00+00:00,7.5,low,1.0
2015-11-16 00:00:00+00:00,0.0,-1.8309109217845343,111.41999816894531,0.03335034499221811,0.08352080386021193,2015-09-16 00:00:00+00:00,8.4,low,1.0
2015-11-17 00:00:00+00:00,0.0,-1.8925470004311884,111.48999786376953,0.06446621818097524,0.08858488081276396,2015-09-16 00:00:00+00:00,8.9,low,1.0
2015-11-18 00:00:00+00:00,0.0,-3.7402095421349313,113.62999725341797,0.10675446014228891,0.09281217040358383,2015-09-16 00:00:00+00:00,9.3,low,1.0
2015-11-19 00:00:00+00:00,0.0,-3.80793410071002,113.70999908447266,0.049585374030956794,0.08651569428445037,2015-09-16 00:00:00+00:00,8.7,low,1.0
2015-11-20 00:00:00+00:00,0.0,-4.454931825617159,114.4800033569336,0.009923758734936292,0.0751237095880527,2015-09-16 00:00:00+00:00,7.5,low,1.0
2015-11-23 00:00:00+00:00,0.0,-4.178715907751895,114.1500015258789,0.012878876294751675,0.07684702889547929,2015-09-16 00:00:00+00:00,7.7,low,1.0
2015-11-24 00:00:00+00:00,0.0,-4.094700283541874,114.05000305175781,0.008131140404030781,0.07383355247676204,2015-09-16 00:00:00+00:00,7.4,low,1.0
2015-11-25 00:00:00+00:00,0.0,-4.178715907751895,114.1500015258789,0.007556194964994575,0.07336436888127279,2015-09-16 00:00:00+00:00,7.3,low,1.0
2015-11-27 00:00:00+00:00,0.0,-4.312833881960964,114.30999755859375,0.00799220208052565,0.07372301247335993,2015-09-16 00:00:00+00:00,7.4,low,1.0
2015-11-30 00:00:00+00:00,0.0,-4.069461082492143,114.0199966430664,0.007600706101718247,0.0734018353427387,2015-09-16 00:00:00+00:00,7.3,low,1.0
2015-12-01 00:00:00+00:00,0.0,-5.019109260929255,115.16000366210938,0.009596909913163395,0.07490522797952671,2015-09-16 00:00:00+00:00,7.5,low,1.0
2015-12-02 00:00:00+00:00,0.0,-4.429881896036248,114.44999694824219,0.005658920700637057,0.07154345855978896,2015-09-16 00:00:00+00:00,7.2,low,1.0
2015-12-03 00:00:00+00:00,0.0,-3.9018747722828206,112.51000213623047,0.009858320184484586,0.07508049709919515,2015-09-16 00:00:00+00:00,7.5,low,1.0
2015-12-04 00:00:00+00:00,0.0,-6.096922598818022,115.13999938964844,0.028596946542133857,0.0823969673283118,2015-09-16 00:00:00+00:00,8.2,low,1.0
2015-12-07 00:00:00+00:00,0.0,-6.2903497746493064,114.62000274658203,0.034186732000073355,0.08370367170583627,2015-09-16 00:00:00+00:00,8.4,low,1.0
2015-12-08 00:00:00+00:00,0.0,-8.56669277686074,114.62999725341797,0.012642750498593005,0.07672332366012352,2015-09-16 00:00:00+00:00,7.7,low,1.0
2015-12-09 00:00:00+00:00,0.0,-7.963502446961545,112.88999938964844,0.04140895642867401,0.08513685128356414,2015-09-16 00:00:00+00:00,8.5,low,1.0
2015-12-10 00:00:00+00:00,0.0,-9.409169334543899,113.4000015258789,0.05047723160271721,0.08665386567458243,2015-09-16 00:00:00+00:00,8.7,low,1.0
2015-12-11 00:00:00+00:00,0.0,-7.275022557982602,110.79000091552734,0.09260704420394726,0.0915819472738339,2015-09-16 00:00:00+00:00,9.2,low,1.0
2015-12-14 00:00:00+00:00,0.0,-8.859625219909805,111.62999725341797,0.06946329419232956,0.08918816200206738,2015-09-16 00:00:00+00:00,8.9,low,1.0
2015-12-15 00:00:00+00:00,1.0,-10.3641702810791,112.30999755859375,0.037679914622819735,0.08442707281773275,2015-09-16 00:00:00+00:00,8.4,low,1.0
2015-12-16 00:00:00+00:00,1.0,-12.695210382991174,113.9800033569336,0.12579629547080104,0.09427798343367974,2015-09-16 00:00:00+00:00,9.4,low,1.0
2015-12-17 00:00:00+00:00,1.0,-11.404912387285238,112.31999969482422,0.038636388670835325,0.08461481840959259,2015-09-16 00:00:00+00:00,8.5,low,1.0
2015-12-18 00:00:00+00:00,1.0,-11.45406684997219,109.83000183105469,0.08224138903201463,0.09057949803306814,2015-09-16 00:00:00+00:00,9.1,low,1.0
2015-12-21 00:00:00+00:00,1.0,-12.426837165709891,111.05000305175781,0.13225948566159446,0.09473627343298464,2015-09-16 00:00:00+00:00,9.5,low,1.0
2015-12-22 00:00:00+00:00,1.0,-12.998746589705657,111.77999877929688,0.21983220262071884,0.09975762081413435,2015-09-16 00:00:00+00:00,10.0,low,1.0
2015-12-23 00:00:00+00:00,1.0,-13.639996915992924,112.61000061035156,0.20165112131321314,0.09884696214021875,2015-09-16 00:00:00+00:00,9.9,low,1.0
2015-12-24 00:00:00+00:00,1.0,-13.624653021440913,112.58999633789062,0.10481683746798974,0.0926517241133773,2015-09-16 00:00:00+00:00,9.3,low,1.0
2015-12-28 00:00:00+00:00,1.0,-13.578600324403512,112.52999877929688,0.18375979868157274,0.097896750607943,2015-09-16 00:00:00+00:00,9.8,low,1.0
2015-12-29 00:00:00+00:00,1.0,-14.916887661006584,114.30000305175781,0.26364457570383865,0.10177831425566189,2015-09-16 00:00:00+00:00,10.2,low,1.0
2015-12-30 00:00:00+00:00,1.0,-14.143195124785091,113.2699966430664,0.15839632883983398,0.09643379024327352,2015-09-16 00:00:00+00:00,9.6,low,1.0
2015-12-31 00:00:00+00:00,1.0,-13.060969542851542,111.86000061035156,0.09821365940558405,0.09208647914265637,2015-09-16 00:00:00+00:00,9.2,low,1.0
2016-01-04 00:00:00+00:00,1.0,-11.187214611872143,109.5,0.13628907178143618,0.0950134319126038,2015-09-16 00:00:00+00:00,9.5,low,1.0
2016-01-05 00:00:00+00:00,1.0,-11.032840387842102,109.30999755859375,0.05926195968241331,0.087912784552772,2015-09-16 00:00:00+00:00,8.8,low,1.0
2016-01-06 00:00:00+00:00,1.0,-10.16996297707059,108.26000213623047,0.015795438613291576,0.07822601774522862,2015-09-16 00:00:00+00:00,7.8,low,1.0
2016-01-07 00:00:00+00:00,0.0,-7.266141458006581,104.87000274658203,0.035079528796599216,0.08389455800474381,2015-09-16 00:00:00+00:00,8.4,low,1.0
2016-01-08 00:00:00+00:00,0.0,-8.816465349485458,104.01000213623047,0.05437651273040136,0.08723422446043669,2015-09-16 00:00:00+00:00,8.7,low,1.0
2016-01-11 00:00:00+00:00,0.0,-9.096142362320258,104.33000183105469,0.07302510400362974,0.08959618724452502,2015-09-16 00:00:00+00:00,9.0,low,1.0
2016-01-12 00:00:00+00:00,1.0,-10.138340425258141,105.54000091552734,0.027189694033791803,0.08203230561613346,2015-09-16 00:00:00+00:00,8.2,low,1.0
2016-01-13 00:00:00+00:00,0.0,-6.9283661258781155,101.9000015258789,0.11495186433731663,0.09346643923021435,2015-09-16 00:00:00+00:00,9.3,low,1.0
2016-01-14 00:00:00+00:00,0.0,-8.869033711924413,104.06999969482422,0.1135281045840602,0.0933555041547125,2015-09-16 00:00:00+00:00,9.3,low,1.0
2016-01-15 00:00:00+00:00,0.0,-5.950020049480608,100.83999633789062,0.333797824000083,0.07459397571434698,2015-12-15 00:00:00+00:00,7.5,low,1.0
2016-01-19 00:00:00+00:00,0.0,-6.154760905368928,101.05999755859375,0.398642791683037,0.07367044658986521,2015-12-15 00:00:00+00:00,7.4,low,1.0
2016-01-20 00:00:00+00:00,0.0,-5.86600859762717,100.75,0.3873248969546506,0.07382623626335161,2015-12-15 00:00:00+00:00,7.4,low,1.0
2016-01-21 00:00:00+00:00,0.0,-5.959347771108481,100.8499984741211,0.40550596485096,0.07357685688781922,2015-12-15 00:00:00+00:00,7.4,low,1.0
2016-01-22 00:00:00+00:00,0.0,-8.605570583077071,103.7699966430664,0.1719317893210718,0.07757012304701427,2015-12-15 00:00:00+00:00,7.8,low,1.0
2016-01-25 00:00:00+00:00,0.0,-7.228804437422287,102.2300033569336,0.0867841165542255,0.08030113837300301,2015-12-15 00:00:00+00:00,8.0,low,1.0
2016-01-26 00:00:00+00:00,0.0,-8.056233703402727,103.1500015258789,0.2224359101416233,0.07647507184928788,2015-12-15 00:00:00+00:00,7.6,low,1.0
2016-01-27 00:00:00+00:00,0.0,-5.70690533770879,100.58000183105469,0.25094211973882335,0.07594064378585944,2015-12-15 00:00:00+00:00,7.6,low,1.0
2016-01-28 00:00:00+00:00,0.0,-7.019611433440565,102.0,0.24219269133006222,0.07609967045336713,2015-12-15 00:00:00+00:00,7.6,low,1.0
2016-01-29 00:00:00+00:00,0.0,-8.921541496749064,104.12999725341797,0.5597778658492575,0.07156208154980237,2015-12-15 00:00:00+00:00,7.2,low,1.0
2016-02-01 00:00:00+00:00,0.0,-9.165795410935063,104.41000366210938,0.22202780803761485,0.07648308762473284,2015-12-15 00:00:00+00:00,7.6,low,1.0
2016-02-02 00:00:00+00:00,0.0,-7.156147898966358,102.1500015258789,0.2586429849139677,0.07580394645932641,2015-12-15 00:00:00+00:00,7.6,low,1.0
2016-02-03 00:00:00+00:00,0.0,-6.708643594866103,101.66000366210938,0.3130512159084724,0.0749092523017896,2015-12-15 00:00:00+00:00,7.5,low,1.0
2016-02-04 00:00:00+00:00,0.0,-6.699463930902683,101.6500015258789,0.28473314919971965,0.075360872476253,2015-12-15 00:00:00+00:00,7.5,low,1.0
2016-02-05 00:00:00+00:00,0.0,-3.342851933221802,98.12000274658203,0.7555841116403155,0.06877640953754707,2015-12-15 00:00:00+00:00,6.9,low,1.0
2016-02-08 00:00:00+00:00,0.0,-1.4903771480768158,96.62000274658203,0.7415374685870367,0.06900655870338668,2015-12-15 00:00:00+00:00,6.9,low,1.0
2016-02-09 00:00:00+00:00,0.0,-1.1731699096742099,96.31999969482422,0.7297270263050372,0.06919435183493182,2015-12-15 00:00:00+00:00,6.9,low,1.0
2016-02-10 00:00:00+00:00,0.0,-1.5513496350452516,96.69000244140625,0.6411914902042718,0.07048295602655222,2015-12-15 00:00:00+00:00,7.0,low,1.0
2016-02-11 00:00:00+00:00,0.0,0.18643221075744787,96.55000305175781,0.12658621483746546,0.07881557463227683,2015-12-15 00:00:00+00:00,7.9,low,1.0
2016-02-12 00:00:00+00:00,0.0,0.8467678631709052,98.0199966430664,0.11431405347243322,0.07922108936130773,2015-12-15 00:00:00+00:00,7.9,low,1.0
2016-02-16 00:00:00+00:00,0.0,-0.4589511109054256,100.2300033569336,0.0586683327911122,0.08181143569109647,2015-12-15 00:00:00+00:00,8.2,low,1.0
2016-02-17 00:00:00+00:00,0.0,-2.6634179092035026,102.5,0.16493362782727436,0.0777421611802684,2015-12-15 00:00:00+00:00,7.8,low,1.0
2016-02-18 00:00:00+00:00,0.0,-1.5395294185321817,101.33000183105469,0.08937247630635785,0.08018680963691058,2015-12-15 00:00:00+00:00,8.0,low,1.0
2016-02-19 00:00:00+00:00,0.0,-1.8301689074275873,101.62999725341797,0.11249804668660861,0.0792844417860885,2015-12-15 00:00:00+00:00,7.9,low,1.0
2016-02-22 00:00:00+00:00,0.0,-3.398530381212661,103.27999877929688,0.22340806232089477,0.07645602251225775,2015-12-15 00:00:00+00:00,7.6,low,1.0
2016-02-23 00:00:00+00:00,0.0,-1.781851895414055,101.58000183105469,0.27653740667200866,0.07549696748755623,2015-12-15 00:00:00+00:00,7.5,low,1.0
2016-02-24 00:00:00+00:00,0.0,-0.6923517237818477,102.55000305175781,0.4895538605578775,0.07246808687950439,2015-12-15 00:00:00+00:00,7.2,low,1.0
2016-02-25 00:00:00+00:00,0.0,-1.0235588871987056,103.55999755859375,0.30135089438170776,0.0750925929739527,2015-12-15 00:00:00+00:00,7.5,low,1.0
2016-02-26 00:00:00+00:00,0.0,-0.899159143799444,103.43000030517578,0.3386134709699347,0.07452240921112668,2015-12-15 00:00:00+00:00,7.5,low,1.0
2016-02-29 00:00:00+00:00,0.0,0.6439060118140327,102.5,0.18752593449316526,0.07720691898119478,2015-12-15 00:00:00+00:00,7.7,low,1.0
2016-03-01 00:00:00+00:00,0.0,-2.3442700968627994,105.79000091552734,0.30555742814986636,0.07502618054730363,2015-12-15 00:00:00+00:00,7.5,low,1.0
2016-03-02 00:00:00+00:00,0.0,-2.38118135581612,105.83000183105469,0.35809732338894446,0.07423831615935429,2015-12-15 00:00:00+00:00,7.4,low,1.0
2016-03-03 00:00:00+00:00,0.0,-2.1963455033121693,105.62999725341797,0.35758198197248403,0.07424572506546541,2015-12-15 00:00:00+00:00,7.4,low,1.0
2016-03-04 00:00:00+00:00,0.0,-2.2333686488556492,105.66999816894531,0.33819473683777745,0.0745286096592123,2015-12-15 00:00:00+00:00,7.5,low,1.0
2016-03-07 00:00:00+00:00,0.0,-1.6282604638471532,105.0199966430664,0.5607901922373021,0.07154896006422581,2015-12-15 00:00:00+00:00,7.2,low,1.0
2016-03-08 00:00:00+00:00,0.0,-0.8065328420340245,104.1500015258789,0.4830888733336506,0.07255174521397803,2015-12-15 00:00:00+00:00,7.3,low,1.0
2016-03-09 00:00:00+00:00,0.0,-1.4405668199072075,104.81999969482422,0.5865332108153328,0.07121351566398726,2015-12-15 00:00:00+00:00,7.1,low,1.0
2016-03-10 00:00:00+00:00,0.0,0.7643754962459504,104.66000366210938,0.5142061422754958,0.07215006980830836,2015-12-15 00:00:00+00:00,7.2,low,1.0
2016-03-11 00:00:00+00:00,0.0,-0.5070907374964517,106.48999786376953,0.5835537231405198,0.07125254437365765,2015-12-15 00:00:00+00:00,7.1,low,1.0
2016-03-14 00:00:00+00:00,0.0,-0.6749800628690128,106.66999816894531,0.6770633262186971,0.06998148472512859,2015-12-15 00:00:00+00:00,7.0,low,1.0
2016-03-15 00:00:00+00:00,0.0,-0.2719693547755808,106.62999725341797,0.31183912681533554,0.07492804838489998,2015-12-15 00:00:00+00:00,7.5,low,1.0
2016-03-16 00:00:00+00:00,0.0,-0.9760206673046445,107.58000183105469,0.09027360947047536,0.08014774099154799,2015-12-15 00:00:00+00:00,8.0,low,1.0
2016-03-17 00:00:00+00:00,0.0,-0.9207569704973273,107.5199966430664,0.058822095693934276,0.08180139560538223,2015-12-15 00:00:00+00:00,8.2,low,1.0
2016-03-18 00:00:00+00:00,0.0,-0.7823451111086954,107.37000274658203,0.07689733399533105,0.08076997196959015,2015-12-15 00:00:00+00:00,8.1,low,1.0
2016-03-21 00:00:00+00:00,0.0,-1.1689415767032973,107.79000091552734,0.03984608820952147,0.08329186169705356,2015-12-15 00:00:00+00:00,8.3,low,1.0
2016-03-22 00:00:00+00:00,0.0,-1.4705918672716867,108.12000274658203,0.025848779849076714,0.0849480244469247,2015-12-15 00:00:00+00:00,8.5,low,1.0
2016-03-23 00:00:00+00:00,0.0,-0.6528066359437035,107.2300033569336,0.018194423664666448,0.08629890677130224,2015-12-15 00:00:00+00:00,8.6,low,1.0
2016-03-24 00:00:00+00:00,0.0,-0.49412527385905847,107.26000213623047,0.018704205391734827,0.08619226473576232,2015-12-15 00:00:00+00:00,8.6,low,1.0
2016-03-28 00:00:00+00:00,0.0,-0.3547728981912135,107.11000061035156,0.011440249031609668,0.08810020977079769,2015-12-15 00:00:00+00:00,8.8,low,1.0
2016-03-29 00:00:00+00:00,0.0,-0.744284824368302,108.83000183105469,0.016900128366202968,0.0865840134382975,2015-12-15 00:00:00+00:00,8.7,low,1.0
2016-03-30 00:00:00+00:00,0.0,-2.441476000405751,109.36000061035156,0.015315674094027296,0.08696512462076694,2015-12-15 00:00:00+00:00,8.7,low,1.0
2016-03-31 00:00:00+00:00,0.0,-2.8662979312183534,109.19999694824219,0.013826957430766815,0.08736197944948201,2015-12-15 00:00:00+00:00,8.7,low,1.0
2016-04-01 00:00:00+00:00,0.0,-4.965570248845741,110.36000061035156,0.025315596632226937,0.08502797784942569,2015-12-15 00:00:00+00:00,8.5,low,1.0
2016-04-04 00:00:00+00:00,0.0,-4.6025150769712475,109.94000244140625,0.02344716222272994,0.08532231232167437,2015-12-15 00:00:00+00:00,8.5,low,1.0
2016-04-05 00:00:00+00:00,0.0,-3.6737693799624216,108.87999725341797,0.027582099425532778,0.08469920185516137,2015-12-15 00:00:00+00:00,8.5,low,1.0
2016-04-06 00:00:00+00:00,0.0,-5.313090585256674,110.66999816894531,0.037301640270421196,0.0835440996129916,2015-12-15 00:00:00+00:00,8.4,low,1.0
2016-04-07 00:00:00+00:00,0.0,-3.9328940626273456,109.08000183105469,0.0294205300898719,0.08445203083141704,2015-12-15 00:00:00+00:00,8.4,low,1.0
2016-04-08 00:00:00+00:00,0.0,-4.220182086349622,109.0,0.031647145301207054,0.0841727764825975,2015-12-15 00:00:00+00:00,8.4,low,1.0
2016-04-11 00:00:00+00:00,0.0,-3.867400559165779,108.5999984741211,0.019591074586226758,0.08601362598200377,2015-12-15 00:00:00+00:00,8.6,low,1.0
2016-04-12 00:00:00+00:00,0.0,-4.666240992301985,109.51000213623047,0.024223873498131515,0.08519716114541263,2015-12-15 00:00:00+00:00,8.5,low,1.0
2016-04-13 00:00:00+00:00,0.0,-5.869625751761209,110.91000366210938,0.0604990912940233,0.08169353405055749,2015-12-15 00:00:00+00:00,8.2,low,1.0
2016-04-14 00:00:00+00:00,0.0,-5.878107420391066,110.91999816894531,0.0322437535425279,0.08410131795563446,2015-12-15 00:00:00+00:00,8.4,low,1.0
2016-04-15 00:00:00+00:00,0.0,-5.639911332423009,110.63999938964844,0.03119324494261039,0.08422805824942793,2015-12-15 00:00:00+00:00,8.4,low,1.0
2016-04-18 00:00:00+00:00,0.0,-6.140431201046925,111.2300033569336,0.06825233525670409,0.14128463655322387,2016-03-17 00:00:00+00:00,14.1,low,1.0
2016-04-19 00:00:00+00:00,0.0,-5.563094849485961,110.55000305175781,0.029019714376851354,0.1496828163911883,2016-03-17 00:00:00+00:00,15.0,low,1.0
2016-04-20 00:00:00+00:00,0.0,-5.639911332423009,110.63999938964844,0.022516330859434223,0.15219821135181633,2016-03-17 00:00:00+00:00,15.2,low,1.0
2016-04-21 00:00:00+00:00,0.0,-5.6484409523828605,110.6500015258789,0.013800683474393543,0.1571090391789971,2016-03-17 00:00:00+00:00,15.7,low,1.0
2016-04-22 00:00:00+00:00,0.0,-4.2026075334703155,108.9800033569336,0.0310686387079701,0.14900931838321116,2016-03-17 00:00:00+00:00,14.9,low,1.0
2016-04-25 00:00:00+00:00,0.0,-4.2026075334703155,108.9800033569336,0.022924837779058207,0.15201936494012525,2016-03-17 00:00:00+00:00,15.2,low,1.0
2016-04-26 00:00:00+00:00,0.0,-3.73443571814589,108.44999694824219,0.012363505002943916,0.1582244111868422,2016-03-17 00:00:00+00:00,15.8,low,1.0
2016-04-27 00:00:00+00:00,0.0,-2.9559399991177737,107.58000183105469,0.009701534782066135,0.1607010663723141,2016-03-17 00:00:00+00:00,16.1,low,1.0
2016-04-28 00:00:00+00:00,0.0,-1.7689097431418,106.27999877929688,0.020020610087511923,0.1533692397756335,2016-03-17 00:00:00+00:00,15.3,low,1.0
2016-04-29 00:00:00+00:00,0.0,-1.2485808546942478,105.72000122070312,0.02814330168934421,0.1499859110536468,2016-03-17 00:00:00+00:00,15.0,low,1.0
2016-05-02 00:00:00+00:00,0.0,-2.1739127326529273,106.72000122070312,0.0267532081494246,0.1504870905444712,2016-03-17 00:00:00+00:00,15.0,low,1.0
2016-05-03 00:00:00+00:00,0.0,-1.2579228117157393,105.7300033569336,0.025297133962114023,0.1510415786162566,2016-03-17 00:00:00+00:00,15.1,low,1.0
2016-05-04 00:00:00+00:00,0.0,-0.6187544093251063,105.05000305175781,0.03204404262890735,0.1487044996407064,2016-03-17 00:00:00+00:00,14.9,low,1.0
2016-05-05 00:00:00+00:00,0.0,-0.5903591096985905,105.0199966430664,0.030415020241421252,0.14921910339949362,2016-03-17 00:00:00+00:00,14.9,low,1.0
2016-05-06 00:00:00+00:00,0.0,-0.9850358945735938,105.58000183105469,0.039026286815386765,0.146765091730074,2016-03-17 00:00:00+00:00,14.7,low,1.0
2016-05-09 00:00:00+00:00,0.0,-1.2655802537314131,105.87999725341797,0.01193118674649573,0.15858645519399808,2016-03-17 00:00:00+00:00,15.9,low,1.0
2016-05-10 00:00:00+00:00,0.0,-2.5994604192022708,107.33000183105469,0.012329272269044907,0.1582525957761979,2016-03-17 00:00:00+00:00,15.8,low,1.0
2016-05-11 00:00:00+00:00,0.0,-1.7111693158894936,106.36000061035156,0.005862404983527279,0.16592846366171907,2016-03-17 00:00:00+00:00,16.6,low,1.0
2016-05-12 00:00:00+00:00,0.0,-1.2749064896614426,105.88999938964844,0.029999019011145447,0.149355038869358,2016-03-17 00:00:00+00:00,14.9,low,1.0
2016-05-13 00:00:00+00:00,0.0,-0.9099517388366452,105.5,0.0033503860817793367,0.17187417413310738,2016-03-17 00:00:00+00:00,17.2,low,1.0
2016-05-16 00:00:00+00:00,0.0,-2.1344306176845573,106.81999969482422,0.005936474586168614,0.1657967581678199,2016-03-17 00:00:00+00:00,16.6,low,1.0
2016-05-17 00:00:00+00:00,0.0,-0.8911664879506898,105.4800033569336,0.0044647427569140296,0.1688037768995804,2016-03-17 00:00:00+00:00,16.9,low,1.0
2016-05-18 00:00:00+00:00,0.0,-1.246929611953107,105.86000061035156,0.00594353537951472,0.16578429288313262,2016-03-17 00:00:00+00:00,16.6,low,1.0
2016-05-19 00:00:00+00:00,0.0,0.3418484651955822,105.30999755859375,0.006312709644091287,0.1651532257461432,2016-03-17 00:00:00+00:00,16.5,low,1.0
2016-05-20 00:00:00+00:00,0.0,-0.22541360103118802,106.47000122070312,0.006024746018105809,0.16564202396222577,2016-03-17 00:00:00+00:00,16.6,low,1.0
2016-05-23 00:00:00+00:00,0.0,-0.0846458814400819,106.33000183105469,0.00511350459947712,0.16736697756780422,2016-03-17 00:00:00+00:00,16.7,low,1.0
2016-05-24 00:00:00+00:00,0.0,-2.04683868655956,108.45999908447266,0.00886365811067574,0.16163006258240148,2016-03-17 00:00:00+00:00,16.2,low,1.0
2016-05-25 00:00:00+00:00,0.0,-2.746246849749323,109.23999786376953,0.006677410861336658,0.16456656827060706,2016-03-17 00:00:00+00:00,16.5,low,1.0
2016-05-26 00:00:00+00:00,0.0,-5.020080433151297,109.55999755859375,0.010085739157488442,0.16030269197278657,2016-03-17 00:00:00+00:00,16.0,low,1.0
2016-05-27 00:00:00+00:00,0.0,-7.609186835930748,110.12999725341797,0.01519100768878248,0.15613934555606285,2016-03-17 00:00:00+00:00,15.6,low,1.0
2016-05-31 00:00:00+00:00,0.0,-7.785025034427006,110.33999633789062,0.022352536242550482,0.15227086252627328,2016-03-17 00:00:00+00:00,15.2,low,1.0
2016-06-01 00:00:00+00:00,0.0,-7.793383410093957,110.3499984741211,0.013450952798493976,0.15736895385514113,2016-03-17 00:00:00+00:00,15.7,low,1.0
2016-06-02 00:00:00+00:00,0.0,-7.985170631978522,110.58000183105469,0.01767624694693111,0.15461561477990346,2016-03-17 00:00:00+00:00,15.5,low,1.0
2016-06-03 00:00:00+00:00,0.0,-7.550424989033521,110.05999755859375,0.019628516261044837,0.1535668324845552,2016-03-17 00:00:00+00:00,15.4,low,1.0
2016-06-06 00:00:00+00:00,0.0,-7.885206551388624,110.45999908447266,0.017611773778508602,0.15465226496254889,2016-03-17 00:00:00+00:00,15.5,low,1.0
2016-06-07 00:00:00+00:00,0.0,-7.651116610842646,110.18000030517578,0.017879831926661295,0.1545007872898082,2016-03-17 00:00:00+00:00,15.5,low,1.0
2016-06-08 00:00:00+00:00,0.0,-7.810095616627121,110.37000274658203,0.013598503611667496,0.1572584501588157,2016-03-17 00:00:00+00:00,15.7,low,1.0
2016-06-09 00:00:00+00:00,0.0,-7.659499277980542,110.19000244140625,0.012478410104704601,0.15813039694048803,2016-03-17 00:00:00+00:00,15.8,low,1.0
2016-06-10 00:00:00+00:00,0.0,-6.5999653756877885,108.94000244140625,0.010417929250256969,0.15997078935625617,2016-03-17 00:00:00+00:00,16.0,low,1.0
2016-06-13 00:00:00+00:00,0.0,-5.8131989727471804,108.02999877929688,0.01243459043717713,0.1581661431936025,2016-03-17 00:00:00+00:00,15.8,low,1.0
2016-06-14 00:00:00+00:00,0.0,-5.8131989727471804,108.02999877929688,0.009523005388082147,0.1608918090204639,2016-03-17 00:00:00+00:00,16.1,low,1.0
2016-06-15 00:00:00+00:00,0.0,-5.542147375649797,107.72000122070312,0.011186972030328408,0.15924288667733527,2016-03-17 00:00:00+00:00,15.9,low,1.0
2016-06-16 00:00:00+00:00,0.0,-5.821918606281084,108.04000091552734,0.00994563609986832,0.1604461019791869,2016-03-17 00:00:00+00:00,16.0,low,1.0
2016-06-17 00:00:00+00:00,0.0,-4.451120254348496,106.48999786376953,0.007384350629454827,0.1635190685966522,2016-03-17 00:00:00+00:00,16.4,low,1.0
2016-06-20 00:00:00+00:00,0.0,-5.04852881413469,107.16000366210938,0.005055863963512416,0.16748669130039967,2016-03-17 00:00:00+00:00,16.7,low,1.0
2016-06-21 00:00:00+00:00,0.0,-5.348837209302326,107.5,0.010100697136283424,0.16028750367193292,2016-03-17 00:00:00+00:00,16.0,low,1.0
2016-06-22 00:00:00+00:00,0.0,-5.119356558309196,107.23999786376953,0.008886974319484736,0.1616029926130316,2016-03-17 00:00:00+00:00,16.2,low,1.0
2016-06-23 00:00:00+00:00,0.0,-6.453982586855123,108.7699966430664,0.012274670890735069,0.15829771914651192,2016-03-17 00:00:00+00:00,15.8,low,1.0
2016-06-24 00:00:00+00:00,0.0,-2.435517205129467,104.29000091552734,0.01972951587264647,0.15351554718264182,2016-03-17 00:00:00+00:00,15.4,low,1.0
2016-06-27 00:00:00+00:00,0.0,1.0565464861645335,102.22000122070312,0.24965709347163823,0.12800320877074192,2016-03-17 00:00:00+00:00,12.8,low,1.0
2016-06-28 00:00:00+00:00,0.0,0.7371283545946294,104.45999908447266,0.24787539209866125,0.1280834384176759,2016-03-17 00:00:00+00:00,12.8,low,1.0
2016-06-29 00:00:00+00:00,0.0,-0.16931644183001415,106.30999755859375,0.24229515400738727,0.12833753601653342,2016-03-17 00:00:00+00:00,12.8,low,1.0
2016-06-30 00:00:00+00:00,0.0,-0.9019910846616574,107.54000091552734,0.25222719036766317,0.1278882225091448,2016-03-17 00:00:00+00:00,12.8,low,1.0
2016-07-01 00:00:00+00:00,0.0,-1.397115202302479,108.08000183105469,0.2626239425570847,0.12743165503660428,2016-03-17 00:00:00+00:00,12.7,low,1.0
2016-07-05 00:00:00+00:00,0.0,-0.791285131828301,107.41999816894531,0.17627593025665397,0.13176238321569242,2016-03-17 00:00:00+00:00,13.2,low,1.0
2016-07-06 00:00:00+00:00,0.0,-0.17544084584693032,108.30000305175781,0.11212088618105363,0.1363775825545534,2016-03-17 00:00:00+00:00,13.6,low,1.0
2016-07-07 00:00:00+00:00,0.0,0.3682506779323136,108.62000274658203,0.11646779375463676,0.13599679598951991,2016-03-17 00:00:00+00:00,13.6,low,1.0
2016-07-08 00:00:00+00:00,0.0,0.3263831372539716,110.30000305175781,0.1332388803379767,0.13464135846107794,2016-03-17 00:00:00+00:00,13.5,low,1.0
2016-07-11 00:00:00+00:00,0.0,0.2524103295110214,110.93000030517578,0.08878364699149133,0.13869604310169376,2016-03-17 00:00:00+00:00,13.9,low,1.0
2016-07-12 00:00:00+00:00,0.0,-0.25114251023576895,111.48999786376953,0.09858049579459968,0.13765952647184562,2016-03-17 00:00:00+00:00,13.8,low,1.0
2016-07-13 00:00:00+00:00,0.0,0.2967108680387742,111.22000122070312,0.0669412509160924,0.14147497000541967,2016-03-17 00:00:00+00:00,14.1,low,1.0
2016-07-14 00:00:00+00:00,0.0,-0.38399740336242383,111.9800033569336,0.10846089459440328,0.13670905848356654,2016-03-17 00:00:00+00:00,13.7,low,1.0
2016-07-15 00:00:00+00:00,0.0,0.04471862343342625,111.80000305175781,0.09515619483749888,0.13801015107027148,2016-03-17 00:00:00+00:00,13.8,low,1.0
2016-07-18 00:00:00+00:00,0.0,-0.5420300385544086,112.54000091552734,0.11315820708148855,0.13810269930871621,2016-06-16 00:00:00+00:00,13.8,low,1.0
2016-07-19 00:00:00+00:00,0.0,0.41915743531224514,112.12999725341797,0.14974591592955225,0.13602342858878907,2016-06-16 00:00:00+00:00,13.6,low,1.0
2016-07-20 00:00:00+00:00,0.0,-0.5024679853287473,113.44000244140625,0.16521920875601512,0.13527705451839048,2016-06-16 00:00:00+00:00,13.5,low,1.0
2016-07-21 00:00:00+00:00,0.0,-0.23855508246898305,113.18000030517578,0.24482973814196607,0.13215879436459357,2016-06-16 00:00:00+00:00,13.2,low,1.0
2016-07-22 00:00:00+00:00,0.0,-0.3783548608909282,113.6500015258789,0.1813135252492876,0.13456130285791915,2016-06-16 00:00:00+00:00,13.5,low,1.0
2016-07-25 00:00:00+00:00,0.0,-0.38712161466605277,113.66000366210938,0.013061614140320348,0.1534843811616998,2016-06-16 00:00:00+00:00,15.3,low,1.0
2016-07-26 00:00:00+00:00,0.0,0.27242952465029724,113.79000091552734,0.018667815391916698,0.15093057862260253,2016-06-16 00:00:00+00:00,15.1,low,1.0
2016-07-27 00:00:00+00:00,0.0,-0.31419148594741264,114.58000183105469,0.020970353146208227,0.1501029897025006,2016-06-16 00:00:00+00:00,15.0,low,1.0
2016-07-28 00:00:00+00:00,0.0,-0.6609863576635844,114.9800033569336,0.039285923539203946,0.1456584472969551,2016-06-16 00:00:00+00:00,14.6,low,1.0
2016-07-29 00:00:00+00:00,0.0,-0.876509682206561,115.2300033569336,0.022221315823591926,0.14969134833537953,2016-06-16 00:00:00+00:00,15.0,low,1.0
2016-08-01 00:00:00+00:00,0.0,-1.3984764920590753,115.83999633789062,0.03516252505593813,0.14644195935283968,2016-06-16 00:00:00+00:00,14.6,low,1.0
2016-08-02 00:00:00+00:00,0.0,-0.13917539491042907,114.95999908447266,0.05959383227651291,0.14271003015921727,2016-06-16 00:00:00+00:00,14.3,low,1.0
2016-08-03 00:00:00+00:00,0.0,-0.26876848312497037,115.33999633789062,0.01538795191357994,0.15230970245804706,2016-06-16 00:00:00+00:00,15.2,low,1.0
2016-08-04 00:00:00+00:00,0.0,0.20749156822283954,115.66999816894531,0.014347940134177598,0.15281065492910417,2016-06-16 00:00:00+00:00,15.3,low,1.0
2016-08-05 00:00:00+00:00,0.0,-0.7449864071601087,116.77999877929688,0.11628705451514128,0.13790278090990524,2016-06-16 00:00:00+00:00,13.8,low,1.0
2016-08-08 00:00:00+00:00,0.0,-0.6343744998626222,116.6500015258789,0.08608684074143393,0.14008511457947162,2016-06-16 00:00:00+00:00,14.0,low,1.0
2016-08-09 00:00:00+00:00,0.0,-0.8638338373701759,116.91999816894531,0.0669220308729726,0.14188583239223126,2016-06-16 00:00:00+00:00,14.2,low,1.0
2016-08-10 00:00:00+00:00,0.0,-0.6088141551629844,116.62000274658203,0.16033870413848533,0.13550574270622195,2016-06-16 00:00:00+00:00,13.6,low,1.0
2016-08-11 00:00:00+00:00,0.0,-2.4419403545779317,117.12000274658203,0.0686468030299349,0.14170464027621418,2016-06-16 00:00:00+00:00,14.2,low,1.0
2016-08-12 00:00:00+00:00,0.0,-3.04607490425175,117.19999694824219,0.11394849573154725,0.13805173049309535,2016-06-16 00:00:00+00:00,13.8,low,1.0
2016-08-15 00:00:00+00:00,0.0,-3.457943755609416,117.69999694824219,0.07405262474324681,0.14116398840885636,2016-06-16 00:00:00+00:00,14.1,low,1.0
2016-08-16 00:00:00+00:00,0.0,-2.9218331560637134,117.05000305175781,0.13716555326663496,0.13668145499891682,2016-06-16 00:00:00+00:00,13.7,low,1.0
2016-08-17 00:00:00+00:00,0.0,-3.0956889106954155,117.26000213623047,0.10113046103616793,0.13892183894133248,2016-06-16 00:00:00+00:00,13.9,low,1.0
2016-08-18 00:00:00+00:00,0.0,-3.1204737262687243,117.29000091552734,0.08992480937994606,0.13977115059806675,2016-06-16 00:00:00+00:00,14.0,low,1.0
2016-08-19 00:00:00+00:00,0.0,-3.0956889106954155,117.26000213623047,0.07048227114789002,0.14151659792578347,2016-06-16 00:00:00+00:00,14.2,low,1.0
2016-08-22 00:00:00+00:00,0.0,-3.1700053422015873,117.3499984741211,0.07922742393424809,0.14068091741848948,2016-06-16 00:00:00+00:00,14.1,low,1.0
2016-08-23 00:00:00+00:00,0.0,-3.342974129628584,117.55999755859375,0.08298331558574855,0.1403488631471846,2016-06-16 00:00:00+00:00,14.0,low,1.0
2016-08-24 00:00:00+00:00,0.0,-2.714045989309699,116.80000305175781,0.06758684554578882,0.14181546144921467,2016-06-16 00:00:00+00:00,14.2,low,1.0
2016-08-25 00:00:00+00:00,0.0,-2.5555298356366274,116.61000061035156,0.043579025434080695,0.14492559120782186,2016-06-16 00:00:00+00:00,14.5,low,1.0
2016-08-26 00:00:00+00:00,0.0,-2.697381023125467,116.77999877929688,0.036508163730224585,0.14617658031628064,2016-06-16 00:00:00+00:00,14.6,low,1.0
2016-08-29 00:00:00+00:00,0.0,-2.830515750713092,116.94000244140625,0.030739982441132047,0.14739218134699628,2016-06-16 00:00:00+00:00,14.7,low,1.0
2016-08-30 00:00:00+00:00,0.0,-2.513727150434175,116.55999755859375,0.022278963856784014,0.14967295099873254,2016-06-16 00:00:00+00:00,15.0,low,1.0
2016-08-31 00:00:00+00:00,0.0,-2.413264452997843,116.44000244140625,0.01603924483281535,0.1520133301040476,2016-06-16 00:00:00+00:00,15.2,low,1.0
2016-09-01 00:00:00+00:00,0.0,-2.66404031802433,116.73999786376953,0.013419973048424533,0.15329008126964766,2016-06-16 00:00:00+00:00,15.3,low,1.0
2016-09-02 00:00:00+00:00,0.0,-2.979854347096922,117.12000274658203,0.038432206636774977,0.14581368233328312,2016-06-16 00:00:00+00:00,14.6,low,1.0
2016-09-06 00:00:00+00:00,0.0,-3.580824162360774,117.8499984741211,0.0535400402980554,0.1434694251644408,2016-06-16 00:00:00+00:00,14.3,low,1.0
2016-09-07 00:00:00+00:00,0.0,-3.6380605343811268,117.91999816894531,0.04644606777104564,0.14447517891385517,2016-06-16 00:00:00+00:00,14.4,low,1.0
2016-09-08 00:00:00+00:00,0.0,-3.0708914104135787,117.2300033569336,0.04411134705096606,0.14483977868555478,2016-06-16 00:00:00+00:00,14.5,low,1.0
2016-09-09 00:00:00+00:00,0.0,-0.5687797802082728,114.27999877929688,0.01575938351210498,0.15213914543289986,2016-06-16 00:00:00+00:00,15.2,low,1.0
2016-09-12 00:00:00+00:00,0.0,-1.3753962425314459,116.33000183105469,0.022488252555516924,0.14960656451577187,2016-06-16 00:00:00+00:00,15.0,low,1.0
2016-09-13 00:00:00+00:00,0.0,0.07806083543755449,115.29000091552734,0.0264702433385735,0.14845054639106348,2016-06-16 00:00:00+00:00,14.8,low,1.0
2016-09-14 00:00:00+00:00,0.0,0.01726888215931588,115.83999633789062,0.020375893654475383,0.15030744400199628,2016-06-16 00:00:00+00:00,15.0,low,1.0
2016-09-15 00:00:00+00:00,0.0,-1.4450841185500551,117.63999938964844,0.025505960200953304,0.14871345369107436,2016-06-16 00:00:00+00:00,14.9,low,1.0
2016-09-16 00:00:00+00:00,0.0,-1.1509919546282221,117.29000091552734,0.016456317159215573,0.15182993402954473,2016-06-16 00:00:00+00:00,15.2,low,1.0
2016-09-19 00:00:00+00:00,0.0,-0.7192981218283268,116.77999877929688,0.017705671634437762,0.15130771730332632,2016-06-16 00:00:00+00:00,15.1,low,1.0
2016-09-20 00:00:00+00:00,0.0,-0.905980819310892,117.0,0.01882567144955388,0.15087060148723236,2016-06-16 00:00:00+00:00,15.1,low,1.0
2016-09-21 00:00:00+00:00,0.0,-1.8705027980795985,118.1500015258789,0.028735629382922647,0.1478691823927448,2016-06-16 00:00:00+00:00,14.8,low,1.0
2016-09-22 00:00:00+00:00,0.0,-2.645053315432966,119.08999633789062,0.01974265580361042,0.15053202642848484,2016-06-16 00:00:00+00:00,15.1,low,1.0
2016-09-23 00:00:00+00:00,0.0,-2.019774657876494,118.33000183105469,0.01672087323989983,0.1517160486569827,2016-06-16 00:00:00+00:00,15.2,low,1.0
2016-09-26 00:00:00+00:00,0.0,-1.1931088632838982,117.33999633789062,0.010157758753815627,0.1552959051522584,2016-06-16 00:00:00+00:00,15.5,low,1.0
2016-09-27 00:00:00+00:00,0.0,-2.1603354924841778,118.5,0.018703822418543008,0.15091685240741137,2016-06-16 00:00:00+00:00,15.1,low,1.0
2016-09-28 00:00:00+00:00,0.0,-2.325184985505435,118.69999694824219,0.012378902733912695,0.15387015148884473,2016-06-16 00:00:00+00:00,15.4,low,1.0
2016-09-29 00:00:00+00:00,0.0,-1.6123506072050375,117.83999633789062,0.01799929199566805,0.15119045109706583,2016-06-16 00:00:00+00:00,15.1,low,1.0
2016-09-30 00:00:00+00:00,0.0,-2.341643152554218,118.72000122070312,0.02135830247529288,0.14997271728650305,2016-06-16 00:00:00+00:00,15.0,low,1.0
2016-10-03 00:00:00+00:00,0.0,-2.2016031574559003,118.55000305175781,0.010488468184215794,0.1550644009639016,2016-06-16 00:00:00+00:00,15.5,low,1.0
2016-10-04 00:00:00+00:00,0.0,-2.762527833560735,118.37000274658203,0.01607090417954489,0.15199923875501814,2016-06-16 00:00:00+00:00,15.2,low,1.0
2016-10-05 00:00:00+00:00,0.0,-3.2831058976523053,118.79000091552734,0.010536759688463803,0.1550312246820683,2016-06-16 00:00:00+00:00,15.5,low,1.0
2016-10-06 00:00:00+00:00,0.0,-4.051212879635946,118.7300033569336,0.007912079009696463,0.15710848326727114,2016-06-16 00:00:00+00:00,15.7,low,1.0
2016-10-07 00:00:00+00:00,0.0,-4.237363231818447,118.47000122070312,0.018413237305938867,0.15102840339172832,2016-06-16 00:00:00+00:00,15.1,low,1.0
2016-10-10 00:00:00+00:00,0.0,-4.839795515334178,119.22000122070312,0.014293271704425367,0.15283800669983877,2016-06-16 00:00:00+00:00,15.3,low,1.0
2016-10-11 00:00:00+00:00,0.0,-3.4632401387703293,117.5199966430664,0.01936874296128871,0.15066810942485925,2016-06-16 00:00:00+00:00,15.1,low,1.0
2016-10-12 00:00:00+00:00,0.0,-3.381026471309456,117.41999816894531,0.013440125210926327,0.15327931334805836,2016-06-16 00:00:00+00:00,15.3,low,1.0
2016-10-13 00:00:00+00:00,0.0,-3.034190642528045,117.0,0.012841477760550014,0.1536064660738421,2016-06-16 00:00:00+00:00,15.4,low,1.0
2016-10-14 00:00:00+00:00,0.0,-3.1500789317336575,117.13999938964844,0.01377853470673781,0.04127763064407361,2016-09-15 00:00:00+00:00,4.1,low,1.0
2016-10-17 00:00:00+00:00,0.0,-2.8847823620832824,116.81999969482422,0.030817322749547536,0.04978126576509734,2016-09-15 00:00:00+00:00,5.0,low,1.0
2016-10-18 00:00:00+00:00,0.0,-3.7417305610653817,117.86000061035156,0.028894841130386702,0.04903719726653479,2016-09-15 00:00:00+00:00,4.9,low,1.0
2016-10-19 00:00:00+00:00,0.0,-3.7335609527777036,117.8499984741211,0.023574682476571854,0.046763807065237764,2016-09-15 00:00:00+00:00,4.7,low,1.0
2016-10-20 00:00:00+00:00,0.0,-3.619065643839947,117.70999908447266,0.029155820818167186,0.049140337137268286,2016-09-15 00:00:00+00:00,4.9,low,1.0
2016-10-21 00:00:00+00:00,0.0,-3.9779978983811137,118.1500015258789,0.0352683707586567,0.051379722742902235,2016-09-15 00:00:00+00:00,5.1,low,1.0
2016-10-24 00:00:00+00:00,0.0,-5.118343031029504,119.56999969482422,0.027583667850562175,0.048508191362091134,2016-09-15 00:00:00+00:00,4.9,low,1.0
2016-10-25 00:00:00+00:00,0.0,-4.815844765156241,119.19000244140625,0.009495370446240329,0.03786420455011591,2016-09-15 00:00:00+00:00,3.8,low,1.0
2016-10-26 00:00:00+00:00,0.0,-4.1645551778667915,118.37999725341797,0.01139768338181919,0.03950126378521736,2016-09-15 00:00:00+00:00,4.0,low,1.0
2016-10-27 00:00:00+00:00,0.0,-3.7253899576343286,117.83999633789062,0.011193700148777838,0.03933624118902247,2016-09-15 00:00:00+00:00,3.9,low,1.0
2016-10-28 00:00:00+00:00,0.0,-3.11699536587573,117.0999984741211,0.05139160593389487,0.05615154382488441,2016-09-15 00:00:00+00:00,5.6,low,1.0
2016-10-31 00:00:00+00:00,0.0,-3.0259004873643525,116.98999786376953,0.023205737520243134,0.04659231372268979,2016-09-15 00:00:00+00:00,4.7,low,1.0
2016-11-01 00:00:00+00:00,0.0,-2.290934155651214,116.11000061035156,0.013000852357957567,0.04072517552039174,2016-09-15 00:00:00+00:00,4.1,low,1.0
2016-11-02 00:00:00+00:00,0.0,-1.5019997849885836,115.18000030517578,0.016839783069088263,0.04324494299676314,2016-09-15 00:00:00+00:00,4.3,low,1.0
2016-11-03 00:00:00+00:00,0.0,-0.5260903879531931,114.05000305175781,0.012199030357460764,0.040128440903099416,2016-09-15 00:00:00+00:00,4.0,low,1.0
2016-11-04 00:00:00+00:00,0.0,0.3343574556234685,113.6500015258789,0.004880858529124137,0.03245063989053385,2016-09-15 00:00:00+00:00,3.2,low,1.0
2016-11-07 00:00:00+00:00,0.0,-1.9939834338203677,116.3499984741211,0.006126461713039767,0.03420719474390873,2016-09-15 00:00:00+00:00,3.4,low,1.0
2016-11-08 00:00:00+00:00,0.0,-2.6300075271133094,117.11000061035156,0.00921031072023619,0.03759765429838592,2016-09-15 00:00:00+00:00,3.8,low,1.0
2016-11-09 00:00:00+00:00,0.0,-3.0769253715528078,117.6500015258789,0.010532046548693892,0.03878458503371083,2016-09-15 00:00:00+00:00,3.9,low,1.0
2016-11-10 00:00:00+00:00,0.0,-1.4859621777132848,115.75,0.034559376741827165,0.05113556013235707,2016-09-15 00:00:00+00:00,5.1,low,1.0
2016-11-11 00:00:00+00:00,0.0,-1.528501058561993,115.80000305175781,0.016727384402959938,0.043177750182761765,2016-09-15 00:00:00+00:00,4.3,low,1.0
2016-11-14 00:00:00+00:00,0.0,0.5147029411339821,114.62999725341797,0.0421487502989531,0.05357884786075531,2016-09-15 00:00:00+00:00,5.4,low,1.0
2016-11-15 00:00:00+00:00,0.0,-0.8604370930103356,116.22000122070312,0.037570191613037034,0.05214815895625658,2016-09-15 00:00:00+00:00,5.2,low,1.0
2016-11-16 00:00:00+00:00,0.0,-1.4455584539118327,116.91000366210938,0.021090625433232254,0.04556729665252078,2016-09-15 00:00:00+00:00,4.6,low,1.0
2016-11-17 00:00:00+00:00,0.0,-2.1569300861500884,117.76000213623047,0.019722261770203132,0.04486194741989731,2016-09-15 00:00:00+00:00,4.5,low,1.0
2016-11-18 00:00:00+00:00,0.0,-1.7899748376949076,117.31999969482422,0.014423207846753565,0.04171780971664575,2016-09-15 00:00:00+00:00,4.2,low,1.0
2016-11-21 00:00:00+00:00,0.0,-2.800742086369712,118.54000091552734,0.011252609481872908,0.039384133931190154,2016-09-15 00:00:00+00:00,3.9,low,1.0
2016-11-22 00:00:00+00:00,0.0,-3.095038063876576,118.9000015258789,0.014378711056289933,0.041687915750860366,2016-09-15 00:00:00+00:00,4.2,low,1.0
2016-11-23 00:00:00+00:00,0.0,-2.702243706909091,118.41999816894531,0.015495743560455072,0.04241794269029455,2016-09-15 00:00:00+00:00,4.2,low,1.0
2016-11-25 00:00:00+00:00,0.0,-3.01346947734924,118.80000305175781,0.022199801003380072,0.04611403828367526,2016-09-15 00:00:00+00:00,4.6,low,1.0
2016-11-28 00:00:00+00:00,0.0,-2.7925399415189123,118.52999877929688,0.01511836641641269,0.04217593807739923,2016-09-15 00:00:00+00:00,4.2,low,1.0
2016-11-29 00:00:00+00:00,0.0,-3.127628337266697,118.94000244140625,0.008192320114794777,0.03659074488628844,2016-09-15 00:00:00+00:00,3.7,low,1.0
2016-11-30 00:00:00+00:00,0.0,-1.940424493018622,117.5,0.023593060082368295,0.046772296268708845,2016-09-15 00:00:00+00:00,4.7,low,1.0
2016-12-01 00:00:00+00:00,0.0,-0.21650644960344856,115.47000122070312,0.09147663599628476,0.06452343388385691,2016-09-15 00:00:00+00:00,6.5,low,1.0
2016-12-02 00:00:00+00:00,0.0,0.060501034287430144,115.69999694824219,0.09340606118729959,0.06485545815670654,2016-09-15 00:00:00+00:00,6.5,low,1.0
2016-12-05 00:00:00+00:00,0.0,-0.26586411891125206,116.5999984741211,0.11407641797919756,0.06815787483108234,2016-09-15 00:00:00+00:00,6.8,low,1.0
2016-12-06 00:00:00+00:00,0.0,-0.5047881175180069,116.87999725341797,0.12677788326417824,0.06999917837980053,2016-09-15 00:00:00+00:00,7.0,low,1.0
2016-12-07 00:00:00+00:00,0.0,-0.18587463633713552,118.36000061035156,0.08281833509823207,0.0629723945078218,2016-09-15 00:00:00+00:00,6.3,low,1.0
2016-12-08 00:00:00+00:00,0.0,-0.36265523006031586,118.56999969482422,0.0822058117719927,0.06285857335992327,2016-09-15 00:00:00+00:00,6.3,low,1.0
2016-12-09 00:00:00+00:00,0.0,-1.1380758245619793,119.5,0.05439603534836185,0.056914981564900304,2016-09-15 00:00:00+00:00,5.7,low,1.0
2016-12-12 00:00:00+00:00,0.0,-0.6893070789635303,118.95999908447266,0.08919305209334957,0.06412433744842504,2016-09-15 00:00:00+00:00,6.4,low,1.0
2016-12-13 00:00:00+00:00,0.0,-1.9259502842909004,120.45999908447266,0.05648169678777528,0.05742729403777577,2016-09-15 00:00:00+00:00,5.7,low,1.0
2016-12-14 00:00:00+00:00,0.0,-1.7219862828296129,120.20999908447266,0.06043031851495911,0.058361274898829224,2016-09-15 00:00:00+00:00,5.8,low,1.0
2016-12-15 00:00:00+00:00,0.0,-1.8770781624489419,120.4000015258789,0.018019503759157972,0.04393038449361465,2016-09-15 00:00:00+00:00,4.4,low,1.0
2016-12-16 00:00:00+00:00,0.0,-1.2207350360364466,119.5999984741211,0.07679898609578036,0.061827719113375285,2016-09-15 00:00:00+00:00,6.2,low,1.0
2016-12-19 00:00:00+00:00,0.0,-1.623779671668557,120.08999633789062,0.1031955720574063,0.06647338641254376,2016-09-15 00:00:00+00:00,6.6,low,1.0
2016-12-20 00:00:00+00:00,0.0,-1.9991734559099528,120.55000305175781,0.06657404993602771,0.059731774040452934,2016-09-15 00:00:00+00:00,6.0,low,1.0
2016-12-21 00:00:00+00:00,0.0,-1.9259502842909004,120.45999908447266,0.016206072394416116,0.04286153323949932,2016-09-15 00:00:00+00:00,4.3,low,1.0
2016-12-22 00:00:00+00:00,0.0,-1.648354405311514,120.12000274658203,0.018553273633730123,0.04422934374961751,2016-09-15 00:00:00+00:00,4.4,low,1.0
2016-12-23 00:00:00+00:00,0.0,-1.7138083285316408,120.19999694824219,0.016949991918758095,0.04331049607128443,2016-09-15 00:00:00+00:00,4.3,low,1.0
2016-12-27 00:00:00+00:00,0.0,-2.2181760568987907,120.81999969482422,0.023364292561381672,0.04666626369125946,2016-09-15 00:00:00+00:00,4.7,low,1.0
2016-12-28 00:00:00+00:00,0.0,-1.451449702731722,119.87999725341797,0.017782897238502113,0.04379570722212864,2016-09-15 00:00:00+00:00,4.4,low,1.0
2016-12-29 00:00:00+00:00,0.0,-1.3115025535305191,119.70999908447266,0.00881089993155681,0.037213308250860985,2016-09-15 00:00:00+00:00,3.7,low,1.0
2016-12-30 00:00:00+00:00,0.0,0.34604660794925746,118.4800033569336,0.026797408458048257,0.04818185940230332,2016-09-15 00:00:00+00:00,4.8,low,1.0
2017-01-03 00:00:00+00:00,0.0,0.1003871052894123,119.54000091552734,0.047217691522990726,0.05503542518018168,2016-09-15 00:00:00+00:00,5.5,low,1.0
2017-01-04 00:00:00+00:00,0.0,-0.07488473704710952,120.19000244140625,0.040635931651631034,0.053119367483565716,2016-09-15 00:00:00+00:00,5.3,low,1.0
2017-01-05 00:00:00+00:00,0.0,-0.1489205767233881,120.87000274658203,0.31063847523671506,0.08976943136308015,2016-09-15 00:00:00+00:00,9.0,low,1.0
2017-01-06 00:00:00+00:00,0.0,-0.27064859364285265,121.93000030517578,0.3073058488037782,0.08946557283573167,2016-09-15 00:00:00+00:00,8.9,low,1.0
2017-01-09 00:00:00+00:00,0.0,-0.5967492405843156,122.33000183105469,0.2711775665776764,0.08610476579729527,2016-09-15 00:00:00+00:00,8.6,low,1.0
2017-01-10 00:00:00+00:00,0.0,-0.8156606953066858,122.5999984741211,0.3906578309528808,0.09688510329150926,2016-09-15 00:00:00+00:00,9.7,low,1.0
2017-01-11 00:00:00+00:00,0.0,-1.0819180246912308,122.93000030517578,0.176294016011235,0.07627276222419722,2016-09-15 00:00:00+00:00,7.6,low,1.0
2017-01-12 00:00:00+00:00,0.0,-0.2525644158294815,122.73999786376953,0.06472190217335282,0.05932837892020835,2016-09-15 00:00:00+00:00,5.9,low,1.0
2017-01-13 00:00:00+00:00,0.0,-0.592727618729505,123.16000366210938,0.054448832344516036,0.05692812288043588,2016-09-15 00:00:00+00:00,5.7,low,1.0
2017-01-17 00:00:00+00:00,0.0,-0.1791686774678558,122.79000091552734,0.07979010296106197,0.060944392447635116,2016-12-14 00:00:00+00:00,6.1,low,1.0
2017-01-18 00:00:00+00:00,0.0,-0.38199058615563386,123.04000091552734,0.04278438518242792,0.047580620497737106,2016-12-14 00:00:00+00:00,4.8,low,1.0
2017-01-19 00:00:00+00:00,0.0,-0.33339051139833487,122.9800033569336,0.03772085455726122,0.04528650907086393,2016-12-14 00:00:00+00:00,4.5,low,1.0
2017-01-20 00:00:00+00:00,0.0,-0.5517243855381548,123.25,0.03716061553514955,0.045021840670679145,2016-12-14 00:00:00+00:00,4.5,low,1.0
2017-01-23 00:00:00+00:00,0.0,0.024320048372894476,123.3499984741211,0.03407683226653909,0.04352111883981865,2016-12-14 00:00:00+00:00,4.4,low,1.0
2017-01-24 00:00:00+00:00,0.0,-0.2657447497533383,124.18000030517578,0.04057720191321111,0.04660129652950999,2016-12-14 00:00:00+00:00,4.7,low,1.0
2017-01-25 00:00:00+00:00,0.0,-1.2596682031495554,125.43000030517578,0.03772021297834364,0.0452862073020428,2016-12-14 00:00:00+00:00,4.5,low,1.0
2017-01-26 00:00:00+00:00,0.0,-1.3618979911772189,125.55999755859375,0.03945263393002985,0.04609033663798095,2016-12-14 00:00:00+00:00,4.6,low,1.0
2017-01-27 00:00:00+00:00,0.0,-1.5500830924737197,125.80000305175781,0.03990475286034794,0.04629677339657768,2016-12-14 00:00:00+00:00,4.6,low,1.0
2017-01-30 00:00:00+00:00,0.0,-0.7771200313048454,124.81999969482422,0.039416570995293304,0.04607381083713087,2016-12-14 00:00:00+00:00,4.6,low,1.0
2017-01-31 00:00:00+00:00,0.0,0.23280157039238247,124.56999969482422,0.08309907713420638,0.06195179040776255,2016-12-14 00:00:00+00:00,6.2,low,1.0
2017-02-01 00:00:00+00:00,0.0,-0.4544364932132616,125.43000030517578,0.09894786498168254,0.06650677141949186,2016-12-14 00:00:00+00:00,6.7,low,1.0
2017-02-02 00:00:00+00:00,0.0,0.007981276934909687,125.31999969482422,0.10986451157762987,0.06942919320972069,2016-12-14 00:00:00+00:00,6.9,low,1.0
2017-02-03 00:00:00+00:00,0.0,-0.2625730667197512,125.68000030517578,0.055356832036044225,0.05266868031574705,2016-12-14 00:00:00+00:00,5.3,low,1.0
2017-02-06 00:00:00+00:00,0.0,0.03973251341951034,125.83000183105469,0.04966534712894964,0.050457865484092354,2016-12-14 00:00:00+00:00,5.0,low,1.0
2017-02-07 00:00:00+00:00,0.0,-0.32465251337168155,126.29000091552734,0.043274475314385906,0.0477940532264436,2016-12-14 00:00:00+00:00,4.8,low,1.0
2017-02-08 00:00:00+00:00,0.0,0.04742890007412015,126.5,0.0422927952379616,0.047365100238952726,2016-12-14 00:00:00+00:00,4.7,low,1.0
2017-02-09 00:00:00+00:00,0.0,0.047257056574046,126.95999908447266,0.051059282500738504,0.05101218400077173,2016-12-14 00:00:00+00:00,5.1,low,1.0
2017-02-10 00:00:00+00:00,0.0,0.2669210037810954,127.37999725341797,0.06350968853446277,0.05562178109943006,2016-12-14 00:00:00+00:00,5.6,low,1.0
2017-02-13 00:00:00+00:00,0.0,-0.2810368638508698,128.10000610351562,0.0661140671515675,0.05651990392566883,2016-12-14 00:00:00+00:00,5.7,low,1.0
2017-02-14 00:00:00+00:00,0.0,-0.1244874065424395,128.52999877929688,0.05514663129566433,0.05258939715219954,2016-12-14 00:00:00+00:00,5.3,low,1.0
2017-02-15 00:00:00+00:00,0.0,-0.2861745969532703,129.2899932861328,0.05179243370396402,0.05130025701881187,2016-12-14 00:00:00+00:00,5.1,low,1.0
2017-02-16 00:00:00+00:00,0.0,-0.16248101653166813,129.25,0.04821652090617688,0.04987216718433059,2016-12-14 00:00:00+00:00,5.0,low,1.0
2017-02-17 00:00:00+00:00,0.0,-0.33124773427960497,129.80999755859375,0.04489239691239296,0.048488846922634325,2016-12-14 00:00:00+00:00,4.8,low,1.0
2017-02-21 00:00:00+00:00,0.0,-0.8202315756697387,130.4499969482422,0.0703184299969636,0.057929383690781884,2016-12-14 00:00:00+00:00,5.8,low,1.0
2017-02-22 00:00:00+00:00,0.0,-0.8582338062739447,130.5,0.06796014469404034,0.05714470069406036,2016-12-14 00:00:00+00:00,5.7,low,1.0
2017-02-23 00:00:00+00:00,0.0,-0.4845701489436749,130.00999450683594,0.04697432194577364,0.04936187783055021,2016-12-14 00:00:00+00:00,4.9,low,1.0
2017-02-24 00:00:00+00:00,0.0,-0.4606102180474747,130.25999450683594,0.06921809104442839,0.05756509481553649,2016-12-14 00:00:00+00:00,5.8,low,1.0
2017-02-27 00:00:00+00:00,0.0,-0.7820919236171342,130.4199981689453,0.06253253182801417,0.05527952646214674,2016-12-14 00:00:00+00:00,5.5,low,1.0
2017-02-28 00:00:00+00:00,0.0,-0.4768576800515345,130.02000427246094,0.19824438292326282,0.08938879299424489,2016-12-14 00:00:00+00:00,8.9,low,1.0
2017-03-01 00:00:00+00:00,0.0,-1.552045425312032,131.44000244140625,0.028567248506380316,0.0406250237229557,2016-12-14 00:00:00+00:00,4.1,low,1.0
2017-03-02 00:00:00+00:00,0.0,-1.0552109616864147,130.77999877929688,0.037966591234478785,0.045401871137843386,2016-12-14 00:00:00+00:00,4.5,low,1.0
2017-03-03 00:00:00+00:00,0.0,-1.2364603290713427,131.02000427246094,0.05560143526213629,0.05276072461047452,2016-12-14 00:00:00+00:00,5.3,low,1.0
2017-03-06 00:00:00+00:00,0.0,-1.0173654666268073,130.72999572753906,0.03481194264291088,0.04388590807881022,2016-12-14 00:00:00+00:00,4.4,low,1.0
2017-03-07 00:00:00+00:00,0.0,-0.8505100429633594,130.50999450683594,0.02912119390979717,0.04093047049566465,2016-12-14 00:00:00+00:00,4.1,low,1.0
2017-03-08 00:00:00+00:00,0.0,-1.0249438124352528,130.74000549316406,0.024027795325295486,0.037976468707412066,2016-12-14 00:00:00+00:00,3.8,low,1.0
2017-03-09 00:00:00+00:00,0.0,-1.1005827588740358,130.83999633789062,0.01866319579110408,0.03442283875044238,2016-12-14 00:00:00+00:00,3.4,low,1.0
2017-03-10 00:00:00+00:00,0.0,-1.5145791174429712,131.38999938964844,0.023518421275293074,0.037661083707904275,2016-12-14 00:00:00+00:00,3.8,low,1.0
2017-03-13 00:00:00+00:00,0.0,-1.6792088014726203,131.61000061035156,0.013305316330327176,0.030184465759991487,2016-12-14 00:00:00+00:00,3.0,low,1.0
2017-03-14 00:00:00+00:00,0.0,-1.439560885291069,131.2899932861328,0.02592324854092164,0.03911600758004811,2016-12-14 00:00:00+00:00,3.9,low,1.0
2017-03-15 00:00:00+00:00,0.0,-2.0439152780322156,132.10000610351562,0.02152627231378676,0.036386419382475006,2016-12-14 00:00:00+00:00,3.6,low,1.0
2017-03-16 00:00:00+00:00,0.0,-1.9771234898554702,132.00999450683594,0.019619172333481476,0.035097565081196706,2016-12-14 00:00:00+00:00,3.5,low,1.0
2017-03-17 00:00:00+00:00,0.0,-1.738938797530043,131.69000244140625,0.008692667893907829,0.02558793643290236,2016-12-14 00:00:00+00:00,2.6,low,1.0
2017-03-20 00:00:00+00:00,0.0,-1.8283921604945408,131.80999755859375,0.015520424174549472,0.032043819708425465,2016-12-14 00:00:00+00:00,3.2,low,1.0
2017-03-21 00:00:00+00:00,0.0,-0.31584906387838174,129.80999755859375,0.03668817396829576,0.04479681961566726,2016-12-14 00:00:00+00:00,4.5,low,1.0
2017-03-22 00:00:00+00:00,0.0,-0.9870751555768331,130.69000244140625,0.09774471136559497,0.06617490790499517,2016-12-14 00:00:00+00:00,6.6,low,1.0
2017-03-23 00:00:00+00:00,0.0,-0.7364273622064932,130.36000061035156,0.03402980306866834,0.0434976235193073,2016-12-14 00:00:00+00:00,4.3,low,1.0
2017-03-24 00:00:00+00:00,0.0,-0.9415991275752877,130.6300048828125,0.01183747266524289,0.028845708180452356,2016-12-14 00:00:00+00:00,2.9,low,1.0
2017-03-27 00:00:00+00:00,0.0,-0.35156792108905766,130.83999633789062,0.011270404860753012,0.02830137824530008,2016-12-14 00:00:00+00:00,2.8,low,1.0
2017-03-28 00:00:00+00:00,0.0,-0.9571517112412109,131.63999938964844,0.04495627013214132,0.04851597589058706,2016-12-14 00:00:00+00:00,4.9,low,1.0
2017-03-29 00:00:00+00:00,0.0,-1.413984965737236,132.25,0.05110282894213459,0.05102936032572847,2016-12-14 00:00:00+00:00,5.1,low,1.0
2017-03-30 00:00:00+00:00,0.0,-1.5777129301965953,132.47000122070312,0.045662509754842186,0.0488144613449945,2016-12-14 00:00:00+00:00,4.9,low,1.0
2017-03-31 00:00:00+00:00,0.0,-1.510802180261639,132.3800048828125,0.049038072839238736,0.0502055079108047,2016-12-14 00:00:00+00:00,5.0,low,1.0
2017-04-03 00:00:00+00:00,0.0,-1.45124574803992,132.3000030517578,0.04450994276501007,0.04832593647835454,2016-12-14 00:00:00+00:00,4.8,low,1.0
2017-04-04 00:00:00+00:00,0.0,-1.6074180909527946,132.50999450683594,0.01750445369617525,0.03357627481954739,2016-12-14 00:00:00+00:00,3.4,low,1.0
2017-04-05 00:00:00+00:00,0.0,-1.2048164910080983,131.97000122070312,0.016804799350398237,0.03304853193411132,2016-12-14 00:00:00+00:00,3.3,low,1.0
2017-04-06 00:00:00+00:00,0.0,-1.257186070680183,132.0399932861328,0.01348116208872662,0.030338677101541107,2016-12-14 00:00:00+00:00,3.0,low,1.0
2017-04-07 00:00:00+00:00,0.0,-1.2048164910080983,131.97000122070312,0.013116928876549775,0.030017868914508687,2016-12-14 00:00:00+00:00,3.0,low,1.0
2017-04-10 00:00:00+00:00,0.0,-1.2422355223257187,132.02000427246094,0.013406466796338603,0.030273322530786326,2016-12-14 00:00:00+00:00,3.0,low,1.0
2017-04-11 00:00:00+00:00,0.0,-0.8139917004722275,131.4499969482422,0.01692215815897879,0.033137974246012517,2016-12-14 00:00:00+00:00,3.3,low,1.0
2017-04-12 00:00:00+00:00,0.0,-0.4124605054118491,130.9199981689453,0.011598278576251677,0.02861809384659374,2016-12-14 00:00:00+00:00,2.9,low,1.0
2017-04-13 00:00:00+00:00,0.0,0.24540440122473584,130.39999389648438,0.014463076967754137,0.031178002447651544,2016-12-14 00:00:00+00:00,3.1,low,1.0
2017-04-17 00:00:00+00:00,0.0,-0.4031022182227395,131.47999572753906,0.011803780856365851,0.028813818693336934,2016-12-14 00:00:00+00:00,2.9,low,1.0
2017-04-18 00:00:00+00:00,0.0,0.022850989926737064,131.27999877929688,0.015000902553110592,0.0,2017-03-17 00:00:00+00:00,0.0,low,1.0
2017-04-19 00:00:00+00:00,0.0,0.25097103754538885,131.49000549316406,0.02073483063400836,0.0,2017-03-17 00:00:00+00:00,0.0,low,1.0
2017-04-20 00:00:00+00:00,0.0,-0.2790520607939495,132.58999633789062,0.012709439891454462,0.0,2017-03-17 00:00:00+00:00,0.0,low,1.0
2017-04-21 00:00:00+00:00,0.0,0.9354296288486053,132.55999755859375,0.011958226993694724,0.0,2017-03-17 00:00:00+00:00,0.0,low,1.0
2017-04-24 00:00:00+00:00,0.0,0.23851524798375046,134.16000366210938,0.008766131474448385,0.0,2017-03-17 00:00:00+00:00,0.0,low,1.0
2017-04-25 00:00:00+00:00,0.0,-0.199810747209761,135.1300048828125,0.01904627426530332,0.0,2017-03-17 00:00:00+00:00,0.0,low,1.0
2017-04-26 00:00:00+00:00,0.0,0.185267522956023,134.94000244140625,0.010909213355501015,0.0,2017-03-17 00:00:00+00:00,0.0,low,1.0
2017-04-27 00:00:00+00:00,0.0,0.014736112310087535,135.75,0.01141770768922798,0.0,2017-03-17 00:00:00+00:00,0.0,low,1.0
2017-04-28 00:00:00+00:00,0.0,-0.0882494088748298,135.99000549316406,0.009908894377250156,0.0,2017-03-17 00:00:00+00:00,0.0,low,1.0
2017-05-01 00:00:00+00:00,0.0,-0.9693891112522612,137.1999969482422,0.03199160695326269,0.0,2017-03-17 00:00:00+00:00,0.0,low,1.0
2017-05-02 00:00:00+00:00,0.0,-1.13512161953907,137.42999267578125,0.047270163124219965,0.0,2017-03-17 00:00:00+00:00,0.0,low,1.0
2017-05-03 00:00:00+00:00,0.0,-0.81758546687003,136.99000549316406,0.04513595736633298,0.0,2017-03-17 00:00:00+00:00,0.0,low,1.0
2017-05-04 00:00:00+00:00,0.0,-0.8537640296744753,137.0399932861328,0.05147575026888101,0.0,2017-03-17 00:00:00+00:00,0.0,low,1.0
2017-05-05 00:00:00+00:00,0.0,-1.2141909629667547,137.5399932861328,0.05890046832473777,0.0,2017-03-17 00:00:00+00:00,0.0,low,1.0
2017-05-08 00:00:00+00:00,0.0,-1.42919419112143,137.83999633789062,0.05770250484587563,0.0,2017-03-17 00:00:00+00:00,0.0,low,1.0
2017-05-09 00:00:00+00:00,0.0,-1.7712637921486474,138.32000732421875,0.055089912999984024,0.0,2017-03-17 00:00:00+00:00,0.0,low,1.0
2017-05-10 00:00:00+00:00,0.0,-1.8280338806872853,138.39999389648438,0.08177603343600975,0.0,2017-03-17 00:00:00+00:00,0.0,low,1.0
2017-05-11 00:00:00+00:00,0.0,-1.7499445270332425,138.2899932861328,0.09109937267530065,0.0,2017-03-17 00:00:00+00:00,0.0,low,1.0
2017-05-12 00:00:00+00:00,0.0,-1.969704809600925,138.60000610351562,0.08189899857728929,0.0,2017-03-17 00:00:00+00:00,0.0,low,1.0
2017-05-15 00:00:00+00:00,0.0,-2.279918240805523,139.0399932861328,0.02897059299475574,0.0,2017-03-17 00:00:00+00:00,0.0,low,1.0
2017-05-16 00:00:00+00:00,0.0,-2.6858617183394884,139.6199951171875,0.03349824710789019,0.0,2017-03-17 00:00:00+00:00,0.0,low,1.0
2017-05-17 00:00:00+00:00,0.0,-0.14699213365563235,136.07000732421875,0.19985955884208711,0.0,2017-03-17 00:00:00+00:00,0.0,low,1.0
2017-05-18 00:00:00+00:00,0.0,0.15299921482709866,137.25999450683594,0.16035103320393226,0.0,2017-03-17 00:00:00+00:00,0.0,low,1.0
2017-05-19 00:00:00+00:00,0.0,-0.26842362668126896,137.83999633789062,0.0992463928098465,0.0,2017-03-17 00:00:00+00:00,0.0,low,1.0
2017-05-22 00:00:00+00:00,0.0,-1.1007185462567404,139.0,0.10566943656234558,0.0,2017-03-17 00:00:00+00:00,0.0,low,1.0
2017-05-23 00:00:00+00:00,0.0,-1.2002286734734247,139.13999938964844,0.07193017211922424,0.0,2017-03-17 00:00:00+00:00,0.0,low,1.0
2017-05-24 00:00:00+00:00,0.0,-1.6525952058713878,139.77999877929688,0.08292674322595127,0.0,2017-03-17 00:00:00+00:00,0.0,low,1.0
2017-05-25 00:00:00+00:00,0.0,-2.4827977368889864,140.97000122070312,0.10415400118006685,0.0,2017-03-17 00:00:00+00:00,0.0,low,1.0
2017-05-26 00:00:00+00:00,0.0,-2.6554312190802065,141.22000122070312,0.1134930460934142,0.0,2017-03-17 00:00:00+00:00,0.0,low,1.0
2017-05-30 00:00:00+00:00,0.0,-2.7380750088147776,141.33999633789062,0.06967333645450588,0.0,2017-03-17 00:00:00+00:00,0.0,low,1.0
2017-05-31 00:00:00+00:00,0.0,-2.70365365344285,141.2899932861328,0.08893691612304032,0.0,2017-03-17 00:00:00+00:00,0.0,low,1.0
2017-06-01 00:00:00+00:00,0.0,-3.9410578695829646,141.83999633789062,0.028125998398258648,0.0,2017-03-17 00:00:00+00:00,0.0,low,1.0
2017-06-02 00:00:00+00:00,0.0,-5.025795606051819,143.4600067138672,0.14111123326889333,0.0,2017-03-17 00:00:00+00:00,0.0,low,1.0
2017-06-05 00:00:00+00:00,0.0,-5.110497766554878,143.42999267578125,0.09567495636141057,0.0,2017-03-17 00:00:00+00:00,0.0,low,1.0
2017-06-06 00:00:00+00:00,0.0,-4.7319014965383595,142.86000061035156,0.056827220976896846,0.0,2017-03-17 00:00:00+00:00,0.0,low,1.0
2017-06-07 00:00:00+00:00,0.0,-5.313063181196897,143.4199981689453,0.08232539891441953,0.0,2017-03-17 00:00:00+00:00,0.0,low,1.0
2017-06-08 00:00:00+00:00,0.0,-5.411996848975731,143.57000732421875,0.06452081100316644,0.0,2017-03-17 00:00:00+00:00,0.0,low,1.0
2017-06-09 00:00:00+00:00,0.0,-2.9861357360785323,139.97999572753906,0.10393686558945454,0.0,2017-03-17 00:00:00+00:00,0.0,low,1.0
2017-06-12 00:00:00+00:00,0.0,-2.4635443374525723,139.22999572753906,0.08078698497436218,0.0,2017-03-17 00:00:00+00:00,0.0,low,1.0
2017-06-13 00:00:00+00:00,0.0,-3.24878707520998,140.36000061035156,0.07278533579907469,0.0,2017-03-17 00:00:00+00:00,0.0,low,1.0
2017-06-14 00:00:00+00:00,0.0,-2.826473666005147,139.75,0.07875486758886124,0.0,2017-03-17 00:00:00+00:00,0.0,low,1.0
2017-06-15 00:00:00+00:00,0.0,-2.3934462115914545,139.1300048828125,0.09698550471887786,0.0,2017-03-17 00:00:00+00:00,0.0,low,1.0
2017-06-16 00:00:00+00:00,0.0,-1.7010430318856296,138.14999389648438,0.04885325986766779,0.0,2017-03-17 00:00:00+00:00,0.0,low,1.0
2017-06-19 00:00:00+00:00,0.0,-3.3176729598214605,140.4600067138672,0.03371344370709908,0.0,2017-03-17 00:00:00+00:00,0.0,low,1.0
2017-06-20 00:00:00+00:00,0.0,-2.5545332541634047,139.36000061035156,0.018646137110986408,0.0,2017-03-17 00:00:00+00:00,0.0,low,1.0
2017-06-21 00:00:00+00:00,0.0,-3.510020071475839,140.74000549316406,0.02750759041899661,0.0,2017-03-17 00:00:00+00:00,0.0,low,1.0
2017-06-22 00:00:00+00:00,0.0,-3.4825828022490124,140.6999969482422,0.02409292372018785,0.0,2017-03-17 00:00:00+00:00,0.0,low,1.0
2017-06-23 00:00:00+00:00,0.0,-3.8516016920358664,141.24000549316406,0.020507614766068084,0.0,2017-03-17 00:00:00+00:00,0.0,low,1.0
2017-06-26 00:00:00+00:00,0.0,-3.4001982622260507,140.5800018310547,0.024906476532257985,0.0,2017-03-17 00:00:00+00:00,0.0,low,1.0
2017-06-27 00:00:00+00:00,0.0,-1.6155877325658152,138.02999877929688,0.04805733305643283,0.0,2017-03-17 00:00:00+00:00,0.0,low,1.0
2017-06-28 00:00:00+00:00,0.0,-3.0138559433918743,140.02000427246094,0.050353730360319635,0.0,2017-03-17 00:00:00+00:00,0.0,low,1.0
2017-06-29 00:00:00+00:00,0.0,-1.3009617950254015,137.58999633789062,0.10220605670971825,0.0,2017-03-17 00:00:00+00:00,0.0,low,1.0
2017-06-30 00:00:00+00:00,0.0,-1.336818036944143,137.63999938964844,0.05516664598833237,0.0,2017-03-17 00:00:00+00:00,0.0,low,1.0
2017-07-03 00:00:00+00:00,0.0,-0.2863641843432907,136.19000244140625,0.029995125896877195,0.0,2017-03-17 00:00:00+00:00,0.0,low,1.0
2017-07-05 00:00:00+00:00,0.0,-1.2579042702641874,137.52999877929688,0.03953467738976791,0.0,2017-03-17 00:00:00+00:00,0.0,low,1.0
2017-07-06 00:00:00+00:00,0.0,0.33018726920506225,136.2899932861328,0.04393313189416663,0.0,2017-03-17 00:00:00+00:00,0.0,low,1.0
2017-07-07 00:00:00+00:00,0.0,-0.18873005023459788,137.75999450683594,0.04561634602569268,0.0,2017-03-17 00:00:00+00:00,0.0,low,1.0
2017-07-10 00:00:00+00:00,0.0,-0.5192566000918664,138.66000366210938,0.03411954797125578,0.0,2017-03-17 00:00:00+00:00,0.0,low,1.0
2017-07-11 00:00:00+00:00,0.0,0.6544434679160993,139.0500030517578,0.05344442921198626,0.0,2017-03-17 00:00:00+00:00,0.0,low,1.0
2017-07-12 00:00:00+00:00,0.0,-0.07106669999669135,140.6999969482422,0.042963564974679264,0.0,2017-03-17 00:00:00+00:00,0.0,low,1.0
2017-07-13 00:00:00+00:00,0.0,-0.08509688806610516,141.00999450683594,0.04100058933493569,0.0,2017-03-17 00:00:00+00:00,0.0,low,1.0
2017-07-14 00:00:00+00:00,0.0,-0.8654628270461484,142.1199951171875,0.07054461148035338,0.0,2017-03-17 00:00:00+00:00,0.0,low,1.0
2017-07-17 00:00:00+00:00,0.0,-0.914271769770536,142.19000244140625,0.07705160192324581,0.0,2017-03-17 00:00:00+00:00,0.0,low,1.0
2017-07-18 00:00:00+00:00,0.0,-1.5718876691309447,143.13999938964844,0.09394251466896837,0.0,2017-06-16 00:00:00+00:00,0.0,low,1.0
2017-07-19 00:00:00+00:00,0.0,-2.146128927339319,143.97999572753906,0.01934773582525796,0.0,2017-06-16 00:00:00+00:00,0.0,low,1.0
2017-07-20 00:00:00+00:00,0.0,-2.275091087573722,144.1699981689453,0.013863695158488759,0.0,2017-06-16 00:00:00+00:00,0.0,low,1.0
2017-07-21 00:00:00+00:00,0.0,-2.400948372224665,144.11000061035156,0.013980607343071102,0.0,2017-06-16 00:00:00+00:00,0.0,low,1.0
2017-07-24 00:00:00+00:00,0.0,-3.1705543007660375,144.77000427246094,0.015739104272979462,0.0,2017-06-16 00:00:00+00:00,0.0,low,1.0
2017-07-25 00:00:00+00:00,0.0,-2.9224386420184323,144.39999389648438,0.02446655300720479,0.0,2017-06-16 00:00:00+00:00,0.0,low,1.0
2017-07-26 00:00:00+00:00,0.0,-3.237387036295847,144.8699951171875,0.02574549465392857,0.0,2017-06-16 00:00:00+00:00,0.0,low,1.0
2017-07-27 00:00:00+00:00,0.0,-2.625738998192073,143.9600067138672,0.035625221982264615,0.0,2017-06-16 00:00:00+00:00,0.0,low,1.0
2017-07-28 00:00:00+00:00,0.0,-2.544496492833437,143.83999633789062,0.03790651169138849,0.0,2017-06-16 00:00:00+00:00,0.0,low,1.0
2017-07-31 00:00:00+00:00,0.0,-2.129444350162324,143.22999572753906,0.08760869907024163,0.0,2017-06-16 00:00:00+00:00,0.0,low,1.0
2017-08-01 00:00:00+00:00,0.0,-2.3544197132163935,143.55999755859375,0.12554728552807565,0.0,2017-06-16 00:00:00+00:00,0.0,low,1.0
2017-08-02 00:00:00+00:00,0.0,-2.6189679419142076,143.9499969482422,0.05522925246234922,0.0,2017-06-16 00:00:00+00:00,0.0,low,1.0
2017-08-03 00:00:00+00:00,0.0,-2.2386545278825887,143.38999938964844,0.07201686518843674,0.0,2017-06-16 00:00:00+00:00,0.0,low,1.0
2017-08-04 00:00:00+00:00,0.0,-2.4155944087290715,143.64999389648438,0.02499844444164674,0.0,2017-06-16 00:00:00+00:00,0.0,low,1.0
2017-08-07 00:00:00+00:00,0.0,-3.0298872141563016,144.55999755859375,0.03725350705982416,0.0,2017-06-16 00:00:00+00:00,0.0,low,1.0
2017-08-08 00:00:00+00:00,0.0,-2.861897964578375,144.30999755859375,0.019624397482630063,0.0,2017-06-16 00:00:00+00:00,0.0,low,1.0
2017-08-09 00:00:00+00:00,0.0,-2.7338347036457655,144.1199951171875,0.18957684537181446,0.0,2017-06-16 00:00:00+00:00,0.0,low,1.0
2017-08-10 00:00:00+00:00,0.0,-0.6027129765815542,141.02999877929688,0.07434001693409803,0.0,2017-06-16 00:00:00+00:00,0.0,low,1.0
2017-08-11 00:00:00+00:00,0.0,-1.3511705455773848,142.10000610351562,0.10352327089574723,0.0,2017-06-16 00:00:00+00:00,0.0,low,1.0
2017-08-14 00:00:00+00:00,0.0,-2.605433329276474,143.92999267578125,0.06918408084996511,0.0,2017-06-16 00:00:00+00:00,0.0,low,1.0
2017-08-15 00:00:00+00:00,0.0,-2.6730584851390238,144.02999877929688,0.07212966811798768,0.0,2017-06-16 00:00:00+00:00,0.0,low,1.0
2017-08-16 00:00:00+00:00,0.0,-2.841700955228965,144.27999877929688,0.0776464871755429,0.0,2017-06-16 00:00:00+00:00,0.0,low,1.0
2017-08-17 00:00:00+00:00,0.0,-0.8137049036821997,141.3300018310547,0.10235361257090671,0.0,2017-06-16 00:00:00+00:00,0.0,low,1.0
2017-08-18 00:00:00+00:00,0.0,-0.7434702850118935,141.22999572753906,0.030821997385720088,0.0,2017-06-16 00:00:00+00:00,0.0,low,1.0
2017-08-21 00:00:00+00:00,0.0,0.007085789875715953,141.0500030517578,0.02609841763494256,0.0,2017-06-16 00:00:00+00:00,0.0,low,1.0
2017-08-22 00:00:00+00:00,0.0,-1.494413013445739,143.1999969482422,0.025419254301762943,0.0,2017-06-16 00:00:00+00:00,0.0,low,1.0
2017-08-23 00:00:00+00:00,0.0,-1.1423399361716546,142.69000244140625,0.022176464322809182,0.0,2017-06-16 00:00:00+00:00,0.0,low,1.0
2017-08-24 00:00:00+00:00,0.0,-0.8505002302171216,142.27000427246094,0.03561256289623718,0.0,2017-06-16 00:00:00+00:00,0.0,low,1.0
2017-08-25 00:00:00+00:00,0.0,-0.6409830628195223,141.97000122070312,0.038619183102381285,0.0,2017-06-16 00:00:00+00:00,0.0,low,1.0
2017-08-28 00:00:00+00:00,0.0,-0.9479713986376481,142.41000366210938,0.029248764939361967,0.0,2017-06-16 00:00:00+00:00,0.0,low,1.0
2017-08-29 00:00:00+00:00,0.0,-0.6085158493105758,142.97000122070312,0.03147548105553762,0.0,2017-06-16 00:00:00+00:00,0.0,low,1.0
2017-08-30 00:00:00+00:00,0.0,-1.7628675427346363,144.64999389648438,0.03647518776162841,0.0,2017-06-16 00:00:00+00:00,0.0,low,1.0
2017-08-31 00:00:00+00:00,0.0,-2.8043713613605914,146.1999969482422,0.02762315541357287,0.0,2017-06-16 00:00:00+00:00,0.0,low,1.0
2017-09-01 00:00:00+00:00,0.0,-2.671228696222172,146.0,0.024752153971007905,0.0,2017-06-16 00:00:00+00:00,0.0,low,1.0
2017-09-05 00:00:00+00:00,0.0,-1.7900313042979343,144.69000244140625,0.04007071768694573,0.0,2017-06-16 00:00:00+00:00,0.0,low,1.0
2017-09-06 00:00:00+00:00,0.0,-2.0877824552844815,145.1300048828125,0.03209361050775907,0.0,2017-06-16 00:00:00+00:00,0.0,low,1.0
2017-09-07 00:00:00+00:00,0.0,-2.316625482167034,145.47000122070312,0.04396750905702545,0.0,2017-06-16 00:00:00+00:00,0.0,low,1.0
2017-09-08 00:00:00+00:00,0.0,-1.4631443811927047,144.2100067138672,0.04012314740876707,0.0,2017-06-16 00:00:00+00:00,0.0,low,1.0
2017-09-11 00:00:00+00:00,0.0,-2.5844855966733804,145.8699951171875,0.03390361587097707,0.0,2017-06-16 00:00:00+00:00,0.0,low,1.0
2017-09-12 00:00:00+00:00,0.0,-2.8176686382110017,146.22000122070312,0.02326788835345682,0.0,2017-06-16 00:00:00+00:00,0.0,low,1.0
2017-09-13 00:00:00+00:00,0.0,-2.9504112276009686,146.4199981689453,0.02346221901999133,0.0,2017-06-16 00:00:00+00:00,0.0,low,1.0
2017-09-14 00:00:00+00:00,0.0,-2.3770208251654767,145.55999755859375,0.018003898506291333,0.0,2017-06-16 00:00:00+00:00,0.0,low,1.0
2017-09-15 00:00:00+00:00,0.0,-2.711208764391171,146.05999755859375,0.033952640884716,0.0,2017-06-16 00:00:00+00:00,0.0,low,1.0
2017-09-18 00:00:00+00:00,0.0,-2.370317331436511,145.5500030517578,0.03569271470416759,0.0,2017-06-16 00:00:00+00:00,0.0,low,1.0
2017-09-19 00:00:00+00:00,0.0,-2.537720761863582,145.8000030517578,0.013792445680006923,0.0,2017-06-16 00:00:00+00:00,0.0,low,1.0
2017-09-20 00:00:00+00:00,0.0,-2.2359820182500822,145.35000610351562,0.009393579734264608,0.0,2017-06-16 00:00:00+00:00,0.0,low,1.0
2017-09-21 00:00:00+00:00,0.0,-1.6336705667098772,144.4600067138672,0.013774210862721797,0.0,2017-06-16 00:00:00+00:00,0.0,low,1.0
2017-09-22 00:00:00+00:00,0.0,-1.5382491047937874,144.32000732421875,0.011506304476615879,0.0,2017-06-16 00:00:00+00:00,0.0,low,1.0
2017-09-25 00:00:00+00:00,0.0,-0.0910398319567074,142.8000030517578,0.02068996467729204,0.0,2017-06-16 00:00:00+00:00,0.0,low,1.0
2017-09-26 00:00:00+00:00,0.0,0.27939453823377924,143.1699981689453,0.010757785767174989,0.0,2017-06-16 00:00:00+00:00,0.0,low,1.0
2017-09-27 00:00:00+00:00,0.0,-0.4707240086989639,144.4600067138672,0.011149607016250377,0.0,2017-06-16 00:00:00+00:00,0.0,low,1.0
2017-09-28 00:00:00+00:00,0.0,-0.06232001634817186,144.41000366210938,0.0094424709370102,0.0,2017-06-16 00:00:00+00:00,0.0,low,1.0
2017-09-29 00:00:00+00:00,0.0,-0.3575141171339946,145.4499969482422,0.010532760914165998,0.0,2017-06-16 00:00:00+00:00,0.0,low,1.0
2017-10-02 00:00:00+00:00,0.0,-0.08930133340935287,145.5800018310547,0.01484710041123948,0.0,2017-06-16 00:00:00+00:00,0.0,low,1.0
2017-10-03 00:00:00+00:00,0.0,-0.2878868810079038,145.88999938964844,0.019238747853681924,0.0,2017-06-16 00:00:00+00:00,0.0,low,1.0
2017-10-04 00:00:00+00:00,0.0,0.20543933045649165,146.02999877929688,0.017575305869136155,0.0,2017-06-16 00:00:00+00:00,0.0,low,1.0
2017-10-05 00:00:00+00:00,0.0,-0.7663127840521367,147.4600067138672,0.021800795993400734,0.0,2017-06-16 00:00:00+00:00,0.0,low,1.0
2017-10-06 00:00:00+00:00,0.0,-0.9007190830755629,147.66000366210938,0.025229416786254434,0.0,2017-06-16 00:00:00+00:00,0.0,low,1.0
2017-10-09 00:00:00+00:00,0.0,-0.7864964532550256,147.49000549316406,0.02153547242205907,0.0,2017-06-16 00:00:00+00:00,0.0,low,1.0
2017-10-10 00:00:00+00:00,0.0,-0.8604364633767347,147.60000610351562,0.02074297735272403,0.0,2017-06-16 00:00:00+00:00,0.0,low,1.0
2017-10-11 00:00:00+00:00,0.0,-1.1550874983985215,148.0399932861328,0.02721106709289452,0.0,2017-06-16 00:00:00+00:00,0.0,low,1.0
2017-10-12 00:00:00+00:00,0.0,-0.9744890030260467,147.77000427246094,0.017460562707247707,0.0,2017-06-16 00:00:00+00:00,0.0,low,1.0
2017-10-13 00:00:00+00:00,0.0,-1.3549916114717675,148.33999633789062,0.017738145728500063,0.0,2017-06-16 00:00:00+00:00,0.0,low,1.0
2017-10-16 00:00:00+00:00,0.0,-1.692982310466573,148.85000610351562,0.014635399703298803,0.0,2017-09-15 00:00:00+00:00,0.0,low,1.0
2017-10-17 00:00:00+00:00,0.0,-1.818298159659315,149.0399932861328,0.014635399703298803,0.0,2017-09-15 00:00:00+00:00,0.0,low,1.0
2017-10-18 00:00:00+00:00,0.0,-1.6995826742734366,148.86000061035156,0.009631375515542277,0.0,2017-09-15 00:00:00+00:00,0.0,low,1.0
2017-10-19 00:00:00+00:00,0.0,-1.335038608409933,148.30999755859375,0.009722993028607213,0.0,2017-09-15 00:00:00+00:00,0.0,low,1.0
2017-10-20 00:00:00+00:00,0.0,-1.6004335790205881,148.7100067138672,0.008982602103494492,0.0,2017-09-15 00:00:00+00:00,0.0,low,1.0
2017-10-23 00:00:00+00:00,0.0,-0.9543817582805092,147.74000549316406,0.009430435917977851,0.0,2017-09-15 00:00:00+00:00,0.0,low,1.0
2017-10-24 00:00:00+00:00,0.0,-1.1216998449169235,147.99000549316406,0.011895541537515932,0.0,2017-09-15 00:00:00+00:00,0.0,low,1.0
2017-10-25 00:00:00+00:00,0.0,-0.34592317179142906,147.42999267578125,0.009655466142805161,0.0,2017-09-15 00:00:00+00:00,0.0,low,1.0
2017-10-26 00:00:00+00:00,0.0,1.5242175639909261,146.9600067138672,0.00555907942142904,0.0,2017-09-15 00:00:00+00:00,0.0,low,1.0
2017-10-27 00:00:00+00:00,0.0,-0.3107651438986281,151.24000549316406,0.02009916427301829,0.0,2017-09-15 00:00:00+00:00,0.0,low,1.0
2017-10-30 00:00:00+00:00,0.0,-0.534369671994428,151.5800018310547,0.017513567722834068,0.0,2017-09-15 00:00:00+00:00,0.0,low,1.0
2017-10-31 00:00:00+00:00,0.0,-0.9069928881905276,152.14999389648438,0.01663065340137985,0.0,2017-09-15 00:00:00+00:00,0.0,low,1.0
2017-11-01 00:00:00+00:00,0.0,-0.8744258893385704,152.10000610351562,0.018008198251166993,0.0,2017-09-15 00:00:00+00:00,0.0,low,1.0
2017-11-02 00:00:00+00:00,0.0,-0.0197607402538158,151.80999755859375,0.01486890812425173,0.0,2017-09-15 00:00:00+00:00,0.0,low,1.0
2017-11-03 00:00:00+00:00,0.0,-0.9721442236768962,153.27000427246094,0.018249382751277056,0.0,2017-09-15 00:00:00+00:00,0.0,low,1.0
2017-11-06 00:00:00+00:00,0.0,-1.306973531818978,153.7899932861328,0.01798582122058327,0.0,2017-09-15 00:00:00+00:00,0.0,low,1.0
2017-11-07 00:00:00+00:00,0.0,-1.364703689160196,153.8800048828125,0.017619025380176217,0.0,2017-09-15 00:00:00+00:00,0.0,low,1.0
2017-11-08 00:00:00+00:00,0.0,-1.760518589451865,154.5,0.017586813142807654,0.0,2017-09-15 00:00:00+00:00,0.0,low,1.0
2017-11-09 00:00:00+00:00,0.0,-1.242763765871857,153.69000244140625,0.018716108332834575,0.0,2017-09-15 00:00:00+00:00,0.0,low,1.0
2017-11-10 00:00:00+00:00,0.0,-1.2363313294091571,153.67999267578125,0.006800870551995601,0.0,2017-09-15 00:00:00+00:00,0.0,low,1.0
2017-11-13 00:00:00+00:00,0.0,-1.358287128233726,153.8699951171875,0.006280767531814078,0.0,2017-09-15 00:00:00+00:00,0.0,low,1.0
2017-11-14 00:00:00+00:00,0.0,-0.9979771728273135,153.30999755859375,0.005568383037417268,0.0,2017-09-15 00:00:00+00:00,0.0,low,1.0
2017-11-15 00:00:00+00:00,0.0,-0.3473352067741464,152.58999633789062,0.005761319765238379,0.0,2017-09-15 00:00:00+00:00,0.0,low,1.0
2017-11-16 00:00:00+00:00,0.0,-1.6047598261165419,154.5399932861328,0.008026398813022634,0.0,2017-09-15 00:00:00+00:00,0.0,low,1.0
2017-11-17 00:00:00+00:00,0.0,-1.2276709497330174,153.9499969482422,0.0072561630515579284,0.0,2017-09-15 00:00:00+00:00,0.0,low,1.0
2017-11-20 00:00:00+00:00,0.0,-1.1506235788808383,153.8300018310547,0.008719788002242915,0.0,2017-09-15 00:00:00+00:00,0.0,low,1.0
2017-11-21 00:00:00+00:00,0.0,-2.212220219553862,155.5,0.0357829276618657,0.0,2017-09-15 00:00:00+00:00,0.0,low,1.0
2017-11-22 00:00:00+00:00,0.0,-2.331559397449845,155.69000244140625,0.039038971759434896,0.0,2017-09-15 00:00:00+00:00,0.0,low,1.0
2017-11-24 00:00:00+00:00,0.0,-2.687826120497172,156.25999450683594,0.010324407384589084,0.0,2017-09-15 00:00:00+00:00,0.0,low,1.0
2017-11-27 00:00:00+00:00,0.0,-2.6442184635740995,156.19000244140625,0.01367101880333513,0.0,2017-09-15 00:00:00+00:00,0.0,low,1.0
2017-11-28 00:00:00+00:00,0.0,-2.8929043267374666,156.58999633789062,0.012476008218211503,0.0,2017-09-15 00:00:00+00:00,0.0,low,1.0
2017-11-29 00:00:00+00:00,0.0,-1.1698966882993211,153.86000061035156,0.05477320999273572,0.0,2017-09-15 00:00:00+00:00,0.0,low,1.0
2017-11-30 00:00:00+00:00,0.0,-1.9916187299061416,155.14999389648438,0.029650676467660852,0.0,2017-09-15 00:00:00+00:00,0.0,low,1.0
2017-12-01 00:00:00+00:00,0.0,-1.57292242097683,154.49000549316406,0.0344631225656563,0.0,2017-09-15 00:00:00+00:00,0.0,low,1.0
2017-12-04 00:00:00+00:00,0.0,-0.42564935282293215,152.7100067138672,0.05492335909266711,0.0,2017-09-15 00:00:00+00:00,0.0,low,1.0
2017-12-05 00:00:00+00:00,0.0,-0.4908055833928171,152.80999755859375,0.0882757311821643,0.0,2017-09-15 00:00:00+00:00,0.0,low,1.0
2017-12-06 00:00:00+00:00,0.0,-0.11074799279825465,153.5,0.053032663415899114,0.0,2017-09-15 00:00:00+00:00,0.0,low,1.0
2017-12-07 00:00:00+00:00,0.0,0.2856787619794465,154.02000427246094,0.030020254948451293,0.0,2017-09-15 00:00:00+00:00,0.0,low,1.0
2017-12-08 00:00:00+00:00,0.0,0.03878316727687903,154.6999969482422,0.014531894874808379,0.0,2017-09-15 00:00:00+00:00,0.0,low,1.0
2017-12-11 00:00:00+00:00,0.0,-0.346371589014538,155.89999389648438,0.017788875186839213,0.0,2017-09-15 00:00:00+00:00,0.0,low,1.0
2017-12-12 00:00:00+00:00,0.0,0.006419491733056226,155.69000244140625,0.017300650875230576,0.0,2017-09-15 00:00:00+00:00,0.0,low,1.0
2017-12-13 00:00:00+00:00,0.0,-0.1859148244818698,155.99000549316406,0.006627204641012794,0.0,2017-09-15 00:00:00+00:00,0.0,low,1.0
2017-12-14 00:00:00+00:00,0.0,-0.11547852766982114,155.8800048828125,0.006061325777322182,0.0,2017-09-15 00:00:00+00:00,0.0,low,1.0
2017-12-15 00:00:00+00:00,0.0,-1.2369153338011474,157.64999389648438,0.00918876220776879,0.0,2017-09-15 00:00:00+00:00,0.0,low,1.0
2017-12-18 00:00:00+00:00,0.0,-1.853254193594056,158.63999938964844,0.011072326256144432,0.0,2017-09-15 00:00:00+00:00,0.0,low,1.0
2017-12-19 00:00:00+00:00,0.0,-1.2682308425512545,157.6999969482422,0.010489473947075832,0.0,2017-09-15 00:00:00+00:00,0.0,low,1.0
2017-12-20 00:00:00+00:00,0.0,-1.1616846602141906,157.52999877929688,0.009494041051099734,0.0,2017-09-15 00:00:00+00:00,0.0,low,1.0
2017-12-21 00:00:00+00:00,0.0,-1.1742342543197948,157.5500030517578,0.0072376529725932505,0.0,2017-09-15 00:00:00+00:00,0.0,low,1.0
2017-12-22 00:00:00+00:00,0.0,-1.0611922353443104,157.3699951171875,0.007246982003228387,0.0,2017-09-15 00:00:00+00:00,0.0,low,1.0
2017-12-26 00:00:00+00:00,0.0,-0.5238993750545373,156.52000427246094,0.016626902595973204,0.0,2017-09-15 00:00:00+00:00,0.0,low,1.0
2017-12-27 00:00:00+00:00,0.0,-0.5366017464656703,156.5399932861328,0.01147790601656651,0.0,2017-09-15 00:00:00+00:00,0.0,low,1.0
2017-12-28 00:00:00+00:00,0.0,-0.6571803785967223,156.72999572753906,0.023968231121981053,0.0,2017-09-15 00:00:00+00:00,0.0,low,1.0
2017-12-29 00:00:00+00:00,0.0,0.26322783549621587,155.75999450683594,0.014496523406923567,0.0,2017-09-15 00:00:00+00:00,0.0,low,1.0
2018-01-02 00:00:00+00:00,0.0,0.07571147266611788,158.49000549316406,0.013710178660748674,0.0,2017-09-15 00:00:00+00:00,0.0,low,1.0
2018-01-03 00:00:00+00:00,0.0,0.03124604895283767,160.02999877929688,0.02047951106453102,0.0,2017-09-15 00:00:00+00:00,0.0,low,1.0
2018-01-04 00:00:00+00:00,0.0,0.2869482383337063,160.30999755859375,0.024560582570534634,0.0,2017-09-15 00:00:00+00:00,0.0,low,1.0
2018-01-05 00:00:00+00:00,0.0,-2.420947513138705,161.9199981689453,0.03890822573888997,0.0,2017-09-15 00:00:00+00:00,0.0,low,1.0
2018-01-08 00:00:00+00:00,0.0,-4.583203204167285,162.5500030517578,0.03726501246385989,0.0,2017-09-15 00:00:00+00:00,0.0,low,1.0
2018-01-09 00:00:00+00:00,0.0,-4.589069615597907,162.55999755859375,0.03990697775628895,0.0,2017-09-15 00:00:00+00:00,0.0,low,1.0
2018-01-10 00:00:00+00:00,0.0,-5.382905488836376,162.17999267578125,0.03230354044662537,0.0,2017-09-15 00:00:00+00:00,0.0,low,1.0
2018-01-11 00:00:00+00:00,0.0,-8.059274263218374,163.2899932861328,0.03645717153045052,0.0,2017-09-15 00:00:00+00:00,0.0,low,1.0
2018-01-12 00:00:00+00:00,0.0,-8.730014062129953,164.49000549316406,0.04248462069954008,0.0,2017-09-15 00:00:00+00:00,0.0,low,1.0
2018-01-16 00:00:00+00:00,0.0,-8.468478861014505,164.02000427246094,0.04139652266018232,0.0,2017-09-15 00:00:00+00:00,0.0,low,1.0
2018-01-17 00:00:00+00:00,0.0,-9.44567768712864,165.7899932861328,0.056392871533128656,0.0,2017-12-14 00:00:00+00:00,0.0,low,1.0
2018-01-18 00:00:00+00:00,0.0,-9.462068356280106,165.82000732421875,0.015390401530028564,0.0,2017-12-14 00:00:00+00:00,0.0,low,1.0
2018-01-19 00:00:00+00:00,0.0,-9.745095474302145,166.33999633789062,0.031245150439232032,0.0,2017-12-14 00:00:00+00:00,0.0,low,1.0
2018-01-22 00:00:00+00:00,1.0,-10.700684485408852,168.1199951171875,0.06689975196951466,0.0,2017-12-14 00:00:00+00:00,0.0,low,1.0
2018-01-23 00:00:00+00:00,1.0,-11.432948057373626,169.50999450683594,0.14981569283630147,0.0,2017-12-14 00:00:00+00:00,0.0,low,1.0
2018-01-24 00:00:00+00:00,1.0,-10.854461363217528,168.41000366210938,0.07928284255525088,0.0,2017-12-14 00:00:00+00:00,0.0,low,1.0
2018-01-25 00:00:00+00:00,1.0,-10.82269115541341,168.35000610351562,0.07500606331463586,0.0,2017-12-14 00:00:00+00:00,0.0,low,1.0
2018-01-26 00:00:00+00:00,1.0,-12.168717418962283,170.92999267578125,0.060676794465247465,0.0,2017-12-14 00:00:00+00:00,0.0,low,1.0
2018-01-29 00:00:00+00:00,1.0,-11.740153147643174,170.10000610351562,0.09302878866186118,0.0,2017-12-14 00:00:00+00:00,0.0,low,1.0
2018-01-30 00:00:00+00:00,1.0,-11.007701482725595,168.6999969482422,0.14383472478879436,0.0,2017-12-14 00:00:00+00:00,0.0,low,1.0
2018-01-31 00:00:00+00:00,1.0,-11.375436663502613,169.39999389648438,0.3255460266027356,0.0,2017-12-14 00:00:00+00:00,0.0,low,1.0
2018-02-01 00:00:00+00:00,1.0,-10.61562343316017,167.9600067138672,0.12205008280515138,0.0,2017-12-14 00:00:00+00:00,0.0,low,1.0
2018-02-02 00:00:00+00:00,0.0,-8.79654679171934,164.61000061035156,0.10624686836517036,0.0,2017-12-14 00:00:00+00:00,0.0,low,1.0
2018-02-05 00:00:00+00:00,0.0,-5.053118189418981,158.1199951171875,0.26907595018668845,0.0,2017-12-14 00:00:00+00:00,0.0,low,1.0
2018-02-06 00:00:00+00:00,0.0,-7.504154309030953,162.30999755859375,0.23812425350259017,0.0,2017-12-14 00:00:00+00:00,0.0,low,1.0
2018-02-07 00:00:00+00:00,0.0,-6.291742967751968,160.2100067138672,0.1486906299118722,0.0,2017-12-14 00:00:00+00:00,0.0,low,1.0
2018-02-08 00:00:00+00:00,0.0,-2.163566068071998,153.4499969482422,0.5143416519644803,0.0,2017-12-14 00:00:00+00:00,0.0,low,1.0
2018-02-09 00:00:00+00:00,0.0,0.2306217785237097,156.10000610351562,0.6044865636403405,0.0,2017-12-14 00:00:00+00:00,0.0,low,1.0
2018-02-12 00:00:00+00:00,0.0,-0.7238584577510032,158.8699951171875,0.40255921174996,0.0,2017-12-14 00:00:00+00:00,0.0,low,1.0
2018-02-13 00:00:00+00:00,0.0,-1.058301969796982,159.69000244140625,0.3202070996971592,0.0,2017-12-14 00:00:00+00:00,0.0,low,1.0
2018-02-14 00:00:00+00:00,0.0,-0.44257806388581233,162.67999267578125,0.4852280380365702,0.0,2017-12-14 00:00:00+00:00,0.0,low,1.0
2018-02-15 00:00:00+00:00,0.0,-2.2570852765575022,165.6999969482422,0.42131900301977926,0.0,2017-12-14 00:00:00+00:00,0.0,low,1.0
2018-02-16 00:00:00+00:00,0.0,-1.8186226223933621,164.9600067138672,0.21726947017609294,0.0,2017-12-14 00:00:00+00:00,0.0,low,1.0
2018-02-20 00:00:00+00:00,0.0,-2.0146328922048484,165.2899932861328,0.2514335067261216,0.0,2017-12-14 00:00:00+00:00,0.0,low,1.0
2018-02-21 00:00:00+00:00,0.0,-1.7352266006915196,164.82000732421875,0.17850701146193926,0.0,2017-12-14 00:00:00+00:00,0.0,low,1.0
2018-02-22 00:00:00+00:00,0.0,-1.723298716808086,164.8000030517578,0.20361380861884718,0.0,2017-12-14 00:00:00+00:00,0.0,low,1.0
2018-02-23 00:00:00+00:00,0.0,-5.7917616692718,168.1699981689453,0.24961785486085017,0.0,2017-12-14 00:00:00+00:00,0.0,low,1.0
2018-02-26 00:00:00+00:00,0.0,-7.0246488553131865,170.39999389648438,0.31610257690199334,0.0,2017-12-14 00:00:00+00:00,0.0,low,1.0
2018-02-27 00:00:00+00:00,0.0,-6.304593875829589,168.2899932861328,0.3243357010324161,0.0,2017-12-14 00:00:00+00:00,0.0,low,1.0
2018-02-28 00:00:00+00:00,0.0,-6.680230236967044,167.2100067138672,0.2220776253311725,0.0,2017-12-14 00:00:00+00:00,0.0,low,1.0
2018-03-01 00:00:00+00:00,0.0,-5.131324574805496,164.47999572753906,0.739302332946772,0.0,2017-12-14 00:00:00+00:00,0.0,low,1.0
2018-03-02 00:00:00+00:00,0.0,-7.295620344352772,165.99000549316406,0.7590823671099635,0.0,2017-12-14 00:00:00+00:00,0.0,low,1.0
2018-03-05 00:00:00+00:00,0.0,-8.311980454057844,167.8300018310547,0.34584106676851856,0.0,2017-12-14 00:00:00+00:00,0.0,low,1.0
2018-03-06 00:00:00+00:00,0.0,-8.698225339567822,168.5399932861328,0.11330707728172572,0.0,2017-12-14 00:00:00+00:00,0.0,low,1.0
2018-03-07 00:00:00+00:00,0.0,-8.909008728753943,168.92999267578125,0.0804861634272092,0.0,2017-12-14 00:00:00+00:00,0.0,low,1.0
2018-03-08 00:00:00+00:00,0.0,-9.407745007723268,169.86000061035156,0.20593337085762367,0.0,2017-12-14 00:00:00+00:00,0.0,low,1.0
2018-03-09 00:00:00+00:00,1.0,-11.13421019378027,173.16000366210938,0.4537790962076617,0.0,2017-12-14 00:00:00+00:00,0.0,low,1.0
2018-03-12 00:00:00+00:00,1.0,-11.603858418985059,174.0800018310547,0.3860735220354714,0.0,2017-12-14 00:00:00+00:00,0.0,low,1.0
2018-03-13 00:00:00+00:00,1.0,-10.383787277328638,171.7100067138672,0.5709361891888097,0.0,2017-12-14 00:00:00+00:00,0.0,low,1.0
2018-03-14 00:00:00+00:00,1.0,-10.368120079422493,171.67999267578125,0.5789600398413991,0.0,2017-12-14 00:00:00+00:00,0.0,low,1.0
2018-03-15 00:00:00+00:00,1.0,-10.289741749018578,171.52999877929688,0.2384679232580919,0.0,2017-12-14 00:00:00+00:00,0.0,low,1.0
2018-03-16 00:00:00+00:00,1.0,-10.022219016169476,171.02000427246094,0.04392668979515707,0.0,2017-12-14 00:00:00+00:00,0.0,low,1.0
2018-03-19 00:00:00+00:00,0.0,-7.911430722817303,167.10000610351562,0.26509066957922983,0.0,2017-12-14 00:00:00+00:00,0.0,low,1.0
2018-03-20 00:00:00+00:00,0.0,-8.213533859222311,167.64999389648438,0.17300775265926355,0.0,2017-12-14 00:00:00+00:00,0.0,low,1.0
2018-03-21 00:00:00+00:00,0.0,-7.812121632624624,166.9199981689453,0.18176620128349338,0.0,2017-12-14 00:00:00+00:00,0.0,low,1.0
2018-03-22 00:00:00+00:00,0.0,-5.479114251680595,162.8000030517578,0.3366815228692731,0.0,2017-12-14 00:00:00+00:00,0.0,low,1.0
2018-03-23 00:00:00+00:00,0.0,-2.920944914816559,158.50999450683594,0.6994567049421017,0.0,2017-12-14 00:00:00+00:00,0.0,low,1.0
2018-03-26 00:00:00+00:00,0.0,-6.399020318879001,164.39999389648438,0.12355089982277484,0.0,2017-12-14 00:00:00+00:00,0.0,low,1.0
2018-03-27 00:00:00+00:00,0.0,-3.268793618549648,159.0800018310547,0.3396295813550169,0.0,2017-12-14 00:00:00+00:00,0.0,low,1.0
2018-03-28 00:00:00+00:00,0.0,-2.143081155604132,157.25,0.3336120536842597,0.0,2017-12-14 00:00:00+00:00,0.0,low,1.0
2018-03-29 00:00:00+00:00,0.0,-3.9030786295010222,160.1300048828125,0.3383692792827291,0.0,2017-12-14 00:00:00+00:00,0.0,low,1.0
2018-04-02 00:00:00+00:00,0.0,-0.9452776494301207,155.50999450683594,0.40690860892656766,0.0,2017-12-14 00:00:00+00:00,0.0,low,1.0
2018-04-03 00:00:00+00:00,0.0,-2.047565390550199,157.25999450683594,0.26999570038720805,0.0,2017-12-14 00:00:00+00:00,0.0,low,1.0
2018-04-04 00:00:00+00:00,0.0,-2.4164269923708903,159.74000549316406,0.38561653970281007,0.0,2017-12-14 00:00:00+00:00,0.0,low,1.0
2018-04-05 00:00:00+00:00,0.0,-2.969180949204042,160.64999389648438,0.31993590439260533,0.0,2017-12-14 00:00:00+00:00,0.0,low,1.0
2018-04-06 00:00:00+00:00,0.0,-0.10215390226737675,156.6300048828125,0.2865598413776938,0.0,2017-12-14 00:00:00+00:00,0.0,low,1.0
2018-04-09 00:00:00+00:00,0.0,-0.7988299885663075,157.72999572753906,0.10153803964687556,0.0,2017-12-14 00:00:00+00:00,0.0,low,1.0
2018-04-10 00:00:00+00:00,0.0,-2.940267536603436,161.2100067138672,0.09391966919511384,0.0,2017-12-14 00:00:00+00:00,0.0,low,1.0
2018-04-11 00:00:00+00:00,0.0,-2.3770885872291925,160.27999877929688,0.028049225318648955,0.0,2017-12-14 00:00:00+00:00,0.0,low,1.0
2018-04-12 00:00:00+00:00,0.0,-3.538626012937185,162.2100067138672,0.06806793661094968,0.0,2017-12-14 00:00:00+00:00,0.0,low,1.0
2018-04-13 00:00:00+00:00,0.0,-3.036496278583878,161.3699951171875,0.060070373631867895,0.0,2017-12-14 00:00:00+00:00,0.0,low,1.0
2018-04-16 00:00:00+00:00,0.0,-3.7699905613225893,162.60000610351562,0.08290916446579809,0.0,2017-12-14 00:00:00+00:00,0.0,low,1.0
2018-04-17 00:00:00+00:00,0.0,-5.79771494819269,166.10000610351562,0.11536864363579626,0.0,2017-12-14 00:00:00+00:00,0.0,low,1.0
2018-04-18 00:00:00+00:00,0.0,-5.990147244928679,166.44000244140625,0.11255857716986228,0.0856139351269408,2018-03-19 00:00:00+00:00,8.6,low,1.0
2018-04-19 00:00:00+00:00,0.0,-5.117944487284898,164.91000366210938,0.24539826930200143,0.15607050518967314,2018-03-19 00:00:00+00:00,15.6,low,1.0
2018-04-20 00:00:00+00:00,0.0,-3.592114430950122,162.3000030517578,0.38484451648447193,0.2288536590405607,2018-03-19 00:00:00+00:00,22.9,low,1.0
2018-04-23 00:00:00+00:00,0.0,-3.3479511948728002,161.88999938964844,0.3984513926234769,0.23622139621566868,2018-03-19 00:00:00+00:00,23.6,low,1.0
2018-04-24 00:00:00+00:00,0.0,-1.2558408486990857,158.4600067138672,0.396617497421438,0.23522417522014333,2018-03-19 00:00:00+00:00,23.5,low,1.0
2018-04-25 00:00:00+00:00,0.0,0.35928606753723447,158.64999389648438,0.36570839703925234,0.21860578391916383,2018-03-19 00:00:00+00:00,21.9,low,1.0
2018-04-26 00:00:00+00:00,0.0,-1.7099846771582605,161.99000549316406,0.49336486211418074,0.2900951638590783,2018-03-19 00:00:00+00:00,29.0,low,1.0
2018-04-27 00:00:00+00:00,0.0,-1.7706182873894027,162.08999633789062,0.3310776235094986,0.20034277837461975,2018-03-19 00:00:00+00:00,20.0,low,1.0
2018-04-30 00:00:00+00:00,0.0,-1.0687220048535395,160.94000244140625,0.519695520065473,0.30602805006738876,2018-03-19 00:00:00+00:00,30.6,low,1.0
2018-05-01 00:00:00+00:00,0.0,-2.1869993766374995,162.77999877929688,0.538334683501083,0.31763318596993306,2018-03-19 00:00:00+00:00,31.8,low,1.0
2018-05-02 00:00:00+00:00,0.0,-1.606727219030657,161.82000732421875,0.4115227067717323,0.24336963073507414,2018-03-19 00:00:00+00:00,24.3,low,1.0
2018-05-03 00:00:00+00:00,0.0,-0.5068030338395202,161.8000030517578,0.41161131187208955,0.24341833557310316,2018-03-19 00:00:00+00:00,24.3,low,1.0
2018-05-04 00:00:00+00:00,0.0,-0.006062053212796403,164.8699951171875,0.38469078791173156,0.2287708214262317,2018-03-19 00:00:00+00:00,22.9,low,1.0
2018-05-07 00:00:00+00:00,0.0,-0.8301280300843428,166.24000549316406,0.443775091534646,0.2613424520861396,2018-03-19 00:00:00+00:00,26.1,low,1.0
2018-05-08 00:00:00+00:00,0.0,-0.17463029573768774,166.07000732421875,0.49805438813971,0.29289586891823793,2018-03-19 00:00:00+00:00,29.3,low,1.0
2018-05-09 00:00:00+00:00,0.0,-0.5956635518911568,167.8800048828125,0.5486974482990066,0.3242133063690004,2018-03-19 00:00:00+00:00,32.4,low,1.0
2018-05-10 00:00:00+00:00,0.0,-1.615369834483249,169.6199951171875,0.5676727631486496,0.33651861802131056,2018-03-19 00:00:00+00:00,33.7,low,1.0
2018-05-11 00:00:00+00:00,0.0,-1.5224842020754914,169.4600067138672,0.4095217833184137,0.24227067158173612,2018-03-19 00:00:00+00:00,24.2,low,1.0
2018-05-14 00:00:00+00:00,0.0,-1.690718773011779,169.75,0.34024156804190664,0.20514467928912802,2018-03-19 00:00:00+00:00,20.5,low,1.0
2018-05-15 00:00:00+00:00,0.0,-0.5897362620901347,167.8699951171875,0.049973721925309605,0.047216871149005406,2018-03-19 00:00:00+00:00,4.7,low,1.0
2018-05-16 00:00:00+00:00,0.0,-1.2427452348339307,168.97999572753906,0.14841783757171226,0.10539493745947644,2018-03-19 00:00:00+00:00,10.5,low,1.0
2018-05-17 00:00:00+00:00,0.0,-0.861401373771431,168.3300018310547,0.14030499602530752,0.10100044357556878,2018-03-19 00:00:00+00:00,10.1,low,1.0
2018-05-18 00:00:00+00:00,0.0,-0.3463524470327495,167.4600067138672,0.07345708031619386,0.062498070629300954,2018-03-19 00:00:00+00:00,6.2,low,1.0
2018-05-21 00:00:00+00:00,0.0,-0.9026063353697156,168.39999389648438,0.13638142742735845,0.09886029349956983,2018-03-19 00:00:00+00:00,9.9,low,1.0
2018-05-22 00:00:00+00:00,0.0,-0.7729741048775551,168.17999267578125,0.03852553998298693,0.039114078282775036,2018-03-19 00:00:00+00:00,3.9,low,1.0
2018-05-23 00:00:00+00:00,0.0,-1.037741569744266,169.60000610351562,0.1284726641964591,0.09451369242594974,2018-03-19 00:00:00+00:00,9.5,low,1.0
2018-05-24 00:00:00+00:00,0.0,-0.9377742903403319,169.5500030517578,0.03422425125537477,0.03590959660143022,2018-03-19 00:00:00+00:00,3.6,low,1.0
2018-05-25 00:00:00+00:00,0.0,-1.0369988770782768,169.72000122070312,0.03410116815941926,0.03581635735203504,2018-03-19 00:00:00+00:00,3.6,low,1.0
2018-05-29 00:00:00+00:00,0.0,0.1479552572609899,168.97000122070312,0.042230674679239646,0.04179830237251453,2018-03-19 00:00:00+00:00,4.2,low,1.0
2018-05-30 00:00:00+00:00,0.0,-0.33493482780646566,170.17999267578125,0.013586908090269382,0.018464115337896648,2018-03-19 00:00:00+00:00,1.8,low,1.0
2018-05-31 00:00:00+00:00,0.0,-0.5291992217991037,170.07000732421875,0.01433953446825282,0.019194242211831365,2018-03-19 00:00:00+00:00,1.9,low,1.0
2018-06-01 00:00:00+00:00,0.0,-2.066693997158653,172.74000549316406,0.057947769254357254,0.052574205508361276,2018-03-19 00:00:00+00:00,5.3,low,1.0
2018-06-04 00:00:00+00:00,0.0,-2.9432041267888898,174.3000030517578,0.4019807776888369,0.2381444221342056,2018-03-19 00:00:00+00:00,23.8,low,1.0
2018-06-05 00:00:00+00:00,0.0,-3.2429640172192853,174.83999633789062,0.031939721542608816,0.03416377069560958,2018-03-19 00:00:00+00:00,3.4,low,1.0
2018-06-06 00:00:00+00:00,0.0,-3.8041637769745673,175.86000061035156,0.11527123026429255,0.08714713449265979,2018-03-19 00:00:00+00:00,8.7,low,1.0
2018-06-07 00:00:00+00:00,0.0,-3.0155332957061187,174.42999267578125,0.24311028203668936,0.15489399047188745,2018-03-19 00:00:00+00:00,15.5,low,1.0
2018-06-08 00:00:00+00:00,0.0,-3.0210984858424994,174.44000244140625,0.05353301434295265,0.049633249159615735,2018-03-19 00:00:00+00:00,5.0,low,1.0
2018-06-11 00:00:00+00:00,0.0,-3.2816907969727027,174.91000366210938,0.05703388634616097,0.05197020651289579,2018-03-19 00:00:00+00:00,5.2,low,1.0
2018-06-12 00:00:00+00:00,0.0,-3.7877515741077006,175.8300018310547,0.08601444117139136,0.0701663385893335,2018-03-19 00:00:00+00:00,7.0,low,1.0
2018-06-13 00:00:00+00:00,0.0,-3.7822823787116433,175.82000732421875,0.062397645678657986,0.05548195102313344,2018-03-19 00:00:00+00:00,5.5,low,1.0
2018-06-14 00:00:00+00:00,0.0,-4.746625926159487,177.60000610351562,0.04550391226591597,0.04411814648459361,2018-03-19 00:00:00+00:00,4.4,low,1.0
2018-06-15 00:00:00+00:00,0.0,-4.41292674151561,176.97999572753906,0.023287435815624483,0.027208306430811333,2018-03-19 00:00:00+00:00,2.7,low,1.0
2018-06-18 00:00:00+00:00,0.0,-4.152975541674042,176.5,0.021808721401393585,0.025953168969637074,2018-03-19 00:00:00+00:00,2.6,low,1.0
2018-06-19 00:00:00+00:00,0.0,-3.8806828585537967,176.0,0.029412378185583857,0.03219234962641115,2018-03-19 00:00:00+00:00,3.2,low,1.0
2018-06-20 00:00:00+00:00,0.0,-4.558534178310126,177.25,0.04386703297529913,0.04296373274426555,2018-03-19 00:00:00+00:00,4.3,low,1.0
2018-06-21 00:00:00+00:00,0.0,-3.7220467218875397,175.7100067138672,0.016287387158283647,0.021036005782908224,2018-03-19 00:00:00+00:00,2.1,low,1.0
2018-06-22 00:00:00+00:00,0.0,-3.507876396502907,175.32000732421875,0.010737176350337786,0.015588065533184125,2018-03-19 00:00:00+00:00,1.6,low,1.0
2018-06-25 00:00:00+00:00,0.0,-1.2837702111958227,171.3699951171875,0.10781996827338393,0.08291785873284083,2018-03-19 00:00:00+00:00,8.3,low,1.0
2018-06-26 00:00:00+00:00,0.0,-1.6853658579842778,172.07000732421875,0.11422011656352181,0.08655389225894744,2018-03-19 00:00:00+00:00,8.7,low,1.0
2018-06-27 00:00:00+00:00,0.0,-0.32993435025633344,169.72999572753906,0.1418258547975727,0.10182731523610909,2018-03-19 00:00:00+00:00,10.2,low,1.0
2018-06-28 00:00:00+00:00,0.0,-0.8879048138229928,171.19000244140625,0.09618111576845007,0.07618892945320893,2018-03-19 00:00:00+00:00,7.6,low,1.0
2018-06-29 00:00:00+00:00,0.0,-1.1535076014818402,171.64999389648438,0.05803093467772264,0.05262905112348285,2018-03-19 00:00:00+00:00,5.3,low,1.0
2018-07-02 00:00:00+00:00,0.0,-1.2557859552209338,172.8000030517578,0.030632183920799274,0.033149365794502596,2018-03-19 00:00:00+00:00,3.3,low,1.0
2018-07-03 00:00:00+00:00,0.0,0.13465791769884383,170.8000030517578,0.02129665658791733,0.025513083013886235,2018-03-19 00:00:00+00:00,2.6,low,1.0
2018-07-05 00:00:00+00:00,0.0,0.04626522779425102,172.9199981689453,0.039789493262717704,0.040037166609483914,2018-03-19 00:00:00+00:00,4.0,low,1.0
2018-07-06 00:00:00+00:00,0.0,-0.7630524077406275,175.61000061035156,0.03966858331260785,0.03994920523916134,2018-03-19 00:00:00+00:00,4.0,low,1.0
2018-07-09 00:00:00+00:00,0.0,-1.647947473735667,177.19000244140625,0.043019923807210855,0.042361871945789935,2018-03-19 00:00:00+00:00,4.2,low,1.0
2018-07-10 00:00:00+00:00,0.0,-1.720055789407382,177.32000732421875,0.040698768234462994,0.040696402936901535,2018-03-19 00:00:00+00:00,4.1,low,1.0
2018-07-11 00:00:00+00:00,0.0,-1.2186792420355141,176.4199981689453,0.03917838582043296,0.03959185472433792,2018-03-19 00:00:00+00:00,4.0,low,1.0
2018-07-12 00:00:00+00:00,0.0,-2.892010613641205,179.4600067138672,0.04780473956184712,0.04572263254220673,2018-03-19 00:00:00+00:00,4.6,low,1.0
2018-07-13 00:00:00+00:00,0.0,-2.9731063525105683,179.61000061035156,0.04302730963651579,0.04236713290334669,2018-03-19 00:00:00+00:00,4.2,low,1.0
2018-07-16 00:00:00+00:00,0.0,-2.74025482979271,179.17999267578125,0.04010746254864748,0.0402681491920089,2018-03-19 00:00:00+00:00,4.0,low,1.0
2018-07-17 00:00:00+00:00,0.0,-3.3283407432173617,180.27000427246094,0.04806409369635877,0.045902216565492676,2018-03-19 00:00:00+00:00,4.6,low,1.0
2018-07-18 00:00:00+00:00,0.0,-3.1456614426251583,179.92999267578125,0.05767358821666055,0.04840863014319209,2018-06-18 00:00:00+00:00,4.8,low,1.0
2018-07-19 00:00:00+00:00,0.0,-2.6587692226395676,179.02999877929688,0.04588464530770053,0.043704169419830415,2018-06-18 00:00:00+00:00,4.4,low,1.0
2018-07-20 00:00:00+00:00,0.0,-2.637019428933085,178.99000549316406,0.031119647284151668,0.03679021261606112,2018-06-18 00:00:00+00:00,3.7,low,1.0
2018-07-23 00:00:00+00:00,0.0,-2.9460867442964833,179.55999755859375,0.04556136241637278,0.04356673500271599,2018-06-18 00:00:00+00:00,4.4,low,1.0
2018-07-24 00:00:00+00:00,0.0,-3.34442522309103,180.3000030517578,0.0470363348008689,0.044189679286420966,2018-06-18 00:00:00+00:00,4.4,low,1.0
2018-07-25 00:00:00+00:00,0.0,-4.676732692934948,182.82000732421875,0.22366601350662507,0.09196335360571783,2018-06-18 00:00:00+00:00,9.2,low,1.0
2018-07-26 00:00:00+00:00,0.0,-3.210218651112895,180.0500030517578,0.1743549108367537,0.08106448697203862,2018-06-18 00:00:00+00:00,8.1,low,1.0
2018-07-27 00:00:00+00:00,0.0,-1.8860437658025808,177.6199951171875,0.48129975982839623,0.14553892715311342,2018-06-18 00:00:00+00:00,14.6,low,1.0
2018-07-30 00:00:00+00:00,0.0,-0.16560635321913875,175.11000061035156,0.4268913407387026,0.13380978480060904,2018-06-18 00:00:00+00:00,13.4,low,1.0
2018-07-31 00:00:00+00:00,0.0,-0.374045720331162,176.4499969482422,0.342193812803839,0.11637141400358031,2018-06-18 00:00:00+00:00,11.6,low,1.0
2018-08-01 00:00:00+00:00,0.0,-0.750904396860852,177.1199951171875,0.5031308505650458,0.15043448989556849,2018-06-18 00:00:00+00:00,15.0,low,1.0
2018-08-02 00:00:00+00:00,0.0,-0.7853861035462595,179.52999877929688,0.4834176493222772,0.14600840411093216,2018-06-18 00:00:00+00:00,14.6,low,1.0
2018-08-03 00:00:00+00:00,0.0,-1.0884088704674721,180.0800018310547,0.176503815196609,0.0815577360165274,2018-06-18 00:00:00+00:00,8.2,low,1.0
2018-08-06 00:00:00+00:00,0.0,-1.6672210901163997,181.13999938964844,0.11846573689643224,0.0673037118451307,2018-06-18 00:00:00+00:00,6.7,low,1.0
2018-08-07 00:00:00+00:00,0.0,-2.024206750713109,181.8000030517578,0.11488922210158728,0.06634182705449922,2018-06-18 00:00:00+00:00,6.6,low,1.0
2018-08-08 00:00:00+00:00,0.0,-2.1426266694487106,182.02000427246094,0.11070803531901291,0.06520064619479858,2018-06-18 00:00:00+00:00,6.5,low,1.0
2018-08-09 00:00:00+00:00,0.0,-2.083452514223283,181.91000366210938,0.07956623693089292,0.05598924281612929,2018-06-18 00:00:00+00:00,5.6,low,1.0
2018-08-10 00:00:00+00:00,0.0,-1.3294976171455586,180.52000427246094,0.06741535030990799,0.05193322307780782,2018-06-18 00:00:00+00:00,5.2,low,1.0
2018-08-13 00:00:00+00:00,0.0,-1.2200599587796068,180.32000732421875,0.011480257514088538,0.023725235787384703,2018-06-18 00:00:00+00:00,2.4,low,1.0
2018-08-14 00:00:00+00:00,0.0,-1.8352173530234661,181.4499969482422,0.020814272512819046,0.03081319331555395,2018-06-18 00:00:00+00:00,3.1,low,1.0
2018-08-15 00:00:00+00:00,0.0,-0.53561986160926,179.22999572753906,0.0975405862040601,0.061474943232084196,2018-06-18 00:00:00+00:00,6.1,low,1.0
2018-08-16 00:00:00+00:00,0.0,-0.8619747462044858,179.82000732421875,0.022816560034981212,0.03208425511376509,2018-06-18 00:00:00+00:00,3.2,low,1.0
2018-08-17 00:00:00+00:00,0.0,-0.478150009692635,179.86000061035156,0.022755585455196237,0.03204647791157172,2018-06-18 00:00:00+00:00,3.2,low,1.0
2018-08-20 00:00:00+00:00,0.0,0.027825850087359605,179.6999969482422,0.02566738886694911,0.033792176840028526,2018-06-18 00:00:00+00:00,3.4,low,1.0
2018-08-21 00:00:00+00:00,0.0,-0.3382128012238139,180.36000061035156,0.017455339232214782,0.0285186710257756,2018-06-18 00:00:00+00:00,2.9,low,1.0
2018-08-22 00:00:00+00:00,0.0,-0.342425232269683,181.05999755859375,0.023439334098306824,0.032466956655701436,2018-06-18 00:00:00+00:00,3.2,low,1.0
2018-08-23 00:00:00+00:00,0.0,-0.19911537847070448,180.8000030517578,0.011020914605160468,0.023303749921443552,2018-06-18 00:00:00+00:00,2.3,low,1.0
2018-08-24 00:00:00+00:00,0.0,-1.1179270790748652,182.47999572753906,0.009508201164728723,0.021841398248082382,2018-06-18 00:00:00+00:00,2.2,low,1.0
2018-08-27 00:00:00+00:00,0.0,-2.1156525843343155,184.33999633789062,0.02553196890271659,0.03371347813055936,2018-06-18 00:00:00+00:00,3.4,low,1.0
2018-08-28 00:00:00+00:00,0.0,-2.258814882811655,184.61000061035156,0.01850733430936536,0.029261771062377234,2018-06-18 00:00:00+00:00,2.9,low,1.0
2018-08-29 00:00:00+00:00,0.0,-3.3736761628126,186.74000549316406,0.012362993920312182,0.024509473844897142,2018-06-18 00:00:00+00:00,2.5,low,1.0
2018-08-30 00:00:00+00:00,0.0,-3.202618477238206,186.41000366210938,0.01696963996677023,0.028167189530257042,2018-06-18 00:00:00+00:00,2.8,low,1.0
2018-08-31 00:00:00+00:00,0.0,-3.327078305998854,186.64999389648438,0.015566429063042987,0.02711910476181087,2018-06-18 00:00:00+00:00,2.7,low,1.0
2018-09-04 00:00:00+00:00,0.0,-2.9109515654769935,185.85000610351562,0.020486551647468806,0.03059881476633792,2018-06-18 00:00:00+00:00,3.1,low,1.0
2018-09-05 00:00:00+00:00,0.0,-1.640771085804471,183.4499969482422,0.06228806954245476,0.05011296353455099,2018-06-18 00:00:00+00:00,5.0,low,1.0
2018-09-06 00:00:00+00:00,0.0,-0.7535312334768451,181.80999755859375,0.25336592820395065,0.09822206637796198,2018-06-18 00:00:00+00:00,9.8,low,1.0
2018-09-07 00:00:00+00:00,0.0,-1.4797680556228432,181.11000061035156,0.2910817648783074,0.10598580449972425,2018-06-18 00:00:00+00:00,10.6,low,1.0
2018-09-10 00:00:00+00:00,0.0,-2.6359280831746768,181.72000122070312,0.08026090270625205,0.056211613920336995,2018-06-18 00:00:00+00:00,5.6,low,1.0
2018-09-11 00:00:00+00:00,0.0,-3.3802984963192895,183.1199951171875,0.08821455609222624,0.058694654675460915,2018-06-18 00:00:00+00:00,5.9,low,1.0
2018-09-12 00:00:00+00:00,0.0,-6.068573622486461,182.5800018310547,0.05905004638826915,0.04892407780912531,2018-06-18 00:00:00+00:00,4.9,low,1.0
2018-09-13 00:00:00+00:00,0.0,-9.060858034633556,184.52999877929688,0.027529923342147343,0.034852303322092486,2018-06-18 00:00:00+00:00,3.5,low,1.0
2018-09-14 00:00:00+00:00,0.0,-8.793960243221722,183.99000549316406,0.04305847357171753,0.04248480640138842,2018-06-18 00:00:00+00:00,4.2,low,1.0
2018-09-17 00:00:00+00:00,0.0,-7.461122230358075,181.33999633789062,0.06767359679693488,0.05202303076404698,2018-06-18 00:00:00+00:00,5.2,low,1.0
2018-09-18 00:00:00+00:00,0.0,-8.220301400313556,182.83999633789062,0.09751748034710803,0.0614682113830354,2018-06-18 00:00:00+00:00,6.1,low,1.0
2018-09-19 00:00:00+00:00,0.0,-8.149972434792474,182.6999969482422,0.10113949151515511,0.06251471227112994,2018-06-18 00:00:00+00:00,6.3,low,1.0
2018-09-20 00:00:00+00:00,0.0,-9.154397764379251,184.72000122070312,0.07309389456864764,0.053870064744531286,2018-06-18 00:00:00+00:00,5.4,low,1.0
2018-09-21 00:00:00+00:00,0.0,-8.654949961456426,183.7100067138672,0.07186722728874613,0.053458178954740275,2018-06-18 00:00:00+00:00,5.3,low,1.0
2018-09-24 00:00:00+00:00,0.0,-8.744359064889895,183.88999938964844,0.09775197534342815,0.06153649706031173,2018-06-18 00:00:00+00:00,6.2,low,1.0
2018-09-25 00:00:00+00:00,0.0,-8.868253440416108,184.13999938964844,0.06097798039728914,0.04963582644848731,2018-06-18 00:00:00+00:00,5.0,low,1.0
2018-09-26 00:00:00+00:00,1.0,-10.43577931321622,184.27000427246094,0.06093467111530917,0.04961996460633408,2018-06-18 00:00:00+00:00,5.0,low,1.0
2018-09-27 00:00:00+00:00,1.0,-11.18764910943868,185.8300018310547,0.04715392190584898,0.044238896289538816,2018-06-18 00:00:00+00:00,4.4,low,1.0
2018-09-28 00:00:00+00:00,1.0,-11.604498809249364,185.7899932861328,0.0461375402652994,0.043811325218618545,2018-06-18 00:00:00+00:00,4.4,low,1.0
2018-10-01 00:00:00+00:00,1.0,-14.00870284555068,186.1699981689453,0.02725828468763123,0.034700189482049816,2018-06-18 00:00:00+00:00,3.5,low,1.0
2018-10-02 00:00:00+00:00,1.0,-13.814268458739908,185.75,0.013887250888865372,0.025793099253643235,2018-06-18 00:00:00+00:00,2.6,low,1.0
2018-10-03 00:00:00+00:00,1.0,-13.90696479416964,185.9499969482422,0.011812444540461329,0.024024190476687978,2018-06-18 00:00:00+00:00,2.4,low,1.0
2018-10-04 00:00:00+00:00,1.0,-12.221739197366633,182.3800048828125,0.05300046165224885,0.046609736501086976,2018-06-18 00:00:00+00:00,4.7,low,1.0
2018-10-05 00:00:00+00:00,1.0,-11.13516416221495,180.14999389648438,0.06575207982761101,0.05135062556433194,2018-06-18 00:00:00+00:00,5.1,low,1.0
2018-10-08 00:00:00+00:00,1.0,-10.589224457252,179.0500030517578,0.08871253071819904,0.05884649347021476,2018-06-18 00:00:00+00:00,5.9,low,1.0
2018-10-09 00:00:00+00:00,1.0,-10.877920176904432,179.6300048828125,0.073299285842166,0.05393869576743143,2018-06-18 00:00:00+00:00,5.4,low,1.0
2018-10-10 00:00:00+00:00,0.0,-6.778081685925185,171.72999572753906,0.38274172059570255,0.12464109572221568,2018-06-18 00:00:00+00:00,12.5,low,1.0
2018-10-11 00:00:00+00:00,0.0,-5.607316876993829,169.60000610351562,0.33761363558674656,0.11544162233347512,2018-06-18 00:00:00+00:00,11.5,low,1.0
2018-10-12 00:00:00+00:00,0.0,-8.163154192542944,174.32000732421875,0.24885323343999893,0.09728132878726353,2018-06-18 00:00:00+00:00,9.7,low,1.0
2018-10-15 00:00:00+00:00,0.0,-7.037924570849341,172.2100067138672,0.21341359855259964,0.08975890985399114,2018-06-18 00:00:00+00:00,9.0,low,1.0
2018-10-16 00:00:00+00:00,0.0,-9.66595461280888,177.22000122070312,0.26169393415065617,0.0934764242371381,2018-09-17 00:00:00+00:00,9.3,low,1.0
2018-10-17 00:00:00+00:00,0.0,-9.701617462685942,177.2899932861328,0.25659564391776757,0.09254241578653637,2018-09-17 00:00:00+00:00,9.3,low,1.0
2018-10-18 00:00:00+00:00,0.0,-7.558607744254298,173.17999267578125,0.16601658479003029,0.07498973717589363,2018-09-17 00:00:00+00:00,7.5,low,1.0
2018-10-19 00:00:00+00:00,0.0,-7.473128895667436,173.02000427246094,0.16138250551623237,0.07401657140127997,2018-09-17 00:00:00+00:00,7.4,low,1.0
2018-10-22 00:00:00+00:00,0.0,-7.946643110346729,173.91000366210938,0.14714285842121616,0.07095569499639251,2018-09-17 00:00:00+00:00,7.1,low,1.0
2018-10-23 00:00:00+00:00,0.0,-9.314941416096955,173.27000427246094,0.2292610294712727,0.08746415823994863,2018-09-17 00:00:00+00:00,8.7,low,1.0
2018-10-24 00:00:00+00:00,0.0,-4.9655205255358155,165.33999633789062,0.6239085139467957,0.16404491679069594,2018-09-17 00:00:00+00:00,16.4,low,1.0
2018-10-25 00:00:00+00:00,0.0,-8.143337352153157,171.05999755859375,0.579648668260666,0.15374826440039635,2018-09-17 00:00:00+00:00,15.4,low,1.0
2018-10-26 00:00:00+00:00,0.0,-5.71822787104831,166.66000366210938,0.7894568784468451,0.21611802813436284,2018-09-17 00:00:00+00:00,21.6,low,1.0
2018-10-29 00:00:00+00:00,0.0,-3.737052627820059,163.22999572753906,0.743079313004162,0.19834390225679058,2018-09-17 00:00:00+00:00,19.8,low,1.0
2018-10-30 00:00:00+00:00,0.0,-5.297729859653533,165.9199981689453,0.7425955527973721,0.19817607512564225,2018-09-17 00:00:00+00:00,19.8,low,1.0
2018-10-31 00:00:00+00:00,0.0,-7.472619181542384,169.82000732421875,0.690818952861805,0.18178790481236398,2018-09-17 00:00:00+00:00,18.2,low,1.0
2018-11-01 00:00:00+00:00,0.0,-8.677201492285825,172.05999755859375,0.6326871318374921,0.16620552081897447,2018-09-17 00:00:00+00:00,16.6,low,1.0
2018-11-02 00:00:00+00:00,0.0,-7.232258617819321,169.3800048828125,0.7169851735170303,0.1897074519224231,2018-09-17 00:00:00+00:00,19.0,low,1.0
2018-11-05 00:00:00+00:00,0.0,-7.0016580024696236,168.9600067138672,0.7175709430406573,0.18989264859789728,2018-09-17 00:00:00+00:00,19.0,low,1.0
2018-11-06 00:00:00+00:00,0.0,-7.700892967180961,170.24000549316406,0.7065513472968361,0.18646908735951673,2018-09-17 00:00:00+00:00,18.6,low,1.0
2018-11-07 00:00:00+00:00,1.0,-10.50802867970978,175.5800018310547,0.3451646030623768,0.10847044731813389,2018-09-17 00:00:00+00:00,10.8,low,1.0
2018-11-08 00:00:00+00:00,0.0,-9.933509781114314,174.4600067138672,0.33789554317072656,0.10717402779977171,2018-09-17 00:00:00+00:00,10.7,low,1.0
2018-11-09 00:00:00+00:00,0.0,-8.389691599348259,171.52000427246094,0.25888125376250365,0.09296157748386252,2018-09-17 00:00:00+00:00,9.3,low,1.0
2018-11-12 00:00:00+00:00,0.0,-5.531171073747021,166.3300018310547,0.7347131422611112,0.19548462338566688,2018-09-17 00:00:00+00:00,19.5,low,1.0
2018-11-13 00:00:00+00:00,0.0,-5.610618291224623,166.47000122070312,0.775209908014092,0.2102654787719159,2018-09-17 00:00:00+00:00,21.0,low,1.0
2018-11-14 00:00:00+00:00,0.0,-4.884983180694635,165.1999969482422,0.6229960218158397,0.16382280064165214,2018-09-17 00:00:00+00:00,16.4,low,1.0
2018-11-15 00:00:00+00:00,0.0,-7.091438175168974,168.08999633789062,0.6953895980386734,0.18312427517358795,2018-09-17 00:00:00+00:00,18.3,low,1.0
2018-11-16 00:00:00+00:00,0.0,-6.764180197644587,167.5,0.6481811921031113,0.17013007086068097,2018-09-17 00:00:00+00:00,17.0,low,1.0
2018-11-19 00:00:00+00:00,0.0,-5.380724023243522,162.05999755859375,0.8083066024900737,0.2245247052953897,2018-09-17 00:00:00+00:00,22.5,low,1.0
2018-11-20 00:00:00+00:00,0.0,-5.510180994390601,159.16000366210938,0.8160600794027789,0.2282364895200898,2018-09-17 00:00:00+00:00,22.8,low,1.0
2018-11-21 00:00:00+00:00,0.0,-8.511563454566351,160.3699951171875,0.1869687679306402,0.07927115864712736,2018-09-17 00:00:00+00:00,7.9,low,1.0
2018-11-23 00:00:00+00:00,0.0,-9.89259426909388,159.2100067138672,0.09836524580047565,0.05934577756682224,2018-09-17 00:00:00+00:00,5.9,low,1.0
2018-11-26 00:00:00+00:00,1.0,-11.92829071679401,162.88999938964844,0.1031682626784051,0.060591772177068744,2018-09-17 00:00:00+00:00,6.1,low,1.0
2018-11-27 00:00:00+00:00,1.0,-12.22466680683143,163.44000244140625,0.08347374474547385,0.055280592490528926,2018-09-17 00:00:00+00:00,5.5,low,1.0
2018-11-28 00:00:00+00:00,1.0,-14.961464547102942,168.6999969482422,0.1557078876118743,0.07281012266359128,2018-09-17 00:00:00+00:00,7.3,low,1.0
2018-11-29 00:00:00+00:00,1.0,-14.683311376042452,168.14999389648438,0.26735752595348494,0.09451003782550488,2018-09-17 00:00:00+00:00,9.5,low,1.0
2018-11-30 00:00:00+00:00,1.0,-15.297862165841792,169.3699951171875,0.3273681396378541,0.10529658823847053,2018-09-17 00:00:00+00:00,10.5,low,1.0
2018-12-03 00:00:00+00:00,1.0,-16.752738821119763,172.3300018310547,0.35144963120238926,0.10959191148085375,2018-09-17 00:00:00+00:00,11.0,low,1.0
2018-12-04 00:00:00+00:00,1.0,-13.432292024419223,165.72000122070312,0.6442664369137714,0.16912446240391366,2018-09-17 00:00:00+00:00,16.9,low,1.0
2018-12-06 00:00:00+00:00,1.0,-14.039183151458822,166.88999938964844,0.6937480674061072,0.1826421678050968,2018-09-17 00:00:00+00:00,18.3,low,1.0
2018-12-07 00:00:00+00:00,1.0,-11.104224579716726,161.3800048828125,0.848165928203864,0.24559769827985461,2018-09-17 00:00:00+00:00,24.6,low,1.0
2018-12-10 00:00:00+00:00,1.0,-12.02551035112337,163.07000732421875,0.8834886602263291,0.26996190205676607,2018-09-17 00:00:00+00:00,27.0,low,1.0
2018-12-11 00:00:00+00:00,1.0,-12.315869336418483,163.61000061035156,0.728408721816309,0.1933880840888281,2018-09-17 00:00:00+00:00,19.3,low,1.0
2018-12-12 00:00:00+00:00,1.0,-13.080882119778114,165.0500030517578,0.524423991457449,0.14200835562281391,2018-09-17 00:00:00+00:00,14.2,low,1.0
2018-12-13 00:00:00+00:00,1.0,-13.107206898635992,165.10000610351562,0.5816582268031868,0.1541964967482079,2018-09-17 00:00:00+00:00,15.4,low,1.0
2018-12-14 00:00:00+00:00,1.0,-10.938660862239036,161.0800018310547,0.7067869015747312,0.18654097055627103,2018-09-17 00:00:00+00:00,18.7,low,1.0
2018-12-17 00:00:00+00:00,0.0,-8.873776670170152,157.42999267578125,0.7811198528186656,0.2126456511096571,2018-09-17 00:00:00+00:00,21.3,low,1.0
2018-12-18 00:00:00+00:00,0.0,-9.443246829938856,158.4199981689453,0.7180471215367789,0.1900434708395932,2018-09-17 00:00:00+00:00,19.0,low,1.0
2018-12-19 00:00:00+00:00,0.0,-7.1636524641665815,154.52999877929688,0.6171224732215914,0.16240381925856417,2018-09-17 00:00:00+00:00,16.2,low,1.0
2018-12-20 00:00:00+00:00,0.0,-5.7981397081522275,152.2899932861328,0.7014307344042229,0.18491988799799308,2018-09-17 00:00:00+00:00,18.5,low,1.0
2018-12-21 00:00:00+00:00,0.0,-2.78511920198099,147.57000732421875,0.81404929215374,0.22725831420417653,2018-09-17 00:00:00+00:00,22.7,low,1.0
2018-12-24 00:00:00+00:00,0.0,0.41114727379136795,143.5,0.8118465309037548,0.22619942841027463,2018-09-17 00:00:00+00:00,22.6,low,1.0
2018-12-26 00:00:00+00:00,0.0,-3.528797485172319,152.4600067138672,0.7832662806115341,0.2135264566783144,2018-09-17 00:00:00+00:00,21.4,low,1.0
2018-12-27 00:00:00+00:00,0.0,-2.3260356011818195,153.0500030517578,0.6895033443509915,0.1814066793261437,2018-09-17 00:00:00+00:00,18.1,low,1.0
2018-12-28 00:00:00+00:00,0.0,-2.2749530625407854,152.97000122070312,0.7205606203966948,0.19084369170050192,2018-09-17 00:00:00+00:00,19.1,low,1.0
2018-12-31 00:00:00+00:00,0.0,-3.092175018494825,154.25999450683594,0.6830680283084969,0.1795633546768477,2018-09-17 00:00:00+00:00,18.0,low,1.0
2019-01-02 00:00:00+00:00,0.0,-3.480113132567819,154.8800048828125,0.6151856277056583,0.16193989780695886,2018-09-17 00:00:00+00:00,16.2,low,1.0
2019-01-03 00:00:00+00:00,0.0,1.281536560594554,149.82000732421875,0.7611606093842651,0.2048541075511052,2018-09-17 00:00:00+00:00,20.5,low,1.0
2019-01-04 00:00:00+00:00,0.0,-0.07680670835885639,156.22999572753906,0.6282576124417125,0.1651098830770337,2018-09-17 00:00:00+00:00,16.5,low,1.0
2019-01-07 00:00:00+00:00,0.0,-0.5629700868271303,158.08999633789062,0.5881990225867754,0.15566713720089623,2018-09-17 00:00:00+00:00,15.6,low,1.0
2019-01-08 00:00:00+00:00,0.0,-0.5830039554047706,159.52000427246094,0.5321461164314377,0.1435898467334048,2018-09-17 00:00:00+00:00,14.4,low,1.0
2019-01-09 00:00:00+00:00,0.0,-1.3866502205986952,160.82000732421875,0.5845930527893201,0.15485412580091765,2018-09-17 00:00:00+00:00,15.5,low,1.0
2019-01-10 00:00:00+00:00,0.0,-1.6679082724246341,161.27999877929688,0.5756728221008892,0.15286630156852335,2018-09-17 00:00:00+00:00,15.3,low,1.0
2019-01-11 00:00:00+00:00,0.0,-1.30686792682162,160.69000244140625,0.42931902945778366,0.12366797275575489,2018-09-17 00:00:00+00:00,12.4,low,1.0
2019-01-14 00:00:00+00:00,0.0,0.4018329707291324,159.27000427246094,0.3387757027262111,0.10733098345888266,2018-09-17 00:00:00+00:00,10.7,low,1.0
2019-01-15 00:00:00+00:00,0.0,-1.2686275998577634,162.3800048828125,0.25585888149095376,0.09240714347969889,2018-09-17 00:00:00+00:00,9.2,low,1.0
2019-01-16 00:00:00+00:00,0.0,-1.2503841718383035,162.35000610351562,0.1831258229606406,0.07849913152573662,2018-09-17 00:00:00+00:00,7.8,low,1.0
2019-01-17 00:00:00+00:00,0.0,-2.0228548920256273,163.6300048828125,0.27688053544196833,0.17705032480745816,2018-12-17 00:00:00+00:00,17.7,low,1.0
2019-01-18 00:00:00+00:00,0.0,-2.9833541154500764,165.25,0.2857546484038886,0.17816632074830943,2018-12-17 00:00:00+00:00,17.8,low,1.0
2019-01-22 00:00:00+00:00,0.0,-1.0003674773153448,161.94000244140625,0.258709463484352,0.17471159427305477,2018-12-17 00:00:00+00:00,17.5,low,1.0
2019-01-23 00:00:00+00:00,0.0,-0.7153798624629282,162.14999389648438,0.2427782730897379,0.17259302142662147,2018-12-17 00:00:00+00:00,17.3,low,1.0
2019-01-24 00:00:00+00:00,0.0,-1.3541614561298099,163.1999969482422,0.3465553035403196,0.18546420785476733,2018-12-17 00:00:00+00:00,18.5,low,1.0
2019-01-25 00:00:00+00:00,0.0,-2.5189152631321265,165.14999389648438,0.22921827449010485,0.17073122484144507,2018-12-17 00:00:00+00:00,17.1,low,1.0
2019-01-28 00:00:00+00:00,0.0,-1.2997333757921337,163.11000061035156,0.325679109571202,0.18301616722337488,2018-12-17 00:00:00+00:00,18.3,low,1.0
2019-01-29 00:00:00+00:00,0.0,0.8169784029166349,161.57000732421875,0.2804218755058601,0.17749759417039393,2018-12-17 00:00:00+00:00,17.7,low,1.0
2019-01-30 00:00:00+00:00,0.0,0.47682796948684825,165.67999267578125,0.3216154964980228,0.18253351685010147,2018-12-17 00:00:00+00:00,18.3,low,1.0
2019-01-31 00:00:00+00:00,0.0,-0.9455258701620117,168.16000366210938,0.4068517725839166,0.19232326285757287,2018-12-17 00:00:00+00:00,19.2,low,1.0
2019-02-01 00:00:00+00:00,0.0,-0.5255238220729486,167.4499969482422,0.24534516604180392,0.17293913199767133,2018-12-17 00:00:00+00:00,17.3,low,1.0
2019-02-04 00:00:00+00:00,0.0,-1.7459986293821617,169.52999877929688,0.3451480952744103,0.18530070762615403,2018-12-17 00:00:00+00:00,18.5,low,1.0
2019-02-05 00:00:00+00:00,0.0,-2.60772466053365,171.02999877929688,0.36783110304796035,0.1879136795239808,2018-12-17 00:00:00+00:00,18.8,low,1.0
2019-02-06 00:00:00+00:00,0.0,-2.316441971189953,170.52000427246094,0.38192130570835475,0.1895161241950547,2018-12-17 00:00:00+00:00,19.0,low,1.0
2019-02-07 00:00:00+00:00,0.0,-0.9867374698200537,168.22999572753906,0.3311846619235956,0.18366671204068277,2018-12-17 00:00:00+00:00,18.4,low,1.0
2019-02-08 00:00:00+00:00,0.0,-0.34409221609834617,168.55999755859375,0.30577681989834976,0.18063020320038572,2018-12-17 00:00:00+00:00,18.1,low,1.0
2019-02-11 00:00:00+00:00,0.0,0.5522612638228397,168.39999389648438,0.4163486033226711,0.19338576510109245,2018-12-17 00:00:00+00:00,19.3,low,1.0
2019-02-12 00:00:00+00:00,0.0,-0.9070179982993753,170.88999938964844,0.5926214660953996,0.21347190644949762,2018-12-17 00:00:00+00:00,21.3,low,1.0
2019-02-13 00:00:00+00:00,0.0,-0.9765500395233051,171.00999450683594,0.18170955231524605,0.16365327446670894,2018-12-17 00:00:00+00:00,16.4,low,1.0
2019-02-14 00:00:00+00:00,0.0,-1.0980054137420314,171.22000122070312,0.20999954609314703,0.16798397715646096,2018-12-17 00:00:00+00:00,16.8,low,1.0
2019-02-15 00:00:00+00:00,0.0,-1.5121589313700556,171.94000244140625,0.2460430732441532,0.17303290607446353,2018-12-17 00:00:00+00:00,17.3,low,1.0
2019-02-19 00:00:00+00:00,0.0,-1.706525692034977,172.27999877929688,0.13190135307348133,0.154813020884263,2018-12-17 00:00:00+00:00,15.5,low,1.0
2019-02-20 00:00:00+00:00,0.0,-1.6894070607311296,172.25,0.026072360322884878,0.11925043327750802,2018-12-17 00:00:00+00:00,11.9,low,1.0
2019-02-21 00:00:00+00:00,0.0,-1.3285158164350386,171.6199951171875,0.022245768325629415,0.1163089104060159,2018-12-17 00:00:00+00:00,11.6,low,1.0
2019-02-22 00:00:00+00:00,0.0,-2.053330478506765,172.88999938964844,0.013604886153174591,0.10764939428516179,2018-12-17 00:00:00+00:00,10.8,low,1.0
2019-02-25 00:00:00+00:00,0.0,-2.40894872732188,173.52000427246094,0.004238709496333443,0.08951183176438984,2018-12-17 00:00:00+00:00,9.0,low,1.0
2019-02-26 00:00:00+00:00,0.0,-2.5100752371634893,173.6999969482422,0.005637196582017977,0.09366065592238322,2018-12-17 00:00:00+00:00,9.4,low,1.0
2019-02-27 00:00:00+00:00,0.0,-2.4482977646519632,173.58999633789062,0.009078126530492614,0.10099704104482274,2018-12-17 00:00:00+00:00,10.1,low,1.0
2019-02-28 00:00:00+00:00,0.0,-2.2229955824489167,173.19000244140625,0.008099316415521461,0.09919284273485296,2018-12-17 00:00:00+00:00,9.9,low,1.0
2019-03-01 00:00:00+00:00,0.0,-2.8958100059822467,174.38999938964844,0.049776438374499195,0.13207917651873927,2018-12-17 00:00:00+00:00,13.2,low,1.0
2019-03-04 00:00:00+00:00,0.0,-2.912511113624794,174.4199981689453,0.062041576776678764,0.13680332906209836,2018-12-17 00:00:00+00:00,13.7,low,1.0
2019-03-05 00:00:00+00:00,0.0,-2.984821897896106,174.5500030517578,0.04137233358875798,0.12826123141957527,2018-12-17 00:00:00+00:00,12.8,low,1.0
2019-03-06 00:00:00+00:00,0.0,-2.431436552238053,173.55999755859375,0.006084955522981479,0.094802857621113,2018-12-17 00:00:00+00:00,9.5,low,1.0
2019-03-07 00:00:00+00:00,0.0,-1.2191544229039009,171.42999267578125,0.017973205059481898,0.1124716833906372,2018-12-17 00:00:00+00:00,11.2,low,1.0
2019-03-08 00:00:00+00:00,0.0,0.3972705157706091,171.1699981689453,0.008444836076044593,0.0998499254031993,2018-12-17 00:00:00+00:00,10.0,low,1.0
2019-03-11 00:00:00+00:00,0.0,0.022897353574169443,174.72999572753906,0.02327060352352519,0.11713597482840109,2018-12-17 00:00:00+00:00,11.7,low,1.0
2019-03-12 00:00:00+00:00,0.0,0.37566375601223445,175.69000244140625,0.023738834381650586,0.11750370278806109,2018-12-17 00:00:00+00:00,11.8,low,1.0
2019-03-13 00:00:00+00:00,0.0,-0.23161878766370103,177.00999450683594,0.0593018225371483,0.13581803358092548,2018-12-17 00:00:00+00:00,13.6,low,1.0
2019-03-14 00:00:00+00:00,0.0,-0.06224922538182742,176.7100067138672,0.02887790113460673,0.12118499342077418,2018-12-17 00:00:00+00:00,12.1,low,1.0
2019-03-15 00:00:00+00:00,0.0,-0.9812166751394957,178.35000610351562,0.08238584522791795,0.14320569760940688,2018-12-17 00:00:00+00:00,14.3,low,1.0
2019-03-18 00:00:00+00:00,0.0,-1.0366998466596389,178.4499969482422,0.06916981301142695,0.13921330287586897,2018-12-17 00:00:00+00:00,13.9,low,1.0
2019-03-19 00:00:00+00:00,0.0,-1.368331140175394,179.0500030517578,0.08918793852003021,0.14506890467240144,2018-12-17 00:00:00+00:00,14.5,low,1.0
2019-03-20 00:00:00+00:00,0.0,-1.7578930239676605,179.75999450683594,0.15725586115674087,0.15955044782888747,2018-12-17 00:00:00+00:00,16.0,low,1.0
2019-03-21 00:00:00+00:00,0.0,-3.2699791757696772,182.57000732421875,0.1553311194349336,0.15921005368187413,2018-12-17 00:00:00+00:00,15.9,low,1.0
2019-03-22 00:00:00+00:00,0.0,-1.0976654804416452,178.55999755859375,0.5943580467250056,0.21368234480213383,2018-12-17 00:00:00+00:00,21.4,low,1.0
2019-03-25 00:00:00+00:00,0.0,-0.9089861441428981,178.22000122070312,0.5285250014563925,0.20595510774404097,2018-12-17 00:00:00+00:00,20.6,low,1.0
2019-03-26 00:00:00+00:00,0.0,-1.368331140175394,179.0500030517578,0.47854480724139753,0.20031751035303816,2018-12-17 00:00:00+00:00,20.0,low,1.0
2019-03-27 00:00:00+00:00,0.0,-0.37098843505545265,177.89999389648438,0.44591323949740747,0.19668088827083743,2018-12-17 00:00:00+00:00,19.7,low,1.0
2019-03-28 00:00:00+00:00,0.0,0.1570292093155734,178.30999755859375,0.4489001863107351,0.19701335734787698,2018-12-17 00:00:00+00:00,19.7,low,1.0
2019-03-29 00:00:00+00:00,0.0,0.6178340129832982,179.66000366210938,0.15679398135022185,0.15946902070589855,2018-12-17 00:00:00+00:00,15.9,low,1.0
2019-04-01 00:00:00+00:00,0.0,-0.14282274029052688,182.0399932861328,0.19081361016992168,0.16508955301382053,2018-12-17 00:00:00+00:00,16.5,low,1.0
2019-04-02 00:00:00+00:00,0.0,-0.043781444166379746,182.72999572753906,0.11978556713730472,0.15231951654874912,2018-12-17 00:00:00+00:00,15.2,low,1.0
2019-04-03 00:00:00+00:00,0.0,-0.6148682611373468,183.77999877929688,0.11005028395988262,0.15017968697722986,2018-12-17 00:00:00+00:00,15.0,low,1.0
2019-04-04 00:00:00+00:00,0.0,-0.04354788967989576,183.7100067138672,0.1090956052701166,0.1499624464663892,2018-12-17 00:00:00+00:00,15.0,low,1.0
2019-04-05 00:00:00+00:00,0.0,-0.5577811972654168,184.66000366210938,0.025205947258764825,0.11861778989642441,2018-12-17 00:00:00+00:00,11.9,low,1.0
2019-04-08 00:00:00+00:00,0.0,-0.5617720075037025,185.1300048828125,0.030359386490744465,0.12214395939395276,2018-12-17 00:00:00+00:00,12.2,low,1.0
2019-04-09 00:00:00+00:00,0.0,0.01626126408913464,184.47999572753906,0.030599596245943085,0.12229575488691735,2018-12-17 00:00:00+00:00,12.2,low,1.0
2019-04-10 00:00:00+00:00,0.0,-1.822399773853678,185.47000122070312,0.028338190978480282,0.12082542314164607,2018-12-17 00:00:00+00:00,12.1,low,1.0
2019-04-11 00:00:00+00:00,0.0,-2.1618116123814035,185.02999877929688,0.027233167280757812,0.12007101205983033,2018-12-17 00:00:00+00:00,12.0,low,1.0
2019-04-12 00:00:00+00:00,0.0,-4.181243177043581,185.8300018310547,0.024452083178620607,0.11805232598696687,2018-12-17 00:00:00+00:00,11.8,low,1.0
2019-04-15 00:00:00+00:00,0.0,-4.196708827151152,185.86000061035156,0.029416834515210363,0.12153849339452988,2018-12-17 00:00:00+00:00,12.2,low,1.0
2019-04-16 00:00:00+00:00,0.0,-4.52547047796582,186.5,0.021184227574289824,0.1154177355934702,2018-12-17 00:00:00+00:00,11.5,low,1.0
2019-04-17 00:00:00+00:00,0.0,-4.857064725804072,187.14999389648438,0.03072639690496421,0.12237548408708888,2018-12-17 00:00:00+00:00,12.2,low,1.0
2019-04-18 00:00:00+00:00,0.0,-4.9789219603199815,187.38999938964844,0.018621175080455195,0.08337718198260578,2019-03-20 00:00:00+00:00,8.3,low,1.0
2019-04-22 00:00:00+00:00,0.0,-5.2469139561650895,187.9199981689453,0.017840922024184674,0.08311383869025953,2019-03-20 00:00:00+00:00,8.3,low,1.0
2019-04-23 00:00:00+00:00,0.0,-6.436866248305428,190.30999755859375,0.03354434131679913,0.0871034760024393,2019-03-20 00:00:00+00:00,8.7,low,1.0
2019-04-24 00:00:00+00:00,0.0,-6.140956587938307,189.7100067138672,0.008837410141943346,0.07892128833802897,2019-03-20 00:00:00+00:00,7.9,low,1.0
2019-04-25 00:00:00+00:00,0.0,-7.003358167317497,190.47999572753906,0.0250624550172852,0.0852324176776834,2019-03-20 00:00:00+00:00,8.5,low,1.0
2019-04-26 00:00:00+00:00,0.0,-7.086281111643434,190.64999389648438,0.031138145927799996,0.08662059469337097,2019-03-20 00:00:00+00:00,8.7,low,1.0
2019-04-29 00:00:00+00:00,0.0,-7.266257236082351,191.02000427246094,0.007306935135256911,0.0778253223835659,2019-03-20 00:00:00+00:00,7.8,low,1.0
2019-04-30 00:00:00+00:00,0.0,-7.623719246643756,189.5399932861328,0.017370514596742822,0.08294993524345398,2019-03-20 00:00:00+00:00,8.3,low,1.0
2019-05-01 00:00:00+00:00,0.0,-7.325462803378791,188.92999267578125,0.015375843174906902,0.08220640622938936,2019-03-20 00:00:00+00:00,8.2,low,1.0
2019-05-02 00:00:00+00:00,0.0,-7.570041702705965,188.11000061035156,0.019429075018757857,0.08363943663114934,2019-03-20 00:00:00+00:00,8.4,low,1.0
2019-05-03 00:00:00+00:00,1.0,-11.427971465721221,191.11000061035156,0.0279334071064658,0.08592237813256023,2019-03-20 00:00:00+00:00,8.6,low,1.0
2019-05-06 00:00:00+00:00,1.0,-10.882382806813807,189.94000244140625,0.02674998418583572,0.0856461262708637,2019-03-20 00:00:00+00:00,8.6,low,1.0
2019-05-07 00:00:00+00:00,0.0,-9.111899012119606,186.24000549316406,0.10569954802654577,0.09513007289694757,2019-03-20 00:00:00+00:00,9.5,low,1.0
2019-05-08 00:00:00+00:00,0.0,-8.881950595102616,185.77000427246094,0.08106636690203876,0.09315585613036881,2019-03-20 00:00:00+00:00,9.3,low,1.0
2019-05-09 00:00:00+00:00,0.0,-8.388807512903329,184.77000427246094,0.10380556892567654,0.09499256422850831,2019-03-20 00:00:00+00:00,9.5,low,1.0
2019-05-10 00:00:00+00:00,0.0,-8.502700393264362,185.0,0.12688747435223965,0.09654750448068168,2019-03-20 00:00:00+00:00,9.7,low,1.0
2019-05-13 00:00:00+00:00,0.0,-5.213348338635059,178.5800018310547,0.07009614453912212,0.09210966257128392,2019-03-20 00:00:00+00:00,9.2,low,1.0
2019-05-14 00:00:00+00:00,0.0,-6.242378106113245,180.5399932861328,0.09099180246138376,0.09400416140725545,2019-03-20 00:00:00+00:00,9.4,low,1.0
2019-05-15 00:00:00+00:00,0.0,-7.548196155908505,183.08999633789062,0.18747424209321345,0.09978618894934435,2019-03-20 00:00:00+00:00,10.0,low,1.0
2019-05-16 00:00:00+00:00,0.0,-8.46806306361314,184.92999267578125,0.16493006647433414,0.09868616462072884,2019-03-20 00:00:00+00:00,9.9,low,1.0
2019-05-17 00:00:00+00:00,0.0,-7.52294007798956,183.0399932861328,0.17405111685275085,0.09914335585168103,2019-03-20 00:00:00+00:00,9.9,low,1.0
2019-05-20 00:00:00+00:00,0.0,-5.934977969937427,179.9499969482422,0.173555254221462,0.09911894846993152,2019-03-20 00:00:00+00:00,9.9,low,1.0
2019-05-21 00:00:00+00:00,0.0,-6.907549596938201,181.8300018310547,0.14155863625540013,0.09742336577005657,2019-03-20 00:00:00+00:00,9.7,low,1.0
2019-05-22 00:00:00+00:00,0.0,-6.490995316912363,181.02000427246094,0.15407644501836681,0.09811750134841211,2019-03-20 00:00:00+00:00,9.8,low,1.0
2019-05-23 00:00:00+00:00,0.0,-5.03786576580032,178.25,0.23834440814678035,0.10197369475833505,2019-03-20 00:00:00+00:00,10.2,low,1.0
2019-05-24 00:00:00+00:00,0.0,-4.989896276893225,178.16000366210938,0.1816160823741516,0.09950975055409644,2019-03-20 00:00:00+00:00,10.0,low,1.0
2019-05-28 00:00:00+00:00,0.0,-4.631247375233027,177.49000549316406,0.12940217314496086,0.09670300804872586,2019-03-20 00:00:00+00:00,9.7,low,1.0
2019-05-29 00:00:00+00:00,0.0,-3.84025140812021,176.02999877929688,0.06345146688944259,0.09140580085946168,2019-03-20 00:00:00+00:00,9.1,low,1.0
2019-05-30 00:00:00+00:00,0.0,-4.242801277777886,176.77000427246094,0.03894586553449684,0.08808333085385876,2019-03-20 00:00:00+00:00,8.8,low,1.0
2019-05-31 00:00:00+00:00,0.0,-2.690424120659085,173.9499969482422,0.07710254587182709,0.09279252922678571,2019-03-20 00:00:00+00:00,9.3,low,1.0
2019-06-03 00:00:00+00:00,0.0,0.7347754737113243,170.1199951171875,0.18767084240286033,0.0997953615676692,2019-03-20 00:00:00+00:00,10.0,low,1.0
2019-06-04 00:00:00+00:00,0.0,-0.3030122738552632,174.91000366210938,0.04741016727970915,0.08939862144298551,2019-03-20 00:00:00+00:00,8.9,low,1.0
2019-06-05 00:00:00+00:00,0.0,-0.27240847173201077,176.2100067138672,0.04392946404088169,0.08888516874508395,2019-03-20 00:00:00+00:00,8.9,low,1.0
2019-06-06 00:00:00+00:00,0.0,0.405383265710757,177.61000061035156,0.04901906583052378,0.08962479007059986,2019-03-20 00:00:00+00:00,9.0,low,1.0
2019-06-07 00:00:00+00:00,0.0,0.49713278206489075,181.0399932861328,0.08959379115278505,0.09388949698076271,2019-03-20 00:00:00+00:00,9.4,low,1.0
2019-06-10 00:00:00+00:00,0.0,-0.660656017145167,183.14999389648438,0.10808884407796869,0.09530072454475369,2019-03-20 00:00:00+00:00,9.5,low,1.0
2019-06-11 00:00:00+00:00,0.0,-0.7960695221735814,183.39999389648438,0.07109618997383105,0.09221059303732028,2019-03-20 00:00:00+00:00,9.2,low,1.0
2019-06-12 00:00:00+00:00,0.0,-0.21936706401110007,182.33999633789062,0.0276110274152057,0.08584818864715058,2019-03-20 00:00:00+00:00,8.6,low,1.0
2019-06-13 00:00:00+00:00,0.0,-0.8068889664778367,183.4199981689453,0.04662762045368935,0.08928615967074384,2019-03-20 00:00:00+00:00,8.9,low,1.0
2019-06-14 00:00:00+00:00,0.0,0.10950336668338334,182.63999938964844,0.08615068580394311,0.0936006144853786,2019-03-20 00:00:00+00:00,9.4,low,1.0
2019-06-17 00:00:00+00:00,0.0,0.495258722169889,183.74000549316406,0.06856975566954399,0.09195320970771934,2019-03-20 00:00:00+00:00,9.2,low,1.0
2019-06-18 00:00:00+00:00,0.0,-0.9441605767119832,186.41000366210938,0.17682220224611084,0.09927885151444509,2019-03-20 00:00:00+00:00,9.9,low,1.0
2019-06-19 00:00:00+00:00,0.0,-1.3147382319719236,187.11000061035156,0.1379738045640679,0.09721604905004753,2019-03-20 00:00:00+00:00,9.7,low,1.0
2019-06-20 00:00:00+00:00,0.0,-2.2239936834998364,188.85000610351562,0.19185209256713312,0.09998889430811872,2019-03-20 00:00:00+00:00,10.0,low,1.0
2019-06-21 00:00:00+00:00,0.0,-2.078810667379616,188.57000732421875,0.1607277001171451,0.09846934195184535,2019-03-20 00:00:00+00:00,9.8,low,1.0
2019-06-24 00:00:00+00:00,0.0,-1.8654388272271394,188.16000366210938,0.18778335648608133,0.09980060805718771,2019-03-20 00:00:00+00:00,10.0,low,1.0
2019-06-25 00:00:00+00:00,0.0,0.30282422514591456,184.92999267578125,0.3810838278752286,0.10698485215515763,2019-03-20 00:00:00+00:00,10.7,low,1.0
2019-06-26 00:00:00+00:00,0.0,0.10765499448790461,185.7899932861328,0.4623656371944775,0.1095377565146459,2019-03-20 00:00:00+00:00,11.0,low,1.0
2019-06-27 00:00:00+00:00,0.0,-0.23055907548592547,186.5,0.32015225266895886,0.10497428291257034,2019-03-20 00:00:00+00:00,10.5,low,1.0
2019-06-28 00:00:00+00:00,0.0,0.8782260583731549,186.74000549316406,0.1997873263082732,0.10034841179246462,2019-03-20 00:00:00+00:00,10.0,low,1.0
2019-07-01 00:00:00+00:00,0.0,-0.32230826802096546,189.25999450683594,0.04866185749971105,0.0895751469014632,2019-03-20 00:00:00+00:00,9.0,low,1.0
2019-07-02 00:00:00+00:00,0.0,-0.7157521444497661,190.00999450683594,0.03384726823656881,0.08716204518629976,2019-03-20 00:00:00+00:00,8.7,low,1.0
2019-07-03 00:00:00+00:00,0.0,-1.4573801239768591,191.44000244140625,0.030413894290712944,0.08646866986040602,2019-03-20 00:00:00+00:00,8.6,low,1.0
2019-07-05 00:00:00+00:00,0.0,-2.5333662709125515,191.0500030517578,0.04494050648691337,0.08903791480737251,2019-03-20 00:00:00+00:00,8.9,low,1.0
2019-07-08 00:00:00+00:00,0.0,-5.540039741539237,189.7100067138672,0.037933392688635756,0.08790933379498814,2019-03-20 00:00:00+00:00,8.8,low,1.0
2019-07-09 00:00:00+00:00,0.0,-6.010703080745127,190.66000366210938,0.04839913878430502,0.08953843026724129,2019-03-20 00:00:00+00:00,9.0,low,1.0
2019-07-10 00:00:00+00:00,0.0,-6.938097621384875,192.55999755859375,0.015434870738395282,0.08222964760402769,2019-03-20 00:00:00+00:00,8.2,low,1.0
2019-07-11 00:00:00+00:00,0.0,-6.870388393360194,192.4199981689453,0.012162643322355716,0.08079818280740282,2019-03-20 00:00:00+00:00,8.1,low,1.0
2019-07-12 00:00:00+00:00,0.0,-7.404537757165352,193.52999877929688,0.012779526914851545,0.08109316793028841,2019-03-20 00:00:00+00:00,8.1,low,1.0
2019-07-15 00:00:00+00:00,0.0,-7.700230449769229,194.14999389648438,0.011707724859322484,0.08057168884317335,2019-03-20 00:00:00+00:00,8.1,low,1.0
2019-07-16 00:00:00+00:00,0.0,-7.222364684991122,193.14999389648438,0.013826406118816506,0.0815650347689976,2019-03-20 00:00:00+00:00,8.2,low,1.0
2019-07-17 00:00:00+00:00,0.0,-6.763787828519474,192.1999969482422,0.013243346705278701,0.08130645388330646,2019-03-20 00:00:00+00:00,8.1,low,1.0
2019-07-18 00:00:00+00:00,0.0,-6.870388393360194,192.4199981689453,0.015459379045131826,0.08223927350485676,2019-03-20 00:00:00+00:00,8.2,low,1.0
2019-07-19 00:00:00+00:00,0.0,-6.1829212597412475,191.00999450683594,0.020046738445879744,0.08027051299863935,2019-06-19 00:00:00+00:00,8.0,low,1.0
2019-07-22 00:00:00+00:00,0.0,-6.923597317597907,192.52999877929688,0.015482021931142873,0.07729736613010198,2019-06-19 00:00:00+00:00,7.7,low,1.0
2019-07-23 00:00:00+00:00,0.0,-7.528766625399664,193.7899932861328,0.016676716127491813,0.07814082468446744,2019-06-19 00:00:00+00:00,7.8,low,1.0
2019-07-24 00:00:00+00:00,0.0,-8.173198794309332,195.14999389648438,0.10904148838846517,0.103396249841397,2019-06-19 00:00:00+00:00,10.3,low,1.0
2019-07-25 00:00:00+00:00,0.0,-7.294364139115006,193.3000030517578,0.35298329209796914,0.12705577033445697,2019-06-19 00:00:00+00:00,12.7,low,1.0
2019-07-26 00:00:00+00:00,0.0,-8.239027544189659,195.2899932861328,0.2732805981936042,0.12076541509275486,2019-06-19 00:00:00+00:00,12.1,low,1.0
2019-07-29 00:00:00+00:00,0.0,-7.923131515680282,194.6199951171875,0.31445610408304653,0.12408995003031058,2019-06-19 00:00:00+00:00,12.4,low,1.0
2019-07-30 00:00:00+00:00,0.0,-7.523997276757333,193.77999877929688,0.3105586331929561,0.12378315669054399,2019-06-19 00:00:00+00:00,12.4,low,1.0
2019-07-31 00:00:00+00:00,0.0,-6.22711081904801,191.10000610351562,0.33153481991027384,0.12541849787984577,2019-06-19 00:00:00+00:00,12.5,low,1.0
2019-08-01 00:00:00+00:00,0.0,-5.758610202324411,190.14999389648438,0.2601886569444803,0.1196625757872363,2019-06-19 00:00:00+00:00,12.0,low,1.0
2019-08-02 00:00:00+00:00,0.0,-4.350151529095947,187.35000610351562,0.3723858096638745,0.12851325171875744,2019-06-19 00:00:00+00:00,12.9,low,1.0
2019-08-05 00:00:00+00:00,0.0,-0.464779703285656,180.72999572753906,0.08067123973511735,0.09869005338211449,2019-06-19 00:00:00+00:00,9.9,low,1.0
2019-08-06 00:00:00+00:00,0.0,-1.8389147758387514,183.25999450683594,0.061940322600968635,0.09481945776996037,2019-06-19 00:00:00+00:00,9.5,low,1.0
2019-08-07 00:00:00+00:00,0.0,-1.6770672118809338,184.25,0.08100679822357809,0.09875263959518658,2019-06-19 00:00:00+00:00,9.9,low,1.0
2019-08-08 00:00:00+00:00,0.0,-3.7713752533169,188.25999450683594,0.0696018834409399,0.0965013355167752,2019-06-19 00:00:00+00:00,9.7,low,1.0
2019-08-09 00:00:00+00:00,0.0,-2.8580629921478917,186.49000549316406,0.09429271473205107,0.10108396048319183,2019-06-19 00:00:00+00:00,10.1,low,1.0
2019-08-12 00:00:00+00:00,0.0,-1.7304053896342264,184.35000610351562,0.09725195775002898,0.10156865699317738,2019-06-19 00:00:00+00:00,10.2,low,1.0
2019-08-13 00:00:00+00:00,0.0,-3.837781066385171,188.38999938964844,0.12704295067571983,0.1059242183837781,2019-06-19 00:00:00+00:00,10.6,low,1.0
2019-08-14 00:00:00+00:00,0.0,-0.8754601076915169,182.75999450683594,0.19407562652189034,0.1135860298904272,2019-06-19 00:00:00+00:00,11.4,low,1.0
2019-08-15 00:00:00+00:00,0.0,-0.5423201734394811,182.5500030517578,0.29800241163405794,0.12278450848900398,2019-06-19 00:00:00+00:00,12.3,low,1.0
2019-08-16 00:00:00+00:00,0.0,-2.113434472310205,185.47999572753906,0.28039252145946747,0.12135419948873775,2019-06-19 00:00:00+00:00,12.1,low,1.0
2019-08-19 00:00:00+00:00,0.0,-3.6459138057751916,188.42999267578125,0.263751286609636,0.11996525611507539,2019-06-19 00:00:00+00:00,12.0,low,1.0
2019-08-20 00:00:00+00:00,0.0,-2.8935142679510917,186.97000122070312,0.13497944290653466,0.10695722315324054,2019-06-19 00:00:00+00:00,10.7,low,1.0
2019-08-21 00:00:00+00:00,0.0,-3.7480820342506105,188.6300048828125,0.20911694365363293,0.11506038127491618,2019-06-19 00:00:00+00:00,11.5,low,1.0
2019-08-22 00:00:00+00:00,0.0,-3.4358081943801855,188.02000427246094,0.14106668720422733,0.10772093486908917,2019-06-19 00:00:00+00:00,10.8,low,1.0
2019-08-23 00:00:00+00:00,0.0,0.46135898506052264,182.07000732421875,0.07773933316583867,0.09813442137567582,2019-06-19 00:00:00+00:00,9.8,low,1.0
2019-08-26 00:00:00+00:00,0.0,-1.0334398801092881,184.82000732421875,0.14191786721026223,0.10782588541459702,2019-06-19 00:00:00+00:00,10.8,low,1.0
2019-08-27 00:00:00+00:00,0.0,-0.8241550040854473,184.42999267578125,0.11352884881970057,0.10405333042762484,2019-06-19 00:00:00+00:00,10.4,low,1.0
2019-08-28 00:00:00+00:00,0.0,-0.032415343768343874,185.08999633789062,0.08516968831213641,0.09951286011357251,2019-06-19 00:00:00+00:00,10.0,low,1.0
2019-08-29 00:00:00+00:00,0.0,-1.537888153367395,187.9199981689453,0.10281332789292802,0.10245026652229901,2019-06-19 00:00:00+00:00,10.2,low,1.0
2019-08-30 00:00:00+00:00,0.0,-1.3015428738028856,187.47000122070312,0.1087231286591909,0.10334888068279624,2019-06-19 00:00:00+00:00,10.3,low,1.0
2019-09-03 00:00:00+00:00,0.0,0.05386808877105853,185.64999389648438,0.113536423987451,0.1040544233801177,2019-06-19 00:00:00+00:00,10.4,low,1.0
2019-09-04 00:00:00+00:00,0.0,-2.8195176057807303,188.3300018310547,0.2657867399668419,0.12013730358011282,2019-06-19 00:00:00+00:00,12.0,low,1.0
2019-09-05 00:00:00+00:00,0.0,-5.193446406546398,191.77999877929688,0.26427092971385324,0.12000923945586647,2019-06-19 00:00:00+00:00,12.0,low,1.0
2019-09-06 00:00:00+00:00,0.0,-5.099425439959504,191.58999633789062,0.22267627639882104,0.11633714599425385,2019-06-19 00:00:00+00:00,11.6,low,1.0
2019-09-09 00:00:00+00:00,0.0,-4.900881320956685,191.19000244140625,0.21079319737348412,0.11522074952073977,2019-06-19 00:00:00+00:00,11.5,low,1.0
2019-09-10 00:00:00+00:00,0.0,-4.626517044517264,190.63999938964844,0.11826646356938172,0.10472671793724728,2019-06-19 00:00:00+00:00,10.5,low,1.0
2019-09-11 00:00:00+00:00,0.0,-5.5136858885812545,192.42999267578125,0.0892448712040526,0.10022981285716134,2019-06-19 00:00:00+00:00,10.0,low,1.0
2019-09-12 00:00:00+00:00,0.0,-5.904874323657694,193.22999572753906,0.08632477417429904,0.09971870596497176,2019-06-19 00:00:00+00:00,10.0,low,1.0
2019-09-13 00:00:00+00:00,0.0,-5.56766715265391,192.5399932861328,0.08067901407902683,0.09869150568706571,2019-06-19 00:00:00+00:00,9.9,low,1.0
2019-09-16 00:00:00+00:00,0.0,-5.143982537729041,191.67999267578125,0.09316774709437112,0.10089667508508919,2019-06-19 00:00:00+00:00,10.1,low,1.0
2019-09-17 00:00:00+00:00,0.0,-5.597091608347615,192.60000610351562,0.03867955593675732,0.08840111063361343,2019-06-19 00:00:00+00:00,8.8,low,1.0
2019-09-18 00:00:00+00:00,0.0,-5.5578624095079405,192.52000427246094,0.05203079715450602,0.09237701818892848,2019-06-19 00:00:00+00:00,9.2,low,1.0
2019-09-19 00:00:00+00:00,0.0,-5.714576448322917,192.83999633789062,0.012763919622663019,0.07514990032677073,2019-06-19 00:00:00+00:00,7.5,low,1.0
2019-09-20 00:00:00+00:00,0.0,-4.706496637268442,190.8000030517578,0.02178799455380653,0.08125422115906314,2019-06-19 00:00:00+00:00,8.1,low,1.0
2019-09-23 00:00:00+00:00,0.0,-4.5564266014599735,190.5,0.0622577401470574,0.09489234046124459,2019-06-19 00:00:00+00:00,9.5,low,1.0
2019-09-24 00:00:00+00:00,0.0,-3.271795422964019,187.97000122070312,0.07367621451448078,0.09733671546883581,2019-06-19 00:00:00+00:00,9.7,low,1.0
2019-09-25 00:00:00+00:00,0.0,-4.345535788755683,190.0800018310547,0.2830323661771053,0.12157103557094547,2019-06-19 00:00:00+00:00,12.2,low,1.0
2019-09-26 00:00:00+00:00,0.0,-3.991972417189371,189.3800048828125,0.25983381672326067,0.1196323186344848,2019-06-19 00:00:00+00:00,12.0,low,1.0
2019-09-27 00:00:00+00:00,0.0,-2.7856448105023635,187.02999877929688,0.06774817638716958,0.09610843046759082,2019-06-19 00:00:00+00:00,9.6,low,1.0
2019-09-30 00:00:00+00:00,0.0,-3.702129296519785,188.80999755859375,0.08717340501499284,0.0998685930400056,2019-06-19 00:00:00+00:00,10.0,low,1.0
2019-10-01 00:00:00+00:00,0.0,-2.9102348608445294,187.27000427246094,0.09365534162953304,0.1009780598721647,2019-06-19 00:00:00+00:00,10.1,low,1.0
2019-10-02 00:00:00+00:00,0.0,-1.2116249337480012,184.0500030517578,0.04613513644951227,0.090738726575792,2019-06-19 00:00:00+00:00,9.1,low,1.0
2019-10-03 00:00:00+00:00,0.0,-0.4299473425418032,186.07000732421875,0.12962269500524207,0.10626489137421176,2019-06-19 00:00:00+00:00,10.6,low,1.0
2019-10-04 00:00:00+00:00,0.0,-1.874897162177147,188.80999755859375,0.18588989523617924,0.11275440554943722,2019-06-19 00:00:00+00:00,11.3,low,1.0
2019-10-07 00:00:00+00:00,0.0,-1.5777736581138013,188.24000549316406,0.12949559389918378,0.10624822032365673,2019-06-19 00:00:00+00:00,10.6,low,1.0
2019-10-08 00:00:00+00:00,0.0,0.5447063514236961,185.4199981689453,0.04833552654835531,0.09136911679335101,2019-06-19 00:00:00+00:00,9.1,low,1.0
2019-10-09 00:00:00+00:00,0.0,-0.05875159582422462,187.22999572753906,0.06815490038954088,0.09619536030000403,2019-06-19 00:00:00+00:00,9.6,low,1.0
2019-10-10 00:00:00+00:00,0.0,1.044096511116721,188.67999267578125,0.21051548851443758,0.11519423238319737,2019-06-19 00:00:00+00:00,11.5,low,1.0
2019-10-11 00:00:00+00:00,0.0,-0.24070258615355167,191.11000061035156,0.09553736799421232,0.10128920630284263,2019-06-19 00:00:00+00:00,10.1,low,1.0
2019-10-14 00:00:00+00:00,0.0,-0.19885375022538065,191.08999633789062,0.09925321158367617,0.10189016557843288,2019-06-19 00:00:00+00:00,10.2,low,1.0
2019-10-15 00:00:00+00:00,0.0,-1.4520450064880563,193.52000427246094,0.09239503905907945,0.10076703603747512,2019-06-19 00:00:00+00:00,10.1,low,1.0
2019-10-16 00:00:00+00:00,0.0,-1.2069968158421984,193.0399932861328,0.09203992085066624,0.10070718015379802,2019-06-19 00:00:00+00:00,10.1,low,1.0
2019-10-17 00:00:00+00:00,0.0,-1.4673191904477356,193.5500030517578,0.11087447080040753,0.10464183494346743,2019-09-18 00:00:00+00:00,10.5,low,1.0
2019-10-18 00:00:00+00:00,0.0,-0.281709290022536,191.69000244140625,0.09740484493594179,0.10345913369243472,2019-09-18 00:00:00+00:00,10.3,low,1.0
2019-10-21 00:00:00+00:00,0.0,-1.1582840375581327,193.38999938964844,0.19937104986052467,0.11046667344546743,2019-09-18 00:00:00+00:00,11.0,low,1.0
2019-10-22 00:00:00+00:00,0.0,-0.36487473795208114,191.85000610351562,0.08738384877244888,0.10248952871069579,2019-09-18 00:00:00+00:00,10.2,low,1.0
2019-10-23 00:00:00+00:00,0.0,0.27052557962679025,192.22000122070312,0.09366289086057071,0.10310709401280593,2019-09-18 00:00:00+00:00,10.3,low,1.0
2019-10-24 00:00:00+00:00,0.0,-0.5358304424522231,194.08999633789062,0.0829064342123516,0.102026334564343,2019-09-18 00:00:00+00:00,10.2,low,1.0
2019-10-25 00:00:00+00:00,0.0,-0.17890314077262381,195.63999938964844,0.0578880066695178,0.09896335258480378,2019-09-18 00:00:00+00:00,9.9,low,1.0
2019-10-28 00:00:00+00:00,0.0,-1.1540284221098207,197.57000732421875,0.050594356113384024,0.09785467768571879,2019-09-18 00:00:00+00:00,9.8,low,1.0
2019-10-29 00:00:00+00:00,0.0,-0.3825749977992121,196.0399932861328,0.18002385073477437,0.10938511490557852,2019-09-18 00:00:00+00:00,10.9,low,1.0
2019-10-30 00:00:00+00:00,0.0,-0.5330235151418616,196.99000549316406,0.14661950994387132,0.10730643503131143,2019-09-18 00:00:00+00:00,10.7,low,1.0
2019-10-31 00:00:00+00:00,0.0,0.27907603341170706,197.0800018310547,0.1657365210888057,0.10853336555405613,2019-09-18 00:00:00+00:00,10.9,low,1.0
2019-11-01 00:00:00+00:00,0.0,-0.04022820587266107,198.8699951171875,0.12466996817703346,0.105739744278334,2019-09-18 00:00:00+00:00,10.6,low,1.0
2019-11-04 00:00:00+00:00,0.0,-0.6546790491875898,200.10000610351562,0.09387166665885305,0.10312703578818029,2019-09-18 00:00:00+00:00,10.3,low,1.0
2019-11-05 00:00:00+00:00,0.0,-0.7092619649944898,200.2100067138672,0.07544061326155611,0.10120532880252918,2019-09-18 00:00:00+00:00,10.1,low,1.0
2019-11-06 00:00:00+00:00,0.0,-0.26531777826953595,199.75999450683594,0.06994411398631215,0.10055595058096545,2019-09-18 00:00:00+00:00,10.1,low,1.0
2019-11-07 00:00:00+00:00,0.0,-0.5987112668228822,200.42999267578125,0.10062147371049678,0.1037530449434001,2019-09-18 00:00:00+00:00,10.4,low,1.0
2019-11-08 00:00:00+00:00,0.0,-0.9938876124153784,201.22999572753906,0.11144426913650288,0.10468926453117165,2019-09-18 00:00:00+00:00,10.5,low,1.0
2019-11-11 00:00:00+00:00,0.0,-0.8608732725568502,200.9600067138672,0.08903054574646796,0.10265493899240385,2019-09-18 00:00:00+00:00,10.3,low,1.0
2019-11-12 00:00:00+00:00,0.0,-1.1461732834902705,201.5399932861328,0.09062777364868925,0.10281298389734447,2019-09-18 00:00:00+00:00,10.3,low,1.0
2019-11-13 00:00:00+00:00,0.0,-1.1706933147594745,201.58999633789062,0.08881153596312202,0.10263308605614317,2019-09-18 00:00:00+00:00,10.3,low,1.0
2019-11-14 00:00:00+00:00,0.0,-1.0921893601928856,201.42999267578125,0.08324360191874108,0.10206192993732387,2019-09-18 00:00:00+00:00,10.2,low,1.0
2019-11-15 00:00:00+00:00,0.0,-1.8136158238399869,202.91000366210938,0.06525410729762948,0.09996663325520826,2019-09-18 00:00:00+00:00,10.0,low,1.0
2019-11-18 00:00:00+00:00,0.0,-1.89097919839476,203.07000732421875,0.05198079929368953,0.09807567322613053,2019-09-18 00:00:00+00:00,9.8,low,1.0
2019-11-19 00:00:00+00:00,0.0,-2.035698229359184,203.3699951171875,0.028982642960670223,0.09345474324352887,2019-09-18 00:00:00+00:00,9.3,low,1.0
2019-11-20 00:00:00+00:00,0.0,-1.4444710646098535,202.14999389648438,0.11632346329245725,0.10508770826750176,2019-09-18 00:00:00+00:00,10.5,low,1.0
2019-11-21 00:00:00+00:00,0.0,-1.2245916004336665,201.6999969482422,0.08442887937833209,0.10218611639145056,2019-09-18 00:00:00+00:00,10.2,low,1.0
2019-11-22 00:00:00+00:00,0.0,-1.2882158648009123,201.8300018310547,0.024710386595777397,0.09224346927192992,2019-09-18 00:00:00+00:00,9.2,low,1.0
2019-11-25 00:00:00+00:00,0.0,-2.4434460206330666,204.22000122070312,0.010925607686282039,0.08632145902717654,2019-09-18 00:00:00+00:00,8.6,low,1.0
2019-11-26 00:00:00+00:00,0.0,-2.629394881366476,204.61000061035156,0.007484924815309499,0.083715812680065,2019-09-18 00:00:00+00:00,8.4,low,1.0
2019-11-27 00:00:00+00:00,0.0,-3.3051823823040727,206.0399932861328,0.013452949334930634,0.08779071834186077,2019-09-18 00:00:00+00:00,8.8,low,1.0
2019-11-29 00:00:00+00:00,0.0,-2.8620235013615325,205.10000610351562,0.008974251476505794,0.0849558360311281,2019-09-18 00:00:00+00:00,8.5,low,1.0
2019-12-02 00:00:00+00:00,0.0,-1.8571449618034142,203.0,0.11190505782094666,0.10472747917636535,2019-09-18 00:00:00+00:00,10.5,low,1.0
2019-12-03 00:00:00+00:00,0.0,0.21349122087432892,201.41000366210938,0.07752908811244918,0.1014416247621062,2019-09-18 00:00:00+00:00,10.1,low,1.0
2019-12-04 00:00:00+00:00,0.0,-0.2914569773440512,202.42999267578125,0.13449741370532167,0.10646529088813844,2019-09-18 00:00:00+00:00,10.6,low,1.0
2019-12-05 00:00:00+00:00,0.0,0.30074476401160677,202.8300018310547,0.16093323727204928,0.1082352489596476,2019-09-18 00:00:00+00:00,10.8,low,1.0
2019-12-06 00:00:00+00:00,0.0,-0.7609744188262213,205.0,0.045606025302017926,0.09701312146917249,2019-09-18 00:00:00+00:00,9.7,low,1.0
2019-12-09 00:00:00+00:00,0.0,-0.3087199785373529,204.07000732421875,0.04861330116014145,0.09752955020630051,2019-09-18 00:00:00+00:00,9.8,low,1.0
2019-12-10 00:00:00+00:00,0.0,0.06866081110306066,203.89999389648438,0.06040516077577923,0.09931795073656657,2019-09-18 00:00:00+00:00,9.9,low,1.0
2019-12-11 00:00:00+00:00,0.0,-0.23904295277002996,204.97999572753906,0.05880971388449866,0.09909471181870223,2019-09-18 00:00:00+00:00,9.9,low,1.0
2019-12-12 00:00:00+00:00,0.0,-0.2663250242595616,206.50999450683594,0.09178558794410209,0.10292612049031018,2019-09-18 00:00:00+00:00,10.3,low,1.0
2019-12-13 00:00:00+00:00,0.0,0.6226136738898047,207.19000244140625,0.05667687830934146,0.09878797076197764,2019-09-18 00:00:00+00:00,9.9,low,1.0
2019-12-16 00:00:00+00:00,0.0,-0.10991111082917504,209.27000427246094,0.04493182370536311,0.09689325526042344,2019-09-18 00:00:00+00:00,9.7,low,1.0
2019-12-17 00:00:00+00:00,0.0,-0.028653497668773564,209.38999938964844,0.056431022970931326,0.09875197353028124,2019-09-18 00:00:00+00:00,9.9,low,1.0
2019-12-18 00:00:00+00:00,0.0,0.03340112832754816,209.5500030517578,0.0794487386598003,0.10165414837661964,2019-09-18 00:00:00+00:00,10.2,low,1.0
2019-12-19 00:00:00+00:00,0.0,0.1422759418047148,210.86000061035156,0.09135303755321807,0.10288399169284915,2019-09-18 00:00:00+00:00,10.3,low,1.0
2019-12-20 00:00:00+00:00,0.0,-0.25979076770856757,211.7100067138672,0.05215202147691347,0.0981026082676183,2019-09-18 00:00:00+00:00,9.8,low,1.0
2019-12-23 00:00:00+00:00,0.0,-0.30687592841530664,211.80999755859375,0.0541056589532776,0.09840461037618194,2019-09-18 00:00:00+00:00,9.8,low,1.0
2019-12-24 00:00:00+00:00,0.0,-0.35862330757008287,211.9199981689453,0.028559455763964316,0.09334219798033495,2019-09-18 00:00:00+00:00,9.3,low,1.0
2019-12-26 00:00:00+00:00,0.0,-1.2301743330444426,213.7899932861328,0.12114871819560845,0.10546896642007246,2019-09-18 00:00:00+00:00,10.5,low,1.0
2019-12-27 00:00:00+00:00,0.0,-1.1469486172191234,213.61000061035156,0.11570678732219786,0.105038089197251,2019-09-18 00:00:00+00:00,10.5,low,1.0
2019-12-30 00:00:00+00:00,0.0,-0.4759482275436877,212.2100067138672,0.1069594032838757,0.10431057429880629,2019-09-18 00:00:00+00:00,10.4,low,1.0
2019-12-31 00:00:00+00:00,0.0,-0.17402526509822103,212.61000061035156,0.06872894351479687,0.10040656927113896,2019-09-18 00:00:00+00:00,10.0,low,1.0
2020-01-02 00:00:00+00:00,0.0,-1.81347062478443,216.16000366210938,0.23910335800013172,0.11248883936368605,2019-09-18 00:00:00+00:00,11.2,low,1.0
2020-01-03 00:00:00+00:00,0.0,-0.9057742314679595,214.17999267578125,0.15130001507557658,0.10761724381376744,2019-09-18 00:00:00+00:00,10.8,low,1.0
2020-01-06 00:00:00+00:00,0.0,-0.32937069174215905,215.55999755859375,0.26456855466690116,0.11367928278577734,2019-09-18 00:00:00+00:00,11.4,low,1.0
2020-01-07 00:00:00+00:00,0.0,-0.17166757262703225,215.52999877929688,0.1125760576517559,0.1047829039663206,2019-09-18 00:00:00+00:00,10.5,low,1.0
2020-01-08 00:00:00+00:00,0.0,0.013814773262743607,217.14999389648438,0.22287611053951412,0.11169065580109566,2019-09-18 00:00:00+00:00,11.2,low,1.0
2020-01-09 00:00:00+00:00,0.0,-0.8265275912052172,218.99000549316406,0.46291465364194984,0.12163729502689974,2019-09-18 00:00:00+00:00,12.2,low,1.0
2020-01-10 00:00:00+00:00,0.0,-0.5722657336052706,218.42999267578125,0.17520775990490325,0.109103519279657,2019-09-18 00:00:00+00:00,10.9,low,1.0
2020-01-13 00:00:00+00:00,0.0,-1.7062703437574878,220.9499969482422,0.4925459052482742,0.12275560528393693,2019-09-18 00:00:00+00:00,12.3,low,1.0
2020-01-14 00:00:00+00:00,0.0,-1.3177068025924665,220.0800018310547,0.474251127355661,0.12206483859364961,2019-09-18 00:00:00+00:00,12.2,low,1.0
2020-01-15 00:00:00+00:00,0.0,-1.3580440196350962,220.1699981689453,0.24720559079986865,0.11287519602305948,2019-09-18 00:00:00+00:00,11.3,low,1.0
2020-01-16 00:00:00+00:00,0.0,-2.294406213570055,222.27999877929688,0.39647556415132207,0.11911385965519877,2019-09-18 00:00:00+00:00,11.9,low,1.0
2020-01-17 00:00:00+00:00,0.0,-2.7755448435431096,223.3800048828125,0.3158329537658679,0.0009284968637819361,2019-12-17 00:00:00+00:00,0.1,low,1.0
2020-01-21 00:00:00+00:00,0.0,-2.7319984489722393,223.27999877929688,0.18555191378796995,0.0018834938563293206,2019-12-17 00:00:00+00:00,0.2,low,1.0
2020-01-22 00:00:00+00:00,0.0,-2.9883426038868177,223.8699951171875,0.31071478774745365,0.0009508971578346856,2019-12-17 00:00:00+00:00,0.1,low,1.0
2020-01-23 00:00:00+00:00,0.0,-3.2993471583485756,224.58999633789062,0.4152209566950739,0.0006030834421006553,2019-12-17 00:00:00+00:00,0.1,low,1.0
2020-01-24 00:00:00+00:00,0.0,-2.478672810105087,222.6999969482422,0.7672067623602581,0.00012940754049744308,2019-12-17 00:00:00+00:00,0.0,low,1.0
2020-01-27 00:00:00+00:00,0.0,-1.5405779533801733,218.10000610351562,0.20546418404034392,0.001659123437172938,2019-12-17 00:00:00+00:00,0.2,low,1.0
2020-01-28 00:00:00+00:00,0.0,-3.030025535130809,221.4499969482422,0.20024693327658363,0.001713598513596917,2019-12-17 00:00:00+00:00,0.2,low,1.0
2020-01-29 00:00:00+00:00,0.0,-7.35313905509839,221.80999755859375,0.266071378202995,0.0011828530523861063,2019-12-17 00:00:00+00:00,0.1,low,1.0
2020-01-30 00:00:00+00:00,1.0,-10.97484603087101,222.60000610351562,0.2361147703656993,0.0013876998494435119,2019-12-17 00:00:00+00:00,0.1,low,1.0
2020-01-31 00:00:00+00:00,0.0,-9.540333435211823,219.07000732421875,0.28457098725019836,0.0010778981353853387,2019-12-17 00:00:00+00:00,0.1,low,1.0
2020-02-03 00:00:00+00:00,1.0,-10.886773173076026,222.3800048828125,0.21177568335924982,0.001596809657473905,2019-12-17 00:00:00+00:00,0.2,low,1.0
2020-02-04 00:00:00+00:00,1.0,-12.880820721203335,227.47000122070312,0.4483677650373118,0.0005266716735986646,2019-12-17 00:00:00+00:00,0.1,low,1.0
2020-02-05 00:00:00+00:00,1.0,-13.167120712920145,228.22000122070312,0.057784104574039395,0.006988191948181014,2019-12-17 00:00:00+00:00,0.7,low,1.0
2020-02-06 00:00:00+00:00,1.0,-13.910249764479444,230.19000244140625,0.04468207104581938,0.009150362872952395,2019-12-17 00:00:00+00:00,0.9,low,1.0
2020-02-07 00:00:00+00:00,1.0,-16.182372090635877,229.1999969482422,0.03877445624265079,0.01059882566578845,2019-12-17 00:00:00+00:00,1.1,low,1.0
2020-02-10 00:00:00+00:00,1.0,-17.18325662826875,231.97000122070312,0.03527014494320513,0.01168492176643589,2019-12-17 00:00:00+00:00,1.2,low,1.0
2020-02-11 00:00:00+00:00,1.0,-17.197532365489863,232.00999450683594,0.029718085407571506,0.013923445628919654,2019-12-17 00:00:00+00:00,1.4,low,1.0
2020-02-12 00:00:00+00:00,1.0,-24.471763685281147,234.27000427246094,0.025827386726518537,0.016057185144308508,2019-12-17 00:00:00+00:00,1.6,low,1.0
2020-02-13 00:00:00+00:00,1.0,-24.374919212613356,233.97000122070312,0.05488509404265905,0.0073782324492374434,2019-12-17 00:00:00+00:00,0.7,low,1.0
2020-02-14 00:00:00+00:00,1.0,-27.90657854494856,234.63999938964844,0.054200457876236056,0.007476397028806011,2019-12-17 00:00:00+00:00,0.7,low,1.0
2020-02-18 00:00:00+00:00,1.0,-27.93421942611013,234.72999572753906,0.06686312886547971,0.005984400023646584,2019-12-17 00:00:00+00:00,0.6,low,1.0
2020-02-19 00:00:00+00:00,1.0,-29.614310887434016,236.97999572753906,0.05568852607306774,0.007266093886769675,2019-12-17 00:00:00+00:00,0.7,low,1.0
2020-02-20 00:00:00+00:00,1.0,-28.954764494842312,234.77999877929688,0.11589801614013814,0.00327413088237224,2019-12-17 00:00:00+00:00,0.3,low,1.0
2020-02-21 00:00:00+00:00,1.0,-27.56329528078868,230.27000427246094,0.5620595361628088,0.00033316210571094707,2019-12-17 00:00:00+00:00,0.0,low,1.0
2020-02-24 00:00:00+00:00,1.0,-25.502509991202025,221.38999938964844,0.34921715195363817,0.000798508800746834,2019-12-17 00:00:00+00:00,0.1,low,1.0
2020-02-25 00:00:00+00:00,1.0,-23.420162318321424,215.3699951171875,0.3834929613375018,0.0006886175337531827,2019-12-17 00:00:00+00:00,0.1,low,1.0
2020-02-26 00:00:00+00:00,1.0,-23.81282523519561,216.47999572753906,0.41349367643964713,0.0006074016253754576,2019-12-17 00:00:00+00:00,0.1,low,1.0
2020-02-27 00:00:00+00:00,1.0,-19.796735476899862,205.63999938964844,0.4868026096164206,0.0004511188135708311,2019-12-17 00:00:00+00:00,0.0,low,1.0
2020-02-28 00:00:00+00:00,1.0,-19.8590912390307,205.8000030517578,0.552039767560282,0.0003470068256585621,2019-12-17 00:00:00+00:00,0.0,low,1.0
2020-03-02 00:00:00+00:00,1.0,-23.79170406099398,216.4199981689453,0.6103411460298312,0.000272838344308898,2019-12-17 00:00:00+00:00,0.0,low,1.0
2020-03-03 00:00:00+00:00,1.0,-21.266948615800974,209.47999572753906,0.6229016557349142,0.00025868225383968786,2019-12-17 00:00:00+00:00,0.0,low,1.0
2020-03-04 00:00:00+00:00,1.0,-24.420313558254215,218.22000122070312,0.5832937272881823,0.00030539809110509284,2019-12-17 00:00:00+00:00,0.0,low,1.0
2020-03-05 00:00:00+00:00,1.0,-22.052083968845793,211.58999633789062,0.5912510747564264,0.00029550882204914305,2019-12-17 00:00:00+00:00,0.0,low,1.0
2020-03-06 00:00:00+00:00,1.0,-20.714359538345718,208.02000427246094,0.5342353883000828,0.00037289242177227996,2019-12-17 00:00:00+00:00,0.0,low,1.0
2020-03-09 00:00:00+00:00,1.0,-14.795688156619791,193.57000732421875,0.6753199509847122,0.00020530762705701867,2019-12-17 00:00:00+00:00,0.0,low,1.0
2020-03-10 00:00:00+00:00,1.0,-19.195535651075435,204.11000061035156,0.7060118729789637,0.0001777478811757485,2019-12-17 00:00:00+00:00,0.0,low,1.0
2020-03-11 00:00:00+00:00,1.0,-15.515832576334198,195.22000122070312,0.500508844322457,0.00042698791953386006,2019-12-17 00:00:00+00:00,0.0,low,1.0
2020-03-12 00:00:00+00:00,0.0,-6.987375443642474,177.32000732421875,0.6974145966126267,0.0001852221962926817,2019-12-17 00:00:00+00:00,0.0,low,1.0
2020-03-13 00:00:00+00:00,1.0,-14.250808039923857,192.33999633789062,0.6971895529158784,0.00018542033166641983,2019-12-17 00:00:00+00:00,0.0,low,1.0
2020-03-16 00:00:00+00:00,0.0,-2.581222857178911,169.3000030517578,0.8572908798289096,7.087294753597069e-05,2019-12-17 00:00:00+00:00,0.0,low,1.0
2020-03-17 00:00:00+00:00,0.0,-9.448779384834715,182.13999938964844,0.8790501371180224,5.8547681668930795e-05,2019-12-17 00:00:00+00:00,0.0,low,1.0
2020-03-18 00:00:00+00:00,0.0,-6.608161395472378,176.60000610351562,0.9276722467354213,3.312156356890001e-05,2019-12-17 00:00:00+00:00,0.0,low,1.0
2020-03-19 00:00:00+00:00,0.0,-7.165378095195396,177.66000366210938,0.938410978008071,2.7867114475966988e-05,2019-12-17 00:00:00+00:00,0.0,low,1.0
2020-03-20 00:00:00+00:00,0.0,-3.3802017431848297,170.6999969482422,0.8897772547918806,5.2695768840357843e-05,2019-12-17 00:00:00+00:00,0.0,low,1.0
2020-03-23 00:00:00+00:00,0.0,4.393986823517859,170.4600067138672,0.9417923712347982,2.6237966612283494e-05,2019-12-17 00:00:00+00:00,0.0,low,1.0
2020-03-24 00:00:00+00:00,0.0,-2.00370677403483,183.66000366210938,0.9204549299691437,3.6723293317010567e-05,2019-12-17 00:00:00+00:00,0.0,low,1.0
2020-03-25 00:00:00+00:00,0.0,-0.7899080731213259,182.3000030517578,0.9390379210611349,2.7564147327277123e-05,2019-12-17 00:00:00+00:00,0.0,low,1.0
2020-03-26 00:00:00+00:00,0.0,-5.752993036616805,191.89999389648438,0.9051067079175645,4.457702479686996e-05,2019-12-17 00:00:00+00:00,0.0,low,1.0
2020-03-27 00:00:00+00:00,0.0,-2.3961156871465716,185.3000030517578,0.9218309001388593,3.603219604133465e-05,2019-12-17 00:00:00+00:00,0.0,low,1.0
2020-03-30 00:00:00+00:00,0.0,-5.8217002013343455,192.0399932861328,0.9107073905957338,4.16799620064312e-05,2019-12-17 00:00:00+00:00,0.0,low,1.0
2020-03-31 00:00:00+00:00,0.0,-5.0105008361079335,190.39999389648438,0.9138123687313464,4.008939484026005e-05,2019-12-17 00:00:00+00:00,0.0,low,1.0
2020-04-01 00:00:00+00:00,0.0,-0.7350097942160017,182.30999755859375,0.9242819833891779,3.4806302091887636e-05,2019-12-17 00:00:00+00:00,0.0,low,1.0
2020-04-02 00:00:00+00:00,0.0,-2.5374987151723483,186.00999450683594,0.9320023633462757,3.0987960154833516e-05,2019-12-17 00:00:00+00:00,0.0,low,1.0
2020-04-03 00:00:00+00:00,0.0,3.1739147511561594,183.3699951171875,0.9232752558322818,3.530900813284796e-05,2019-12-17 00:00:00+00:00,0.0,low,1.0
2020-04-06 00:00:00+00:00,0.0,-0.2442975050776508,196.47999572753906,0.8375094407481795,8.263932065650946e-05,2019-12-17 00:00:00+00:00,0.0,low,1.0
2020-04-07 00:00:00+00:00,0.0,-0.11710577122536758,196.39999389648438,0.733031213821727,0.0001554041211283748,2019-12-17 00:00:00+00:00,0.0,low,1.0
2020-04-08 00:00:00+00:00,0.0,-0.9074174890350006,200.57000732421875,0.8064917562744065,0.00010226142320079091,2019-12-17 00:00:00+00:00,0.0,low,1.0
2020-04-09 00:00:00+00:00,0.0,-1.0504832241063022,200.86000061035156,0.7585736747659728,0.0001357522293603955,2019-12-17 00:00:00+00:00,0.0,low,1.0
2020-04-13 00:00:00+00:00,0.0,0.29552583712906255,203.02999877929688,0.6889839244230102,0.00019273359617596314,2019-12-17 00:00:00+00:00,0.0,low,1.0
2020-04-14 00:00:00+00:00,0.0,-3.884638772693816,211.86000061035156,0.7563630676514644,0.0001374002873270183,2019-12-17 00:00:00+00:00,0.0,low,1.0
2020-04-15 00:00:00+00:00,0.0,-2.7694160319948646,209.42999267578125,0.7974583635434491,0.00010826521852628806,2019-12-17 00:00:00+00:00,0.0,low,1.0
2020-04-16 00:00:00+00:00,0.0,-4.511134873241495,213.25,0.8000060595326642,0.0001065581404592754,2019-12-17 00:00:00+00:00,0.0,low,1.0
2020-04-17 00:00:00+00:00,0.0,-5.415945360648289,215.2899932861328,0.7156154436298663,0.00016961199052509466,2019-12-17 00:00:00+00:00,0.0,low,1.0
2020-04-20 00:00:00+00:00,0.0,-4.282222607465469,212.74000549316406,0.22733621639685964,0.1467711125187521,2020-03-19 00:00:00+00:00,14.7,low,1.0
2020-04-21 00:00:00+00:00,0.0,1.6789508768869865,204.88999938964844,0.5764305665270759,0.2449283164912433,2020-03-19 00:00:00+00:00,24.5,low,1.0
2020-04-22 00:00:00+00:00,0.0,-0.6967821075022473,210.97000122070312,0.25891739403083286,0.15590786656408154,2020-03-19 00:00:00+00:00,15.6,low,1.0
2020-04-23 00:00:00+00:00,0.0,-0.48451655508272573,210.52000427246094,0.1315084416765233,0.11554941330074352,2020-03-19 00:00:00+00:00,11.6,low,1.0
2020-04-24 00:00:00+00:00,0.0,-1.2719796423888985,213.83999633789062,0.2451935638841013,0.15198048660360658,2020-03-19 00:00:00+00:00,15.2,low,1.0
2020-04-27 00:00:00+00:00,0.0,-2.05975250124939,215.55999755859375,0.29466444598781877,0.16590132285816975,2020-03-19 00:00:00+00:00,16.6,low,1.0
2020-04-28 00:00:00+00:00,0.0,-0.1796713393912519,211.5,0.2186933517029392,0.14420275727606546,2020-03-19 00:00:00+00:00,14.4,low,1.0
2020-04-29 00:00:00+00:00,0.0,-3.598175745576482,219.0,0.39781851149063135,0.19385388806725343,2020-03-19 00:00:00+00:00,19.4,low,1.0
2020-04-30 00:00:00+00:00,0.0,-3.5585438831502003,218.91000366210938,0.23528000232673074,0.1491036430719651,2020-03-19 00:00:00+00:00,14.9,low,1.0
2020-05-01 00:00:00+00:00,0.0,-0.7614977597754313,212.74000549316406,0.4539967681004604,0.20917723711361208,2020-03-19 00:00:00+00:00,20.9,low,1.0
2020-05-04 00:00:00+00:00,0.0,0.35777542426054243,215.22000122070312,0.40402998178748695,0.1955332147560586,2020-03-19 00:00:00+00:00,19.6,low,1.0
2020-05-05 00:00:00+00:00,0.0,-0.7672508227730135,217.66000366210938,0.4917298053152591,0.2197425846136356,2020-03-19 00:00:00+00:00,22.0,low,1.0
2020-05-06 00:00:00+00:00,0.0,-1.3744267154501943,219.0,0.6838093119163017,0.28211187061181947,2020-03-19 00:00:00+00:00,28.2,low,1.0
2020-05-07 00:00:00+00:00,0.0,-2.6282578841201554,221.82000732421875,0.6870235212770033,0.2833639023424839,2020-03-19 00:00:00+00:00,28.3,low,1.0
2020-05-08 00:00:00+00:00,0.0,-3.9446745055194854,224.86000061035156,0.6660747839976243,0.27538022009980967,2020-03-19 00:00:00+00:00,27.5,low,1.0
2020-05-11 00:00:00+00:00,0.0,-4.795693506496301,226.8699951171875,0.6508923811458175,0.2698352326843433,2020-03-19 00:00:00+00:00,27.0,low,1.0
2020-05-12 00:00:00+00:00,0.0,-2.759764883296223,222.1199951171875,0.5833633596612099,0.24711460137999758,2020-03-19 00:00:00+00:00,24.7,low,1.0
2020-05-13 00:00:00+00:00,0.0,-1.5273050518182507,219.33999633789062,0.6179427648188984,0.258395110171232,2020-03-19 00:00:00+00:00,25.8,low,1.0
2020-05-14 00:00:00+00:00,0.0,-1.577784777131086,221.8300018310547,0.48083105933757797,0.2166601418526015,2020-03-19 00:00:00+00:00,21.7,low,1.0
2020-05-15 00:00:00+00:00,0.0,0.3000842729091735,223.27000427246094,0.61122507048991,0.2561506787175089,2020-03-19 00:00:00+00:00,25.6,low,1.0
2020-05-18 00:00:00+00:00,0.0,-1.5345338551499887,227.42999267578125,0.35180343547156656,0.18144815015987023,2020-03-19 00:00:00+00:00,18.1,low,1.0
2020-05-19 00:00:00+00:00,0.0,-1.2871366310011734,226.86000061035156,0.4651930316748274,0.21228258500947683,2020-03-19 00:00:00+00:00,21.2,low,1.0
2020-05-20 00:00:00+00:00,0.0,-3.2196711041503567,231.38999938964844,0.388716291867677,0.1913967576048974,2020-03-19 00:00:00+00:00,19.1,low,1.0
2020-05-21 00:00:00+00:00,0.0,-2.154058103272538,228.8699951171875,0.2555090931369785,0.15493801314226413,2020-03-19 00:00:00+00:00,15.5,low,1.0
2020-05-22 00:00:00+00:00,0.0,-2.4906388267409207,229.66000366210938,0.29211688841292255,0.1651982562767737,2020-03-19 00:00:00+00:00,16.5,low,1.0
2020-05-26 00:00:00+00:00,0.0,-2.22668136317804,229.0399932861328,0.26555406333932113,0.15778677241527722,2020-03-19 00:00:00+00:00,15.8,low,1.0
2020-05-27 00:00:00+00:00,0.0,-0.6643791844641145,230.2899932861328,0.2358808031498979,0.14927903222565975,2020-03-19 00:00:00+00:00,14.9,low,1.0
2020-05-28 00:00:00+00:00,0.0,-0.5348106252228813,229.99000549316406,0.2751279542459336,0.1604766648660264,2020-03-19 00:00:00+00:00,16.0,low,1.0
2020-05-29 00:00:00+00:00,0.0,-0.8099071754821496,233.36000061035156,0.10709702608873116,0.10604511642956829,2020-03-19 00:00:00+00:00,10.6,low,1.0
2020-06-01 00:00:00+00:00,0.0,-1.1065523220140427,234.05999755859375,0.15053079586976742,0.12237333538997552,2020-03-19 00:00:00+00:00,12.2,low,1.0
2020-06-02 00:00:00+00:00,0.0,-1.7654812952103915,235.6300048828125,0.1834645538036206,0.13333065501881564,2020-03-19 00:00:00+00:00,13.3,low,1.0
2020-06-03 00:00:00+00:00,0.0,-2.205416860391207,236.69000244140625,0.21044061739159972,0.14171766220690654,2020-03-19 00:00:00+00:00,14.2,low,1.0
2020-06-04 00:00:00+00:00,0.0,-1.514699220135185,235.02999877929688,0.11350834144496642,0.10863828154031885,2020-03-19 00:00:00+00:00,10.9,low,1.0
2020-06-05 00:00:00+00:00,0.0,-3.429430154356383,239.69000244140625,0.18682272443954515,0.1343995651162772,2020-03-19 00:00:00+00:00,13.4,low,1.0
2020-06-08 00:00:00+00:00,0.0,-4.173049763487191,241.5500030517578,0.030480954145471726,0.06378472854908249,2020-03-19 00:00:00+00:00,6.4,low,1.0
2020-06-09 00:00:00+00:00,0.0,-4.862310597068942,243.3000030517578,0.030278667697466642,0.06361509848477818,2020-03-19 00:00:00+00:00,6.4,low,1.0
2020-06-10 00:00:00+00:00,0.0,-5.990577502588268,246.22000122070312,0.0643815110234354,0.08612346086076307,2020-03-19 00:00:00+00:00,8.6,low,1.0
2020-06-11 00:00:00+00:00,0.0,-1.0896517413908513,234.02000427246094,0.20247472607599415,0.1392856740320063,2020-03-19 00:00:00+00:00,13.9,low,1.0
2020-06-12 00:00:00+00:00,0.0,-1.8695962230034335,235.8800048828125,0.248121787784778,0.15282356603804761,2020-03-19 00:00:00+00:00,15.3,low,1.0
2020-06-15 00:00:00+00:00,0.0,-0.5863848781086367,238.75,0.2710385832640457,0.1593305285247454,2020-03-19 00:00:00+00:00,15.9,low,1.0
2020-06-16 00:00:00+00:00,0.0,-2.264772436388418,242.85000610351562,0.16474433817075723,0.1272175261579402,2020-03-19 00:00:00+00:00,12.7,low,1.0
2020-06-17 00:00:00+00:00,0.0,-2.573675863779512,243.6199951171875,0.18594243701116994,0.1341201173165872,2020-03-19 00:00:00+00:00,13.4,low,1.0
2020-06-18 00:00:00+00:00,0.0,-2.836905481583196,244.27999877929688,0.17123409937418296,0.12936830401153432,2020-03-19 00:00:00+00:00,12.9,low,1.0
2020-06-19 00:00:00+00:00,0.0,-2.8209954285483674,244.24000549316406,0.16470992369312767,0.12720602473965362,2020-03-19 00:00:00+00:00,12.7,low,1.0
2020-06-22 00:00:00+00:00,0.0,-3.805625022533521,246.74000549316406,0.1655750745976746,0.12749484601129324,2020-03-19 00:00:00+00:00,12.7,low,1.0
2020-06-23 00:00:00+00:00,0.0,-4.617420994803889,248.83999633789062,0.3213378954789196,0.17320180959407055,2020-03-19 00:00:00+00:00,17.3,low,1.0
2020-06-24 00:00:00+00:00,0.0,-2.609659199516845,243.7100067138672,0.6120329624121503,0.25641916102549067,2020-03-19 00:00:00+00:00,25.6,low,1.0
2020-06-25 00:00:00+00:00,0.0,-3.528022078140036,246.02999877929688,0.3819589602840309,0.18957471932173514,2020-03-19 00:00:00+00:00,19.0,low,1.0
2020-06-26 00:00:00+00:00,0.0,-1.1947361179765692,240.22000122070312,0.46129480973590886,0.21119885183752737,2020-03-19 00:00:00+00:00,21.1,low,1.0
2020-06-29 00:00:00+00:00,0.0,-0.10706412072012395,242.83999633789062,0.6345425862722077,0.2640641768987644,2020-03-19 00:00:00+00:00,26.4,low,1.0
2020-06-30 00:00:00+00:00,0.0,-0.21001787546141015,247.60000610351562,0.3304230939879188,0.17566845619271657,2020-03-19 00:00:00+00:00,17.6,low,1.0
2020-07-01 00:00:00+00:00,0.0,0.33135127663899144,250.49000549316406,0.3233354962357899,0.17374486339159326,2020-03-19 00:00:00+00:00,17.4,low,1.0
2020-07-02 00:00:00+00:00,0.0,-0.34497605327936665,252.19000244140625,0.37736696626686844,0.18833720367436835,2020-03-19 00:00:00+00:00,18.8,low,1.0
2020-07-06 00:00:00+00:00,0.0,-2.73617667998437,258.3900146484375,0.4110368652444641,0.19743074775659133,2020-03-19 00:00:00+00:00,19.7,low,1.0
2020-07-07 00:00:00+00:00,0.0,-2.0614856511122714,256.6099853515625,0.29532964015414576,0.1660847091920955,2020-03-19 00:00:00+00:00,16.6,low,1.0
2020-07-08 00:00:00+00:00,0.0,-3.3347371959745242,259.989990234375,0.37855720919457203,0.1886579294097452,2020-03-19 00:00:00+00:00,18.9,low,1.0
2020-07-09 00:00:00+00:00,0.0,-4.142186915457069,262.17999267578125,0.32785138500732863,0.17497103321222782,2020-03-19 00:00:00+00:00,17.5,low,1.0
2020-07-10 00:00:00+00:00,0.0,-4.79220890176374,263.9700012207031,0.3219768500600323,0.17337555729353427,2020-03-19 00:00:00+00:00,17.3,low,1.0
2020-07-13 00:00:00+00:00,0.0,-2.792605005831672,258.5400085449219,0.17083877323932478,0.12923829435451642,2020-03-19 00:00:00+00:00,12.9,low,1.0
2020-07-14 00:00:00+00:00,0.0,-3.4758182443009655,260.3699951171875,0.2345471477515657,0.14888951453911162,2020-03-19 00:00:00+00:00,14.9,low,1.0
2020-07-15 00:00:00+00:00,0.0,-3.6718998836261396,260.8999938964844,0.22874329782898775,0.1471861585107094,2020-03-19 00:00:00+00:00,14.7,low,1.0
2020-07-16 00:00:00+00:00,0.0,-3.0101836754979794,259.1199951171875,0.07750826496978946,0.09285937867782372,2020-03-19 00:00:00+00:00,9.3,low,1.0
2020-07-17 00:00:00+00:00,0.0,-3.122352048513799,259.4200134277344,0.0623038867788895,0.08498872203173535,2020-03-19 00:00:00+00:00,8.5,low,1.0
2020-07-20 00:00:00+00:00,0.0,-5.795033932760429,266.7799987792969,0.22212086988895427,0.11484277104040036,2020-06-18 00:00:00+00:00,11.5,low,1.0
2020-07-21 00:00:00+00:00,0.0,-4.803027528705018,264.0,0.1358767831323104,0.10826518125102988,2020-06-18 00:00:00+00:00,10.8,low,1.0
2020-07-22 00:00:00+00:00,0.0,-5.137200667279018,264.92999267578125,0.159605806781169,0.11031008404623033,2020-06-18 00:00:00+00:00,11.0,low,1.0
2020-07-23 00:00:00+00:00,0.0,-2.59292360303518,258.010009765625,0.09865208276747761,0.10443405276658184,2020-06-18 00:00:00+00:00,10.4,low,1.0
2020-07-24 00:00:00+00:00,0.0,0.3482605481843537,255.55999755859375,0.09801053941085114,0.10435877672638989,2020-06-18 00:00:00+00:00,10.4,low,1.0
2020-07-27 00:00:00+00:00,0.0,-1.3878154003255871,260.1199951171875,0.10956778393200609,0.10565925329188042,2020-06-18 00:00:00+00:00,10.6,low,1.0
2020-07-28 00:00:00+00:00,0.0,-0.10124596709506495,256.80999755859375,0.12305084970101461,0.10704787623776511,2020-06-18 00:00:00+00:00,10.7,low,1.0
2020-07-29 00:00:00+00:00,0.0,-1.2395585929418695,259.7699890136719,0.1521438490828257,0.10969222008486587,2020-06-18 00:00:00+00:00,11.0,low,1.0
2020-07-30 00:00:00+00:00,0.0,-0.10722581628355154,261.1300048828125,0.1541060857206763,0.10985675545713598,2020-06-18 00:00:00+00:00,11.0,low,1.0
2020-07-31 00:00:00+00:00,0.0,-0.43643614312661727,265.7900085449219,0.22235184607033734,0.11485788646058999,2020-06-18 00:00:00+00:00,11.5,low,1.0
2020-08-03 00:00:00+00:00,0.0,-1.763308305702338,269.3800048828125,0.20167059932899348,0.11346405822739222,2020-06-18 00:00:00+00:00,11.3,low,1.0
2020-08-04 00:00:00+00:00,0.0,-2.1266365471411808,270.3800048828125,0.10945801314870726,0.10564741879540486,2020-06-18 00:00:00+00:00,10.6,low,1.0
2020-08-05 00:00:00+00:00,0.0,-2.36856048673203,271.04998779296875,0.07823837114824465,0.1018178004838113,2020-06-18 00:00:00+00:00,10.2,low,1.0
2020-08-06 00:00:00+00:00,0.0,-3.6447746984133667,274.6400146484375,0.09735353052610496,0.10428127957301572,2020-06-18 00:00:00+00:00,10.4,low,1.0
2020-08-07 00:00:00+00:00,0.0,-2.519614066796927,271.4700012207031,0.15891957988502373,0.11025413172679148,2020-06-18 00:00:00+00:00,11.0,low,1.0
2020-08-10 00:00:00+00:00,0.0,-2.1012884196227377,270.30999755859375,0.09324557712166158,0.10378705508474165,2020-06-18 00:00:00+00:00,10.4,low,1.0
2020-08-11 00:00:00+00:00,0.0,0.822049344135034,265.19000244140625,0.09525111408883101,0.10403046242018814,2020-06-18 00:00:00+00:00,10.4,low,1.0
2020-08-12 00:00:00+00:00,0.0,-0.8092333583436973,271.8599853515625,0.16568256225834632,0.11079831656122517,2020-06-18 00:00:00+00:00,11.1,low,1.0
2020-08-13 00:00:00+00:00,0.0,-2.047862912822518,272.4800109863281,0.19861124994635682,0.11325033533867683,2020-06-18 00:00:00+00:00,11.3,low,1.0
2020-08-14 00:00:00+00:00,0.0,-1.932690217095745,272.1600036621094,0.18521999882281132,0.11228874256895685,2020-06-18 00:00:00+00:00,11.2,low,1.0
2020-08-17 00:00:00+00:00,0.0,-3.058264275657563,275.32000732421875,0.16496474863100527,0.1107413051800282,2020-06-18 00:00:00+00:00,11.1,low,1.0
2020-08-18 00:00:00+00:00,0.0,-3.9824467660556473,277.9700012207031,0.20593553098090642,0.11375857230574173,2020-06-18 00:00:00+00:00,11.4,low,1.0
2020-08-19 00:00:00+00:00,0.0,-3.4118121041267213,276.1000061035156,0.17749508286914953,0.1117128812496801,2020-06-18 00:00:00+00:00,11.2,low,1.0
2020-08-20 00:00:00+00:00,0.0,-6.18011225864098,279.92999267578125,0.35542462193687685,0.12249852336252817,2020-06-18 00:00:00+00:00,12.2,low,1.0
2020-08-21 00:00:00+00:00,0.0,-7.71987446076986,281.8699951171875,0.3577386889470968,0.12261920859358191,2020-06-18 00:00:00+00:00,12.3,low,1.0
2020-08-24 00:00:00+00:00,0.0,-8.292500485259936,283.6300048828125,0.10976286522125067,0.10568026244378428,2020-06-18 00:00:00+00:00,10.6,low,1.0
2020-08-25 00:00:00+00:00,0.0,-9.00790642955207,285.8599853515625,0.16560425563963863,0.11079210555177627,2020-06-18 00:00:00+00:00,11.1,low,1.0
2020-08-26 00:00:00+00:00,1.0,-10.909031043870332,291.9599914550781,0.22211609463147444,0.11484245844037928,2020-06-18 00:00:00+00:00,11.5,low,1.0
2020-08-27 00:00:00+00:00,1.0,-10.630477147937444,291.04998779296875,0.20333897531155593,0.11357973520940555,2020-06-18 00:00:00+00:00,11.4,low,1.0
2020-08-28 00:00:00+00:00,1.0,-11.082628640830128,292.5299987792969,0.07513547341896845,0.1013726944174041,2020-06-18 00:00:00+00:00,10.1,low,1.0
2020-08-31 00:00:00+00:00,1.0,-11.791243541612072,294.8800048828125,0.09620946232085972,0.10414533375598754,2020-06-18 00:00:00+00:00,10.4,low,1.0
2020-09-01 00:00:00+00:00,1.0,-13.273548377512356,299.9200134277344,0.1162095698305509,0.10635878774866574,2020-06-18 00:00:00+00:00,10.6,low,1.0
2020-09-02 00:00:00+00:00,1.0,-14.087073272021321,302.760009765625,0.11983869042810454,0.10672808041322214,2020-06-18 00:00:00+00:00,10.7,low,1.0
2020-09-03 00:00:00+00:00,0.0,-9.49863190657826,287.4100036621094,0.4452064248363351,0.12705749865507607,2020-06-18 00:00:00+00:00,12.7,low,1.0
2020-09-04 00:00:00+00:00,0.0,-8.276324963687864,283.5799865722656,0.4159931493442169,0.12559387802794358,2020-06-18 00:00:00+00:00,12.6,low,1.0
2020-09-08 00:00:00+00:00,0.0,-3.645129250048784,269.95001220703125,0.5379285844462451,0.13172049801490096,2020-06-18 00:00:00+00:00,13.2,low,1.0
2020-09-09 00:00:00+00:00,0.0,-6.394853612710982,277.8800048828125,0.7493662711842478,0.1441943724470449,2020-06-18 00:00:00+00:00,14.4,low,1.0
2020-09-10 00:00:00+00:00,0.0,-4.490714236169124,272.3399963378906,0.7576632582994617,0.1448088809219075,2020-06-18 00:00:00+00:00,14.5,low,1.0
2020-09-11 00:00:00+00:00,0.0,-3.823267291093113,270.45001220703125,0.6962377086794302,0.14058317790794053,2020-06-18 00:00:00+00:00,14.1,low,1.0
2020-09-14 00:00:00+00:00,0.0,-5.469551573719256,275.1600036621094,0.779839779060169,0.1465373337092571,2020-06-18 00:00:00+00:00,14.7,low,1.0
2020-09-15 00:00:00+00:00,0.0,-6.790658773317137,279.05999755859375,0.7006328551387405,0.1408639402361936,2020-06-18 00:00:00+00:00,14.1,low,1.0
2020-09-16 00:00:00+00:00,0.0,-5.280215860117665,274.6099853515625,0.6384040520883495,0.1371109553080083,2020-06-18 00:00:00+00:00,13.7,low,1.0
2020-09-17 00:00:00+00:00,0.0,-3.777013057124723,270.32000732421875,0.7310202113517793,0.14288899783281656,2020-06-18 00:00:00+00:00,14.3,low,1.0
2020-09-18 00:00:00+00:00,0.0,-2.533072240907619,266.8699951171875,0.6260814831357283,0.13641472787112946,2020-06-18 00:00:00+00:00,13.6,low,1.0
2020-09-21 00:00:00+00:00,0.0,-2.3513170779787873,267.510009765625,0.5304378984545833,0.13133787734569238,2020-06-18 00:00:00+00:00,13.1,low,1.0
2020-09-22 00:00:00+00:00,0.0,-4.132416805499162,272.4800109863281,0.4942876954306817,0.12951123540883716,2020-06-18 00:00:00+00:00,13.0,low,1.0
2020-09-23 00:00:00+00:00,0.0,-1.1129627500940154,264.1600036621094,0.46766672596967707,0.12817911578644567,2020-06-18 00:00:00+00:00,12.8,low,1.0
2020-09-24 00:00:00+00:00,0.0,-0.4107264008831324,265.3900146484375,0.5675749612721229,0.13325455203170847,2020-06-18 00:00:00+00:00,13.3,low,1.0
2020-09-25 00:00:00+00:00,0.0,0.04051254607810861,271.55999755859375,0.6257979228930977,0.136398853985688,2020-06-18 00:00:00+00:00,13.6,low,1.0
2020-09-28 00:00:00+00:00,0.0,-1.3564248196413442,277.20001220703125,0.633303099337841,0.13682120024549746,2020-06-18 00:00:00+00:00,13.7,low,1.0
2020-09-29 00:00:00+00:00,0.0,-0.9095885684331395,275.95001220703125,0.4061391502183077,0.1250973284903497,2020-06-18 00:00:00+00:00,12.5,low,1.0
2020-09-30 00:00:00+00:00,0.0,-2.3250761374261963,277.8399963378906,0.45800135663743696,0.12769648917258783,2020-06-18 00:00:00+00:00,12.8,low,1.0
2020-10-01 00:00:00+00:00,0.0,-3.851194018489812,282.25,0.32311976533487463,0.12078434036215686,2020-06-18 00:00:00+00:00,12.1,low,1.0
2020-10-02 00:00:00+00:00,0.0,-2.6393461043389466,274.30999755859375,0.3974977060035209,0.12466014914126262,2020-06-18 00:00:00+00:00,12.5,low,1.0
2020-10-05 00:00:00+00:00,0.0,-4.708024796185473,280.1600036621094,0.4198489937212958,0.1257876901846451,2020-06-18 00:00:00+00:00,12.6,low,1.0
2020-10-06 00:00:00+00:00,0.0,-2.976450913070705,275.1600036621094,0.24563259398193837,0.11633632595977056,2020-06-18 00:00:00+00:00,11.6,low,1.0
2020-10-07 00:00:00+00:00,0.0,-4.626325945205945,279.9200134277344,0.16236090182862567,0.11053302957590956,2020-06-18 00:00:00+00:00,11.1,low,1.0
2020-10-08 00:00:00+00:00,0.0,-5.131303881700111,281.4100036621094,0.16643550367007756,0.11085793306175841,2020-06-18 00:00:00+00:00,11.1,low,1.0
2020-10-09 00:00:00+00:00,0.0,-6.559095164623063,285.7099914550781,0.17589986441119324,0.11159186310665528,2020-06-18 00:00:00+00:00,11.2,low,1.0
2020-10-12 00:00:00+00:00,0.0,-9.35728030177515,294.5299987792969,0.13601320650857712,0.10827765788744796,2020-06-18 00:00:00+00:00,10.8,low,1.0
2020-10-13 00:00:00+00:00,0.0,-9.35419965389509,294.5199890136719,0.17991691010461747,0.11189520527599683,2020-06-18 00:00:00+00:00,11.2,low,1.0
2020-10-14 00:00:00+00:00,0.0,-8.590699358907239,292.05999755859375,0.36921444114438823,0.12321423389532914,2020-06-18 00:00:00+00:00,12.3,low,1.0
2020-10-15 00:00:00+00:00,0.0,-7.973114235150714,290.1000061035156,0.41080931763661926,0.1253328998772136,2020-06-18 00:00:00+00:00,12.5,low,1.0
2020-10-16 00:00:00+00:00,0.0,-7.46594843014986,288.510009765625,0.2080319429391626,0.14472946958012586,2020-09-17 00:00:00+00:00,14.5,low,1.0
2020-10-19 00:00:00+00:00,0.0,-5.930228081807753,283.79998779296875,0.27329772754887954,0.13466630233007915,2020-09-17 00:00:00+00:00,13.5,low,1.0
2020-10-20 00:00:00+00:00,0.0,-6.131993325426654,284.4100036621094,0.2922571422552472,0.13214316873279996,2020-09-17 00:00:00+00:00,13.2,low,1.0
2020-10-21 00:00:00+00:00,0.0,-6.059326884397887,284.19000244140625,0.24656571366354008,0.13849362263299667,2020-09-17 00:00:00+00:00,13.8,low,1.0
2020-10-22 00:00:00+00:00,0.0,-6.056017981080341,284.17999267578125,0.26914322690489445,0.13523902092461426,2020-09-17 00:00:00+00:00,13.5,low,1.0
2020-10-23 00:00:00+00:00,0.0,-6.240777419092081,284.739990234375,0.1758340324409241,0.15084326664700662,2020-09-17 00:00:00+00:00,15.1,low,1.0
2020-10-26 00:00:00+00:00,0.0,-4.813349000336331,280.4700012207031,0.1493804013395503,0.15675510340957172,2020-09-17 00:00:00+00:00,15.7,low,1.0
2020-10-27 00:00:00+00:00,0.0,-5.5508392549806995,282.6600036621094,0.09950432390631428,0.17158421387235773,2020-09-17 00:00:00+00:00,17.2,low,1.0
2020-10-28 00:00:00+00:00,0.0,-1.7191920099763003,271.6400146484375,0.24403369486550916,0.13887495318723234,2020-09-17 00:00:00+00:00,13.9,low,1.0
2020-10-29 00:00:00+00:00,0.0,-3.4082321822358264,276.3900146484375,0.32855047065051296,0.12766658967731834,2020-09-17 00:00:00+00:00,12.8,low,1.0
2020-10-30 00:00:00+00:00,0.0,-0.8946483103516867,269.3800048828125,0.3391777425563877,0.12642954342457466,2020-09-17 00:00:00+00:00,12.6,low,1.0
2020-11-02 00:00:00+00:00,0.0,0.31853667551930975,269.9800109863281,0.11693652553376203,0.16566288456686454,2020-09-17 00:00:00+00:00,16.6,low,1.0
2020-11-03 00:00:00+00:00,0.0,2.173676079873932,274.6499938964844,0.11146064715986052,0.16741694346831482,2020-09-17 00:00:00+00:00,16.7,low,1.0
2020-11-04 00:00:00+00:00,0.0,-2.1923280696512615,286.9100036621094,0.14000988951732238,0.15910603532021578,2020-09-17 00:00:00+00:00,15.9,low,1.0
2020-11-05 00:00:00+00:00,0.0,-4.677475065753933,294.3900146484375,0.1945162535405908,0.14717619094771142,2020-09-17 00:00:00+00:00,14.7,low,1.0
2020-11-06 00:00:00+00:00,0.0,-4.748647679976137,294.6099853515625,0.19938728551308257,0.1462761832879189,2020-09-17 00:00:00+00:00,14.6,low,1.0
2020-11-09 00:00:00+00:00,0.0,-2.761703912761959,288.5899963378906,0.07905257079423567,0.1801258482178369,2020-09-17 00:00:00+00:00,18.0,low,1.0
2020-11-10 00:00:00+00:00,0.0,-0.014116344303993777,283.4200134277344,0.09204608838045912,0.1744616654301668,2020-09-17 00:00:00+00:00,17.4,low,1.0
2020-11-11 00:00:00+00:00,0.0,-0.8662374658446659,289.760009765625,0.16191129822832626,0.1538344208344462,2020-09-17 00:00:00+00:00,15.4,low,1.0
2020-11-12 00:00:00+00:00,0.0,-0.18377211876332566,288.3999938964844,0.20417837998149954,0.1454112476462476,2020-09-17 00:00:00+00:00,14.5,low,1.0
2020-11-13 00:00:00+00:00,0.0,-0.9830493326790535,290.92999267578125,0.20983823166140703,0.14441400796769255,2020-09-17 00:00:00+00:00,14.4,low,1.0
2020-11-16 00:00:00+00:00,0.0,-1.7496605283870759,293.20001220703125,0.1376705048713825,0.15971800394602592,2020-09-17 00:00:00+00:00,16.0,low,1.0
2020-11-17 00:00:00+00:00,0.0,-1.437021195240351,292.2699890136719,0.1658999298917119,0.1529521666458716,2020-09-17 00:00:00+00:00,15.3,low,1.0
2020-11-18 00:00:00+00:00,0.0,-0.7031740134251674,290.1099853515625,0.1547009798075618,0.15548595026546513,2020-09-17 00:00:00+00:00,15.5,low,1.0
2020-11-19 00:00:00+00:00,0.0,-1.4741081765564767,292.3800048828125,0.18979445249811078,0.14806958570420367,2020-09-17 00:00:00+00:00,14.8,low,1.0
2020-11-20 00:00:00+00:00,0.0,-0.7955084784594502,290.3800048828125,0.16995160083396715,0.1520773254550147,2020-09-17 00:00:00+00:00,15.2,low,1.0
2020-11-23 00:00:00+00:00,0.0,-0.261720351006256,290.3900146484375,0.11735276510157605,0.1655330841877266,2020-09-17 00:00:00+00:00,16.6,low,1.0
2020-11-24 00:00:00+00:00,0.0,0.04074952174757396,294.4700012207031,0.10149476180688921,0.17085492077882702,2020-09-17 00:00:00+00:00,17.1,low,1.0
2020-11-25 00:00:00+00:00,0.0,-0.506277847367409,296.2799987792969,0.04050829349033408,0.20589197660509762,2020-09-17 00:00:00+00:00,20.6,low,1.0
2020-11-27 00:00:00+00:00,0.0,-1.4146720337702923,299.010009765625,0.04704789110163763,0.1999837930394745,2020-09-17 00:00:00+00:00,20.0,low,1.0
2020-11-30 00:00:00+00:00,0.0,-0.5106464202091932,299.6199951171875,0.043245351713835166,0.20329999931754064,2020-09-17 00:00:00+00:00,20.3,low,1.0
2020-12-01 00:00:00+00:00,0.0,-1.7695891611406833,303.4599914550781,0.07014207361311371,0.18462303439603228,2020-09-17 00:00:00+00:00,18.5,low,1.0
2020-12-02 00:00:00+00:00,0.0,-1.8956753825644768,303.8500061035156,0.08110206864887781,0.17916878034165165,2020-09-17 00:00:00+00:00,17.9,low,1.0
2020-12-03 00:00:00+00:00,0.0,-2.0343113139999813,304.2799987792969,0.0675067899146323,0.1860723871821666,2020-09-17 00:00:00+00:00,18.6,low,1.0
2020-12-04 00:00:00+00:00,0.0,-2.4319170407697155,305.5199890136719,0.036375969713585525,0.21019497202975004,2020-09-17 00:00:00+00:00,21.0,low,1.0
2020-12-07 00:00:00+00:00,0.0,-2.9812867899460915,307.25,0.051084751568308884,0.19677078927765146,2020-09-17 00:00:00+00:00,19.7,low,1.0
2020-12-08 00:00:00+00:00,0.0,-3.308576964648846,308.2900085449219,0.029155982055829633,0.21919436643044615,2020-09-17 00:00:00+00:00,21.9,low,1.0
2020-12-09 00:00:00+00:00,0.0,-1.0686672353369064,301.30999755859375,0.0356394562996523,0.21101836111305305,2020-09-17 00:00:00+00:00,21.1,low,1.0
2020-12-10 00:00:00+00:00,0.0,-1.3387504760175473,302.5199890136719,0.06349081988408627,0.1884035413282431,2020-09-17 00:00:00+00:00,18.8,low,1.0
2020-12-11 00:00:00+00:00,0.0,0.38429804162785075,301.8500061035156,0.06873256490453197,0.18539074619585594,2020-09-17 00:00:00+00:00,18.5,low,1.0
2020-12-14 00:00:00+00:00,0.0,-0.1447185992106803,304.0400085449219,0.0782824471337229,0.1804923983477149,2020-09-17 00:00:00+00:00,18.0,low,1.0
2020-12-15 00:00:00+00:00,0.0,-1.200820833348648,307.2900085449219,0.07100203737604217,0.1841628037689974,2020-09-17 00:00:00+00:00,18.4,low,1.0
2020-12-16 00:00:00+00:00,0.0,-1.7412145418852165,308.9800109863281,0.07236538705026074,0.18344539624425066,2020-09-17 00:00:00+00:00,18.3,low,1.0
2020-12-17 00:00:00+00:00,0.0,-2.379419259319737,311.0,0.04782515698090609,0.19934220526651739,2020-09-17 00:00:00+00:00,19.9,low,1.0
2020-12-18 00:00:00+00:00,0.0,-2.0834649764380986,310.05999755859375,0.07049195888049997,0.18443505156329554,2020-09-17 00:00:00+00:00,18.4,low,1.0
2020-12-21 00:00:00+00:00,0.0,-1.2106760939358918,308.9200134277344,0.08988075664729288,0.1753437489306891,2020-09-17 00:00:00+00:00,17.5,low,1.0
2020-12-22 00:00:00+00:00,0.0,-1.4785695200969173,309.760009765625,0.05535886017167401,0.19365887254456154,2020-09-17 00:00:00+00:00,19.4,low,1.0
2020-12-23 00:00:00+00:00,0.0,-0.9798894911208889,308.20001220703125,0.019433350884341734,0.23624900180921346,2020-09-17 00:00:00+00:00,23.6,low,1.0
2020-12-24 00:00:00+00:00,0.0,-1.4149130757708628,309.55999755859375,0.006922047492037348,0.2830352802952839,2020-09-17 00:00:00+00:00,28.3,low,1.0
2020-12-28 00:00:00+00:00,0.0,-2.398618451989276,312.67999267578125,0.015513132260084186,0.24604157175306637,2020-09-17 00:00:00+00:00,24.6,low,1.0
2020-12-29 00:00:00+00:00,0.0,-2.4859403731206986,312.9599914550781,0.025606375674414136,0.22457266111759538,2020-09-17 00:00:00+00:00,22.5,low,1.0
2020-12-30 00:00:00+00:00,0.0,-2.489059179645925,312.9700012207031,0.05004963310225187,0.19756740275084067,2020-09-17 00:00:00+00:00,19.8,low,1.0
2020-12-31 00:00:00+00:00,0.0,-2.7283731194735927,313.739990234375,0.04150979773077445,0.20492179667528945,2020-09-17 00:00:00+00:00,20.5,low,1.0
2021-01-04 00:00:00+00:00,0.0,-1.0765854962818677,309.30999755859375,0.06030046155654436,0.19037276416253548,2020-09-17 00:00:00+00:00,19.0,low,1.0
2021-01-05 00:00:00+00:00,0.0,-1.8854532936009138,311.8599853515625,0.028137583441303442,0.22066003514373186,2020-09-17 00:00:00+00:00,22.1,low,1.0
2021-01-06 00:00:00+00:00,0.0,0.8811833842042205,307.5400085449219,0.06600200774602,0.1869277782291404,2020-09-17 00:00:00+00:00,18.7,low,1.0
2021-01-07 00:00:00+00:00,0.0,-1.3969217920477783,314.9800109863281,0.031768063802906636,0.21567972920131667,2020-09-17 00:00:00+00:00,21.6,low,1.0
2021-01-08 00:00:00+00:00,0.0,-2.648657568054258,319.0299987792969,0.022202705756527958,0.230567265850211,2020-09-17 00:00:00+00:00,23.1,low,1.0
2021-01-11 00:00:00+00:00,0.0,-1.2213048443086238,314.4200134277344,0.03536294776768446,0.21133234210653826,2020-09-17 00:00:00+00:00,21.1,low,1.0
2021-01-12 00:00:00+00:00,0.0,-1.0639738508540941,313.9200134277344,0.03627197581228985,0.2103101122519311,2020-09-17 00:00:00+00:00,21.0,low,1.0
2021-01-13 00:00:00+00:00,0.0,-1.7276363197794797,316.0400085449219,0.03690516678703325,0.20961462263027686,2020-09-17 00:00:00+00:00,21.0,low,1.0
2021-01-14 00:00:00+00:00,0.0,-1.1993063330841935,314.3500061035156,0.026790370849447076,0.22269165292593285,2020-09-17 00:00:00+00:00,22.3,low,1.0
2021-01-15 00:00:00+00:00,0.0,0.28859887652719074,311.8599853515625,0.02675823424035839,0.22274148559202647,2020-09-17 00:00:00+00:00,22.3,low,1.0
2021-01-19 00:00:00+00:00,0.0,-1.1535646326726656,316.4100036621094,0.02978052342856261,0.22072933712162174,2020-12-16 00:00:00+00:00,22.1,low,1.0
2021-01-20 00:00:00+00:00,0.0,-3.4005558333517927,323.7699890136719,0.1322765704596005,0.16503091206138823,2020-12-16 00:00:00+00:00,16.5,low,1.0
2021-01-21 00:00:00+00:00,0.0,-4.167170056490621,326.3599853515625,0.10837190954512976,0.17215838338212455,2020-12-16 00:00:00+00:00,17.2,low,1.0
2021-01-22 00:00:00+00:00,0.0,-3.8903580418297667,325.4200134277344,0.06687448048107994,0.18972401330114133,2020-12-16 00:00:00+00:00,19.0,low,1.0
2021-01-25 00:00:00+00:00,0.0,-5.214710345748708,328.1099853515625,0.2093275260622854,0.1486539778630671,2020-12-16 00:00:00+00:00,14.9,low,1.0
2021-01-26 00:00:00+00:00,0.0,-5.353174635238367,328.5899963378906,0.1543965771891357,0.1595235275137359,2020-12-16 00:00:00+00:00,16.0,low,1.0
2021-01-27 00:00:00+00:00,0.0,-2.6390736214734867,319.42999267578125,0.1724250773842607,0.15559021916181412,2020-12-16 00:00:00+00:00,15.6,low,1.0
2021-01-28 00:00:00+00:00,0.0,-3.2490981586689838,321.32000732421875,0.15092452575700685,0.16033321934812667,2020-12-16 00:00:00+00:00,16.0,low,1.0
2021-01-29 00:00:00+00:00,0.0,-1.1698857783389194,314.55999755859375,0.4364673689503609,0.12065771177540045,2020-12-16 00:00:00+00:00,12.1,low,1.0
2021-02-01 00:00:00+00:00,0.0,-3.5791849340358617,322.4200134277344,0.18424548024549398,0.15322475956330794,2020-12-16 00:00:00+00:00,15.3,low,1.0
2021-02-02 00:00:00+00:00,0.0,-5.67016204454367,327.67999267578125,0.1778101615448774,0.15449363301172855,2020-12-16 00:00:00+00:00,15.4,low,1.0
2021-02-03 00:00:00+00:00,0.0,-8.048905918940196,326.3800048828125,0.17749873855594964,0.15455616186433377,2020-12-16 00:00:00+00:00,15.5,low,1.0
2021-02-04 00:00:00+00:00,0.0,-9.929136081936152,330.239990234375,0.30831734298784924,0.1344502410575125,2020-12-16 00:00:00+00:00,13.4,low,1.0
2021-02-05 00:00:00+00:00,1.0,-10.233575158012464,331.3599853515625,0.10492360177669245,0.17331971960571732,2020-12-16 00:00:00+00:00,17.3,low,1.0
2021-02-08 00:00:00+00:00,1.0,-10.8309778222883,333.5799865722656,0.11880719283374049,0.16886519360972538,2020-12-16 00:00:00+00:00,16.9,low,1.0
2021-02-09 00:00:00+00:00,1.0,-10.812268448534724,333.510009765625,0.04783381132289147,0.20229127651003515,2020-12-16 00:00:00+00:00,20.2,low,1.0
2021-02-10 00:00:00+00:00,1.0,-10.608561320200982,332.75,0.1383051935350829,0.1634425353264677,2020-12-16 00:00:00+00:00,16.3,low,1.0
2021-02-11 00:00:00+00:00,1.0,-11.097488150928214,334.5799865722656,0.08322398908577439,0.18169873963452,2020-12-16 00:00:00+00:00,18.2,low,1.0
2021-02-12 00:00:00+00:00,1.0,-11.591617947691358,336.45001220703125,0.09793734799601701,0.17580036040553387,2020-12-16 00:00:00+00:00,17.6,low,1.0
2021-02-16 00:00:00+00:00,1.0,-11.351849367551992,335.5400085449219,0.06632168111809883,0.190031144950856,2020-12-16 00:00:00+00:00,19.0,low,1.0
2021-02-17 00:00:00+00:00,1.0,-10.924439633719595,333.92999267578125,0.05755778813243693,0.19530684947936655,2020-12-16 00:00:00+00:00,19.5,low,1.0
2021-02-18 00:00:00+00:00,1.0,-10.53327785517244,332.4700012207031,0.05274644102192581,0.1985874217681155,2020-12-16 00:00:00+00:00,19.9,low,1.0
2021-02-19 00:00:00+00:00,1.0,-10.14137451537832,331.0199890136719,0.04224874505260721,0.20704251822646194,2020-12-16 00:00:00+00:00,20.7,low,1.0
2021-02-22 00:00:00+00:00,0.0,-7.750276034350357,322.44000244140625,0.14753352890500712,0.16114222768073513,2020-12-16 00:00:00+00:00,16.1,low,1.0
2021-02-23 00:00:00+00:00,0.0,-7.4748033961958615,321.4800109863281,0.27420001171433284,0.1388313686805237,2020-12-16 00:00:00+00:00,13.9,low,1.0
2021-02-24 00:00:00+00:00,0.0,-8.231262849432053,324.1300048828125,0.2510071056561495,0.14207941538581184,2020-12-16 00:00:00+00:00,14.2,low,1.0
2021-02-25 00:00:00+00:00,0.0,-4.916400289420942,312.8299865722656,0.14595761576387073,0.16152458255114574,2020-12-16 00:00:00+00:00,16.2,low,1.0
2021-02-26 00:00:00+00:00,0.0,-5.312918336775551,314.1400146484375,0.12433112448686343,0.1672412030674655,2020-12-16 00:00:00+00:00,16.7,low,1.0
2021-03-01 00:00:00+00:00,0.0,-8.078118738740049,323.5899963378906,0.05526572994928696,0.19683096011778253,2020-12-16 00:00:00+00:00,19.7,low,1.0
2021-03-02 00:00:00+00:00,0.0,-6.579768244676609,318.3999938964844,0.04501707667923412,0.20460701093616135,2020-12-16 00:00:00+00:00,20.5,low,1.0
2021-03-03 00:00:00+00:00,0.0,-3.7876799444847786,309.1600036621094,0.08858379848705678,0.17943056161699797,2020-12-16 00:00:00+00:00,17.9,low,1.0
2021-03-04 00:00:00+00:00,0.0,-2.1867786132897082,304.1000061035156,0.25146149002436885,0.1420133226995163,2020-12-16 00:00:00+00:00,14.2,low,1.0
2021-03-05 00:00:00+00:00,0.0,-2.9707085420945467,308.67999267578125,0.23518833814415188,0.1444492008456289,2020-12-16 00:00:00+00:00,14.4,low,1.0
2021-03-08 00:00:00+00:00,0.0,2.327135736985153,299.94000244140625,0.37078743045115475,0.12732193019655105,2020-12-16 00:00:00+00:00,12.7,low,1.0
2021-03-09 00:00:00+00:00,0.0,-1.4048736310672605,311.7699890136719,0.12485284268082712,0.16709168142295136,2020-12-16 00:00:00+00:00,16.7,low,1.0
2021-03-10 00:00:00+00:00,0.0,-1.1226165014023848,310.8800048828125,0.10267443750837955,0.1740989286616028,2020-12-16 00:00:00+00:00,17.4,low,1.0
2021-03-11 00:00:00+00:00,0.0,-3.3486333827022596,318.0400085449219,0.15778783191120416,0.15875003740399618,2020-12-16 00:00:00+00:00,15.9,low,1.0
2021-03-12 00:00:00+00:00,0.0,-2.558161740072762,315.4599914550781,0.16862575268511348,0.15638423168934962,2020-12-16 00:00:00+00:00,15.6,low,1.0
2021-03-15 00:00:00+00:00,0.0,-3.5881104054292456,318.8299865722656,0.1451276896150256,0.16172761704737842,2020-12-16 00:00:00+00:00,16.2,low,1.0
2021-03-16 00:00:00+00:00,0.0,-4.114409032472411,320.5799865722656,0.15568708703848505,0.1592272058441013,2020-12-16 00:00:00+00:00,15.9,low,1.0
2021-03-17 00:00:00+00:00,0.0,-4.507604698095447,321.8999938964844,0.17199349059103577,0.15567954750830645,2020-12-16 00:00:00+00:00,15.6,low,1.0
2021-03-18 00:00:00+00:00,0.0,-1.4901915681158395,312.0400085449219,0.3030975731528878,0.13509411615870207,2020-12-16 00:00:00+00:00,13.5,low,1.0
2021-03-19 00:00:00+00:00,0.0,-1.8362392958483853,313.1400146484375,0.33207357597663495,0.13162310473955827,2020-12-16 00:00:00+00:00,13.2,low,1.0
2021-03-22 00:00:00+00:00,0.0,-3.5215376852500646,318.6099853515625,0.3950030671849104,0.12478646549115377,2020-12-16 00:00:00+00:00,12.5,low,1.0
2021-03-23 00:00:00+00:00,0.0,-3.0987915435466196,317.2200012207031,0.29589863309549963,0.1359968664541751,2020-12-16 00:00:00+00:00,13.6,low,1.0
2021-03-24 00:00:00+00:00,0.0,-1.436489735752433,311.8699951171875,0.21734453910450105,0.14730157582169665,2020-12-16 00:00:00+00:00,14.7,low,1.0
2021-03-25 00:00:00+00:00,0.0,-0.5331876838487348,311.3299865722656,0.1988310798717241,0.1504998720795454,2020-12-16 00:00:00+00:00,15.0,low,1.0
2021-03-26 00:00:00+00:00,0.0,-1.4113897009740861,316.0,0.27187415879256116,0.13914621574017078,2020-12-16 00:00:00+00:00,13.9,low,1.0
2021-03-29 00:00:00+00:00,0.0,-1.3833038101134454,315.9100036621094,0.15435840183689462,0.15953233077138518,2020-12-16 00:00:00+00:00,16.0,low,1.0
2021-03-30 00:00:00+00:00,0.0,0.4740360777728325,314.32000732421875,0.21200754451624462,0.14819659895524007,2020-12-16 00:00:00+00:00,14.8,low,1.0
2021-03-31 00:00:00+00:00,0.0,1.153132773313681,319.1300048828125,0.26685331381454835,0.13983376714931933,2020-12-16 00:00:00+00:00,14.0,low,1.0
2021-04-01 00:00:00+00:00,0.0,0.7117101107516177,324.57000732421875,0.09883777030422772,0.175470385446676,2020-12-16 00:00:00+00:00,17.5,low,1.0
2021-04-05 00:00:00+00:00,0.0,-0.5074740183442894,331.04998779296875,0.32471285851397474,0.13248196842878276,2020-12-16 00:00:00+00:00,13.2,low,1.0
2021-04-06 00:00:00+00:00,0.0,-1.3935118091641274,330.82000732421875,0.2725888883687766,0.1390492217120443,2020-12-16 00:00:00+00:00,13.9,low,1.0
2021-04-07 00:00:00+00:00,0.0,-1.6313864488773033,331.6199951171875,0.15644726558152952,0.1590538007455079,2020-12-16 00:00:00+00:00,15.9,low,1.0
2021-04-08 00:00:00+00:00,0.0,-2.6471276926813836,335.0799865722656,0.054070920962571996,0.19765289821318013,2020-12-16 00:00:00+00:00,19.8,low,1.0
2021-04-09 00:00:00+00:00,0.0,-3.233364293590135,337.1099853515625,0.08075856496969744,0.1827948370631973,2020-12-16 00:00:00+00:00,18.3,low,1.0
2021-04-12 00:00:00+00:00,0.0,-3.3029450771541624,336.6700134277344,0.07186776252474233,0.18706771961021773,2020-12-16 00:00:00+00:00,18.7,low,1.0
2021-04-13 00:00:00+00:00,0.0,-6.335882766627177,340.6000061035156,0.07060204896889292,0.18772182071095647,2020-12-16 00:00:00+00:00,18.8,low,1.0
2021-04-14 00:00:00+00:00,0.0,-6.09491818086183,336.510009765625,0.15049875346744535,0.16043379136920677,2020-12-16 00:00:00+00:00,16.0,low,1.0
2021-04-15 00:00:00+00:00,0.0,-7.49684917002833,341.6099853515625,0.19310965341800543,0.15154522840471374,2020-12-16 00:00:00+00:00,15.2,low,1.0
2021-04-16 00:00:00+00:00,0.0,-7.605043426491909,342.010009765625,0.2823000904565911,0.1377521582402292,2020-12-16 00:00:00+00:00,13.8,low,1.0
2021-04-19 00:00:00+00:00,0.0,-6.751653845946026,338.8800048828125,0.372276962512963,0.12716287161459378,2020-12-16 00:00:00+00:00,12.7,low,1.0
2021-04-20 00:00:00+00:00,0.0,-6.067002597999194,336.4100036621094,0.19140580925730227,0.0702566560778565,2021-03-19 00:00:00+00:00,7.0,low,1.0
2021-04-21 00:00:00+00:00,0.0,-6.864336690845496,339.2900085449219,0.2960181132857091,0.06341817350616544,2021-03-19 00:00:00+00:00,6.3,low,1.0
2021-04-22 00:00:00+00:00,0.0,-5.727927060805904,335.20001220703125,0.20954897139751136,0.06885685046465342,2021-03-19 00:00:00+00:00,6.9,low,1.0
2021-04-23 00:00:00+00:00,0.0,-6.9000095755168855,339.4200134277344,0.18232017830707464,0.07100640467044401,2021-03-19 00:00:00+00:00,7.1,low,1.0
2021-04-26 00:00:00+00:00,0.0,-7.502269858177191,341.6300048828125,0.2461336252781398,0.06634948905517118,2021-03-19 00:00:00+00:00,6.6,low,1.0
2021-04-27 00:00:00+00:00,0.0,-7.0998072408708595,340.1499938964844,0.23930333425773778,0.06679050535409468,2021-03-19 00:00:00+00:00,6.7,low,1.0
2021-04-28 00:00:00+00:00,0.0,-6.784660766961648,339.0,0.13385865304904748,0.07576530152293709,2021-03-19 00:00:00+00:00,7.6,low,1.0
2021-04-29 00:00:00+00:00,0.0,-7.118923383046916,340.2200012207031,0.18598368673038604,0.0706998128909949,2021-03-19 00:00:00+00:00,7.1,low,1.0
2021-04-30 00:00:00+00:00,0.0,-6.50610694687328,337.989990234375,0.12358797726846334,0.07699971020352954,2021-03-19 00:00:00+00:00,7.7,low,1.0
2021-05-03 00:00:00+00:00,0.0,-6.005533268326479,336.19000244140625,0.06494945093049224,0.08717780463600058,2021-03-19 00:00:00+00:00,8.7,low,1.0
2021-05-04 00:00:00+00:00,0.0,-4.283035688204906,330.1400146484375,0.39014376466228373,0.058821386832447906,2021-03-19 00:00:00+00:00,5.9,low,1.0
2021-05-05 00:00:00+00:00,0.0,-3.9601248602371353,329.0299987792969,0.24785892279060606,0.06623982595210902,2021-03-19 00:00:00+00:00,6.6,low,1.0
2021-05-06 00:00:00+00:00,0.0,-4.678594705659256,331.510009765625,0.3560908275540866,0.06038053891481319,2021-03-19 00:00:00+00:00,6.0,low,1.0
2021-05-07 00:00:00+00:00,0.0,-5.44584426758089,334.20001220703125,0.204211114391011,0.06925628947655561,2021-03-19 00:00:00+00:00,6.9,low,1.0
2021-05-10 00:00:00+00:00,0.0,-2.9960736348967565,325.760009765625,0.1278017972723073,0.07648082522324015,2021-03-19 00:00:00+00:00,7.6,low,1.0
2021-05-11 00:00:00+00:00,0.0,-2.861884857048347,325.30999755859375,0.0901546227701923,0.08192787649983388,2021-03-19 00:00:00+00:00,8.2,low,1.0
2021-05-12 00:00:00+00:00,0.0,-0.18619294650963347,316.8900146484375,0.2556691073671554,0.06575172054065402,2021-03-19 00:00:00+00:00,6.6,low,1.0
2021-05-13 00:00:00+00:00,0.0,-0.9519661112870059,319.3399963378906,0.13411973091713672,0.07573521687353871,2021-03-19 00:00:00+00:00,7.6,low,1.0
2021-05-14 00:00:00+00:00,0.0,-3.0914018207134686,326.3900146484375,0.11601967936202325,0.07797983229744311,2021-03-19 00:00:00+00:00,7.8,low,1.0
2021-05-17 00:00:00+00:00,0.0,-2.4999278004964487,324.4100036621094,0.13151018250641183,0.07603867922071084,2021-03-19 00:00:00+00:00,7.6,low,1.0
2021-05-18 00:00:00+00:00,0.0,-1.8372582103242885,322.2200012207031,0.10669146898134586,0.07928481256866815,2021-03-19 00:00:00+00:00,7.9,low,1.0
2021-05-19 00:00:00+00:00,0.0,0.4029939940187077,322.5899963378906,0.21501641971277832,0.06845754258534559,2021-03-19 00:00:00+00:00,6.8,low,1.0
2021-05-20 00:00:00+00:00,0.0,-0.6659891169465637,328.8299865722656,0.18885244192162026,0.07046380863118784,2021-03-19 00:00:00+00:00,7.0,low,1.0
2021-05-21 00:00:00+00:00,0.0,-0.033642966837454935,327.010009765625,0.07399515517735575,0.08507178053584553,2021-03-19 00:00:00+00:00,8.5,low,1.0
2021-05-24 00:00:00+00:00,0.0,-1.2721454579095903,332.510009765625,0.11524630205062214,0.07808374303271076,2021-03-19 00:00:00+00:00,7.8,low,1.0
2021-05-25 00:00:00+00:00,0.0,-1.4085360315380435,332.9700012207031,0.09660562603162434,0.08083953675628655,2021-03-19 00:00:00+00:00,8.1,low,1.0
2021-05-26 00:00:00+00:00,0.0,-1.7508173519368175,334.1300048828125,0.10991989344701915,0.07881998130027085,2021-03-19 00:00:00+00:00,7.9,low,1.0
2021-05-27 00:00:00+00:00,0.0,-1.3818811692024036,332.8800048828125,0.16067336468528964,0.07295203960755953,2021-03-19 00:00:00+00:00,7.3,low,1.0
2021-05-28 00:00:00+00:00,0.0,-1.6919695805731494,333.92999267578125,0.14762230928133008,0.07425615847677396,2021-03-19 00:00:00+00:00,7.4,low,1.0
2021-06-01 00:00:00+00:00,0.0,-1.3641032525124608,332.82000732421875,0.2641718190139834,0.06523501810624682,2021-03-19 00:00:00+00:00,6.5,low,1.0
2021-06-02 00:00:00+00:00,0.0,-1.556362618048901,333.4700012207031,0.1533065173874584,0.07367439531910606,2021-03-19 00:00:00+00:00,7.4,low,1.0
2021-06-03 00:00:00+00:00,0.0,0.5393935694838925,330.0,0.11423939002796739,0.07822013611502167,2021-03-19 00:00:00+00:00,7.8,low,1.0
2021-06-04 00:00:00+00:00,0.0,-0.3754498637393744,335.6000061035156,0.2514871991261757,0.0660114048269586,2021-03-19 00:00:00+00:00,6.6,low,1.0
2021-06-07 00:00:00+00:00,0.0,-0.46643116332443224,336.6000061035156,0.18793459603217053,0.07053893626263114,2021-03-19 00:00:00+00:00,7.1,low,1.0
2021-06-08 00:00:00+00:00,0.0,-0.03266892325404225,336.760009765625,0.08957886599113182,0.08202905387891314,2021-03-19 00:00:00+00:00,8.2,low,1.0
2021-06-09 00:00:00+00:00,0.0,-0.03265210567576782,336.8399963378906,0.07020171741896042,0.08591865140743431,2021-03-19 00:00:00+00:00,8.6,low,1.0
2021-06-10 00:00:00+00:00,0.0,-0.852062243125784,340.3500061035156,0.02469133544685893,0.10378765204033796,2021-03-19 00:00:00+00:00,10.4,low,1.0
2021-06-11 00:00:00+00:00,0.0,-1.1106488500192135,341.239990234375,0.024355223077860658,0.10403751876063445,2021-03-19 00:00:00+00:00,10.4,low,1.0
2021-06-14 00:00:00+00:00,0.0,-2.049286626939162,344.510009765625,0.03446143115482036,0.09784297892482974,2021-03-19 00:00:00+00:00,9.8,low,1.0
2021-06-15 00:00:00+00:00,0.0,-1.4053635894791139,342.260009765625,0.04777986457763829,0.09224858701608908,2021-03-19 00:00:00+00:00,9.2,low,1.0
2021-06-16 00:00:00+00:00,0.0,-0.31963763721768457,341.010009765625,0.045684517324564786,0.09300369030278433,2021-03-19 00:00:00+00:00,9.3,low,1.0
2021-06-17 00:00:00+00:00,0.0,-1.5028674629185446,345.3399963378906,0.2460512923320415,0.06635473942084809,2021-03-19 00:00:00+00:00,6.6,low,1.0
2021-06-18 00:00:00+00:00,0.0,-0.7238160555075535,342.6300048828125,0.19060144036907703,0.0703216238707078,2021-03-19 00:00:00+00:00,7.0,low,1.0
2021-06-21 00:00:00+00:00,0.0,-0.15100157851993812,344.3599853515625,0.17749050946688286,0.07141992850035289,2021-03-19 00:00:00+00:00,7.1,low,1.0
2021-06-22 00:00:00+00:00,0.0,-0.1985218594430127,347.57000732421875,0.10586635457474429,0.0794060062203185,2021-03-19 00:00:00+00:00,7.9,low,1.0
2021-06-23 00:00:00+00:00,0.0,0.3163300553307824,347.739990234375,0.07199184821375344,0.08551293609334247,2021-03-19 00:00:00+00:00,8.6,low,1.0
2021-06-24 00:00:00+00:00,0.0,-0.30009953602189166,349.8900146484375,0.15986044556018042,0.07303009645546266,2021-03-19 00:00:00+00:00,7.3,low,1.0
2021-06-25 00:00:00+00:00,0.0,0.3605590901489375,349.4599914550781,0.12427784808706038,0.07691351022746287,2021-03-19 00:00:00+00:00,7.7,low,1.0
2021-06-28 00:00:00+00:00,0.0,-0.4721333721126597,353.7099914550781,0.3486737384100362,0.06073367452864306,2021-03-19 00:00:00+00:00,6.1,low,1.0
2021-06-29 00:00:00+00:00,0.0,-0.8310041890210673,354.989990234375,0.2290526837314561,0.06747422015222138,2021-03-19 00:00:00+00:00,6.7,low,1.0
2021-06-30 00:00:00+00:00,0.0,-0.6743176876246038,354.42999267578125,0.2148806056641648,0.0684673455918722,2021-03-19 00:00:00+00:00,6.8,low,1.0
2021-07-01 00:00:00+00:00,0.0,-0.7135399856264324,354.57000732421875,0.04240865657971012,0.09426521410342283,2021-03-19 00:00:00+00:00,9.4,low,1.0
2021-07-02 00:00:00+00:00,0.0,-1.840287149772002,358.6400146484375,0.48559193554536795,0.05484016613169542,2021-03-19 00:00:00+00:00,5.5,low,1.0
2021-07-06 00:00:00+00:00,0.0,-2.26269297905074,360.19000244140625,0.5312124618722391,0.05305980759322216,2021-03-19 00:00:00+00:00,5.3,low,1.0
2021-07-07 00:00:00+00:00,0.0,-2.4684868709739294,360.95001220703125,0.46981187995045676,0.05546967862701326,2021-03-19 00:00:00+00:00,5.5,low,1.0
2021-07-08 00:00:00+00:00,0.0,-1.8758482244437547,358.7699890136719,0.14592496562862475,0.07443429704573176,2021-03-19 00:00:00+00:00,7.4,low,1.0
2021-07-09 00:00:00+00:00,0.0,-2.4846959857225626,361.010009765625,0.36396631530775103,0.06001122962907125,2021-03-19 00:00:00+00:00,6.0,low,1.0
2021-07-12 00:00:00+00:00,0.0,-2.8640815899319105,362.4200134277344,0.3568553954269272,0.060344435809351886,2021-03-19 00:00:00+00:00,6.0,low,1.0
2021-07-13 00:00:00+00:00,0.0,-2.8640815899319105,362.4200134277344,0.3331568785316542,0.06149051172830421,2021-03-19 00:00:00+00:00,6.1,low,1.0
2021-07-14 00:00:00+00:00,0.0,-3.0379812589276134,363.07000732421875,0.39183426421237244,0.058746368426118314,2021-03-19 00:00:00+00:00,5.9,low,1.0
2021-07-15 00:00:00+00:00,0.0,-2.3521526481652066,360.5199890136719,0.12185549031665331,0.07721841958642923,2021-03-19 00:00:00+00:00,7.7,low,1.0
2021-07-16 00:00:00+00:00,0.0,-1.554809134143098,357.6000061035156,0.14527514045516,0.07450305667669818,2021-03-19 00:00:00+00:00,7.5,low,1.0
2021-07-19 00:00:00+00:00,0.0,-0.24530566493546901,354.6700134277344,0.11309528459687397,0.0783766577391364,2021-03-19 00:00:00+00:00,7.8,low,1.0
2021-07-20 00:00:00+00:00,0.0,-0.18674249889276684,358.7900085449219,0.27313304194568533,0.06424840290679891,2021-06-18 00:00:00+00:00,6.4,low,1.0
2021-07-21 00:00:00+00:00,0.0,-0.38720928917406194,361.55999755859375,0.25457926157670274,0.0635042092733914,2021-06-18 00:00:00+00:00,6.4,low,1.0
2021-07-22 00:00:00+00:00,0.0,-1.0963101025212807,363.95001220703125,0.18596679500373609,0.06045980563243123,2021-06-18 00:00:00+00:00,6.0,low,1.0
2021-07-23 00:00:00+00:00,0.0,-2.2379197389379546,368.20001220703125,0.7125276363507806,0.08069955255669273,2021-06-18 00:00:00+00:00,8.1,low,1.0
2021-07-26 00:00:00+00:00,0.0,-2.3148522362497426,368.489990234375,0.5503473827059893,0.07413871649561561,2021-06-18 00:00:00+00:00,7.4,low,1.0
2021-07-27 00:00:00+00:00,0.0,-1.2265733640315135,364.42999267578125,0.45502861275543166,0.07079110371477233,2021-06-18 00:00:00+00:00,7.1,low,1.0
2021-07-28 00:00:00+00:00,0.0,-1.6045691530614747,365.8299865722656,0.39820028239695937,0.0688239922878485,2021-06-18 00:00:00+00:00,6.9,low,1.0
2021-07-29 00:00:00+00:00,0.0,-1.779092811556704,366.4800109863281,0.197694634519686,0.06102208159088659,2021-06-18 00:00:00+00:00,6.1,low,1.0
2021-07-30 00:00:00+00:00,0.0,-1.2645077149862294,364.57000732421875,0.3747310304641005,0.0680021535391315,2021-06-18 00:00:00+00:00,6.8,low,1.0
2021-08-02 00:00:00+00:00,0.0,-1.272631533396118,364.6000061035156,0.26287739950601513,0.06384021143640978,2021-06-18 00:00:00+00:00,6.4,low,1.0
2021-08-03 00:00:00+00:00,0.0,-1.86745349066485,366.80999755859375,0.3112107795410458,0.06570694067472924,2021-06-18 00:00:00+00:00,6.6,low,1.0
2021-08-04 00:00:00+00:00,0.0,-2.009039297758408,367.3399963378906,0.2926510462198658,0.06500616771009034,2021-06-18 00:00:00+00:00,6.5,low,1.0
2021-08-05 00:00:00+00:00,0.0,-2.6266728757955993,369.6700134277344,0.1655234418691993,0.059423078228428086,2021-06-18 00:00:00+00:00,5.9,low,1.0
2021-08-06 00:00:00+00:00,0.0,-2.1980699921776203,368.04998779296875,0.1104516015274853,0.0561031148134454,2021-06-18 00:00:00+00:00,5.6,low,1.0
2021-08-09 00:00:00+00:00,0.0,-2.378439310592262,368.7300109863281,0.07151267316664614,0.05289877378200705,2021-06-18 00:00:00+00:00,5.3,low,1.0
2021-08-10 00:00:00+00:00,0.0,-1.8754783969835764,366.8399963378906,0.16398921617547274,0.05934196618237007,2021-06-18 00:00:00+00:00,5.9,low,1.0
2021-08-11 00:00:00+00:00,0.0,-1.7066710755669456,366.2099914550781,0.09693567309695256,0.055107193196209873,2021-06-18 00:00:00+00:00,5.5,low,1.0
2021-08-12 00:00:00+00:00,0.0,-2.059697806808025,367.5299987792969,0.10172576760009909,0.05547151659265627,2021-06-18 00:00:00+00:00,5.5,low,1.0
2021-08-13 00:00:00+00:00,0.0,-2.402260097932285,368.82000732421875,0.07169918437882264,0.052917084861025886,2021-06-18 00:00:00+00:00,5.3,low,1.0
2021-08-16 00:00:00+00:00,0.0,-2.444582162361153,368.9800109863281,0.10246273606792126,0.05552640529477929,2021-06-18 00:00:00+00:00,5.6,low,1.0
2021-08-17 00:00:00+00:00,0.0,-1.5776718775932452,365.7300109863281,0.08485248629645845,0.054122501875724115,2021-06-18 00:00:00+00:00,5.4,low,1.0
2021-08-18 00:00:00+00:00,0.0,-0.6211866191104365,362.2099914550781,0.09156201718259574,0.054681716755446405,2021-06-18 00:00:00+00:00,5.5,low,1.0
2021-08-19 00:00:00+00:00,0.0,0.2143089343909832,363.9599914550781,0.09792956892446128,0.05518389625366362,2021-06-18 00:00:00+00:00,5.5,low,1.0
2021-08-20 00:00:00+00:00,0.0,-1.8491877484537733,367.7300109863281,0.13483239635895866,0.05769128193765021,2021-06-18 00:00:00+00:00,5.8,low,1.0
2021-08-23 00:00:00+00:00,0.0,-3.2955598286541377,373.2300109863281,0.04733747926668209,0.05011068385389703,2021-06-18 00:00:00+00:00,5.0,low,1.0
2021-08-24 00:00:00+00:00,0.0,-3.5900319514653334,374.3699951171875,0.02429736923262103,0.045996944575255376,2021-06-18 00:00:00+00:00,4.6,low,1.0
2021-08-25 00:00:00+00:00,0.0,-3.7006391592651178,374.79998779296875,0.02486525618045433,0.04613250996985582,2021-06-18 00:00:00+00:00,4.6,low,1.0
2021-08-26 00:00:00+00:00,0.0,-3.0852318182902128,372.4200134277344,0.04246892909728701,0.04941088640019756,2021-06-18 00:00:00+00:00,4.9,low,1.0
2021-08-27 00:00:00+00:00,0.0,-4.018193683062732,376.0400085449219,0.03986684053731271,0.04900902886259947,2021-06-18 00:00:00+00:00,4.9,low,1.0
2021-08-30 00:00:00+00:00,0.0,-5.498870016596635,380.260009765625,0.13441508454832912,0.057665923337938914,2021-06-18 00:00:00+00:00,5.8,low,1.0
2021-08-31 00:00:00+00:00,0.0,-5.608631892076932,379.95001220703125,0.11460253359284706,0.056390530178098974,2021-06-18 00:00:00+00:00,5.6,low,1.0
2021-09-01 00:00:00+00:00,0.0,-6.1695258019805355,380.5799865722656,0.11180805660186711,0.056197907480656936,2021-06-18 00:00:00+00:00,5.6,low,1.0
2021-09-02 00:00:00+00:00,0.0,-6.8401654656052635,380.3999938964844,0.1323202750242023,0.057537774505858764,2021-06-18 00:00:00+00:00,5.8,low,1.0
2021-09-03 00:00:00+00:00,0.0,-8.189847053006705,381.57000732421875,0.07886479182073854,0.0535935160542123,2021-06-18 00:00:00+00:00,5.4,low,1.0
2021-09-07 00:00:00+00:00,0.0,-8.319588402824696,382.1099853515625,0.032137185805410876,0.04766963852380802,2021-06-18 00:00:00+00:00,4.8,low,1.0
2021-09-08 00:00:00+00:00,0.0,-7.999367496382859,380.7799987792969,0.05721136790699134,0.05136445205880221,2021-06-18 00:00:00+00:00,5.1,low,1.0
2021-09-09 00:00:00+00:00,0.0,-7.681765041429578,379.4700012207031,0.03153099270299054,0.04755347095521326,2021-06-18 00:00:00+00:00,4.8,low,1.0
2021-09-10 00:00:00+00:00,0.0,-6.975753277870256,376.5899963378906,0.055775570405730064,0.05119375432657148,2021-06-18 00:00:00+00:00,5.1,low,1.0
2021-09-13 00:00:00+00:00,0.0,-6.911481990833135,376.3299865722656,0.08428644909885931,0.05407377001829004,2021-06-18 00:00:00+00:00,5.4,low,1.0
2021-09-14 00:00:00+00:00,0.0,-6.646059210248101,375.260009765625,0.05170594376356788,0.0506895842596683,2021-06-18 00:00:00+00:00,5.1,low,1.0
2021-09-15 00:00:00+00:00,0.0,-7.335003667275808,378.04998779296875,0.09216579532108247,0.054730465408410596,2021-06-18 00:00:00+00:00,5.5,low,1.0
2021-09-16 00:00:00+00:00,0.0,-7.398691658958823,378.30999755859375,0.07375943745573778,0.05311687098884297,2021-06-18 00:00:00+00:00,5.3,low,1.0
2021-09-17 00:00:00+00:00,0.0,-6.288949547256861,373.8299865722656,0.05242148967927354,0.05078053417928203,2021-06-18 00:00:00+00:00,5.1,low,1.0
2021-09-20 00:00:00+00:00,0.0,-4.205634227352862,365.70001220703125,0.1042802840440087,0.05566050942431532,2021-06-18 00:00:00+00:00,5.6,low,1.0
2021-09-21 00:00:00+00:00,0.0,-4.32336114601738,366.1499938964844,0.047979720713939585,0.05019848723888359,2021-06-18 00:00:00+00:00,5.0,low,1.0
2021-09-22 00:00:00+00:00,0.0,-5.2087560187513375,369.57000732421875,0.041482431998253924,0.049261018680578986,2021-06-18 00:00:00+00:00,4.9,low,1.0
2021-09-23 00:00:00+00:00,0.0,-6.075393585352218,372.9800109863281,0.035117439277578696,0.048215204416738836,2021-06-18 00:00:00+00:00,4.8,low,1.0
2021-09-24 00:00:00+00:00,0.0,-6.163442551002484,373.3299865722656,0.03740787774001574,0.048608587320986746,2021-06-18 00:00:00+00:00,4.9,low,1.0
2021-09-27 00:00:00+00:00,0.0,-5.408397043119894,370.3500061035156,0.04399773745755725,0.04963751073612217,2021-06-18 00:00:00+00:00,5.0,low,1.0
2021-09-28 00:00:00+00:00,0.0,-2.653732715298729,359.8699951171875,0.12341205582862119,0.056975950015515614,2021-06-18 00:00:00+00:00,5.7,low,1.0
2021-09-29 00:00:00+00:00,0.0,-2.4938742723004115,359.2799987792969,0.06958226195776876,0.052706977129985656,2021-06-18 00:00:00+00:00,5.3,low,1.0
2021-09-30 00:00:00+00:00,0.0,-2.134312301160657,357.9599914550781,0.07129100602755127,0.05287696160490222,2021-06-18 00:00:00+00:00,5.3,low,1.0
2021-10-01 00:00:00+00:00,0.0,-2.7375161175146268,360.17999267578125,0.06255671605910453,0.0519707781816329,2021-06-18 00:00:00+00:00,5.2,low,1.0
2021-10-04 00:00:00+00:00,0.0,0.1503030986999887,352.6199951171875,0.33044968157388943,0.06641662641390271,2021-06-18 00:00:00+00:00,6.6,low,1.0
2021-10-05 00:00:00+00:00,0.0,-1.183617138209836,357.3800048828125,0.18504396900540362,0.060414632185866506,2021-06-18 00:00:00+00:00,6.0,low,1.0
2021-10-06 00:00:00+00:00,0.0,-0.886924770570896,359.6700134277344,0.23301185396119095,0.06260356932440174,2021-06-18 00:00:00+00:00,6.3,low,1.0
2021-10-07 00:00:00+00:00,0.0,-1.7880238621782896,362.9700012207031,0.09761501884363483,0.0551596856707744,2021-06-18 00:00:00+00:00,5.5,low,1.0
2021-10-08 00:00:00+00:00,0.0,-1.2958225241795351,361.1600036621094,0.06418967610363792,0.052147618513693726,2021-06-18 00:00:00+00:00,5.2,low,1.0
2021-10-11 00:00:00+00:00,0.0,-0.532939977131619,358.3900146484375,0.05693022025704125,0.051331304702360976,2021-06-18 00:00:00+00:00,5.1,low,1.0
2021-10-12 00:00:00+00:00,0.0,0.0811944938819531,357.1400146484375,0.058969351004308,0.05156876100368917,2021-06-18 00:00:00+00:00,5.2,low,1.0
2021-10-13 00:00:00+00:00,0.0,0.8361138237847232,360.0,0.05322558614342456,0.05088153087960235,2021-06-18 00:00:00+00:00,5.1,low,1.0
2021-10-14 00:00:00+00:00,0.0,0.05182402936905195,366.6300048828125,0.0681473719700064,0.05256163666279032,2021-06-18 00:00:00+00:00,5.3,low,1.0
2021-10-15 00:00:00+00:00,0.0,-0.5285445313946258,368.94000244140625,0.05873565892449035,0.05154188995863954,2021-06-18 00:00:00+00:00,5.2,low,1.0
2021-10-18 00:00:00+00:00,0.0,-0.06976499458070107,372.6499938964844,0.038706158214817335,0.028712268562802998,2021-09-17 00:00:00+00:00,2.9,low,1.0
2021-10-19 00:00:00+00:00,0.0,-0.8203016385469386,375.4700012207031,0.031014789652756853,0.02755984042881231,2021-09-17 00:00:00+00:00,2.8,low,1.0
2021-10-20 00:00:00+00:00,0.0,-0.6907025073357942,374.9800109863281,0.07036884347363738,0.032128246531045936,2021-09-17 00:00:00+00:00,3.2,low,1.0
2021-10-21 00:00:00+00:00,0.0,-1.2934965693911948,377.2699890136719,0.06005788573555051,0.031174343730683132,2021-09-17 00:00:00+00:00,3.1,low,1.0
2021-10-22 00:00:00+00:00,0.0,-0.14434871320810894,374.1000061035156,0.09361994835131845,0.033951584294670684,2021-09-17 00:00:00+00:00,3.4,low,1.0
2021-10-25 00:00:00+00:00,0.0,-0.005289078416437221,377.92999267578125,0.09106988756714991,0.0337687808278962,2021-09-17 00:00:00+00:00,3.4,low,1.0
2021-10-26 00:00:00+00:00,0.0,0.05011670285222092,379.1199951171875,0.08943450195568738,0.03364962302515725,2021-09-17 00:00:00+00:00,3.4,low,1.0
2021-10-27 00:00:00+00:00,0.0,0.1842137386924403,380.0,0.06555055757927941,0.03169647131480971,2021-09-17 00:00:00+00:00,3.2,low,1.0
2021-10-28 00:00:00+00:00,0.0,-0.9161389314685686,384.2200012207031,0.022916057710963722,0.02606990743238628,2021-09-17 00:00:00+00:00,2.6,low,1.0
2021-10-29 00:00:00+00:00,0.0,-0.43769184635029657,386.1099853515625,0.038280025265464215,0.028653355549963313,2021-09-17 00:00:00+00:00,2.9,low,1.0
2021-11-01 00:00:00+00:00,0.0,-0.17551368986300497,387.42999267578125,0.09233741592811266,0.03386009256890617,2021-09-17 00:00:00+00:00,3.4,low,1.0
2021-11-02 00:00:00+00:00,0.0,-0.6194507698619178,389.04998779296875,0.043526125977249065,0.02934581733775673,2021-09-17 00:00:00+00:00,2.9,low,1.0
2021-11-03 00:00:00+00:00,0.0,-2.248333206817099,393.17999267578125,0.06656261444985537,0.03178907449058655,2021-09-17 00:00:00+00:00,3.2,low,1.0
2021-11-04 00:00:00+00:00,0.0,-4.851591397969768,398.2200012207031,0.6511194240029973,0.05642658257001043,2021-09-17 00:00:00+00:00,5.6,low,1.0
2021-11-05 00:00:00+00:00,0.0,-4.942301029949103,398.6000061035156,0.272347557978735,0.0426222485301797,2021-09-17 00:00:00+00:00,4.3,low,1.0
2021-11-08 00:00:00+00:00,0.0,-4.8133456714120175,398.05999755859375,0.16559802620902236,0.03811317106048838,2021-09-17 00:00:00+00:00,3.8,low,1.0
2021-11-09 00:00:00+00:00,0.0,-4.153600405624713,395.32000732421875,0.09739686263262905,0.03421597230141428,2021-09-17 00:00:00+00:00,3.4,low,1.0
2021-11-10 00:00:00+00:00,0.0,-2.72393920647247,389.510009765625,0.21439197722301184,0.04031655915840337,2021-09-17 00:00:00+00:00,4.0,low,1.0
2021-11-11 00:00:00+00:00,0.0,-2.9929088176885887,390.5899963378906,0.10215857695298504,0.034539229747190724,2021-09-17 00:00:00+00:00,3.5,low,1.0
2021-11-12 00:00:00+00:00,0.0,-4.003044799061051,394.70001220703125,0.12407658890872426,0.0359064255775823,2021-09-17 00:00:00+00:00,3.6,low,1.0
2021-11-15 00:00:00+00:00,0.0,-3.981143923938446,394.6099853515625,0.08042773439866543,0.032963753870793436,2021-09-17 00:00:00+00:00,3.3,low,1.0
2021-11-16 00:00:00+00:00,0.0,-4.660062127097087,397.4200134277344,0.05790540352076869,0.030959917683314065,2021-09-17 00:00:00+00:00,3.1,low,1.0
2021-11-17 00:00:00+00:00,0.0,-4.710411879467735,397.6300048828125,0.064268071692651,0.03157757927384749,2021-09-17 00:00:00+00:00,3.2,low,1.0
2021-11-18 00:00:00+00:00,0.0,-5.687618196270227,401.75,0.30746294315758743,0.0439203249912291,2021-09-17 00:00:00+00:00,4.4,low,1.0
2021-11-19 00:00:00+00:00,0.0,-6.5645163629639125,403.989990234375,0.14579286610125297,0.03711048236935099,2021-09-17 00:00:00+00:00,3.7,low,1.0
2021-11-22 00:00:00+00:00,0.0,-5.467064172209335,399.29998779296875,0.1736427504449155,0.03849966594587051,2021-09-17 00:00:00+00:00,3.8,low,1.0
2021-11-23 00:00:00+00:00,0.0,-5.034217875754576,397.4800109863281,0.1851571351599307,0.03903510909842739,2021-09-17 00:00:00+00:00,3.9,low,1.0
2021-11-24 00:00:00+00:00,0.0,-5.339053070400734,398.760009765625,0.12015541677752951,0.035674584059249094,2021-09-17 00:00:00+00:00,3.6,low,1.0
2021-11-26 00:00:00+00:00,0.0,-3.5097164002801495,391.20001220703125,0.1581273056025877,0.0377440650314472,2021-09-17 00:00:00+00:00,3.8,low,1.0
2021-11-29 00:00:00+00:00,0.0,-5.559308735514479,399.69000244140625,0.18977490995557178,0.03924451023474376,2021-09-17 00:00:00+00:00,3.9,low,1.0
2021-11-30 00:00:00+00:00,0.0,-4.151644355147055,393.82000732421875,0.4738639600435064,0.049710572300010795,2021-09-17 00:00:00+00:00,5.0,low,1.0
2021-12-01 00:00:00+00:00,0.0,-2.4927655554353834,387.1199951171875,0.3899390815115414,0.046818307053696814,2021-09-17 00:00:00+00:00,4.7,low,1.0
2021-12-02 00:00:00+00:00,0.0,-3.1904804505058504,389.9100036621094,0.3738052215547107,0.04626121427131987,2021-09-17 00:00:00+00:00,4.6,low,1.0
2021-12-03 00:00:00+00:00,0.0,-1.4773062902866618,383.1300048828125,0.16064263672135298,0.03786949585726846,2021-09-17 00:00:00+00:00,3.8,low,1.0
2021-12-06 00:00:00+00:00,0.0,-2.260489567682411,386.20001220703125,0.17135498720510153,0.038390850019567935,2021-09-17 00:00:00+00:00,3.8,low,1.0
2021-12-07 00:00:00+00:00,0.0,-5.117760359641499,397.8299865722656,0.06130758744820446,0.031296192389248766,2021-09-17 00:00:00+00:00,3.1,low,1.0
2021-12-08 00:00:00+00:00,0.0,-5.540398123780966,399.6099853515625,0.09704783316362446,0.03419184597569809,2021-09-17 00:00:00+00:00,3.4,low,1.0
2021-12-09 00:00:00+00:00,0.0,-4.129735938820678,393.7300109863281,0.06067937657459878,0.03123517636377934,2021-09-17 00:00:00+00:00,3.1,low,1.0
2021-12-10 00:00:00+00:00,0.0,-7.210876988729941,398.010009765625,0.1477221655490169,0.03721173086723209,2021-09-17 00:00:00+00:00,3.7,low,1.0
2021-12-13 00:00:00+00:00,0.0,-5.850714229254173,392.260009765625,0.04426601084021768,0.029438187209535588,2021-09-17 00:00:00+00:00,2.9,low,1.0
2021-12-14 00:00:00+00:00,0.0,-4.866052049056413,388.20001220703125,0.08941727536987383,0.03364835962185521,2021-09-17 00:00:00+00:00,3.4,low,1.0
2021-12-15 00:00:00+00:00,0.0,-6.986523381745902,397.04998779296875,0.10786148004265961,0.034912874702076116,2021-09-17 00:00:00+00:00,3.5,low,1.0
2021-12-16 00:00:00+00:00,0.0,-4.5315890149024485,386.8399963378906,0.14795576561892457,0.03722393356822949,2021-09-17 00:00:00+00:00,3.7,low,1.0
2021-12-17 00:00:00+00:00,0.0,-4.052897029200098,384.9100036621094,0.12019936082101641,0.035677210057695176,2021-09-17 00:00:00+00:00,3.6,low,1.0
2021-12-20 00:00:00+00:00,0.0,-3.803622604603807,380.69000244140625,0.11975315436374771,0.035650515803005385,2021-09-17 00:00:00+00:00,3.6,low,1.0
2021-12-21 00:00:00+00:00,0.0,-7.2043315030313355,389.2099914550781,0.13626561881361976,0.036597612240704444,2021-09-17 00:00:00+00:00,3.7,low,1.0
2021-12-22 00:00:00+00:00,1.0,-10.800867366945454,393.95001220703125,0.155110175744301,0.037591992990236814,2021-09-17 00:00:00+00:00,3.8,low,1.0
2021-12-23 00:00:00+00:00,1.0,-15.814274263768835,396.9200134277344,0.1365139078088087,0.03661126469735521,2021-09-17 00:00:00+00:00,3.7,low,1.0
2021-12-27 00:00:00+00:00,1.0,-17.18301159959892,403.4800109863281,0.266925538920978,0.042416382659864214,2021-09-17 00:00:00+00:00,4.2,low,1.0
2021-12-28 00:00:00+00:00,1.0,-16.797388988230654,401.6099853515625,0.1635977875005832,0.03801534736249529,2021-09-17 00:00:00+00:00,3.8,low,1.0
2021-12-29 00:00:00+00:00,1.0,-16.784957276909317,401.54998779296875,0.26351722328610383,0.04228610622581877,2021-09-17 00:00:00+00:00,4.2,low,1.0
2021-12-30 00:00:00+00:00,1.0,-16.535534207014447,400.3500061035156,0.21568351606874214,0.04037096574426812,2021-09-17 00:00:00+00:00,4.0,low,1.0
2021-12-31 00:00:00+00:00,1.0,-16.011062267134236,397.8500061035156,0.18163813582443744,0.03887354704141324,2021-09-17 00:00:00+00:00,3.9,low,1.0
2022-01-03 00:00:00+00:00,1.0,-16.81189006438869,401.67999267578125,0.1713381264119953,0.03839004488953891,2021-09-17 00:00:00+00:00,3.8,low,1.0
2022-01-04 00:00:00+00:00,1.0,-15.718719482518184,396.4700012207031,0.14855399876074737,0.03725512886708859,2021-09-17 00:00:00+00:00,3.7,low,1.0
2022-01-05 00:00:00+00:00,1.0,-13.04744165436098,384.2900085449219,0.20307171998128715,0.03983222672510336,2021-09-17 00:00:00+00:00,4.0,low,1.0
2022-01-06 00:00:00+00:00,1.0,-12.98630189675153,384.0199890136719,0.3038251636223015,0.04378831929026927,2021-09-17 00:00:00+00:00,4.4,low,1.0
2022-01-07 00:00:00+00:00,1.0,-12.033378933759842,379.8599853515625,0.33666854109653316,0.04496409668831491,2021-09-17 00:00:00+00:00,4.5,low,1.0
2022-01-10 00:00:00+00:00,1.0,-12.091234965208786,380.1099853515625,0.26012639760138856,0.04215580437820831,2021-09-17 00:00:00+00:00,4.2,low,1.0
2022-01-11 00:00:00+00:00,1.0,-13.392258681990576,385.82000732421875,0.3244431067102931,0.04453034837281486,2021-09-17 00:00:00+00:00,4.5,low,1.0
2022-01-12 00:00:00+00:00,1.0,-13.734351715180825,387.3500061035156,0.2084938825778048,0.040065926723530584,2021-09-17 00:00:00+00:00,4.0,low,1.0
2022-01-13 00:00:00+00:00,1.0,-11.520947239240408,377.6600036621094,0.3064480392237408,0.043883546899661625,2021-09-17 00:00:00+00:00,4.4,low,1.0
2022-01-14 00:00:00+00:00,1.0,-12.068107336810751,380.010009765625,0.37569414534659834,0.04632658338465103,2021-09-17 00:00:00+00:00,4.6,low,1.0
2022-01-18 00:00:00+00:00,0.0,-9.823234407127156,370.54998779296875,0.39774195517727245,0.0733646969152373,2021-12-16 00:00:00+00:00,7.3,low,1.0
2022-01-19 00:00:00+00:00,0.0,-8.821768205810777,366.4800109863281,0.3545223762222013,0.06721448051888006,2021-12-16 00:00:00+00:00,6.7,low,1.0
2022-01-20 00:00:00+00:00,0.0,-7.621919504361863,361.7200012207031,0.36212897945493383,0.06828189042876796,2021-12-16 00:00:00+00:00,6.8,low,1.0
2022-01-21 00:00:00+00:00,0.0,-4.987349206164637,351.69000244140625,0.6820974526010366,0.12628966172920206,2021-12-16 00:00:00+00:00,12.6,low,1.0
2022-01-24 00:00:00+00:00,0.0,-5.363708560487601,353.29998779296875,0.8125767522215245,0.17152920597116394,2021-12-16 00:00:00+00:00,17.2,low,1.0
2022-01-25 00:00:00+00:00,0.0,-4.6390947603957455,345.1099853515625,0.800487844716342,0.16597631802727114,2021-12-16 00:00:00+00:00,16.6,low,1.0
2022-01-26 00:00:00+00:00,0.0,-7.635602925195317,344.57000732421875,0.7681142519097641,0.15286259707815866,2021-12-16 00:00:00+00:00,15.3,low,1.0
2022-01-27 00:00:00+00:00,0.0,-6.6959823890941905,341.1000061035156,0.2641027742520601,0.05480174948090553,2021-12-16 00:00:00+00:00,5.5,low,1.0
2022-01-28 00:00:00+00:00,0.0,-9.533820122552628,351.79998779296875,0.28205806082555374,0.05724575220909482,2021-12-16 00:00:00+00:00,5.7,low,1.0
2022-01-31 00:00:00+00:00,1.0,-12.337138006704873,363.04998779296875,0.3596667365532064,0.06793575700429404,2021-12-16 00:00:00+00:00,6.8,low,1.0
2022-02-01 00:00:00+00:00,1.0,-12.929519771428744,365.5199890136719,0.32128734876661286,0.06260722783900725,2021-12-16 00:00:00+00:00,6.3,low,1.0
2022-02-02 00:00:00+00:00,1.0,-13.631301202185064,368.489990234375,0.35224267210347915,0.0668956409859678,2021-12-16 00:00:00+00:00,6.7,low,1.0
2022-02-03 00:00:00+00:00,0.0,-9.981609177146622,353.54998779296875,0.539523713926947,0.09593420121518813,2021-12-16 00:00:00+00:00,9.6,low,1.0
2022-02-04 00:00:00+00:00,1.0,-11.103041511611023,358.010009765625,0.6567600730251009,0.11997325870801641,2021-12-16 00:00:00+00:00,12.0,low,1.0
2022-02-07 00:00:00+00:00,1.0,-10.382112074521565,355.1300048828125,0.6619504096981863,0.12122526624145323,2021-12-16 00:00:00+00:00,12.1,low,1.0
2022-02-08 00:00:00+00:00,1.0,-11.377808506103682,359.1199951171875,0.6888689242294501,0.12807077350752807,2021-12-16 00:00:00+00:00,12.8,low,1.0
2022-02-09 00:00:00+00:00,1.0,-13.216807942808394,366.7300109863281,0.590370635556923,0.10550929303762746,2021-12-16 00:00:00+00:00,10.6,low,1.0
2022-02-10 00:00:00+00:00,1.0,-11.207204679015826,358.42999267578125,0.37666945603083274,0.07033892942158662,2021-12-16 00:00:00+00:00,7.0,low,1.0
2022-02-11 00:00:00+00:00,0.0,-8.53166183364693,347.05999755859375,0.5904803469194696,0.10553116854273147,2021-12-16 00:00:00+00:00,10.6,low,1.0
2022-02-14 00:00:00+00:00,0.0,-8.64484700899798,347.489990234375,0.7066966841866146,0.13297248072117177,2021-12-16 00:00:00+00:00,13.3,low,1.0
2022-02-15 00:00:00+00:00,1.0,-10.861200164391994,356.1300048828125,0.5617045595303877,0.09998083125277107,2021-12-16 00:00:00+00:00,10.0,low,1.0
2022-02-16 00:00:00+00:00,1.0,-10.838668523686913,356.0400085449219,0.6324815536540533,0.11437207009668045,2021-12-16 00:00:00+00:00,11.4,low,1.0
2022-02-17 00:00:00+00:00,0.0,-8.105369521081196,345.45001220703125,0.49384760716972403,0.08812515937944285,2021-12-16 00:00:00+00:00,8.8,low,1.0
2022-02-18 00:00:00+00:00,0.0,-7.045180776723326,341.510009765625,0.8058471476089433,0.16838765968456731,2021-12-16 00:00:00+00:00,16.8,low,1.0
2022-02-22 00:00:00+00:00,0.0,-6.10209867031708,338.0799865722656,0.7694592122267516,0.15336381631670448,2021-12-16 00:00:00+00:00,15.3,low,1.0
2022-02-23 00:00:00+00:00,0.0,-3.6336593809680684,329.4200134277344,0.7576348547140701,0.14906907047926105,2021-12-16 00:00:00+00:00,14.9,low,1.0
2022-02-24 00:00:00+00:00,0.0,-6.766712293505095,340.489990234375,0.8060904823195444,0.1684990014844829,2021-12-16 00:00:00+00:00,16.8,low,1.0
2022-02-25 00:00:00+00:00,0.0,-8.190409146677224,345.7699890136719,0.6883184043603755,0.12792438726312194,2021-12-16 00:00:00+00:00,12.8,low,1.0
2022-02-28 00:00:00+00:00,0.0,-8.463084376882602,346.79998779296875,0.6769416999735861,0.12496115019765285,2021-12-16 00:00:00+00:00,12.5,low,1.0
2022-03-01 00:00:00+00:00,0.0,-7.039731387395687,341.489990234375,0.6528887482170291,0.11905252890011475,2021-12-16 00:00:00+00:00,11.9,low,1.0
2022-03-02 00:00:00+00:00,0.0,-8.573811678189935,347.2200012207031,0.6851564550178831,0.1270890717793963,2021-12-16 00:00:00+00:00,12.7,low,1.0
2022-03-03 00:00:00+00:00,0.0,-7.24887420402498,342.260009765625,0.7172150055765811,0.1360227336415444,2021-12-16 00:00:00+00:00,13.6,low,1.0
2022-03-04 00:00:00+00:00,0.0,-5.884961845335502,337.29998779296875,0.3250966071370898,0.06313137449264675,2021-12-16 00:00:00+00:00,6.3,low,1.0
2022-03-07 00:00:00+00:00,0.0,-2.2809744131805587,324.8599853515625,0.6473081775327061,0.11774433180371065,2021-12-16 00:00:00+00:00,11.8,low,1.0
2022-03-08 00:00:00+00:00,0.0,-1.8246462919798367,323.3500061035156,0.6924728303558987,0.12903617113957785,2021-12-16 00:00:00+00:00,12.9,low,1.0
2022-03-09 00:00:00+00:00,0.0,-5.2359707867903555,334.989990234375,0.5661801463925005,0.1008205935569055,2021-12-16 00:00:00+00:00,10.1,low,1.0
2022-03-10 00:00:00+00:00,0.0,-4.171816725018895,331.2699890136719,0.5837546837385388,0.10420069347167622,2021-12-16 00:00:00+00:00,10.4,low,1.0
2022-03-11 00:00:00+00:00,0.0,-2.1424111652945554,324.3999938964844,0.2703891381504857,0.055657473719039716,2021-12-16 00:00:00+00:00,5.6,low,1.0
2022-03-14 00:00:00+00:00,0.0,0.33315445009229894,318.1700134277344,0.275873979762906,0.05640396338189186,2021-12-16 00:00:00+00:00,5.6,low,1.0
2022-03-15 00:00:00+00:00,0.0,0.0761846730610749,328.1499938964844,0.40466580733010293,0.07437194174407194,2021-12-16 00:00:00+00:00,7.4,low,1.0
2022-03-16 00:00:00+00:00,0.0,-0.9637983981858778,340.32000732421875,0.4325177145830401,0.07849932494858576,2021-12-16 00:00:00+00:00,7.8,low,1.0
2022-03-17 00:00:00+00:00,0.0,-1.8580867062829354,344.44000244140625,0.3398230904634707,0.06516652315967734,2021-12-16 00:00:00+00:00,6.5,low,1.0
2022-03-18 00:00:00+00:00,0.0,-4.466693825045864,351.489990234375,0.3309582416786054,0.06393966290087354,2021-12-16 00:00:00+00:00,6.4,low,1.0
2022-03-21 00:00:00+00:00,0.0,-4.081918011726704,350.0799865722656,0.38313073077515347,0.07126071331309405,2021-12-16 00:00:00+00:00,7.1,low,1.0
2022-03-22 00:00:00+00:00,0.0,-5.930631840240952,356.9599914550781,0.6016200110097111,0.10778320513252988,2021-12-16 00:00:00+00:00,10.8,low,1.0
2022-03-23 00:00:00+00:00,0.0,-5.295163879218634,351.8299865722656,0.5651888589946896,0.10063388825938102,2021-12-16 00:00:00+00:00,10.1,low,1.0
2022-03-24 00:00:00+00:00,0.0,-9.645489512059003,359.6499938964844,0.5883537876563343,0.1051081788649111,2021-12-16 00:00:00+00:00,10.5,low,1.0
2022-03-25 00:00:00+00:00,1.0,-10.274109586935431,359.3500061035156,0.5287812987104701,0.0940383199118746,2021-12-16 00:00:00+00:00,9.4,low,1.0
2022-03-28 00:00:00+00:00,1.0,-13.167635260292588,364.9100036621094,0.5969859711590588,0.10683883721483976,2021-12-16 00:00:00+00:00,10.7,low,1.0
2022-03-29 00:00:00+00:00,1.0,-15.137800606651863,371.19000244140625,0.7023177263179132,0.13173845653069746,2021-12-16 00:00:00+00:00,13.2,low,1.0
2022-03-30 00:00:00+00:00,1.0,-14.189979802648722,367.0899963378906,0.6797884317727312,0.12569179779564651,2021-12-16 00:00:00+00:00,12.6,low,1.0
2022-03-31 00:00:00+00:00,1.0,-13.775032069382831,362.5400085449219,0.5112485904476498,0.09102506633946131,2021-12-16 00:00:00+00:00,9.1,low,1.0
2022-04-01 00:00:00+00:00,1.0,-14.425870202168301,361.8500061035156,0.6106290274781059,0.10965119144593732,2021-12-16 00:00:00+00:00,11.0,low,1.0
2022-04-04 00:00:00+00:00,1.0,-16.15217868079769,369.29998779296875,0.7661533543216308,0.15213784914662137,2021-12-16 00:00:00+00:00,15.2,low,1.0
2022-04-05 00:00:00+00:00,1.0,-14.248133851396894,361.1000061035156,0.3805728385365116,0.07089519630729067,2021-12-16 00:00:00+00:00,7.1,low,1.0
2022-04-06 00:00:00+00:00,1.0,-12.353511136851026,353.260009765625,0.5323982320079035,0.09467226536086756,2021-12-16 00:00:00+00:00,9.5,low,1.0
2022-04-07 00:00:00+00:00,1.0,-13.835080459623505,354.1000061035156,0.5390505441242793,0.09584985459714325,2021-12-16 00:00:00+00:00,9.6,low,1.0
2022-04-08 00:00:00+00:00,1.0,-15.302876588799863,349.1499938964844,0.5812022222341322,0.1037012809817204,2021-12-16 00:00:00+00:00,10.4,low,1.0
2022-04-11 00:00:00+00:00,1.0,-13.25061207038245,340.8900146484375,0.44846933952383244,0.0809249027767975,2021-12-16 00:00:00+00:00,8.1,low,1.0
2022-04-12 00:00:00+00:00,1.0,-14.287818016167797,339.45001220703125,0.5394208906837565,0.09591586536559327,2021-12-16 00:00:00+00:00,9.6,low,1.0
2022-04-13 00:00:00+00:00,1.0,-17.730620060608693,346.3500061035156,0.5543053629201271,0.09861013431848574,2021-12-16 00:00:00+00:00,9.9,low,1.0
2022-04-14 00:00:00+00:00,1.0,-15.805333862834924,338.42999267578125,0.4408865243549408,0.07976579019906256,2021-12-16 00:00:00+00:00,8.0,low,1.0
2022-04-18 00:00:00+00:00,1.0,-15.869969474312672,338.69000244140625,0.37073657758808104,0.069496820380369,2021-12-16 00:00:00+00:00,6.9,low,1.0
2022-04-19 00:00:00+00:00,1.0,-17.709237450124483,346.260009765625,0.42249341140247304,0.15414707362083085,2022-03-18 00:00:00+00:00,15.4,low,1.0
2022-04-20 00:00:00+00:00,1.0,-16.491307529920352,341.2099914550781,0.20699863262402196,0.10330075922579399,2022-03-18 00:00:00+00:00,10.3,low,1.0
2022-04-21 00:00:00+00:00,1.0,-14.726916760119046,334.1499938964844,0.187008469350834,0.09820304620700365,2022-03-18 00:00:00+00:00,9.8,low,1.0
2022-04-22 00:00:00+00:00,1.0,-13.887524059321898,325.3999938964844,0.3013552669599287,0.12591695415102272,2022-03-18 00:00:00+00:00,12.6,low,1.0
2022-04-25 00:00:00+00:00,1.0,-14.979670225322483,329.5799865722656,0.21285379250613484,0.10476521798971061,2022-03-18 00:00:00+00:00,10.5,low,1.0
2022-04-26 00:00:00+00:00,1.0,-11.644706277225158,317.1400146484375,0.42495654667755495,0.15473331031380477,2022-03-18 00:00:00+00:00,15.5,low,1.0
2022-04-27 00:00:00+00:00,1.0,-11.538709806705317,316.760009765625,0.5056479406444983,0.1746115784670927,2022-03-18 00:00:00+00:00,17.5,low,1.0
2022-04-28 00:00:00+00:00,1.0,-14.572731589716337,328.010009765625,0.5252777098381989,0.1797107375981152,2022-03-18 00:00:00+00:00,18.0,low,1.0
2022-04-29 00:00:00+00:00,1.0,-10.547488761347768,313.25,0.8579131334756372,0.3179639335908877,2022-03-18 00:00:00+00:00,31.8,low,1.0
2022-05-02 00:00:00+00:00,1.0,-12.01645887059859,318.4800109863281,0.7270376962640868,0.24464691324845808,2022-03-18 00:00:00+00:00,24.5,low,1.0
2022-05-03 00:00:00+00:00,1.0,-12.110286362887134,318.82000732421875,0.721919837950148,0.24254443299505826,2022-03-18 00:00:00+00:00,24.3,low,1.0
2022-05-04 00:00:00+00:00,1.0,-14.984834263906489,329.6000061035156,0.8263916521805557,0.2954681444198503,2022-03-18 00:00:00+00:00,29.5,low,1.0
2022-05-05 00:00:00+00:00,1.0,-10.476041068665133,313.0,0.9373985060868975,0.41121618804452176,2022-03-18 00:00:00+00:00,41.1,elevated,0.75
2022-05-06 00:00:00+00:00,0.0,-9.390463555350648,309.25,0.8843352149046128,0.34117041359985273,2022-03-18 00:00:00+00:00,34.1,low,1.0
2022-05-09 00:00:00+00:00,0.0,-5.700825438114432,297.1499938964844,0.9414118109641565,0.41883624905717565,2022-03-18 00:00:00+00:00,41.9,elevated,0.75
2022-05-10 00:00:00+00:00,0.0,-6.832696383592019,300.760009765625,0.8788210410440895,0.33590592315033524,2022-03-18 00:00:00+00:00,33.6,low,1.0
2022-05-11 00:00:00+00:00,0.0,-3.9850620301363215,291.8399963378906,0.9085284356535668,0.36780708473572726,2022-03-18 00:00:00+00:00,36.8,elevated,0.75
2022-05-12 00:00:00+00:00,0.0,-3.757514226600278,291.1499938964844,0.9142480122226152,0.37516826507480744,2022-03-18 00:00:00+00:00,37.5,elevated,0.75
2022-05-13 00:00:00+00:00,0.0,-9.077963648565746,301.94000244140625,0.9083217870922625,0.3675500649118104,2022-03-18 00:00:00+00:00,36.8,elevated,0.75
2022-05-16 00:00:00+00:00,0.0,-8.410402726907762,298.44000244140625,0.8783564412860918,0.33547367090292435,2022-03-18 00:00:00+00:00,33.5,low,1.0
2022-05-17 00:00:00+00:00,1.0,-10.722806169779474,306.1700134277344,0.9258724489971943,0.3918229624461511,2022-03-18 00:00:00+00:00,39.2,elevated,0.75
2022-05-18 00:00:00+00:00,0.0,-7.5084202683500685,291.1400146484375,0.9074215092958402,0.36643725320851706,2022-03-18 00:00:00+00:00,36.6,elevated,0.75
2022-05-19 00:00:00+00:00,0.0,-7.010148744482669,289.5799865722656,0.8559137961206248,0.3163922692926908,2022-03-18 00:00:00+00:00,31.6,low,1.0
2022-05-20 00:00:00+00:00,0.0,-6.720241924861292,288.67999267578125,0.9166617506128358,0.37842753595168255,2022-03-18 00:00:00+00:00,37.8,elevated,0.75
2022-05-23 00:00:00+00:00,0.0,-8.245880912195624,293.4800109863281,0.8287340147140908,0.2969910744746246,2022-03-18 00:00:00+00:00,29.7,low,1.0
2022-05-24 00:00:00+00:00,0.0,-6.252608294695861,287.239990234375,0.8639348626033682,0.3228380575339794,2022-03-18 00:00:00+00:00,32.3,low,1.0
2022-05-25 00:00:00+00:00,0.0,-7.546525526801739,291.260009765625,0.8839655085899857,0.3408094500493684,2022-03-18 00:00:00+00:00,34.1,low,1.0
2022-05-26 00:00:00+00:00,1.0,-10.039083667186798,299.3299865722656,0.845674128259011,0.3086770769057393,2022-03-18 00:00:00+00:00,30.9,low,1.0
2022-05-27 00:00:00+00:00,1.0,-12.882564392730323,309.1000061035156,0.8965416568801505,0.3538065504569209,2022-03-18 00:00:00+00:00,35.4,elevated,0.75
2022-05-31 00:00:00+00:00,1.0,-12.650836951611899,308.2799987792969,0.8551414199722562,0.3157910746678921,2022-03-18 00:00:00+00:00,31.6,low,1.0
2022-06-01 00:00:00+00:00,1.0,-12.000000398922595,306.0,0.8459891250745223,0.30890653062457324,2022-03-18 00:00:00+00:00,30.9,low,1.0
2022-06-02 00:00:00+00:00,1.0,-14.345698009746833,314.3800048828125,0.7185827480915618,0.24119287017146537,2022-03-18 00:00:00+00:00,24.1,low,1.0
2022-06-03 00:00:00+00:00,1.0,-12.057482676640664,306.20001220703125,0.8072811528705384,0.28376537660189816,2022-03-18 00:00:00+00:00,28.4,low,1.0
2022-06-06 00:00:00+00:00,1.0,-12.349457161205668,307.2200012207031,0.8639697367782104,0.32286692467604833,2022-03-18 00:00:00+00:00,32.3,low,1.0
2022-06-07 00:00:00+00:00,1.0,-13.099040558134767,309.8699951171875,0.810018446785269,0.2853681935268286,2022-03-18 00:00:00+00:00,28.5,low,1.0
2022-06-08 00:00:00+00:00,1.0,-12.469124314981384,307.6400146484375,0.7122141556546309,0.23865428122039373,2022-03-18 00:00:00+00:00,23.9,low,1.0
2022-06-09 00:00:00+00:00,1.0,-10.060118814698871,299.3999938964844,0.8244322397443447,0.2942100577029934,2022-03-18 00:00:00+00:00,29.4,low,1.0
2022-06-10 00:00:00+00:00,0.0,-6.7719144878093935,288.8399963378906,0.8506011214652236,0.3123219556549953,2022-03-18 00:00:00+00:00,31.2,low,1.0
2022-06-13 00:00:00+00:00,0.0,-2.2257742279881643,275.4100036621094,0.9357429613677982,0.4082165444074552,2022-03-18 00:00:00+00:00,40.8,elevated,0.75
2022-06-14 00:00:00+00:00,0.0,-2.402959223954737,275.9100036621094,0.9247778704305326,0.3901442903105631,2022-03-18 00:00:00+00:00,39.0,elevated,0.75
2022-06-15 00:00:00+00:00,0.0,-4.780760112185556,282.79998779296875,0.9118449615623773,0.3720157696112363,2022-03-18 00:00:00+00:00,37.2,elevated,0.75
2022-06-16 00:00:00+00:00,0.0,-0.32425838657050843,271.3900146484375,0.9247916621302146,0.3901652855709905,2022-03-18 00:00:00+00:00,39.0,elevated,0.75
2022-06-17 00:00:00+00:00,0.0,0.39680961382027036,274.69000244140625,0.9022030992043595,0.3601985799983364,2022-03-18 00:00:00+00:00,36.0,elevated,0.75
2022-06-21 00:00:00+00:00,0.0,-1.8855799224987257,281.0799865722656,0.8714501541194738,0.32924107799586466,2022-03-18 00:00:00+00:00,32.9,low,1.0
2022-06-22 00:00:00+00:00,0.0,-1.7422647288598103,280.6700134277344,0.8953830915505941,0.35254293770232564,2022-03-18 00:00:00+00:00,35.3,elevated,0.75
2022-06-23 00:00:00+00:00,0.0,-3.1841345023256418,284.8500061035156,0.8564510594676147,0.31681240571506186,2022-03-18 00:00:00+00:00,31.7,low,1.0
2022-06-24 00:00:00+00:00,0.0,-6.3914963879433735,294.6099853515625,0.8434586202453055,0.3070765836124879,2022-03-18 00:00:00+00:00,30.7,low,1.0
2022-06-27 00:00:00+00:00,0.0,-5.700124032114362,292.45001220703125,0.7932334899217287,0.27588143066637116,2022-03-18 00:00:00+00:00,27.6,low,1.0
2022-06-28 00:00:00+00:00,0.0,-2.7368306171139722,283.5400085449219,0.8411453327036867,0.3054298763317689,2022-03-18 00:00:00+00:00,30.5,low,1.0
2022-06-29 00:00:00+00:00,0.0,-2.825930006565902,283.79998779296875,0.7754444570477622,0.26662619618879685,2022-03-18 00:00:00+00:00,26.7,low,1.0
2022-06-30 00:00:00+00:00,0.0,-1.259454400838833,280.2799987792969,0.9182442198529439,0.3806174058976398,2022-03-18 00:00:00+00:00,38.1,elevated,0.75
2022-07-01 00:00:00+00:00,0.0,-1.9069240384577912,282.1300048828125,0.8666474145396986,0.325106337959985,2022-03-18 00:00:00+00:00,32.5,low,1.0
2022-07-05 00:00:00+00:00,0.0,-2.4951226217297395,286.9599914550781,0.7574353331712018,0.25796018468220483,2022-03-18 00:00:00+00:00,25.8,low,1.0
2022-07-06 00:00:00+00:00,0.0,-3.116343622026674,288.79998779296875,0.6429245077060237,0.21389100087752952,2022-03-18 00:00:00+00:00,21.4,low,1.0
2022-07-07 00:00:00+00:00,0.0,-5.146119271811589,294.9800109863281,0.6465745551126815,0.21508588186081884,2022-03-18 00:00:00+00:00,21.5,low,1.0
2022-07-08 00:00:00+00:00,0.0,-5.264945992618952,295.3500061035156,0.5458219594319265,0.1851940491818961,2022-03-18 00:00:00+00:00,18.5,low,1.0
2022-07-11 00:00:00+00:00,0.0,-3.1967964568189067,289.0400085449219,0.6588507053794082,0.2191830537609032,2022-03-18 00:00:00+00:00,21.9,low,1.0
2022-07-12 00:00:00+00:00,0.0,-2.249861186808011,286.239990234375,0.8288155253532296,0.2970444485283055,2022-03-18 00:00:00+00:00,29.7,low,1.0
2022-07-13 00:00:00+00:00,0.0,-2.0479629716482983,285.6499938964844,0.5751518384401648,0.19332583222386876,2022-03-18 00:00:00+00:00,19.3,low,1.0
2022-07-14 00:00:00+00:00,0.0,0.4918453547589685,286.6700134277344,0.5451104038690053,0.1850013966021374,2022-03-18 00:00:00+00:00,18.5,low,1.0
2022-07-15 00:00:00+00:00,0.0,-1.257403286241443,291.8699951171875,0.5909614022344118,0.19787986967961824,2022-03-18 00:00:00+00:00,19.8,low,1.0
2022-07-18 00:00:00+00:00,0.0,0.7152755244905773,289.3999938964844,0.42159934669662147,0.15393450732390365,2022-03-18 00:00:00+00:00,15.4,low,1.0
2022-07-19 00:00:00+00:00,0.0,-1.5957021263274362,298.29998779296875,0.507092218603206,0.17498248942821307,2022-03-18 00:00:00+00:00,17.5,low,1.0
2022-07-20 00:00:00+00:00,0.0,-3.131699921659159,303.0299987792969,0.5041079300848195,0.3130970395792829,2022-06-17 00:00:00+00:00,31.3,low,1.0
2022-07-21 00:00:00+00:00,0.0,-4.502568845740984,307.3800048828125,0.6248674100507778,0.358053251492259,2022-06-17 00:00:00+00:00,35.8,elevated,0.75
2022-07-22 00:00:00+00:00,0.0,-2.7980999247342875,301.989990234375,0.5653385896403913,0.33515708881681394,2022-06-17 00:00:00+00:00,33.5,low,1.0
2022-07-25 00:00:00+00:00,0.0,-2.2413097262422577,300.2699890136719,0.5490395627845591,0.3291666241458567,2022-06-17 00:00:00+00:00,32.9,low,1.0
2022-07-26 00:00:00+00:00,0.0,1.3894066670288252,294.3699951171875,0.6201244030384155,0.35615915378091156,2022-06-17 00:00:00+00:00,35.6,elevated,0.75
2022-07-27 00:00:00+00:00,0.0,-1.3232937619049978,306.80999755859375,0.5496713575293662,0.32939701375837466,2022-06-17 00:00:00+00:00,32.9,low,1.0
2022-07-28 00:00:00+00:00,0.0,0.0387318414941662,309.80999755859375,0.38327723696014715,0.27153926234268494,2022-06-17 00:00:00+00:00,27.2,low,1.0
2022-07-29 00:00:00+00:00,0.0,-2.5708443451591734,315.4599914550781,0.44052331451356064,0.29108804165751045,2022-06-17 00:00:00+00:00,29.1,low,1.0
2022-08-01 00:00:00+00:00,0.0,-3.803086450405857,315.2699890136719,0.29659744906459445,0.24133372503733688,2022-06-17 00:00:00+00:00,24.1,low,1.0
2022-08-02 00:00:00+00:00,0.0,-5.055191935118231,314.3299865722656,0.1830359217542129,0.19720377711920503,2022-06-17 00:00:00+00:00,19.7,low,1.0
2022-08-03 00:00:00+00:00,0.0,-7.572241660570523,322.8900146484375,0.27382728820914864,0.2330703740313204,2022-06-17 00:00:00+00:00,23.3,low,1.0
2022-08-04 00:00:00+00:00,0.0,-9.694815746355644,324.3999938964844,0.23975206025568419,0.2202655177485974,2022-06-17 00:00:00+00:00,22.0,low,1.0
2022-08-05 00:00:00+00:00,0.0,-8.951045157099847,321.75,0.25261192511416736,0.22516981452199075,2022-06-17 00:00:00+00:00,22.5,low,1.0
2022-08-08 00:00:00+00:00,0.0,-9.304355066240689,320.7099914550781,0.1746298107260666,0.19352516944560988,2022-06-17 00:00:00+00:00,19.4,low,1.0
2022-08-09 00:00:00+00:00,0.0,-8.266050386344581,317.0799865722656,0.26451567910378765,0.22962947663196623,2022-06-17 00:00:00+00:00,23.0,low,1.0
2022-08-10 00:00:00+00:00,1.0,-10.756910485826221,325.92999267578125,0.21506344551759762,0.21055161669120967,2022-06-17 00:00:00+00:00,21.1,low,1.0
2022-08-11 00:00:00+00:00,1.0,-10.24746754846978,324.0799865722656,0.15020558914482504,0.18231064611860226,2022-06-17 00:00:00+00:00,18.2,low,1.0
2022-08-12 00:00:00+00:00,1.0,-11.961626495674393,330.3900146484375,0.3103718463000377,0.2462447699071896,2022-06-17 00:00:00+00:00,24.6,low,1.0
2022-08-15 00:00:00+00:00,1.0,-12.66738808342901,333.05999755859375,0.27868819061436795,0.23485146554922853,2022-06-17 00:00:00+00:00,23.5,low,1.0
2022-08-16 00:00:00+00:00,1.0,-12.462382272251737,332.2799987792969,0.244312776327043,0.22201581303445173,2022-06-17 00:00:00+00:00,22.2,low,1.0
2022-08-17 00:00:00+00:00,1.0,-11.881640214196265,328.489990234375,0.12905267531470216,0.17180853620459507,2022-06-17 00:00:00+00:00,17.2,low,1.0
2022-08-18 00:00:00+00:00,1.0,-13.259233425645423,329.2799987792969,0.12813384271453956,0.1713321457200497,2022-06-17 00:00:00+00:00,17.1,low,1.0
2022-08-19 00:00:00+00:00,1.0,-11.534408698502652,322.8599853515625,0.08194375604171428,0.14429710649658303,2022-06-17 00:00:00+00:00,14.4,low,1.0
2022-08-22 00:00:00+00:00,0.0,-9.14238184679701,314.3599853515625,0.14065292821312678,0.17767216768954347,2022-06-17 00:00:00+00:00,17.8,low,1.0
2022-08-23 00:00:00+00:00,0.0,-9.767587417897172,314.1000061035156,0.20988053004536072,0.20845471485753472,2022-06-17 00:00:00+00:00,20.8,low,1.0
2022-08-24 00:00:00+00:00,1.0,-11.488524592704996,315.010009765625,0.1815222045227365,0.19654741145143886,2022-06-17 00:00:00+00:00,19.7,low,1.0
2022-08-25 00:00:00+00:00,1.0,-15.147544947459558,320.5799865722656,0.27510740565516173,0.23354039409368052,2022-06-17 00:00:00+00:00,23.4,low,1.0
2022-08-26 00:00:00+00:00,1.0,-11.520951452791161,307.44000244140625,0.3239378059801337,0.25102862538564213,2022-06-17 00:00:00+00:00,25.1,low,1.0
2022-08-29 00:00:00+00:00,1.0,-10.640259603422864,304.4100036621094,0.44948491020480735,0.2941582437813153,2022-06-17 00:00:00+00:00,29.4,low,1.0
2022-08-30 00:00:00+00:00,0.0,-9.633911719624333,301.0199890136719,0.46884544985148807,0.30081889203903744,2022-06-17 00:00:00+00:00,30.1,low,1.0
2022-08-31 00:00:00+00:00,1.0,-10.16807357666294,299.2699890136719,0.294843258000085,0.2407039291110056,2022-06-17 00:00:00+00:00,24.1,low,1.0
2022-09-01 00:00:00+00:00,1.0,-10.788239295735014,299.3999938964844,0.32252419329973026,0.25053232255685387,2022-06-17 00:00:00+00:00,25.1,low,1.0
2022-09-02 00:00:00+00:00,0.0,-9.509776077267773,295.1700134277344,0.299461149604375,0.2423596495695312,2022-06-17 00:00:00+00:00,24.2,low,1.0
2022-09-06 00:00:00+00:00,0.0,-8.85513829394391,293.04998779296875,0.28849155162026857,0.23841453493510228,2022-06-17 00:00:00+00:00,23.8,low,1.0
2022-09-07 00:00:00+00:00,1.0,-10.659930757956115,298.9700012207031,0.296026848729644,0.24112898051705298,2022-06-17 00:00:00+00:00,24.1,low,1.0
2022-09-08 00:00:00+00:00,1.0,-11.120718798055007,300.5199890136719,0.266174227192419,0.2302452725873344,2022-06-17 00:00:00+00:00,23.0,low,1.0
2022-09-09 00:00:00+00:00,1.0,-13.022238012069298,307.0899963378906,0.34279967906483305,0.25760884759018443,2022-06-17 00:00:00+00:00,25.8,low,1.0
2022-09-12 00:00:00+00:00,1.0,-15.157358906529039,310.739990234375,0.2184551147472976,0.21191218962708386,2022-06-17 00:00:00+00:00,21.2,low,1.0
2022-09-13 00:00:00+00:00,1.0,-11.123599615210455,293.70001220703125,0.3419393246288318,0.2573102431902979,2022-06-17 00:00:00+00:00,25.7,low,1.0
2022-09-14 00:00:00+00:00,1.0,-11.823126083277124,296.0299987792969,0.31427784206823306,0.24762715197064675,2022-06-17 00:00:00+00:00,24.8,low,1.0
2022-09-15 00:00:00+00:00,1.0,-12.655448582704365,291.1000061035156,0.46190241890114336,0.29842516236810435,2022-06-17 00:00:00+00:00,29.8,low,1.0
2022-09-16 00:00:00+00:00,1.0,-12.11807408054354,289.32000732421875,0.4606641083865583,0.29799887820005266,2022-06-17 00:00:00+00:00,29.8,low,1.0
2022-09-19 00:00:00+00:00,1.0,-12.640438010360777,291.04998779296875,0.4487895237778503,0.2939197615621297,2022-06-17 00:00:00+00:00,29.4,low,1.0
2022-09-20 00:00:00+00:00,1.0,-11.938494499321173,288.7300109863281,0.2714859547266536,0.23220886664133225,2022-06-17 00:00:00+00:00,23.2,low,1.0
2022-09-21 00:00:00+00:00,1.0,-10.33291130766898,283.55999755859375,0.3054491774898993,0.24449636444975537,2022-06-17 00:00:00+00:00,24.4,low,1.0
2022-09-22 00:00:00+00:00,0.0,-9.215557590036493,280.07000732421875,0.3322318086077534,0.2539312677424634,2022-06-17 00:00:00+00:00,25.4,low,1.0
2022-09-23 00:00:00+00:00,0.0,-7.71297394126128,275.510009765625,0.421155726948709,0.2844702817951474,2022-06-17 00:00:00+00:00,28.4,low,1.0
2022-09-26 00:00:00+00:00,0.0,-7.329518886262432,274.3699951171875,0.2330831841013224,0.21768289815842268,2022-06-17 00:00:00+00:00,21.8,low,1.0
2022-09-27 00:00:00+00:00,0.0,-7.366662660363765,274.4800109863281,0.16375266175375644,0.18863493635601253,2022-06-17 00:00:00+00:00,18.9,low,1.0
2022-09-28 00:00:00+00:00,0.0,-9.173397053157972,279.94000244140625,0.2531773004939632,0.22538328843799404,2022-06-17 00:00:00+00:00,22.5,low,1.0
2022-09-29 00:00:00+00:00,0.0,-6.477360844016977,271.8699951171875,0.31373165957216226,0.24743410417235942,2022-06-17 00:00:00+00:00,24.7,low,1.0
2022-09-30 00:00:00+00:00,0.0,-4.864182737323663,267.260009765625,0.4316231138492558,0.28804459832901524,2022-06-17 00:00:00+00:00,28.8,low,1.0
2022-10-03 00:00:00+00:00,0.0,-7.044932679581272,273.5299987792969,0.4027508224599617,0.2781907143702988,2022-06-17 00:00:00+00:00,27.8,low,1.0
2022-10-04 00:00:00+00:00,0.0,-9.878428346376289,282.1300048828125,0.4808936597535465,0.30498913428606306,2022-06-17 00:00:00+00:00,30.5,low,1.0
2022-10-05 00:00:00+00:00,0.0,-9.83048989271662,281.9800109863281,0.46216487463787287,0.29851553587836016,2022-06-17 00:00:00+00:00,29.9,low,1.0
2022-10-06 00:00:00+00:00,0.0,-9.114960812359229,279.760009765625,0.33680679312876244,0.2555260292555989,2022-06-17 00:00:00+00:00,25.6,low,1.0
2022-10-07 00:00:00+00:00,0.0,-5.514682742508425,269.1000061035156,0.5680476366266709,0.3361627007497425,2022-06-17 00:00:00+00:00,33.6,low,1.0
2022-10-10 00:00:00+00:00,0.0,-4.560642989474006,266.4100036621094,0.5707779426299533,0.3371792423611811,2022-06-17 00:00:00+00:00,33.7,low,1.0
2022-10-11 00:00:00+00:00,0.0,-3.2312104636209593,262.75,0.19791501998654926,0.20352555431408118,2022-06-17 00:00:00+00:00,20.4,low,1.0
2022-10-12 00:00:00+00:00,0.0,-3.1980541529571305,262.6600036621094,0.18576049565242242,0.19837875655300466,2022-06-17 00:00:00+00:00,19.8,low,1.0
2022-10-13 00:00:00+00:00,0.0,-3.6232499392077844,268.82000732421875,0.3880939630885438,0.2731861360483154,2022-06-17 00:00:00+00:00,27.3,low,1.0
2022-10-14 00:00:00+00:00,0.0,-0.6366509642871554,260.739990234375,0.3065374591922582,0.24488350971487816,2022-06-17 00:00:00+00:00,24.5,low,1.0
2022-10-17 00:00:00+00:00,0.0,-3.812890031011573,269.3500061035156,0.3218768594861066,0.2503048898793529,2022-06-17 00:00:00+00:00,25.0,low,1.0
2022-10-18 00:00:00+00:00,0.0,-4.56756442914944,271.4800109863281,0.26453154563118875,0.3373312548483617,2022-09-19 00:00:00+00:00,33.7,low,1.0
2022-10-19 00:00:00+00:00,0.0,-4.218272052220051,270.489990234375,0.2467165350838645,0.3343307439999961,2022-09-19 00:00:00+00:00,33.4,low,1.0
2022-10-20 00:00:00+00:00,0.0,-3.727100191467736,269.1099853515625,0.2769930714492937,0.339360962452194,2022-09-19 00:00:00+00:00,33.9,low,1.0
2022-10-21 00:00:00+00:00,0.0,-5.932766704971537,275.4200134277344,0.44517604374512615,0.3635568353932467,2022-09-19 00:00:00+00:00,36.4,elevated,0.75
2022-10-24 00:00:00+00:00,0.0,-6.956374496533957,278.45001220703125,0.43996590604449803,0.3628552145341891,2022-09-19 00:00:00+00:00,36.3,elevated,0.75
2022-10-25 00:00:00+00:00,0.0,-8.842055395080827,284.2099914550781,0.4266715089447013,0.3610591318311224,2022-09-19 00:00:00+00:00,36.1,elevated,0.75
2022-10-26 00:00:00+00:00,0.0,-6.782285683540845,277.92999267578125,0.32867106843584215,0.34730203107237917,2022-09-19 00:00:00+00:00,34.7,low,1.0
2022-10-27 00:00:00+00:00,0.0,-5.05369179157994,272.8699951171875,0.6549894883649656,0.39263376325144805,2022-09-19 00:00:00+00:00,39.3,elevated,0.75
2022-10-28 00:00:00+00:00,0.0,-7.872844944290391,281.2200012207031,0.6348862514936796,0.38963013870527347,2022-09-19 00:00:00+00:00,39.0,elevated,0.75
2022-10-31 00:00:00+00:00,0.0,-6.788999750325708,277.95001220703125,0.6042626087166946,0.3851993454823807,2022-09-19 00:00:00+00:00,38.5,elevated,0.75
2022-11-01 00:00:00+00:00,0.0,-5.826760071544534,275.1099853515625,0.6292879321799625,0.38880810192350856,2022-09-19 00:00:00+00:00,38.9,elevated,0.75
2022-11-02 00:00:00+00:00,0.0,-2.4841938743839997,265.67999267578125,0.8337832095761373,0.426366671038002,2022-09-19 00:00:00+00:00,42.6,elevated,0.75
2022-11-03 00:00:00+00:00,0.0,-0.5412889995660586,260.489990234375,0.8011618147647847,0.418687640559099,2022-09-19 00:00:00+00:00,41.9,elevated,0.75
2022-11-04 00:00:00+00:00,0.0,-0.6233919986938785,264.67999267578125,0.6704381628188093,0.3950039974176666,2022-09-19 00:00:00+00:00,39.5,elevated,0.75
2022-11-07 00:00:00+00:00,0.0,-1.7040986662430258,267.5899963378906,0.721689151826291,0.4033642818291657,2022-09-19 00:00:00+00:00,40.3,elevated,0.75
2022-11-08 00:00:00+00:00,0.0,-2.4152294869947077,269.5400085449219,0.7379193415360493,0.40621337579378647,2022-09-19 00:00:00+00:00,40.6,elevated,0.75
2022-11-09 00:00:00+00:00,0.0,3.9989360802088925,263.32000732421875,0.6815726933443733,0.39675050702079057,2022-09-19 00:00:00+00:00,39.7,elevated,0.75
2022-11-10 00:00:00+00:00,0.0,-1.4040676288958887,282.75,0.4683503497236512,0.3666671054588085,2022-09-19 00:00:00+00:00,36.7,elevated,0.75
2022-11-11 00:00:00+00:00,0.0,-3.187940320943272,287.9599914550781,0.26483425370683317,0.3373811964031286,2022-09-19 00:00:00+00:00,33.7,low,1.0
2022-11-14 00:00:00+00:00,0.0,-2.333241173327316,285.44000244140625,0.334722460901084,0.3481914337106464,2022-09-19 00:00:00+00:00,34.8,low,1.0
2022-11-15 00:00:00+00:00,0.0,-3.6663379287741105,289.3900146484375,0.36731165500825486,0.35287198429717637,2022-09-19 00:00:00+00:00,35.3,elevated,0.75
2022-11-16 00:00:00+00:00,0.0,-3.422781996254154,285.44000244140625,0.25593639077189034,0.33589908587642675,2022-09-19 00:00:00+00:00,33.6,low,1.0
2022-11-17 00:00:00+00:00,0.0,-4.283561782103995,284.80999755859375,0.27634872670440613,0.33925728541440653,2022-09-19 00:00:00+00:00,33.9,low,1.0
2022-11-18 00:00:00+00:00,0.0,-5.733451537782885,284.82000732421875,0.22794689244424018,0.3310227231778466,2022-09-19 00:00:00+00:00,33.1,low,1.0
2022-11-21 00:00:00+00:00,0.0,-5.299940283460858,281.8900146484375,0.32328224500143904,0.34650386140555917,2022-09-19 00:00:00+00:00,34.7,low,1.0
2022-11-22 00:00:00+00:00,0.0,-6.6445179887748225,285.95001220703125,0.14215007959748227,0.3129144067845264,2022-09-19 00:00:00+00:00,31.3,low,1.0
2022-11-23 00:00:00+00:00,0.0,-9.126797036449707,288.82000732421875,0.21556067965082074,0.3287433290709182,2022-09-19 00:00:00+00:00,32.9,low,1.0
2022-11-25 00:00:00+00:00,0.0,-8.525031656189054,286.9200134277344,0.18342383740401838,0.3223854232020442,2022-09-19 00:00:00+00:00,32.2,low,1.0
2022-11-28 00:00:00+00:00,0.0,-7.162817237472019,282.7099914550781,0.14248420634511713,0.3129989474235162,2022-09-19 00:00:00+00:00,31.3,low,1.0
2022-11-29 00:00:00+00:00,0.0,-7.42773489463131,280.57000732421875,0.18288234715843005,0.32227186363848687,2022-09-19 00:00:00+00:00,32.2,low,1.0
2022-11-30 00:00:00+00:00,1.0,-11.4637224040396,293.3599853515625,0.21507819988220045,0.3286528208802072,2022-09-19 00:00:00+00:00,32.9,low,1.0
2022-12-01 00:00:00+00:00,1.0,-11.572242303252168,293.7200012207031,0.216540234988341,0.3289266716399542,2022-09-19 00:00:00+00:00,32.9,low,1.0
2022-12-02 00:00:00+00:00,1.0,-11.218587652058499,292.54998779296875,0.16797242149750896,0.31904511700396504,2022-09-19 00:00:00+00:00,31.9,low,1.0
2022-12-05 00:00:00+00:00,0.0,-9.70310187760971,287.6400146484375,0.17592021007561323,0.3207898462601517,2022-09-19 00:00:00+00:00,32.1,low,1.0
2022-12-06 00:00:00+00:00,0.0,-7.792524233241494,281.67999267578125,0.1710301826799463,0.31972336185864625,2022-09-19 00:00:00+00:00,32.0,low,1.0
2022-12-07 00:00:00+00:00,0.0,-7.414532450532274,280.5299987792969,0.14438397793262447,0.31347674496636574,2022-09-19 00:00:00+00:00,31.3,low,1.0
2022-12-08 00:00:00+00:00,0.0,-8.497443931141335,283.8500061035156,0.11071952364650664,0.304154778522914,2022-09-19 00:00:00+00:00,30.4,low,1.0
2022-12-09 00:00:00+00:00,0.0,-7.910224394650145,282.0400085449219,0.0765935741574206,0.29195080331858553,2022-09-19 00:00:00+00:00,29.2,low,1.0
2022-12-12 00:00:00+00:00,0.0,-9.051746201198242,285.5799865722656,0.09094244603800797,0.29754536559796585,2022-09-19 00:00:00+00:00,29.8,low,1.0
2022-12-13 00:00:00+00:00,1.0,-10.019048509153105,288.6499938964844,0.11206406073288282,0.3045678800699786,2022-09-19 00:00:00+00:00,30.5,low,1.0
2022-12-14 00:00:00+00:00,0.0,-9.34696794754355,286.510009765625,0.07231254637197293,0.29010913212802525,2022-09-19 00:00:00+00:00,29.0,low,1.0
2022-12-15 00:00:00+00:00,0.0,-6.197407907214403,276.8900146484375,0.0722967840520083,0.2901021807953231,2022-09-19 00:00:00+00:00,29.0,low,1.0
2022-12-16 00:00:00+00:00,0.0,-5.294435374173878,274.25,0.07343093469474447,0.2905990698374204,2022-09-19 00:00:00+00:00,29.1,low,1.0
2022-12-19 00:00:00+00:00,0.0,-3.714546436949717,269.75,0.08013397736712036,0.29340869002145326,2022-09-19 00:00:00+00:00,29.3,low,1.0
2022-12-20 00:00:00+00:00,0.0,-3.63953299977684,269.5400085449219,0.08167430175875273,0.2940259532595284,2022-09-19 00:00:00+00:00,29.4,low,1.0
2022-12-21 00:00:00+00:00,0.0,-5.017370856913916,273.45001220703125,0.07604636527651641,0.2917203743056321,2022-09-19 00:00:00+00:00,29.2,low,1.0
2022-12-22 00:00:00+00:00,0.0,-2.635327081249328,266.760009765625,0.09000910052768689,0.2972049595697649,2022-09-19 00:00:00+00:00,29.7,low,1.0
2022-12-23 00:00:00+00:00,0.0,-2.8538206101415664,267.3599853515625,0.07755823198854332,0.2923536248203374,2022-09-19 00:00:00+00:00,29.2,low,1.0
2022-12-27 00:00:00+00:00,0.0,-1.4606479179260279,263.5799865722656,0.07929473254152491,0.29306812765598333,2022-09-19 00:00:00+00:00,29.3,low,1.0
2022-12-28 00:00:00+00:00,0.0,0.09226844626812891,260.1000061035156,0.05822203976220629,0.28330006952011033,2022-09-19 00:00:00+00:00,28.3,low,1.0
2022-12-29 00:00:00+00:00,0.0,-2.2894482989119114,266.44000244140625,0.17764323300370805,0.32116049994700213,2022-09-19 00:00:00+00:00,32.1,low,1.0
2022-12-30 00:00:00+00:00,0.0,-2.230735492202529,266.2799987792969,0.07794645235591231,0.2925145346975675,2022-09-19 00:00:00+00:00,29.3,low,1.0
2023-01-03 00:00:00+00:00,0.0,-1.5653412267332079,264.4800109863281,0.06865181210500378,0.2884586485602863,2022-09-19 00:00:00+00:00,28.8,low,1.0
2023-01-04 00:00:00+00:00,0.0,-2.032059191287594,265.739990234375,0.09036306571996698,0.2973344023943036,2022-09-19 00:00:00+00:00,29.7,low,1.0
2023-01-05 00:00:00+00:00,0.0,-0.4740386489898496,261.5799865722656,0.08372928951372156,0.29483429694634433,2022-09-19 00:00:00+00:00,29.5,low,1.0
2023-01-06 00:00:00+00:00,0.0,0.06324904592827085,268.79998779296875,0.08277356498866223,0.29446046732080333,2022-09-19 00:00:00+00:00,29.4,low,1.0
2023-01-09 00:00:00+00:00,0.0,-0.58032352873163,270.5400085449219,0.06059944809286722,0.28454264070483676,2022-09-19 00:00:00+00:00,28.5,low,1.0
2023-01-10 00:00:00+00:00,0.0,0.1062964333816252,272.8299865722656,0.12072411398059474,0.3071367375466451,2022-09-19 00:00:00+00:00,30.7,low,1.0
2023-01-11 00:00:00+00:00,0.0,-1.372724815767501,277.54998779296875,0.18601634505814504,0.3229258333081014,2022-09-19 00:00:00+00:00,32.3,low,1.0
2023-01-12 00:00:00+00:00,0.0,-1.8491214371095133,279.04998779296875,0.14883495146939446,0.3145775674863098,2022-09-19 00:00:00+00:00,31.5,low,1.0
2023-01-13 00:00:00+00:00,0.0,-2.5198371860006064,280.9700012207031,0.16889909802083444,0.3192516140226262,2022-09-19 00:00:00+00:00,31.9,low,1.0
2023-01-17 00:00:00+00:00,0.0,-2.7171960163039355,281.5400085449219,0.20261702926079483,0.3262665624652081,2022-09-19 00:00:00+00:00,32.6,low,1.0
2023-01-18 00:00:00+00:00,0.0,-1.4358680596891715,277.8800048828125,0.15268526866816864,0.31550975428764105,2022-09-19 00:00:00+00:00,31.6,low,1.0
2023-01-19 00:00:00+00:00,0.0,0.20352446702376348,275.1499938964844,0.2936958281725073,0.4319592898181141,2022-12-16 00:00:00+00:00,43.2,elevated,0.75
2023-01-20 00:00:00+00:00,0.0,-0.5306353611379988,282.67999267578125,0.2763323714402324,0.43756019048767175,2022-12-16 00:00:00+00:00,43.8,elevated,0.75
2023-01-23 00:00:00+00:00,0.0,-2.692413832143392,288.9599914550781,0.27694235639496523,0.4373595817027405,2022-12-16 00:00:00+00:00,43.7,elevated,0.75
2023-01-24 00:00:00+00:00,0.0,-2.4933254371642843,288.3699951171875,0.19677693268739915,0.4669541135571948,2022-12-16 00:00:00+00:00,46.7,elevated,0.75
2023-01-25 00:00:00+00:00,0.0,0.2745553112919019,287.7300109863281,0.32569027508172343,0.42216032082978794,2022-12-16 00:00:00+00:00,42.2,elevated,0.75
2023-01-26 00:00:00+00:00,0.0,-1.1761034064646236,293.3399963378906,0.4833382355719228,0.37972873104121385,2022-12-16 00:00:00+00:00,38.0,elevated,0.75
2023-01-27 00:00:00+00:00,0.0,-2.1501366729268945,296.260009765625,0.6797596623188676,0.3296400428171924,2022-12-16 00:00:00+00:00,33.0,low,1.0
2023-01-30 00:00:00+00:00,0.0,-0.075791927870561,290.2699890136719,0.5774610979155421,0.35616161664295237,2022-12-16 00:00:00+00:00,35.6,elevated,0.75
2023-01-31 00:00:00+00:00,0.0,-1.5511531464118655,294.6199951171875,0.7495521742321144,0.30966406438861205,2022-12-16 00:00:00+00:00,31.0,low,1.0
2023-02-01 00:00:00+00:00,0.0,-4.1705495648466595,300.9200134277344,0.7991235461890176,0.29363384307682167,2022-12-16 00:00:00+00:00,29.4,low,1.0
2023-02-02 00:00:00+00:00,0.0,-7.490698707839227,311.7200012207031,0.5895267662942476,0.35312274248937214,2022-12-16 00:00:00+00:00,35.3,elevated,0.75
2023-02-03 00:00:00+00:00,0.0,-5.816839109227178,306.17999267578125,0.6967074989491324,0.32498839252924216,2022-12-16 00:00:00+00:00,32.5,low,1.0
2023-02-06 00:00:00+00:00,0.0,-5.013340822918133,303.5899963378906,0.7217423414813691,0.3179041641259573,2022-12-16 00:00:00+00:00,31.8,low,1.0
2023-02-07 00:00:00+00:00,0.0,-6.941399711723717,309.8800048828125,0.6676976046962059,0.33289112388272063,2022-12-16 00:00:00+00:00,33.3,low,1.0
2023-02-08 00:00:00+00:00,0.0,-5.2567599489692585,304.3699951171875,0.5535904204862286,0.36214256181814036,2022-12-16 00:00:00+00:00,36.2,elevated,0.75
2023-02-09 00:00:00+00:00,0.0,-4.740118052288967,301.67999267578125,0.28980921238454505,0.433193965022976,2022-12-16 00:00:00+00:00,43.3,elevated,0.75
2023-02-10 00:00:00+00:00,0.0,-4.841511236109508,299.70001220703125,0.3417254890221305,0.4174621162785804,2022-12-16 00:00:00+00:00,41.7,elevated,0.75
2023-02-13 00:00:00+00:00,0.0,-6.341542712181858,304.5,0.3794014453251669,0.4068672166307237,2022-12-16 00:00:00+00:00,40.7,elevated,0.75
2023-02-14 00:00:00+00:00,0.0,-7.0285240614812565,306.75,0.5663893993154876,0.35893976696890606,2022-12-16 00:00:00+00:00,35.9,elevated,0.75
2023-02-15 00:00:00+00:00,0.0,-7.735361756706682,309.1000061035156,0.6477357659253877,0.3381789535144008,2022-12-16 00:00:00+00:00,33.8,low,1.0
2023-02-16 00:00:00+00:00,0.0,-5.970981233248285,303.29998779296875,0.5081257412256076,0.3735019166429125,2022-12-16 00:00:00+00:00,37.4,elevated,0.75
2023-02-17 00:00:00+00:00,0.0,-5.302829401815545,301.1600036621094,0.35243846357940123,0.4143907357462054,2022-12-16 00:00:00+00:00,41.4,elevated,0.75
2023-02-21 00:00:00+00:00,0.0,-3.0064947027823696,294.0299987792969,0.2711840476486224,0.4392652246498034,2022-12-16 00:00:00+00:00,43.9,elevated,0.75
2023-02-22 00:00:00+00:00,0.0,-3.079013613795667,294.25,0.38732373459731784,0.4047061499951926,2022-12-16 00:00:00+00:00,40.5,elevated,0.75
2023-02-23 00:00:00+00:00,0.0,-3.918201130595944,296.82000732421875,0.6041524258311156,0.34941827886891286,2022-12-16 00:00:00+00:00,34.9,low,1.0
2023-02-24 00:00:00+00:00,0.0,-2.2819953821577643,291.8500061035156,0.4444488089225287,0.38963192582044087,2022-12-16 00:00:00+00:00,39.0,elevated,0.75
2023-02-27 00:00:00+00:00,0.0,-2.976797961258848,293.94000244140625,0.44114994305115396,0.39048261502593556,2022-12-16 00:00:00+00:00,39.0,elevated,0.75
2023-02-28 00:00:00+00:00,0.0,-2.8512042467628396,293.55999755859375,0.4455422389336733,0.3893503894772125,2022-12-16 00:00:00+00:00,38.9,elevated,0.75
2023-03-01 00:00:00+00:00,0.0,-2.0638768934364338,291.20001220703125,0.3922136534774741,0.4033822563506354,2022-12-16 00:00:00+00:00,40.3,elevated,0.75
2023-03-02 00:00:00+00:00,0.0,-2.8677440585252345,293.6099853515625,0.24590286943461898,0.44797531489118503,2022-12-16 00:00:00+00:00,44.8,elevated,0.75
2023-03-03 00:00:00+00:00,0.0,-4.835154360822303,299.67999267578125,0.21231818952211098,0.4605993232884823,2022-12-16 00:00:00+00:00,46.1,elevated,0.75
2023-03-06 00:00:00+00:00,0.0,-4.9429995051395785,300.0199890136719,0.161492723604222,0.4829982834713941,2022-12-16 00:00:00+00:00,48.3,elevated,0.75
2023-03-07 00:00:00+00:00,0.0,-3.762568007786238,296.3399963378906,0.20583116129760826,0.46320699658112113,2022-12-16 00:00:00+00:00,46.3,elevated,0.75
2023-03-08 00:00:00+00:00,0.0,-4.240818135855784,297.82000732421875,0.2526418008438354,0.4455948998993678,2022-12-16 00:00:00+00:00,44.6,elevated,0.75
2023-03-09 00:00:00+00:00,0.0,-2.55245032707907,292.6600036621094,0.25612629422522887,0.44438152165273476,2022-12-16 00:00:00+00:00,44.4,elevated,0.75
2023-03-10 00:00:00+00:00,0.0,-1.1644378768691066,288.54998779296875,0.3635201611208581,0.4112649145637565,2022-12-16 00:00:00+00:00,41.1,elevated,0.75
2023-03-13 00:00:00+00:00,0.0,0.8772189519943074,290.69000244140625,0.5427207293570181,0.3648580610412983,2022-12-16 00:00:00+00:00,36.5,elevated,0.75
2023-03-14 00:00:00+00:00,0.0,-1.388843847942678,297.3699951171875,0.6088660831954211,0.3482185112919699,2022-12-16 00:00:00+00:00,34.8,low,1.0
2023-03-15 00:00:00+00:00,0.0,-0.5820728187225344,298.92999267578125,0.7600302403656392,0.3064365446203272,2022-12-16 00:00:00+00:00,30.6,low,1.0
2023-03-16 00:00:00+00:00,0.0,-1.564482197830619,306.80999755859375,0.381574647584022,0.4062723482191387,2022-12-16 00:00:00+00:00,40.6,elevated,0.75
2023-03-17 00:00:00+00:00,0.0,-1.0970578159023248,305.3599853515625,0.30784718957602214,0.4275487894777912,2022-12-16 00:00:00+00:00,42.8,elevated,0.75
2023-03-20 00:00:00+00:00,0.0,-0.3921993013183189,305.9700012207031,0.5142018109141154,0.3719814935011475,2022-12-16 00:00:00+00:00,37.2,elevated,0.75
2023-03-21 00:00:00+00:00,0.0,-1.7948080782195563,310.3399963378906,0.3379894056901945,0.4185455226385044,2022-12-16 00:00:00+00:00,41.9,elevated,0.75
2023-03-22 00:00:00+00:00,0.0,-0.441005528893601,306.1199951171875,0.3187644275820829,0.42423052830101254,2022-12-16 00:00:00+00:00,42.4,elevated,0.75
2023-03-23 00:00:00+00:00,0.0,-1.6077517308565326,309.75,0.41715360447479105,0.39673610135354614,2022-12-16 00:00:00+00:00,39.7,elevated,0.75
2023-03-24 00:00:00+00:00,0.0,-1.9685500808658385,310.8900146484375,0.3271004141827054,0.4217419648455657,2022-12-16 00:00:00+00:00,42.2,elevated,0.75
2023-03-27 00:00:00+00:00,0.0,-1.2922725177337169,308.760009765625,0.2876421268356444,0.43388700678223446,2022-12-16 00:00:00+00:00,43.4,elevated,0.75
2023-03-28 00:00:00+00:00,0.0,0.901933959133161,307.1199951171875,0.3583202814135556,0.41272544700281205,2022-12-16 00:00:00+00:00,41.3,elevated,0.75
2023-03-29 00:00:00+00:00,0.0,-0.9049586087294559,312.7200012207031,0.43738496432588614,0.39145596154730045,2022-12-16 00:00:00+00:00,39.1,elevated,0.75
2023-03-30 00:00:00+00:00,0.0,-1.8341289158893104,315.67999267578125,0.40345328364730326,0.40036617219177256,2022-12-16 00:00:00+00:00,40.0,elevated,0.75
2023-03-31 00:00:00+00:00,0.0,-3.439995724705247,320.92999267578125,0.5050546646433702,0.3742710932536894,2022-12-16 00:00:00+00:00,37.4,elevated,0.75
2023-04-03 00:00:00+00:00,0.0,-3.2047413536307245,320.1499938964844,0.4563660792721868,0.3865743199512553,2022-12-16 00:00:00+00:00,38.7,elevated,0.75
2023-04-04 00:00:00+00:00,0.0,-2.8771092440704193,319.07000732421875,0.4677223237334937,0.383680857996826,2022-12-16 00:00:00+00:00,38.4,elevated,0.75
2023-04-05 00:00:00+00:00,0.0,-1.908710598569352,315.9200134277344,0.2477267418069256,0.44732655807778837,2022-12-16 00:00:00+00:00,44.7,elevated,0.75
2023-04-06 00:00:00+00:00,0.0,-2.5656259889067834,318.04998779296875,0.24757500326606238,0.4473804025052022,2022-12-16 00:00:00+00:00,44.7,elevated,0.75
2023-04-10 00:00:00+00:00,0.0,-2.510454145194818,317.8699951171875,0.16312647694699897,0.48219590146206287,2022-12-16 00:00:00+00:00,48.2,elevated,0.75
2023-04-11 00:00:00+00:00,0.0,-1.8807498262895295,315.8299865722656,0.08192323612008966,0.5343727471244523,2022-12-16 00:00:00+00:00,53.4,high,0.5
2023-04-12 00:00:00+00:00,0.0,-1.0062592034565276,313.0400085449219,0.10914666940737341,0.5132295975708598,2022-12-16 00:00:00+00:00,51.3,high,0.5
2023-04-13 00:00:00+00:00,0.0,-2.9075409308143008,319.1700134277344,0.10562486675318235,0.5156841430015484,2022-12-16 00:00:00+00:00,51.6,high,0.5
2023-04-14 00:00:00+00:00,0.0,-2.724673533672406,318.57000732421875,0.08014406264979505,0.5359622490089256,2022-12-16 00:00:00+00:00,53.6,high,0.5
2023-04-17 00:00:00+00:00,0.0,-2.807044847650919,318.8399963378906,0.04711864060017641,0.5733608818054737,2022-12-16 00:00:00+00:00,57.3,high,0.5
2023-04-18 00:00:00+00:00,0.0,-2.8131377768317534,318.8599853515625,0.04728865612534705,0.5731135726722671,2022-12-16 00:00:00+00:00,57.3,high,0.5
2023-04-19 00:00:00+00:00,0.0,-2.7673989027996337,318.7099914550781,0.052463926972567056,0.5659474117247205,2022-12-16 00:00:00+00:00,56.6,high,0.5
2023-04-20 00:00:00+00:00,0.0,-2.0203566951820906,316.2799987792969,0.08073133752631607,0.2416962104684286,2023-03-21 00:00:00+00:00,24.2,low,1.0
2023-04-21 00:00:00+00:00,0.0,-2.1224759211757593,316.6099853515625,0.029302625052191646,0.22830808735494262,2023-03-21 00:00:00+00:00,22.8,low,1.0
2023-04-24 00:00:00+00:00,0.0,-1.9180241571324363,315.95001220703125,0.024563771052052565,0.2260880410611729,2023-03-21 00:00:00+00:00,22.6,low,1.0
2023-04-25 00:00:00+00:00,0.0,0.4354999019468009,309.989990234375,0.05976206610814488,0.23758710779219966,2023-03-21 00:00:00+00:00,23.8,low,1.0
2023-04-26 00:00:00+00:00,0.0,1.0196532932212232,311.8699951171875,0.06159536714818416,0.23799377411730266,2023-03-21 00:00:00+00:00,23.8,low,1.0
2023-04-27 00:00:00+00:00,0.0,-1.632592753763873,320.3500061035156,0.061464853197598215,0.2379651843605011,2023-03-21 00:00:00+00:00,23.8,low,1.0
2023-04-28 00:00:00+00:00,0.0,-2.3065483933899067,322.55999755859375,0.048569416206874313,0.234828545037717,2023-03-21 00:00:00+00:00,23.5,low,1.0
2023-05-01 00:00:00+00:00,0.0,-2.194359623404052,322.19000244140625,0.011863168025811641,0.21717534014724363,2023-03-21 00:00:00+00:00,21.7,low,1.0
2023-05-02 00:00:00+00:00,0.0,-1.3338373412537519,319.3800048828125,0.014171485887929424,0.2193190297062063,2023-03-21 00:00:00+00:00,21.9,low,1.0
2023-05-03 00:00:00+00:00,0.0,-0.6839211350164964,317.2900085449219,0.014351978203894613,0.21947240126551357,2023-03-21 00:00:00+00:00,21.9,low,1.0
2023-05-04 00:00:00+00:00,0.0,0.012644471532996526,316.1700134277344,0.013787874113787409,0.21898682625859694,2023-03-21 00:00:00+00:00,21.9,low,1.0
2023-05-05 00:00:00+00:00,0.0,-0.4862359481534795,322.8900146484375,0.05027138408876714,0.23528296062412504,2023-03-21 00:00:00+00:00,23.5,low,1.0
2023-05-08 00:00:00+00:00,0.0,-0.732180512005931,323.69000244140625,0.02926339162273426,0.2282911261333025,2023-03-21 00:00:00+00:00,22.8,low,1.0
2023-05-09 00:00:00+00:00,0.0,-0.012438920252388908,321.6400146484375,0.031331158489051894,0.22915748880408937,2023-03-21 00:00:00+00:00,22.9,low,1.0
2023-05-10 00:00:00+00:00,0.0,-0.6766353287552263,325.1400146484375,0.05619517011249921,0.23676270483164377,2023-03-21 00:00:00+00:00,23.7,low,1.0
2023-05-11 00:00:00+00:00,0.0,-0.9993898355699526,326.20001220703125,0.009025092497818066,0.2139167220914133,2023-03-21 00:00:00+00:00,21.4,low,1.0
2023-05-12 00:00:00+00:00,0.0,-0.3292026361373823,325.0299987792969,0.010288586834614878,0.21547261896215444,2023-03-21 00:00:00+00:00,21.5,low,1.0
2023-05-15 00:00:00+00:00,0.0,-0.23563129566862573,326.7900085449219,0.027431083412679514,0.2274744059627232,2023-03-21 00:00:00+00:00,22.7,low,1.0
2023-05-16 00:00:00+00:00,0.0,-0.036677807752882874,327.1600036621094,0.04083799278146657,0.23256171320906519,2023-03-21 00:00:00+00:00,23.3,low,1.0
2023-05-17 00:00:00+00:00,0.0,-0.4711275614876831,331.1199951171875,0.1494884776302235,0.25067671393744173,2023-03-21 00:00:00+00:00,25.1,low,1.0
2023-05-18 00:00:00+00:00,0.0,-2.2859998535966986,337.2699890136719,0.1544935724116881,0.2511858794612841,2023-03-21 00:00:00+00:00,25.1,low,1.0
2023-05-19 00:00:00+00:00,0.0,-2.0653210915989817,336.510009765625,0.15027409148106383,0.250757505873493,2023-03-21 00:00:00+00:00,25.1,low,1.0
2023-05-22 00:00:00+00:00,0.0,-2.39308634619535,337.6400146484375,0.22521534711266558,0.257325710071341,2023-03-21 00:00:00+00:00,25.7,low,1.0
2023-05-23 00:00:00+00:00,0.0,-1.1399051955684691,333.3599853515625,0.07095502192814071,0.23991529409608103,2023-03-21 00:00:00+00:00,24.0,low,1.0
2023-05-24 00:00:00+00:00,0.0,1.5136498186750558,331.6499938964844,0.17360204365689552,0.25302014352824115,2023-03-21 00:00:00+00:00,25.3,low,1.0
2023-05-25 00:00:00+00:00,0.0,0.27669917521151444,339.7200012207031,0.19515495033271074,0.25491600134454473,2023-03-21 00:00:00+00:00,25.5,low,1.0
2023-05-26 00:00:00+00:00,0.0,-0.5424753627926049,348.3999938964844,0.34198594290845186,0.26514737211900596,2023-03-21 00:00:00+00:00,26.5,low,1.0
2023-05-30 00:00:00+00:00,0.0,-0.9914855453955318,349.9800109863281,0.15569403696951975,0.2513060897834378,2023-03-21 00:00:00+00:00,25.1,low,1.0
2023-05-31 00:00:00+00:00,0.0,-0.3821910427279418,347.989990234375,0.1616816910391513,0.2518952042885499,2023-03-21 00:00:00+00:00,25.2,low,1.0
2023-06-01 00:00:00+00:00,0.0,-1.0880420964147763,352.010009765625,0.2443339788478356,0.258747460940189,2023-03-21 00:00:00+00:00,25.9,low,1.0
2023-06-02 00:00:00+00:00,0.0,-1.8243342258710382,354.6499938964844,0.15887975776621985,0.2516216567725773,2023-03-21 00:00:00+00:00,25.2,low,1.0
2023-06-05 00:00:00+00:00,0.0,-1.8934915007812525,354.8999938964844,0.06136055535270077,0.23794229826825603,2023-03-21 00:00:00+00:00,23.8,low,1.0
2023-06-06 00:00:00+00:00,0.0,-1.8769033172256866,354.8399963378906,0.05271909180516102,0.23591258091042316,2023-03-21 00:00:00+00:00,23.6,low,1.0
2023-06-07 00:00:00+00:00,0.0,0.020069755962626168,348.82000732421875,0.15788482649481514,0.2515236308140305,2023-03-21 00:00:00+00:00,25.2,low,1.0
2023-06-08 00:00:00+00:00,0.0,-0.03397851317042955,353.1499938964844,0.19168465678005547,0.2546214102549386,2023-03-21 00:00:00+00:00,25.5,low,1.0
2023-06-09 00:00:00+00:00,0.0,0.19746465642629385,354.5,0.20673737685187324,0.25587305014371786,2023-03-21 00:00:00+00:00,25.6,low,1.0
2023-06-12 00:00:00+00:00,0.0,-0.8044589239770361,360.489990234375,0.46078589261841324,0.2719605535808648,2023-03-21 00:00:00+00:00,27.2,low,1.0
2023-06-13 00:00:00+00:00,0.0,-1.5608691502796201,363.260009765625,0.4876909839698106,0.27345374455246935,2023-03-21 00:00:00+00:00,27.3,low,1.0
2023-06-14 00:00:00+00:00,0.0,-2.2711116964229006,365.8999938964844,0.5747098890641291,0.27833555747386507,2023-03-21 00:00:00+00:00,27.8,low,1.0
2023-06-15 00:00:00+00:00,0.0,-3.4219232683957657,370.260009765625,0.6648655479091327,0.2837468887086708,2023-03-21 00:00:00+00:00,28.4,low,1.0
2023-06-16 00:00:00+00:00,0.0,-2.810316240514321,367.92999267578125,0.27994762214408087,0.2612212642340844,2023-03-21 00:00:00+00:00,26.1,low,1.0
2023-06-20 00:00:00+00:00,0.0,-2.537475528337141,366.8999938964844,0.4289787055996752,0.27018483260687476,2023-03-21 00:00:00+00:00,27.0,low,1.0
2023-06-21 00:00:00+00:00,0.0,-1.1909360683290182,361.8999938964844,0.35338594427026293,0.2658311111865403,2023-03-21 00:00:00+00:00,26.6,low,1.0
2023-06-22 00:00:00+00:00,0.0,-2.343178516865929,366.1700134277344,0.5471108389918854,0.27676782768252045,2023-03-21 00:00:00+00:00,27.7,low,1.0
2023-06-23 00:00:00+00:00,0.0,-1.365369915143555,362.5400085449219,0.5213931354348227,0.2753267703973625,2023-03-21 00:00:00+00:00,27.5,low,1.0
2023-06-26 00:00:00+00:00,0.0,0.23205577802505317,357.67999267578125,0.2225849843749275,0.2571239788561488,2023-03-21 00:00:00+00:00,25.7,low,1.0
2023-06-27 00:00:00+00:00,0.0,-0.5304655325318874,363.8299865722656,0.27136307729216724,0.2606429027721441,2023-03-21 00:00:00+00:00,26.1,low,1.0
2023-06-28 00:00:00+00:00,0.0,-0.6583622758072782,364.5400085449219,0.256236666279799,0.2595971069207269,2023-03-21 00:00:00+00:00,26.0,low,1.0
2023-06-29 00:00:00+00:00,0.0,-0.10994582314081125,363.80999755859375,0.17668353529853495,0.25330144891197104,2023-03-21 00:00:00+00:00,25.3,low,1.0
2023-06-30 00:00:00+00:00,0.0,-1.6268771444892693,369.4200134277344,0.2083268357199349,0.25600142569162787,2023-03-21 00:00:00+00:00,25.6,low,1.0
2023-07-03 00:00:00+00:00,0.0,-1.8580044624611713,370.2900085449219,0.25712733270690885,0.25965969657266,2023-03-21 00:00:00+00:00,26.0,low,1.0
2023-07-05 00:00:00+00:00,0.0,-1.8553513934956856,370.2799987792969,0.25186900341571683,0.2592882334753617,2023-03-21 00:00:00+00:00,25.9,low,1.0
2023-07-06 00:00:00+00:00,0.0,-1.1021574830314185,367.4599914550781,0.2662238849336871,0.26029157543218323,2023-03-21 00:00:00+00:00,26.0,low,1.0
2023-07-07 00:00:00+00:00,0.0,-0.7727136980466232,366.239990234375,0.1867115138842327,0.25419246099016596,2023-03-21 00:00:00+00:00,25.4,low,1.0
2023-07-10 00:00:00+00:00,0.0,-0.4749400327400122,366.3599853515625,0.23156555974856688,0.2578063683675201,2023-03-21 00:00:00+00:00,25.8,low,1.0
2023-07-11 00:00:00+00:00,0.0,0.17654721264037665,368.1700134277344,0.2562707738174191,0.2595995061948643,2023-03-21 00:00:00+00:00,26.0,low,1.0
2023-07-12 00:00:00+00:00,0.0,-1.5235214216499093,372.82000732421875,0.28622027741797507,0.2616375417953312,2023-03-21 00:00:00+00:00,26.2,low,1.0
2023-07-13 00:00:00+00:00,0.0,-3.1939827367816753,379.1499938964844,0.21175403288956504,0.2562759377465649,2023-03-21 00:00:00+00:00,25.6,low,1.0
2023-07-14 00:00:00+00:00,0.0,-3.7934958200249502,379.07000732421875,0.17253279997622717,0.25292166178317094,2023-03-21 00:00:00+00:00,25.3,low,1.0
2023-07-17 00:00:00+00:00,0.0,-4.6836161094150235,382.6099853515625,0.1814408877396311,0.2537286696169509,2023-03-21 00:00:00+00:00,25.4,low,1.0
2023-07-18 00:00:00+00:00,0.0,-5.457040578079242,385.739990234375,0.3503788633029844,0.26565165468025365,2023-03-21 00:00:00+00:00,26.6,low,1.0
2023-07-19 00:00:00+00:00,0.0,-6.01840835535139,385.6499938964844,0.1941790331878561,0.25483353870766334,2023-03-21 00:00:00+00:00,25.5,low,1.0
2023-07-20 00:00:00+00:00,0.0,-4.936831304120181,376.760009765625,0.28529347646628633,0.26157635804270346,2023-03-21 00:00:00+00:00,26.2,low,1.0
2023-07-21 00:00:00+00:00,0.0,-5.569313727815994,375.6300048828125,0.20256017855170175,0.1162493820933496,2023-06-21 00:00:00+00:00,11.6,low,1.0
2023-07-24 00:00:00+00:00,0.0,-5.719910401308203,376.2300109863281,0.23086967990221,0.11594230644000836,2023-06-21 00:00:00+00:00,11.6,low,1.0
2023-07-25 00:00:00+00:00,0.0,-6.354614130046388,378.7799987792969,0.3087756151100228,0.11521395838578403,2023-06-21 00:00:00+00:00,11.5,low,1.0
2023-07-26 00:00:00+00:00,0.0,-6.042063525745567,377.5199890136719,0.3208957181035135,0.115111334538753,2023-06-21 00:00:00+00:00,11.5,low,1.0
2023-07-27 00:00:00+00:00,0.0,-5.817535963615517,376.6199951171875,0.3739786596261214,0.1146839666545566,2023-06-21 00:00:00+00:00,11.5,low,1.0
2023-07-28 00:00:00+00:00,0.0,-7.502351806356788,383.4800109863281,0.41698452226866545,0.11435678439640526,2023-06-21 00:00:00+00:00,11.4,low,1.0
2023-07-31 00:00:00+00:00,0.0,-7.550563431433199,383.67999267578125,0.2976079144687752,0.11531058062399331,2023-06-21 00:00:00+00:00,11.5,low,1.0
2023-08-01 00:00:00+00:00,0.0,-7.335619128770565,382.7900085449219,0.2943373949454179,0.1153392812412188,2023-06-21 00:00:00+00:00,11.5,low,1.0
2023-08-02 00:00:00+00:00,0.0,-5.256556645037513,374.3900146484375,0.2883207355925216,0.11539258835916148,2023-06-21 00:00:00+00:00,11.5,low,1.0
2023-08-03 00:00:00+00:00,0.0,-5.1044748799246475,373.7900085449219,0.20743029003830615,0.11619436744810235,2023-06-21 00:00:00+00:00,11.6,low,1.0
2023-08-04 00:00:00+00:00,0.0,-4.658105765996201,372.0400085449219,0.1045512853164594,0.11768825647294844,2023-06-21 00:00:00+00:00,11.8,low,1.0
2023-08-07 00:00:00+00:00,0.0,-5.458570551737052,375.19000244140625,0.12103747046455078,0.11738151898812438,2023-06-21 00:00:00+00:00,11.7,low,1.0
2023-08-08 00:00:00+00:00,0.0,-4.6478517593876,372.0,0.11828914653348196,0.11742997310432787,2023-06-21 00:00:00+00:00,11.7,low,1.0
2023-08-09 00:00:00+00:00,0.0,-3.5878372633635247,367.9100036621094,0.11373224891250142,0.11751254636747611,2023-06-21 00:00:00+00:00,11.8,low,1.0
2023-08-10 00:00:00+00:00,0.0,-3.7657030903488042,368.5899963378906,0.13026016956971861,0.11722566686893429,2023-06-21 00:00:00+00:00,11.7,low,1.0
2023-08-11 00:00:00+00:00,0.0,-3.1482085754530154,366.239990234375,0.05535811649199645,0.11897722312422533,2023-06-21 00:00:00+00:00,11.9,low,1.0
2023-08-14 00:00:00+00:00,0.0,-4.223036152473014,370.3500061035156,0.061292478610611385,0.11877421894102116,2023-06-21 00:00:00+00:00,11.9,low,1.0
2023-08-15 00:00:00+00:00,0.0,-3.1957921356732033,366.4200134277344,0.03986335753351794,0.11962621331615339,2023-06-21 00:00:00+00:00,12.0,low,1.0
2023-08-16 00:00:00+00:00,0.0,-2.159766344484304,362.5400085449219,0.030137964458530907,0.12017421272058319,2023-06-21 00:00:00+00:00,12.0,low,1.0
2023-08-17 00:00:00+00:00,0.0,-1.0792557482589893,358.5799865722656,0.012852175302662298,0.1218325488623763,2023-06-21 00:00:00+00:00,12.2,low,1.0
2023-08-18 00:00:00+00:00,0.0,0.12564758141400123,358.1300048828125,0.024163415863183536,0.12060521267753867,2023-06-21 00:00:00+00:00,12.1,low,1.0
2023-08-21 00:00:00+00:00,0.0,-1.4619421306536484,363.8999938964844,0.02945170562861073,0.12021920991572137,2023-06-21 00:00:00+00:00,12.0,low,1.0
2023-08-22 00:00:00+00:00,0.0,-1.3209362777390155,363.3800048828125,0.017696572852507725,0.12121114256133797,2023-06-21 00:00:00+00:00,12.1,low,1.0
2023-08-23 00:00:00+00:00,0.0,-3.093924131930259,369.1099853515625,0.018016904370472167,0.12117627571769327,2023-06-21 00:00:00+00:00,12.1,low,1.0
2023-08-24 00:00:00+00:00,0.0,-1.0049290932244381,361.2200012207031,0.010927546032674791,0.12214771084462415,2023-06-21 00:00:00+00:00,12.2,low,1.0
2023-08-25 00:00:00+00:00,0.0,-2.222404423397417,364.0199890136719,0.017349202218448677,0.12124967005992149,2023-06-21 00:00:00+00:00,12.1,low,1.0
2023-08-28 00:00:00+00:00,0.0,-3.6945190178192866,366.760009765625,0.015068143556454446,0.12152355390087284,2023-06-21 00:00:00+00:00,12.2,low,1.0
2023-08-29 00:00:00+00:00,0.0,-6.246499012292938,374.7699890136719,0.02965888470150714,0.12020551769848295,2023-06-21 00:00:00+00:00,12.0,low,1.0
2023-08-30 00:00:00+00:00,0.0,-6.766438728222035,376.8599853515625,0.014715875209071212,0.12156950787014602,2023-06-21 00:00:00+00:00,12.2,low,1.0
2023-08-31 00:00:00+00:00,0.0,-7.045161398665711,377.989990234375,0.014997240173079887,0.12153271650969055,2023-06-21 00:00:00+00:00,12.2,low,1.0
2023-09-01 00:00:00+00:00,0.0,-6.9466911837505085,377.5899963378906,0.049739283056363104,0.1191896019036366,2023-06-21 00:00:00+00:00,11.9,low,1.0
2023-09-05 00:00:00+00:00,0.0,-7.064834939353104,378.07000732421875,0.031329041702015906,0.12009845404449318,2023-06-21 00:00:00+00:00,12.0,low,1.0
2023-09-06 00:00:00+00:00,0.0,-6.238993833615103,374.739990234375,0.06663503242614507,0.11860683700458446,2023-06-21 00:00:00+00:00,11.9,low,1.0
2023-09-07 00:00:00+00:00,0.0,-5.563622088604491,372.05999755859375,0.0667410582912101,0.11860364534391495,2023-06-21 00:00:00+00:00,11.9,low,1.0
2023-09-08 00:00:00+00:00,0.0,-5.695421650509747,372.5799865722656,0.05509519648935398,0.11898669027305192,2023-06-21 00:00:00+00:00,11.9,low,1.0
2023-09-11 00:00:00+00:00,0.0,-6.793648244213157,376.9700012207031,0.1370115500570345,0.11711753508818137,2023-06-21 00:00:00+00:00,11.7,low,1.0
2023-09-12 00:00:00+00:00,0.0,-5.748550846897771,372.7900085449219,0.04438494556822837,0.11941466128861782,2023-06-21 00:00:00+00:00,11.9,low,1.0
2023-09-13 00:00:00+00:00,0.0,-6.106198825602083,374.2099914550781,0.11799343774246196,0.1174352454706099,2023-06-21 00:00:00+00:00,11.7,low,1.0
2023-09-14 00:00:00+00:00,0.0,-6.8677616605148035,377.2699890136719,0.06816952555801731,0.1185611044226239,2023-06-21 00:00:00+00:00,11.9,low,1.0
2023-09-15 00:00:00+00:00,0.0,-5.245277186453922,370.80999755859375,0.12411395012073391,0.11732841185520235,2023-06-21 00:00:00+00:00,11.7,low,1.0
2023-09-18 00:00:00+00:00,0.0,-5.206933070701803,370.6600036621094,0.06072821587739047,0.11879269731922322,2023-06-21 00:00:00+00:00,11.9,low,1.0
2023-09-19 00:00:00+00:00,0.0,-5.004463733199116,369.8699951171875,0.08103924137211416,0.1182115920255297,2023-06-21 00:00:00+00:00,11.8,low,1.0
2023-09-20 00:00:00+00:00,0.0,-3.615521721735848,364.5400085449219,0.1533805766983531,0.11687311672033542,2023-06-21 00:00:00+00:00,11.7,low,1.0
2023-09-21 00:00:00+00:00,0.0,-1.816352838000146,357.8599853515625,0.17788098519861795,0.11654505540625307,2023-06-21 00:00:00+00:00,11.7,low,1.0
2023-09-22 00:00:00+00:00,0.0,-1.8300741090015782,357.9100036621094,0.05748455366045243,0.11890219616043843,2023-06-21 00:00:00+00:00,11.9,low,1.0
2023-09-25 00:00:00+00:00,0.0,-2.360888345765766,359.6099853515625,0.058087976235029946,0.11888138781204363,2023-06-21 00:00:00+00:00,11.9,low,1.0
2023-09-26 00:00:00+00:00,0.0,-0.8723628391161586,354.2099914550781,0.057637456898342584,0.11889690383900332,2023-06-21 00:00:00+00:00,11.9,low,1.0
2023-09-27 00:00:00+00:00,0.0,-1.4899753316822473,355.0400085449219,0.11966205820220853,0.11740564572026965,2023-06-21 00:00:00+00:00,11.7,low,1.0
2023-09-28 00:00:00+00:00,0.0,-4.374180395783167,358.010009765625,0.10552305744170018,0.1176690189611718,2023-06-21 00:00:00+00:00,11.8,low,1.0
2023-09-29 00:00:00+00:00,0.0,-4.443571440070782,358.2699890136719,0.11728859672628245,0.11744785964321182,2023-06-21 00:00:00+00:00,11.7,low,1.0
2023-10-02 00:00:00+00:00,0.0,-5.2344580498621,361.260009765625,0.0656953652258341,0.11863533478491409,2023-06-21 00:00:00+00:00,11.9,low,1.0
2023-10-03 00:00:00+00:00,0.0,-3.5416451168308494,354.9200134277344,0.06359999503969711,0.11870029478343051,2023-06-21 00:00:00+00:00,11.9,low,1.0
2023-10-04 00:00:00+00:00,0.0,-4.836690450725333,359.75,0.07434847997534728,0.11838624218535884,2023-06-21 00:00:00+00:00,11.8,low,1.0
2023-10-05 00:00:00+00:00,0.0,-4.55546467051583,358.69000244140625,0.058311272923251375,0.11887373985971948,2023-06-21 00:00:00+00:00,11.9,low,1.0
2023-10-06 00:00:00+00:00,0.0,-6.12832611884534,364.70001220703125,0.07940672847750184,0.11825293336285975,2023-06-21 00:00:00+00:00,11.8,low,1.0
2023-10-09 00:00:00+00:00,0.0,-6.6046463379322295,366.55999755859375,0.0611427636360146,0.11877910598725788,2023-06-21 00:00:00+00:00,11.9,low,1.0
2023-10-10 00:00:00+00:00,0.0,-7.119018555870005,368.5899963378906,0.06080394913655628,0.11879020776917433,2023-06-21 00:00:00+00:00,11.9,low,1.0
2023-10-11 00:00:00+00:00,0.0,-7.77705808476179,371.2200012207031,0.05091839899197472,0.11914318906330199,2023-06-21 00:00:00+00:00,11.9,low,1.0
2023-10-12 00:00:00+00:00,0.0,-7.455461065152836,369.92999267578125,0.06048654777407148,0.11880066134960689,2023-06-21 00:00:00+00:00,11.9,low,1.0
2023-10-13 00:00:00+00:00,0.0,-6.277374275188718,365.2799987792969,0.08546308042906384,0.11810332159448543,2023-06-21 00:00:00+00:00,11.8,low,1.0
2023-10-16 00:00:00+00:00,0.0,-7.325193495123883,369.4100036621094,0.08106507165753964,0.11821094413375483,2023-06-21 00:00:00+00:00,11.8,low,1.0
2023-10-17 00:00:00+00:00,0.0,-7.020642380908093,368.20001220703125,0.1306953779347809,0.11721855233239004,2023-06-21 00:00:00+00:00,11.7,low,1.0
2023-10-18 00:00:00+00:00,0.0,-5.784734374364864,363.3699951171875,0.1729616108317191,0.11660783293011166,2023-06-21 00:00:00+00:00,11.7,low,1.0
2023-10-19 00:00:00+00:00,0.0,-4.894850975757947,359.9700012207031,0.14869068259907017,0.0194644789097186,2023-09-20 00:00:00+00:00,1.9,low,1.0
2023-10-20 00:00:00+00:00,0.0,-3.4545966692465124,354.6000061035156,0.24846191068492837,0.022480436643798334,2023-09-20 00:00:00+00:00,2.2,low,1.0
2023-10-23 00:00:00+00:00,0.0,-3.7450464816666695,355.6700134277344,0.27127658631118573,0.02308972885958821,2023-09-20 00:00:00+00:00,2.3,low,1.0
2023-10-24 00:00:00+00:00,0.0,-4.672402347660243,359.1300048828125,0.17788585030238063,0.020429749604973547,2023-09-20 00:00:00+00:00,2.0,low,1.0
2023-10-25 00:00:00+00:00,0.0,-2.2806388987539172,350.3399963378906,0.39313124130439314,0.026153713611318474,2023-09-20 00:00:00+00:00,2.6,low,1.0
2023-10-26 00:00:00+00:00,0.0,0.12220884178573144,343.6600036621094,0.5457151269001602,0.030036000026545755,2023-09-20 00:00:00+00:00,3.0,low,1.0
2023-10-27 00:00:00+00:00,0.0,0.33014238119302153,345.30999755859375,0.5439239833344295,0.02998751628832077,2023-09-20 00:00:00+00:00,3.0,low,1.0
2023-10-30 00:00:00+00:00,0.0,-0.7388364832914496,349.20001220703125,0.4821679988045733,0.02837114949543011,2023-09-20 00:00:00+00:00,2.8,low,1.0
2023-10-31 00:00:00+00:00,0.0,0.21375438493949073,350.8699951171875,0.4914203968706686,0.028607524184230772,2023-09-20 00:00:00+00:00,2.9,low,1.0
2023-11-01 00:00:00+00:00,0.0,0.9356780641650575,356.9599914550781,0.5293534532468223,0.029596935812613325,2023-09-20 00:00:00+00:00,3.0,low,1.0
2023-11-02 00:00:00+00:00,0.0,0.2971567700337907,363.44000244140625,0.43518837681411815,0.027191976280409254,2023-09-20 00:00:00+00:00,2.7,low,1.0
2023-11-03 00:00:00+00:00,0.0,-0.21755943856817117,367.7099914550781,0.34564224156950313,0.024981481567543734,2023-09-20 00:00:00+00:00,2.5,low,1.0
2023-11-06 00:00:00+00:00,0.0,-0.043336763850509996,369.2099914550781,0.31304583611071474,0.024165366654243535,2023-09-20 00:00:00+00:00,2.4,low,1.0
2023-11-07 00:00:00+00:00,0.0,-0.8398188302376042,372.70001220703125,0.3424390577652004,0.024901884475859275,2023-09-20 00:00:00+00:00,2.5,low,1.0
2023-11-08 00:00:00+00:00,0.0,-0.9036292956309921,372.94000244140625,0.29997370238320276,0.023833169071647637,2023-09-20 00:00:00+00:00,2.4,low,1.0
2023-11-09 00:00:00+00:00,0.0,0.326962853279289,370.07000732421875,0.25508254688909204,0.022659222434728142,2023-09-20 00:00:00+00:00,2.3,low,1.0
2023-11-10 00:00:00+00:00,0.0,-0.8324808510048021,378.3900146484375,0.26850248905003615,0.02301661580188527,2023-09-20 00:00:00+00:00,2.3,low,1.0
2023-11-13 00:00:00+00:00,0.0,1.4448218049601502,377.2099914550781,0.2849004643851937,0.02344541103647197,2023-09-20 00:00:00+00:00,2.3,low,1.0
2023-11-14 00:00:00+00:00,0.0,-0.6929081574749252,385.3299865722656,0.27645975893371155,0.02322568883042446,2023-09-20 00:00:00+00:00,2.3,low,1.0
2023-11-15 00:00:00+00:00,0.0,-0.7675928355786121,385.6199951171875,0.3241551341449318,0.024445216586710165,2023-09-20 00:00:00+00:00,2.4,low,1.0
2023-11-16 00:00:00+00:00,0.0,-0.8524442132047505,385.95001220703125,0.20524444036050726,0.02126227881925152,2023-09-20 00:00:00+00:00,2.1,low,1.0
2023-11-17 00:00:00+00:00,0.0,-0.8755581825709124,386.0400085449219,0.1712490468953925,0.020218259870907775,2023-09-20 00:00:00+00:00,2.0,low,1.0
2023-11-20 00:00:00+00:00,0.0,-2.0678678339063894,390.739990234375,0.1488714289230164,0.019470760926339346,2023-09-20 00:00:00+00:00,1.9,low,1.0
2023-11-21 00:00:00+00:00,0.0,-1.4956103535245457,388.4700012207031,0.14890995474837124,0.01947209937233462,2023-09-20 00:00:00+00:00,1.9,low,1.0
2023-11-22 00:00:00+00:00,0.0,-1.89714247623477,390.05999755859375,0.15214216423254615,0.01958370480998083,2023-09-20 00:00:00+00:00,2.0,low,1.0
2023-11-24 00:00:00+00:00,0.0,-1.7586213272509754,389.510009765625,0.05015244721213267,0.014841566083574198,2023-09-20 00:00:00+00:00,1.5,low,1.0
2023-11-27 00:00:00+00:00,0.0,-1.6727932628431752,389.1700134277344,0.07487641615598056,0.016352699201908988,2023-09-20 00:00:00+00:00,1.6,low,1.0
2023-11-28 00:00:00+00:00,0.0,-1.9298287327153218,390.19000244140625,0.05255452124093137,0.01500875777525088,2023-09-20 00:00:00+00:00,1.5,low,1.0
2023-11-29 00:00:00+00:00,0.0,-1.834225376790044,389.80999755859375,0.05391578464261579,0.01510111208818186,2023-09-20 00:00:00+00:00,1.5,low,1.0
2023-11-30 00:00:00+00:00,0.0,-1.5868073768044,388.8299865722656,0.03524545622605538,0.013649642323281832,2023-09-20 00:00:00+00:00,1.4,low,1.0
2023-12-01 00:00:00+00:00,0.0,-1.8669535656041791,389.94000244140625,0.013174360731141393,0.010852680058958265,2023-09-20 00:00:00+00:00,1.1,low,1.0
2023-12-04 00:00:00+00:00,0.0,-0.5461834306111357,386.32000732421875,0.008233988028233457,0.009737734360355391,2023-09-20 00:00:00+00:00,1.0,low,1.0
2023-12-05 00:00:00+00:00,0.0,-0.6687485555388895,387.2900085449219,0.007891644152476054,0.009642999926264913,2023-09-20 00:00:00+00:00,1.0,low,1.0
2023-12-06 00:00:00+00:00,0.0,0.4960404421922249,385.04998779296875,0.007879880201936413,0.009639689212017343,2023-09-20 00:00:00+00:00,1.0,low,1.0
2023-12-07 00:00:00+00:00,0.0,-0.4994446446311862,390.42999267578125,0.011684374088186952,0.010555937042478217,2023-09-20 00:00:00+00:00,1.1,low,1.0
2023-12-08 00:00:00+00:00,0.0,-0.1631982626217332,392.1700134277344,0.011094639294800349,0.010430510672802125,2023-09-20 00:00:00+00:00,1.0,low,1.0
2023-12-11 00:00:00+00:00,0.0,-0.2806395080892199,395.5199890136719,0.007697848494455734,0.009587972356915683,2023-09-20 00:00:00+00:00,1.0,low,1.0
2023-12-12 00:00:00+00:00,0.0,-0.8352815555934368,398.6700134277344,0.04134368389816749,0.014174460953305315,2023-09-20 00:00:00+00:00,1.4,low,1.0
2023-12-13 00:00:00+00:00,0.0,-2.080545425190128,403.739990234375,0.3595482233697529,0.02532596404911114,2023-09-20 00:00:00+00:00,2.5,low,1.0
2023-12-14 00:00:00+00:00,0.0,-1.9955918635126912,403.3900146484375,0.3792831672077895,0.025812771776805826,2023-09-20 00:00:00+00:00,2.6,low,1.0
2023-12-15 00:00:00+00:00,0.0,-2.467064708725175,405.3399963378906,0.34526790709458555,0.024972184953322013,2023-09-20 00:00:00+00:00,2.5,low,1.0
2023-12-18 00:00:00+00:00,0.0,-2.8839517101366785,407.0799865722656,0.3994932985133576,0.02631034714483093,2023-09-20 00:00:00+00:00,2.6,low,1.0
2023-12-19 00:00:00+00:00,0.0,-3.3776535341982106,409.1600036621094,0.2282872510175441,0.02192392449758288,2023-09-20 00:00:00+00:00,2.2,low,1.0
2023-12-20 00:00:00+00:00,0.0,-1.9202119907254067,403.0799865722656,0.21269172107391443,0.021479570072329212,2023-09-20 00:00:00+00:00,2.1,low,1.0
2023-12-21 00:00:00+00:00,0.0,-3.0482853105122665,407.7699890136719,0.42511131326129187,0.026942323831969706,2023-09-20 00:00:00+00:00,2.7,low,1.0
2023-12-22 00:00:00+00:00,0.0,-3.1931065157472127,408.3800048828125,0.39260696340203177,0.026140807525353516,2023-09-20 00:00:00+00:00,2.6,low,1.0
2023-12-26 00:00:00+00:00,0.0,-3.7821282029418923,410.8800048828125,0.3007767664367268,0.023853678466415826,2023-09-20 00:00:00+00:00,2.4,low,1.0
2023-12-27 00:00:00+00:00,0.0,-3.9270968802209927,411.5,0.29257794269533655,0.0236436032678601,2023-09-20 00:00:00+00:00,2.4,low,1.0
2023-12-28 00:00:00+00:00,0.0,-3.880377322819595,411.29998779296875,0.2839294635154959,0.02342023562185676,2023-09-20 00:00:00+00:00,2.3,low,1.0
2023-12-29 00:00:00+00:00,0.0,-3.4625886540810225,409.5199890136719,0.3238439430720938,0.02443740467469344,2023-09-20 00:00:00+00:00,2.4,low,1.0
2024-01-02 00:00:00+00:00,0.0,-1.800839580205349,402.5899963378906,0.23950921573392062,0.022235782833138203,2023-09-20 00:00:00+00:00,2.2,low,1.0
2024-01-03 00:00:00+00:00,0.0,-0.7506314701799521,398.3299865722656,0.14019311346983554,0.019164076675233656,2023-09-20 00:00:00+00:00,1.9,low,1.0
2024-01-04 00:00:00+00:00,0.0,-0.2372066327601341,396.2799987792969,0.10053996053207286,0.01759432160074977,2023-09-20 00:00:00+00:00,1.8,low,1.0
2024-01-05 00:00:00+00:00,0.0,0.2747312760909004,396.75,0.14654693634143512,0.019389638788769918,2023-09-20 00:00:00+00:00,1.9,low,1.0
2024-01-08 00:00:00+00:00,0.0,-0.8001038780798164,404.95001220703125,0.1942752871909765,0.020935415638069145,2023-09-20 00:00:00+00:00,2.1,low,1.0
2024-01-09 00:00:00+00:00,0.0,-0.6974705045633134,405.75,0.1603081445708095,0.019859920071769285,2023-09-20 00:00:00+00:00,2.0,low,1.0
2024-01-10 00:00:00+00:00,0.0,-1.3659697851323482,408.5,0.1646437404911083,0.020003444669537587,2023-09-20 00:00:00+00:00,2.0,low,1.0
2024-01-11 00:00:00+00:00,0.0,-1.570781135924848,409.3500061035156,0.2334811531556508,0.02206902131732194,2023-09-20 00:00:00+00:00,2.2,low,1.0
2024-01-12 00:00:00+00:00,0.0,-1.6212482103820314,409.55999755859375,0.1254412639855526,0.01861625669642094,2023-09-20 00:00:00+00:00,1.9,low,1.0
2024-01-16 00:00:00+00:00,0.0,-1.6116369806107755,409.5199890136719,0.16048954021098777,0.019865966887329677,2023-09-20 00:00:00+00:00,2.0,low,1.0
2024-01-17 00:00:00+00:00,0.0,0.47887140491402747,407.2099914550781,0.11481532798763049,0.01819718740837932,2023-09-20 00:00:00+00:00,1.8,low,1.0
2024-01-18 00:00:00+00:00,0.0,0.3971076024159359,412.989990234375,0.1093108771355812,0.017970643746998558,2023-09-20 00:00:00+00:00,1.8,low,1.0
2024-01-19 00:00:00+00:00,0.0,-1.0423059516596611,421.17999267578125,0.21028800813281195,0.02140982105555714,2023-09-20 00:00:00+00:00,2.1,low,1.0
2024-01-22 00:00:00+00:00,0.0,-1.1713661140341225,421.7300109863281,0.11556874856585063,0.0,2023-12-19 00:00:00+00:00,0.0,low,1.0
2024-01-23 00:00:00+00:00,0.0,-1.5797681750844728,423.4800109863281,0.10556633927222303,0.0,2023-12-19 00:00:00+00:00,0.0,low,1.0
2024-01-24 00:00:00+00:00,0.0,-2.122907806496055,425.8299865722656,0.12149546335952559,0.0,2023-12-19 00:00:00+00:00,0.0,low,1.0
2024-01-25 00:00:00+00:00,0.0,-2.242288594285291,426.3500061035156,0.14285565440576192,0.0,2023-12-19 00:00:00+00:00,0.0,low,1.0
2024-01-26 00:00:00+00:00,0.0,-1.65640005052059,423.80999755859375,0.11235676179876268,0.0,2023-12-19 00:00:00+00:00,0.0,low,1.0
2024-01-29 00:00:00+00:00,0.0,-2.6532723376165857,428.1499938964844,0.14955924925515313,0.0,2023-12-19 00:00:00+00:00,0.0,low,1.0
2024-01-30 00:00:00+00:00,0.0,-2.0009356906423026,425.29998779296875,0.11421669718517045,0.0,2023-12-19 00:00:00+00:00,0.0,low,1.0
2024-01-31 00:00:00+00:00,0.0,0.20145246311040754,416.9700012207031,0.11703916835044373,0.0,2023-12-19 00:00:00+00:00,0.0,low,1.0
2024-02-01 00:00:00+00:00,0.0,-0.05925855624976384,421.8800048828125,0.2223431292362222,0.0,2023-12-19 00:00:00+00:00,0.0,low,1.0
2024-02-02 00:00:00+00:00,0.0,-1.7202407204541248,429.010009765625,0.6190176858645291,0.0,2023-12-19 00:00:00+00:00,0.0,low,1.0
2024-02-05 00:00:00+00:00,0.0,-1.5917860030129405,428.45001220703125,0.3698266662966271,0.0,2023-12-19 00:00:00+00:00,0.0,low,1.0
2024-02-06 00:00:00+00:00,0.0,-1.3938566164135469,427.5899963378906,0.3497978036270274,0.0,2023-12-19 00:00:00+00:00,0.0,low,1.0
2024-02-07 00:00:00+00:00,0.0,-2.398200325415345,431.989990234375,0.3431040683425258,0.0,2023-12-19 00:00:00+00:00,0.0,low,1.0
2024-02-08 00:00:00+00:00,0.0,-2.578618600653537,432.7900085449219,0.2685422619732238,0.0,2023-12-19 00:00:00+00:00,0.0,low,1.0
2024-02-09 00:00:00+00:00,0.0,-3.5281966230052197,437.04998779296875,0.2525676103581094,0.0,2023-12-19 00:00:00+00:00,0.0,low,1.0
2024-02-12 00:00:00+00:00,0.0,-3.1492607089648295,435.3399963378906,0.24666178453450374,0.0,2023-12-19 00:00:00+00:00,0.0,low,1.0
2024-02-13 00:00:00+00:00,0.0,-1.6147434622024281,428.54998779296875,0.34358730653243214,0.0,2023-12-19 00:00:00+00:00,0.0,low,1.0
2024-02-14 00:00:00+00:00,0.0,-2.6753142295445675,433.2200012207031,0.4041620343869972,0.0,2023-12-19 00:00:00+00:00,0.0,low,1.0
2024-02-15 00:00:00+00:00,0.0,-2.9642596472656546,434.510009765625,0.3715352875193225,0.0,2023-12-19 00:00:00+00:00,0.0,low,1.0
2024-02-16 00:00:00+00:00,0.0,-2.076317971371011,430.57000732421875,0.19687926212287907,0.0,2023-12-19 00:00:00+00:00,0.0,low,1.0
2024-02-20 00:00:00+00:00,0.0,-1.3315553552092685,427.32000732421875,0.4397418853419236,0.0,2023-12-19 00:00:00+00:00,0.0,low,1.0
2024-02-21 00:00:00+00:00,0.0,1.675243797892323,425.6099853515625,0.3414805669006257,0.0,2023-12-19 00:00:00+00:00,0.0,low,1.0
2024-02-22 00:00:00+00:00,0.0,-1.216704408137892,438.07000732421875,0.25599728161749175,0.0,2023-12-19 00:00:00+00:00,0.0,low,1.0
2024-02-23 00:00:00+00:00,0.0,-0.9249527350640552,436.7799987792969,0.2753526068273968,0.0,2023-12-19 00:00:00+00:00,0.0,low,1.0
2024-02-26 00:00:00+00:00,0.0,-0.8727517272089869,436.54998779296875,0.06211638651746565,0.0,2023-12-19 00:00:00+00:00,0.0,low,1.0
2024-02-27 00:00:00+00:00,0.0,-1.1106069015892506,437.6000061035156,0.11722272605618651,0.0,2023-12-19 00:00:00+00:00,0.0,low,1.0
2024-02-28 00:00:00+00:00,0.0,-0.5812481547441184,435.2699890136719,0.07532460608888586,0.0,2023-12-19 00:00:00+00:00,0.0,low,1.0
2024-02-29 00:00:00+00:00,0.0,-1.425970333855353,439.0,0.0729040287702445,0.0,2023-12-19 00:00:00+00:00,0.0,low,1.0
2024-03-01 00:00:00+00:00,0.0,-2.888174758254969,445.6099853515625,0.16357603411360896,0.0,2023-12-19 00:00:00+00:00,0.0,low,1.0
2024-03-04 00:00:00+00:00,0.0,-2.540425894868792,444.0199890136719,0.04821489149766074,0.0,2023-12-19 00:00:00+00:00,0.0,low,1.0
2024-03-05 00:00:00+00:00,0.0,-0.7590867219941955,436.04998779296875,0.12451141871492938,0.0,2023-12-19 00:00:00+00:00,0.0,low,1.0
2024-03-06 00:00:00+00:00,0.0,-1.3787958232251984,438.7900085449219,0.11767775985310011,0.0,2023-12-19 00:00:00+00:00,0.0,low,1.0
2024-03-07 00:00:00+00:00,0.0,-2.8532992758678044,445.45001220703125,0.22706898729437877,0.0,2023-12-19 00:00:00+00:00,0.0,low,1.0
2024-03-08 00:00:00+00:00,0.0,-1.430458506776855,439.0199890136719,0.10955339659329673,0.0,2023-12-19 00:00:00+00:00,0.0,low,1.0
2024-03-11 00:00:00+00:00,0.0,-1.0631299888727574,437.3900146484375,0.14893805542669333,0.0,2023-12-19 00:00:00+00:00,0.0,low,1.0
2024-03-12 00:00:00+00:00,0.0,-2.4613472789066226,443.6600036621094,0.1947589251096695,0.0,2023-12-19 00:00:00+00:00,0.0,low,1.0
2024-03-13 00:00:00+00:00,0.0,-1.7058511676604216,440.25,0.1330484182715455,0.0,2023-12-19 00:00:00+00:00,0.0,low,1.0
2024-03-14 00:00:00+00:00,0.0,-1.4573995082607483,439.1400146484375,0.09631463630052858,0.0,2023-12-19 00:00:00+00:00,0.0,low,1.0
2024-03-15 00:00:00+00:00,0.0,-0.8550013499836195,433.9200134277344,0.10556888362156816,0.0,2023-12-19 00:00:00+00:00,0.0,low,1.0
2024-03-18 00:00:00+00:00,0.0,-1.7783666873730675,437.4800109863281,0.07530759700203045,0.0,2023-12-19 00:00:00+00:00,0.0,low,1.0
2024-03-19 00:00:00+00:00,0.0,-3.1169512733296934,438.57000732421875,0.05859648487447448,0.0,2023-12-19 00:00:00+00:00,0.0,low,1.0
2024-03-20 00:00:00+00:00,0.0,-4.718661234381294,443.7699890136719,0.20285231415305055,0.0,2023-12-19 00:00:00+00:00,0.0,low,1.0
2024-03-21 00:00:00+00:00,0.0,-7.356401675862479,445.8699951171875,0.18162572155848355,0.0,2023-12-19 00:00:00+00:00,0.0,low,1.0
2024-03-22 00:00:00+00:00,0.0,-7.462251264444197,446.3800048828125,0.1734789732896676,0.0,2023-12-19 00:00:00+00:00,0.0,low,1.0
2024-03-25 00:00:00+00:00,0.0,-7.125191506787198,444.760009765625,0.3306269071654841,0.0,2023-12-19 00:00:00+00:00,0.0,low,1.0
2024-03-26 00:00:00+00:00,0.0,-6.823513376394241,443.32000732421875,0.19507748836852754,0.0,2023-12-19 00:00:00+00:00,0.0,low,1.0
2024-03-27 00:00:00+00:00,0.0,-7.139801768486953,444.8299865722656,0.35601303792461503,0.0,2023-12-19 00:00:00+00:00,0.0,low,1.0
2024-03-28 00:00:00+00:00,0.0,-6.968311921106962,444.010009765625,0.23082369121672844,0.0,2023-12-19 00:00:00+00:00,0.0,low,1.0
2024-04-01 00:00:00+00:00,0.0,-7.164850883963791,444.95001220703125,0.240407697164641,0.0,2023-12-19 00:00:00+00:00,0.0,low,1.0
2024-04-02 00:00:00+00:00,0.0,-6.356686304663006,441.1099853515625,0.23364687085933167,0.0,2023-12-19 00:00:00+00:00,0.0,low,1.0
2024-04-03 00:00:00+00:00,0.0,-6.566387328323097,442.1000061035156,0.23200448502453877,0.0,2023-12-19 00:00:00+00:00,0.0,low,1.0
2024-04-04 00:00:00+00:00,0.0,-5.11553939472792,435.3399963378906,0.18363787696842612,0.0,2023-12-19 00:00:00+00:00,0.0,low,1.0
2024-04-05 00:00:00+00:00,0.0,-6.220626562660114,440.4700012207031,0.18322625461387515,0.0,2023-12-19 00:00:00+00:00,0.0,low,1.0
2024-04-08 00:00:00+00:00,0.0,-6.248297412149584,440.6000061035156,0.07959189006497554,0.0,2023-12-19 00:00:00+00:00,0.0,low,1.0
2024-04-09 00:00:00+00:00,0.0,-6.593854541231236,442.2300109863281,0.07028278689147739,0.0,2023-12-19 00:00:00+00:00,0.0,low,1.0
2024-04-10 00:00:00+00:00,0.0,-5.771377620451745,438.3699951171875,0.1627565891710782,0.0,2023-12-19 00:00:00+00:00,0.0,low,1.0
2024-04-11 00:00:00+00:00,0.0,-7.252394222127567,445.3699951171875,0.08034732127057118,0.0,2023-12-19 00:00:00+00:00,0.0,low,1.0
2024-04-12 00:00:00+00:00,0.0,-5.749876177049174,438.2699890136719,0.2662422533840867,0.0,2023-12-19 00:00:00+00:00,0.0,low,1.0
2024-04-15 00:00:00+00:00,0.0,-4.1734306909166685,431.05999755859375,0.14398553287444218,0.0,2023-12-19 00:00:00+00:00,0.0,low,1.0
2024-04-16 00:00:00+00:00,0.0,-4.182323944334976,431.1000061035156,0.14116077018653128,0.0,2023-12-19 00:00:00+00:00,0.0,low,1.0
2024-04-17 00:00:00+00:00,0.0,-2.9987763299573422,425.8399963378906,0.18281090138650546,0.0,2023-12-19 00:00:00+00:00,0.0,low,1.0
2024-04-18 00:00:00+00:00,0.0,-2.442076533019799,423.4100036621094,0.05245596530056786,0.0,2023-12-19 00:00:00+00:00,0.0,low,1.0
2024-04-19 00:00:00+00:00,0.0,-0.17122668890123816,414.6499938964844,0.14970508819151834,0.0,2023-12-19 00:00:00+00:00,0.0,low,1.0
2024-04-22 00:00:00+00:00,0.0,-0.1623591671576552,418.82000732421875,0.10116448391652397,0.0,2024-03-21 00:00:00+00:00,0.0,low,1.0
2024-04-23 00:00:00+00:00,0.0,-1.6303179608942564,425.07000732421875,0.06921689276647178,0.0,2024-03-21 00:00:00+00:00,0.0,low,1.0
2024-04-24 00:00:00+00:00,0.0,-1.9624381434299676,426.510009765625,0.08062098670332682,0.0,2024-03-21 00:00:00+00:00,0.0,low,1.0
2024-04-25 00:00:00+00:00,0.0,-0.8999899197447703,424.45001220703125,0.04750939419295478,0.0,2024-03-21 00:00:00+00:00,0.0,low,1.0
2024-04-26 00:00:00+00:00,0.0,-2.406031349695481,431.0,0.03684691020945832,0.0,2024-03-21 00:00:00+00:00,0.0,low,1.0
2024-04-29 00:00:00+00:00,0.0,-2.8006921125794393,432.75,0.051562750729042775,0.0,2024-03-21 00:00:00+00:00,0.0,low,1.0
2024-04-30 00:00:00+00:00,0.0,-0.9326624482991264,424.5899963378906,0.038859670437442505,0.0,2024-03-21 00:00:00+00:00,0.0,low,1.0
2024-05-01 00:00:00+00:00,0.0,-0.211136874657325,421.5199890136719,0.028339640516937874,0.0,2024-03-21 00:00:00+00:00,0.0,low,1.0
2024-05-02 00:00:00+00:00,0.0,1.339892551530486,426.8999938964844,0.08227923848695666,0.0,2024-03-21 00:00:00+00:00,0.0,low,1.0
2024-05-03 00:00:00+00:00,0.0,0.23881188598950942,435.4800109863281,0.07714817453506823,0.0,2024-03-21 00:00:00+00:00,0.0,low,1.0
2024-05-06 00:00:00+00:00,0.0,-0.6132906773495206,440.25,0.13334967279975501,0.0,2024-03-21 00:00:00+00:00,0.0,low,1.0
2024-05-07 00:00:00+00:00,0.0,-0.6290923612767729,440.32000732421875,0.10647944481110737,0.0,2024-03-21 00:00:00+00:00,0.0,low,1.0
2024-05-08 00:00:00+00:00,0.0,-0.36358817261107346,440.05999755859375,0.22250537325369552,0.0,2024-03-21 00:00:00+00:00,0.0,low,1.0
2024-05-09 00:00:00+00:00,0.0,-0.11790599669525559,441.0199890136719,0.18046266763613514,0.0,2024-03-21 00:00:00+00:00,0.0,low,1.0
2024-05-10 00:00:00+00:00,0.0,-0.0927484197560835,442.05999755859375,0.21468264453048427,0.0,2024-03-21 00:00:00+00:00,0.0,low,1.0
2024-05-13 00:00:00+00:00,0.0,-0.1399284860469252,443.0799865722656,0.04233307479737129,0.0,2024-03-21 00:00:00+00:00,0.0,low,1.0
2024-05-14 00:00:00+00:00,0.0,-0.6435976867055326,445.92999267578125,0.08028512419851,0.0,2024-03-21 00:00:00+00:00,0.0,low,1.0
2024-05-15 00:00:00+00:00,0.0,-2.17266426816064,452.8999938964844,0.08734291038176968,0.0,2024-03-21 00:00:00+00:00,0.0,low,1.0
2024-05-16 00:00:00+00:00,0.0,-1.9735415750508079,451.9800109863281,0.03421357476498106,0.0,2024-03-21 00:00:00+00:00,0.0,low,1.0
2024-05-17 00:00:00+00:00,0.0,-1.9258039709058927,451.760009765625,0.04306961570978418,0.0,2024-03-21 00:00:00+00:00,0.0,low,1.0
2024-05-20 00:00:00+00:00,0.0,-2.6049121822164567,454.9100036621094,0.0428036819609707,0.0,2024-03-21 00:00:00+00:00,0.0,low,1.0
2024-05-21 00:00:00+00:00,0.0,-2.7950834961763316,455.79998779296875,0.030238970772594062,0.0,2024-03-21 00:00:00+00:00,0.0,low,1.0
2024-05-22 00:00:00+00:00,0.0,-2.775886887204959,455.7099914550781,0.039677076855522374,0.0,2024-03-21 00:00:00+00:00,0.0,low,1.0
2024-05-23 00:00:00+00:00,0.0,-2.3365529290544695,453.6600036621094,0.08880770450816963,0.0,2024-03-21 00:00:00+00:00,0.0,low,1.0
2024-05-24 00:00:00+00:00,0.0,-3.251449776510973,457.95001220703125,0.03392172840921409,0.0,2024-03-21 00:00:00+00:00,0.0,low,1.0
2024-05-28 00:00:00+00:00,0.0,-3.6155576448831495,459.67999267578125,0.01599243885347315,0.0,2024-03-21 00:00:00+00:00,0.0,low,1.0
2024-05-29 00:00:00+00:00,0.0,-2.9313830539053343,456.44000244140625,0.016932610502685554,0.0,2024-03-21 00:00:00+00:00,0.0,low,1.0
2024-05-30 00:00:00+00:00,0.0,-1.8801883432377764,451.54998779296875,0.027910273785582952,0.0,2024-03-21 00:00:00+00:00,0.0,low,1.0
2024-05-31 00:00:00+00:00,0.0,-0.6234602320489779,450.7099914550781,0.05855358897805666,0.0,2024-03-21 00:00:00+00:00,0.0,low,1.0
2024-06-03 00:00:00+00:00,0.0,-0.4413744352500415,453.1300048828125,0.03822669940543523,0.0,2024-03-21 00:00:00+00:00,0.0,low,1.0
2024-06-04 00:00:00+00:00,0.0,0.008805278815016138,454.3699951171875,0.021502553930105126,0.0,2024-03-21 00:00:00+00:00,0.0,low,1.0
2024-06-05 00:00:00+00:00,0.0,-0.43147153480184164,463.5299987792969,0.06070492418572706,0.0,2024-03-21 00:00:00+00:00,0.0,low,1.0
2024-06-06 00:00:00+00:00,0.0,-0.39709009156393416,463.3699951171875,0.01152023111502865,0.0,2024-03-21 00:00:00+00:00,0.0,low,1.0
2024-06-07 00:00:00+00:00,0.0,-0.30888040050432997,462.9599914550781,0.018892615594745282,0.0,2024-03-21 00:00:00+00:00,0.0,low,1.0
2024-06-10 00:00:00+00:00,0.0,-0.6023681504750411,464.8299865722656,0.015132524154822243,0.0,2024-03-21 00:00:00+00:00,0.0,low,1.0
2024-06-11 00:00:00+00:00,0.0,0.6986922798193795,468.0199890136719,0.10784331619641968,0.0,2024-03-21 00:00:00+00:00,0.0,low,1.0
2024-06-12 00:00:00+00:00,0.0,-0.0695953973454344,474.1499938964844,0.17047869492808718,0.0,2024-03-21 00:00:00+00:00,0.0,low,1.0
2024-06-13 00:00:00+00:00,0.0,-0.6083222623465723,476.7200012207031,0.0952355566626038,0.0,2024-03-21 00:00:00+00:00,0.0,low,1.0
2024-06-14 00:00:00+00:00,0.0,-1.1206400571439512,479.19000244140625,0.08014399482107934,0.0,2024-03-21 00:00:00+00:00,0.0,low,1.0
2024-06-17 00:00:00+00:00,0.0,-2.3172371028219563,485.05999755859375,0.1950441888159003,0.0,2024-03-21 00:00:00+00:00,0.0,low,1.0
2024-06-18 00:00:00+00:00,0.0,-2.3474339629120933,485.2099914550781,0.06389683630025751,0.0,2024-03-21 00:00:00+00:00,0.0,low,1.0
2024-06-20 00:00:00+00:00,0.0,-1.588882770907607,481.4700012207031,0.1942456236184853,0.0,2024-03-21 00:00:00+00:00,0.0,low,1.0
2024-06-21 00:00:00+00:00,0.0,-1.3245002808471407,480.17999267578125,0.16733332308574683,0.0,2024-03-21 00:00:00+00:00,0.0,low,1.0
2024-06-24 00:00:00+00:00,0.0,-0.004217447470722391,473.9599914550781,0.11820531473121271,0.0,2024-03-21 00:00:00+00:00,0.0,low,1.0
2024-06-25 00:00:00+00:00,0.0,-3.5191278203836385,479.3800048828125,0.19254059013757938,0.0,2024-03-21 00:00:00+00:00,0.0,low,1.0
2024-06-26 00:00:00+00:00,0.0,-5.150194742771063,480.3699951171875,0.13770400343793832,0.0,2024-03-21 00:00:00+00:00,0.0,low,1.0
2024-06-27 00:00:00+00:00,0.0,-5.3944023709943,481.6099853515625,0.19436315606118532,0.0,2024-03-21 00:00:00+00:00,0.0,low,1.0
2024-06-28 00:00:00+00:00,0.0,-4.900749553679374,479.1099853515625,0.33053533761398274,0.0,2024-03-21 00:00:00+00:00,0.0,low,1.0
2024-07-01 00:00:00+00:00,0.0,-5.762371090117469,481.9200134277344,0.30959471772294345,0.0,2024-03-21 00:00:00+00:00,0.0,low,1.0
2024-07-02 00:00:00+00:00,0.0,-6.741553318246041,486.9800109863281,0.22824704680277372,0.0,2024-03-21 00:00:00+00:00,0.0,low,1.0
2024-07-03 00:00:00+00:00,0.0,-7.512629115039349,491.0400085449219,0.2202137885461023,0.0,2024-03-21 00:00:00+00:00,0.0,low,1.0
2024-07-05 00:00:00+00:00,1.0,-10.418010734417793,496.1600036621094,0.3685127397985324,0.0,2024-03-21 00:00:00+00:00,0.0,low,1.0
2024-07-08 00:00:00+00:00,1.0,-14.857036368468313,497.3399963378906,0.21077770592075007,0.0,2024-03-21 00:00:00+00:00,0.0,low,1.0
2024-07-09 00:00:00+00:00,1.0,-14.93058610341399,497.7699890136719,0.2794109841088988,0.0,2024-03-21 00:00:00+00:00,0.0,low,1.0
2024-07-10 00:00:00+00:00,1.0,-15.808410330615397,502.9599914550781,0.3111992480458144,0.0,2024-03-21 00:00:00+00:00,0.0,low,1.0
2024-07-11 00:00:00+00:00,1.0,-13.920676008442411,491.92999267578125,0.529455362740171,0.0,2024-03-21 00:00:00+00:00,0.0,low,1.0
2024-07-12 00:00:00+00:00,1.0,-14.42342550034038,494.82000732421875,0.4478465384520595,0.0,2024-03-21 00:00:00+00:00,0.0,low,1.0
2024-07-15 00:00:00+00:00,1.0,-14.652823255827974,496.1499938964844,0.2815797208819193,0.0,2024-03-21 00:00:00+00:00,0.0,low,1.0
2024-07-16 00:00:00+00:00,1.0,-14.685494755340745,496.3399963378906,0.43118804072261196,0.0,2024-03-21 00:00:00+00:00,0.0,low,1.0
2024-07-17 00:00:00+00:00,1.0,-12.105356941398359,481.7699890136719,0.2807190755406425,0.0,2024-03-21 00:00:00+00:00,0.0,low,1.0
2024-07-18 00:00:00+00:00,1.0,-11.687413537027414,479.489990234375,0.1844903232380042,0.0,2024-03-21 00:00:00+00:00,0.0,low,1.0
2024-07-19 00:00:00+00:00,1.0,-10.89764731326638,475.239990234375,0.07597059367058809,0.0,2024-03-21 00:00:00+00:00,0.0,low,1.0
2024-07-22 00:00:00+00:00,1.0,-12.205588452318693,482.32000732421875,0.14235969984434776,0.0,2024-03-21 00:00:00+00:00,0.0,low,1.0
2024-07-23 00:00:00+00:00,1.0,-11.895048789265772,480.6199951171875,0.0667299581493258,0.0,2024-06-21 00:00:00+00:00,0.0,low,1.0
2024-07-24 00:00:00+00:00,0.0,-8.61711602896621,463.3800048828125,0.08758290877310797,0.0,2024-06-21 00:00:00+00:00,0.0,low,1.0
2024-07-25 00:00:00+00:00,0.0,-7.5981359550912675,458.2699890136719,0.4941715798011471,0.0,2024-06-21 00:00:00+00:00,0.0,low,1.0
2024-07-26 00:00:00+00:00,0.0,-8.53618785439021,462.9700012207031,0.3748529870988188,0.0,2024-06-21 00:00:00+00:00,0.0,low,1.0
2024-07-29 00:00:00+00:00,0.0,-8.719547795139492,463.8999938964844,0.14467120697853783,0.0,2024-06-21 00:00:00+00:00,0.0,low,1.0
2024-07-30 00:00:00+00:00,0.0,-7.448688974098316,457.5299987792969,0.4424651376495478,0.0,2024-06-21 00:00:00+00:00,0.0,low,1.0
2024-07-31 00:00:00+00:00,1.0,-10.108899818878204,471.07000732421875,0.3228150803098228,0.0,2024-06-21 00:00:00+00:00,0.0,low,1.0
2024-08-01 00:00:00+00:00,0.0,-7.877559754295193,459.6600036621094,0.2661658763387184,0.0,2024-06-21 00:00:00+00:00,0.0,low,1.0
2024-08-02 00:00:00+00:00,0.0,-5.637880288126739,448.75,0.5260765667585361,0.0,2024-06-21 00:00:00+00:00,0.0,low,1.0
2024-08-05 00:00:00+00:00,0.0,-0.22968969180588994,435.3699951171875,0.7481040434069223,0.0,2024-06-21 00:00:00+00:00,0.0,low,1.0
2024-08-06 00:00:00+00:00,0.0,-1.1739821346529733,439.5299987792969,0.6266967265944764,0.0,2024-06-21 00:00:00+00:00,0.0,low,1.0
2024-08-07 00:00:00+00:00,0.0,0.5474170119726507,434.7699890136719,0.16374120524758415,0.0,2024-06-21 00:00:00+00:00,0.0,low,1.0
2024-08-08 00:00:00+00:00,0.0,-0.5490262531399948,448.07000732421875,0.3663291860869861,0.0,2024-06-21 00:00:00+00:00,0.0,low,1.0
2024-08-09 00:00:00+00:00,0.0,-0.49288452801962146,450.4100036621094,0.3467248183685371,0.0,2024-06-21 00:00:00+00:00,0.0,low,1.0
2024-08-12 00:00:00+00:00,0.0,-0.7067221425181347,451.3800048828125,0.3921984814555116,0.0,2024-06-21 00:00:00+00:00,0.0,low,1.0
2024-08-13 00:00:00+00:00,0.0,-3.110809924460778,462.5799865722656,0.2858812480370779,0.0,2024-06-21 00:00:00+00:00,0.0,low,1.0
2024-08-14 00:00:00+00:00,0.0,-3.1422229377189637,462.7300109863281,0.30127347096664187,0.0,2024-06-21 00:00:00+00:00,0.0,low,1.0
2024-08-15 00:00:00+00:00,0.0,-5.528858446930506,474.4200134277344,0.34751807499233084,0.0,2024-06-21 00:00:00+00:00,0.0,low,1.0
2024-08-16 00:00:00+00:00,0.0,-5.65016870657904,475.0299987792969,0.2747846706453065,0.0,2024-06-21 00:00:00+00:00,0.0,low,1.0
2024-08-19 00:00:00+00:00,0.0,-6.873477949468798,481.2699890136719,0.2668501122299617,0.0,2024-06-21 00:00:00+00:00,0.0,low,1.0
2024-08-20 00:00:00+00:00,0.0,-6.677634338088955,480.260009765625,0.3001655729720745,0.0,2024-06-21 00:00:00+00:00,0.0,low,1.0
2024-08-21 00:00:00+00:00,0.0,-7.110880323024615,482.5,0.28967476571064016,0.0,2024-06-21 00:00:00+00:00,0.0,low,1.0
2024-08-22 00:00:00+00:00,0.0,-5.614405247853693,474.8500061035156,0.21416110656202408,0.0,2024-06-21 00:00:00+00:00,0.0,low,1.0
2024-08-23 00:00:00+00:00,0.0,-6.627082824707031,480.0,0.33000312700504814,0.0,2024-06-21 00:00:00+00:00,0.0,low,1.0
2024-08-26 00:00:00+00:00,0.0,-5.711699858133768,475.3399963378906,0.3402186892889557,0.0,2024-06-21 00:00:00+00:00,0.0,low,1.0
2024-08-27 00:00:00+00:00,0.0,-5.992534344116606,476.760009765625,0.36228197265501944,0.0,2024-06-21 00:00:00+00:00,0.0,low,1.0
2024-08-28 00:00:00+00:00,0.0,-4.913546910408462,471.3500061035156,0.3447093916809803,0.0,2024-06-21 00:00:00+00:00,0.0,low,1.0
2024-08-29 00:00:00+00:00,0.0,-4.774147164804454,470.6600036621094,0.31904479837133765,0.0,2024-06-21 00:00:00+00:00,0.0,low,1.0
2024-08-30 00:00:00+00:00,0.0,-5.895812715476301,476.2699890136719,0.33437221306734705,0.0,2024-06-21 00:00:00+00:00,0.0,low,1.0
2024-09-03 00:00:00+00:00,0.0,-2.94926380745133,461.80999755859375,0.5915893851916815,0.0,2024-06-21 00:00:00+00:00,0.0,low,1.0
2024-09-04 00:00:00+00:00,0.0,-2.696420682386347,460.6099853515625,0.6250129547879734,0.0,2024-06-21 00:00:00+00:00,0.0,low,1.0
2024-09-05 00:00:00+00:00,0.0,-2.7871780898302556,461.0400085449219,0.5869564613971038,0.0,2024-06-21 00:00:00+00:00,0.0,low,1.0
2024-09-06 00:00:00+00:00,0.0,0.2518453445951474,448.69000244140625,0.635738965257332,0.0,2024-06-21 00:00:00+00:00,0.0,low,1.0
2024-09-09 00:00:00+00:00,0.0,-0.6997299510567823,454.4599914550781,0.5807869865532043,0.0,2024-06-21 00:00:00+00:00,0.0,low,1.0
2024-09-10 00:00:00+00:00,0.0,-1.6090360667788461,458.6600036621094,0.5841465923692793,0.0,2024-06-21 00:00:00+00:00,0.0,low,1.0
2024-09-11 00:00:00+00:00,0.0,-0.3777024096526804,468.6199951171875,0.6951094431517861,0.0,2024-06-21 00:00:00+00:00,0.0,low,1.0
2024-09-12 00:00:00+00:00,0.0,-0.703686776483603,473.2200012207031,0.5286166846519985,0.0,2024-06-21 00:00:00+00:00,0.0,low,1.0
2024-09-13 00:00:00+00:00,0.0,-1.1465438909918801,475.3399963378906,0.3095987591494465,0.0,2024-06-21 00:00:00+00:00,0.0,low,1.0
2024-09-16 00:00:00+00:00,0.0,-0.5092561304710919,473.239990234375,0.5090640985869199,0.0,2024-06-21 00:00:00+00:00,0.0,low,1.0
2024-09-17 00:00:00+00:00,0.0,-0.5617866727853471,473.489990234375,0.3500803635412719,0.0,2024-06-21 00:00:00+00:00,0.0,low,1.0
2024-09-18 00:00:00+00:00,0.0,1.2642099576221089,471.44000244140625,0.26225770575818136,0.0,2024-06-21 00:00:00+00:00,0.0,low,1.0
2024-09-19 00:00:00+00:00,0.0,-1.2330336882858117,483.3599853515625,0.2664975467678626,0.0,2024-06-21 00:00:00+00:00,0.0,low,1.0
2024-09-20 00:00:00+00:00,0.0,-1.0446912609685555,482.44000244140625,0.20971808201790762,0.0,2024-06-21 00:00:00+00:00,0.0,low,1.0
2024-09-23 00:00:00+00:00,0.0,-1.1676081791707316,483.0400085449219,0.2111188831818299,0.0,2024-06-21 00:00:00+00:00,0.0,low,1.0
2024-09-24 00:00:00+00:00,0.0,-1.6420465419950125,485.3699951171875,0.1946499467989366,0.0,2024-06-21 00:00:00+00:00,0.0,low,1.0
2024-09-25 00:00:00+00:00,0.0,-1.7331549340896424,485.82000732421875,0.21607318940469095,0.0,2024-06-21 00:00:00+00:00,0.0,low,1.0
2024-09-26 00:00:00+00:00,0.0,-2.46593402948434,489.4700012207031,0.09897330627300811,0.0,2024-06-21 00:00:00+00:00,0.0,low,1.0
2024-09-27 00:00:00+00:00,0.0,-1.9209052087345913,486.75,0.10120231978767363,0.0,2024-06-21 00:00:00+00:00,0.0,low,1.0
2024-09-30 00:00:00+00:00,0.0,-2.186164539433877,488.07000732421875,0.09123663965431682,0.0,2024-06-21 00:00:00+00:00,0.0,low,1.0
2024-10-01 00:00:00+00:00,0.0,-0.7376291632570253,481.2699890136719,0.07811806888607933,0.0,2024-06-21 00:00:00+00:00,0.0,low,1.0
2024-10-02 00:00:00+00:00,0.0,-0.6141761381229571,481.95001220703125,0.08924738104770905,0.0,2024-06-21 00:00:00+00:00,0.0,low,1.0
2024-10-03 00:00:00+00:00,0.0,-0.1495050200747916,481.5899963378906,0.07487442800766349,0.0,2024-06-21 00:00:00+00:00,0.0,low,1.0
2024-10-04 00:00:00+00:00,0.0,-1.3235681092691132,487.32000732421875,0.033229751158572164,0.0,2024-06-21 00:00:00+00:00,0.0,low,1.0
2024-10-07 00:00:00+00:00,0.0,0.3422513743196465,482.1000061035156,0.03965315753561866,0.0,2024-06-21 00:00:00+00:00,0.0,low,1.0
2024-10-08 00:00:00+00:00,0.0,-1.1342709853728872,489.29998779296875,0.025971870001691065,0.0,2024-06-21 00:00:00+00:00,0.0,low,1.0
2024-10-09 00:00:00+00:00,0.0,-1.906112544423455,493.1499938964844,0.023684682130097938,0.0,2024-06-21 00:00:00+00:00,0.0,low,1.0
2024-10-10 00:00:00+00:00,0.0,-1.7945951813091332,492.5899963378906,0.011442367277488439,0.0,2024-06-21 00:00:00+00:00,0.0,low,1.0
2024-10-11 00:00:00+00:00,0.0,-1.9478647715449715,493.3599853515625,0.012220548727872711,0.0,2024-06-21 00:00:00+00:00,0.0,low,1.0
2024-10-14 00:00:00+00:00,0.0,-2.7638190954773822,497.5,0.010796818110967707,0.0,2024-06-21 00:00:00+00:00,0.0,low,1.0
2024-10-15 00:00:00+00:00,0.0,-1.4464716339472328,490.8500061035156,0.039042167386133995,0.0,2024-06-21 00:00:00+00:00,0.0,low,1.0
2024-10-16 00:00:00+00:00,0.0,-1.4585165526668664,490.9100036621094,0.03086376883190049,0.0,2024-06-21 00:00:00+00:00,0.0,low,1.0
2024-10-17 00:00:00+00:00,0.0,-1.526717557251911,491.25,0.0633607866924773,0.0,2024-06-21 00:00:00+00:00,0.0,low,1.0
2024-10-18 00:00:00+00:00,0.0,-2.16797807637239,494.4700012207031,0.05742507831118398,0.0,2024-06-21 00:00:00+00:00,0.0,low,1.0
2024-10-21 00:00:00+00:00,0.0,-2.355579732637636,495.4200134277344,0.09606031692425449,0.038621194905657956,2024-09-20 00:00:00+00:00,3.9,low,1.0
2024-10-22 00:00:00+00:00,0.0,-2.4618904075822123,495.9599914550781,0.09005014331327754,0.03734745788659806,2024-09-20 00:00:00+00:00,3.7,low,1.0
2024-10-23 00:00:00+00:00,0.0,-0.9439727843885137,488.3599853515625,0.2525224562873738,0.066076558063844,2024-09-20 00:00:00+00:00,6.6,low,1.0
2024-10-24 00:00:00+00:00,0.0,-1.740739193354568,492.32000732421875,0.2006903286774399,0.05765938468311579,2024-09-20 00:00:00+00:00,5.8,low,1.0
2024-10-25 00:00:00+00:00,0.0,-2.335865128227177,495.32000732421875,0.13812663690356997,0.04681909239022688,2024-09-20 00:00:00+00:00,4.7,low,1.0
2024-10-28 00:00:00+00:00,0.0,-2.351633839325129,495.3999938964844,0.15799191207132074,0.050385847652041106,2024-09-20 00:00:00+00:00,5.0,low,1.0
2024-10-29 00:00:00+00:00,0.0,-3.280950804134153,500.1600036621094,0.2405073203194394,0.0641494548652498,2024-09-20 00:00:00+00:00,6.4,low,1.0
2024-10-30 00:00:00+00:00,0.0,-2.544422571129601,496.3800048828125,0.12978101555098184,0.045272439778218966,2024-09-20 00:00:00+00:00,4.5,low,1.0
2024-10-31 00:00:00+00:00,0.0,0.08266898655340249,483.8500061035156,0.24680368098372407,0.0651605877596709,2024-09-20 00:00:00+00:00,6.5,low,1.0
2024-11-01 00:00:00+00:00,0.0,-0.652399877636678,487.42999267578125,0.09445249306433177,0.03828363593253051,2024-09-20 00:00:00+00:00,3.8,low,1.0
2024-11-04 00:00:00+00:00,0.0,0.3106889195090945,486.010009765625,0.058994148253676375,0.030095688672376927,2024-09-20 00:00:00+00:00,3.0,low,1.0
2024-11-05 00:00:00+00:00,0.0,0.4632166796445292,492.2099914550781,0.024955864105378575,0.019623357003725247,2024-09-20 00:00:00+00:00,2.0,low,1.0
2024-11-06 00:00:00+00:00,0.0,-2.193519647223119,505.5799865722656,0.06304479263786325,0.031122495368078925,2024-09-20 00:00:00+00:00,3.1,low,1.0
2024-11-07 00:00:00+00:00,0.0,-3.7095432893355818,513.5399780273438,0.16373140981483367,0.05139087740409104,2024-09-20 00:00:00+00:00,5.1,low,1.0
2024-11-08 00:00:00+00:00,0.0,-3.821920849226046,514.1400146484375,0.09073741132673369,0.03749479717247216,2024-09-20 00:00:00+00:00,3.7,low,1.0
2024-11-11 00:00:00+00:00,0.0,-3.7657705919699525,513.8400268554688,0.12734398803470473,0.04481454766896138,2024-09-20 00:00:00+00:00,4.5,low,1.0
2024-11-12 00:00:00+00:00,0.0,-3.5912701789024726,512.9099731445312,0.039477410519822675,0.024615812381692338,2024-09-20 00:00:00+00:00,2.5,low,1.0
2024-11-13 00:00:00+00:00,0.0,-3.467059007442652,512.25,0.035302773812065036,0.023287873391567588,2024-09-20 00:00:00+00:00,2.3,low,1.0
2024-11-14 00:00:00+00:00,0.0,-2.7914863942439805,508.69000244140625,0.046864741029167885,0.02681218572345578,2024-09-20 00:00:00+00:00,2.7,low,1.0
2024-11-15 00:00:00+00:00,0.0,-0.002015781355568791,496.57000732421875,0.36750659732277335,0.08446188520876172,2024-09-20 00:00:00+00:00,8.4,low,1.0
2024-11-18 00:00:00+00:00,0.0,-0.6919706273949666,500.0199890136719,0.2545137679324685,0.06639503040097662,2024-09-20 00:00:00+00:00,6.6,low,1.0
2024-11-19 00:00:00+00:00,0.0,-1.3705148400257827,503.4599914550781,0.2373132081621578,0.06363530816483753,2024-09-20 00:00:00+00:00,6.4,low,1.0
2024-11-20 00:00:00+00:00,0.0,-1.1149344594133526,503.1700134277344,0.3094858548846975,0.07514289323601563,2024-09-20 00:00:00+00:00,7.5,low,1.0
2024-11-21 00:00:00+00:00,0.0,-0.6039879290646755,504.9800109863281,0.14829524334936728,0.04866323665006197,2024-09-20 00:00:00+00:00,4.9,low,1.0
2024-11-22 00:00:00+00:00,0.0,-0.7631657019570803,505.7900085449219,0.13710209250890848,0.046630916466790635,2024-09-20 00:00:00+00:00,4.7,low,1.0
2024-11-25 00:00:00+00:00,0.0,-0.9198767634174154,506.5899963378906,0.13910724288879517,0.04699877363498311,2024-09-20 00:00:00+00:00,4.7,low,1.0
2024-11-26 00:00:00+00:00,0.0,-1.4490202270108554,509.30999755859375,0.10651484915902018,0.04076471248046999,2024-09-20 00:00:00+00:00,4.1,low,1.0
2024-11-27 00:00:00+00:00,0.0,0.001980955049840638,505.29998779296875,0.12891766347582745,0.04511056334446526,2024-09-20 00:00:00+00:00,4.5,low,1.0
2024-11-29 00:00:00+00:00,0.0,-0.08827670931728093,509.739990234375,0.05174880502991485,0.02817629590344076,2024-09-20 00:00:00+00:00,2.8,low,1.0
2024-12-02 00:00:00+00:00,0.0,-1.164386993395683,515.2899780273438,0.06754343851652644,0.032229194380922956,2024-09-20 00:00:00+00:00,3.2,low,1.0
2024-12-03 00:00:00+00:00,0.0,-2.1591509988075686,516.8699951171875,0.06994960284664782,0.03280787686189066,2024-09-20 00:00:00+00:00,3.3,low,1.0
2024-12-04 00:00:00+00:00,0.0,-3.353976604940201,523.260009765625,0.15036515633846564,0.04903372794053974,2024-09-20 00:00:00+00:00,4.9,low,1.0
2024-12-05 00:00:00+00:00,0.0,-3.0854154153510227,521.8099975585938,0.029702177572267608,0.021381310604940675,2024-09-20 00:00:00+00:00,2.1,low,1.0
2024-12-06 00:00:00+00:00,0.0,-3.9450671980308494,526.47998046875,0.03690942033047447,0.023807379284098273,2024-09-20 00:00:00+00:00,2.4,low,1.0
2024-12-09 00:00:00+00:00,0.0,-3.191166061471673,522.3800048828125,0.03081830549600231,0.021774304522073556,2024-09-20 00:00:00+00:00,2.2,low,1.0
2024-12-10 00:00:00+00:00,0.0,-3.2039882713075007,520.5999755859375,0.059395109906361036,0.030198704626049195,2024-09-20 00:00:00+00:00,3.0,low,1.0
2024-12-11 00:00:00+00:00,0.0,-5.702742239906922,529.9199829101562,0.14446080716366805,0.047972671660880456,2024-09-20 00:00:00+00:00,4.8,low,1.0
2024-12-12 00:00:00+00:00,0.0,-5.0902161050273005,526.5,0.05157348379205658,0.028128383300195983,2024-09-20 00:00:00+00:00,2.8,low,1.0
2024-12-13 00:00:00+00:00,0.0,-5.811172862486891,530.530029296875,0.12013323650031404,0.043441579195217225,2024-09-20 00:00:00+00:00,4.3,low,1.0
2024-12-16 00:00:00+00:00,0.0,-7.148293647872828,538.1699829101562,0.6164213943696918,0.13177248985298518,2024-09-20 00:00:00+00:00,13.2,low,1.0
2024-12-17 00:00:00+00:00,0.0,-6.737584249420781,535.7999877929688,0.13320672121439672,0.04591119900633693,2024-09-20 00:00:00+00:00,4.6,low,1.0
2024-12-18 00:00:00+00:00,0.0,-3.2470345707153236,516.469970703125,0.29387083884373233,0.0726602248804394,2024-09-20 00:00:00+00:00,7.3,low,1.0
2024-12-19 00:00:00+00:00,0.0,-2.814238711724526,514.1699829101562,0.12400731959409739,0.04418269990538359,2024-09-20 00:00:00+00:00,4.4,low,1.0
2024-12-20 00:00:00+00:00,0.0,-3.655566636952834,518.6599731445312,0.1437914523057905,0.04785154032412304,2024-09-20 00:00:00+00:00,4.8,low,1.0
2024-12-23 00:00:00+00:00,0.0,-4.431308571256476,522.8699951171875,0.08671110945696718,0.03662504303215759,2024-09-20 00:00:00+00:00,3.7,low,1.0
2024-12-24 00:00:00+00:00,0.0,-5.709866501437022,529.9600219726562,0.11186459394845158,0.04183047122202874,2024-09-20 00:00:00+00:00,4.2,low,1.0
2024-12-26 00:00:00+00:00,0.0,-5.645763738154552,529.5999755859375,0.10936864539450505,0.041335661116176564,2024-09-20 00:00:00+00:00,4.1,low,1.0
2024-12-27 00:00:00+00:00,0.0,-4.374614486061812,522.5599975585938,0.11362531646473197,0.04217707455679189,2024-09-20 00:00:00+00:00,4.2,low,1.0
2024-12-30 00:00:00+00:00,0.0,-3.0856604015694566,515.6099853515625,0.1629889377944985,0.051261433598441215,2024-09-20 00:00:00+00:00,5.1,low,1.0
2024-12-31 00:00:00+00:00,0.0,-2.255344665124759,511.2300109863281,0.10622324673412686,0.04070605034497629,2024-09-20 00:00:00+00:00,4.1,low,1.0
2025-01-02 00:00:00+00:00,0.0,-2.063774876538771,510.2300109863281,0.1525257691260339,0.049418806201698674,2024-09-20 00:00:00+00:00,4.9,low,1.0
2025-01-03 00:00:00+00:00,0.0,-3.6407119944117605,518.5800170898438,0.10390262546993559,0.04023700944210736,2024-09-20 00:00:00+00:00,4.0,low,1.0
2025-01-06 00:00:00+00:00,0.0,-4.735571521875048,524.5399780273438,0.0925890681791382,0.03788954799091115,2024-09-20 00:00:00+00:00,3.8,low,1.0
2025-01-07 00:00:00+00:00,0.0,-3.004771281654184,515.1799926757812,0.20820549590671086,0.05890041365280547,2024-09-20 00:00:00+00:00,5.9,low,1.0
2025-01-08 00:00:00+00:00,0.0,-3.0217180767441176,515.27001953125,0.1625770703339087,0.05118955666944479,2024-09-20 00:00:00+00:00,5.1,low,1.0
2025-01-10 00:00:00+00:00,0.0,-1.47676219923919,507.19000244140625,0.3412006928395815,0.08020995598364106,2024-09-20 00:00:00+00:00,8.0,low,1.0
2025-01-13 00:00:00+00:00,0.0,-0.7852680670691337,505.55999755859375,0.29825999652731766,0.07335772737747519,2024-09-20 00:00:00+00:00,7.3,low,1.0
2025-01-14 00:00:00+00:00,0.0,1.0038028547966205,505.0799865722656,0.28072584016927155,0.07057133802089488,2024-09-20 00:00:00+00:00,7.1,low,1.0
2025-01-15 00:00:00+00:00,0.0,-1.2676636647576456,516.7000122070312,0.23457873234428994,0.06319444089476375,2024-09-20 00:00:00+00:00,6.3,low,1.0
2025-01-16 00:00:00+00:00,0.0,-0.5710655445086865,513.0800170898438,0.09187553317787248,0.037737809117263696,2024-09-20 00:00:00+00:00,3.8,low,1.0
2025-01-17 00:00:00+00:00,0.0,-2.221412303987702,521.739990234375,0.19993481679036754,0.05753410587030274,2024-09-20 00:00:00+00:00,5.8,low,1.0
2025-01-21 00:00:00+00:00,0.0,-2.7915385360610445,524.7999877929688,0.1314851424714271,0.04559089241714824,2024-09-20 00:00:00+00:00,4.6,low,1.0
2025-01-22 00:00:00+00:00,0.0,-4.018741976008988,531.510009765625,0.30506457088271,0.07443952464858355,2024-09-20 00:00:00+00:00,7.4,low,1.0
2025-01-23 00:00:00+00:00,0.0,-4.222367853229613,532.6400146484375,0.2593769613987951,0.0721110579258739,2024-12-19 00:00:00+00:00,7.2,low,1.0
2025-01-24 00:00:00+00:00,0.0,-3.678041426417733,529.6300048828125,0.09427632100331064,0.03505894746005279,2024-12-19 00:00:00+00:00,3.5,low,1.0
2025-01-27 00:00:00+00:00,0.0,-0.9276403273804079,514.2100219726562,0.1731100753567952,0.05329493288687061,2024-12-19 00:00:00+00:00,5.3,low,1.0
2025-01-28 00:00:00+00:00,0.0,-2.370593736237969,521.8099975585938,0.34366455419812325,0.09090313226507228,2024-12-19 00:00:00+00:00,9.1,low,1.0
2025-01-29 00:00:00+00:00,0.0,-3.989791028747569,520.8300170898438,0.2646810768092077,0.07326974357850151,2024-12-19 00:00:00+00:00,7.3,low,1.0
2025-01-30 00:00:00+00:00,0.0,-4.993785627909464,523.0499877929688,0.33697186981503935,0.0893709951387941,2024-12-19 00:00:00+00:00,8.9,low,1.0
2025-01-31 00:00:00+00:00,0.0,-5.4969447362390405,522.2899780273438,0.20462879007045648,0.06020140231500958,2024-12-19 00:00:00+00:00,6.0,low,1.0
2025-02-03 00:00:00+00:00,0.0,-5.861688825892831,518.1099853515625,0.261873248036788,0.07265613681669537,2024-12-19 00:00:00+00:00,7.3,low,1.0
2025-02-04 00:00:00+00:00,0.0,-7.003257101547367,524.469970703125,0.20369761865086988,0.059998530887571115,2024-12-19 00:00:00+00:00,6.0,low,1.0
2025-02-05 00:00:00+00:00,0.0,-7.71566200296342,526.8499755859375,0.192089654739737,0.05746484489177848,2024-12-19 00:00:00+00:00,5.7,low,1.0
2025-02-06 00:00:00+00:00,0.0,-9.265479431404945,529.5999755859375,0.1498541421042515,0.04811116401723842,2024-12-19 00:00:00+00:00,4.8,low,1.0
2025-02-07 00:00:00+00:00,1.0,-10.3763445692167,522.9199829101562,0.1209330672427261,0.04147634031512355,2024-12-19 00:00:00+00:00,4.1,low,1.0
2025-02-10 00:00:00+00:00,1.0,-11.760035944142654,529.25,0.1419074674335397,0.04631313136110361,2024-12-19 00:00:00+00:00,4.6,low,1.0
2025-02-11 00:00:00+00:00,1.0,-11.54945767848382,527.989990234375,0.16346176059619863,0.05115648925890378,2024-12-19 00:00:00+00:00,5.1,low,1.0
2025-02-12 00:00:00+00:00,1.0,-11.711148314739928,528.2999877929688,0.16664035022411455,0.051862674550892184,2024-12-19 00:00:00+00:00,5.2,low,1.0
2025-02-13 00:00:00+00:00,1.0,-12.963244742195668,535.9000244140625,0.042741600768178095,0.020929487284967345,2024-12-19 00:00:00+00:00,2.1,low,1.0
2025-02-14 00:00:00+00:00,1.0,-13.327144566493331,538.1500244140625,0.025505878078404407,0.015065721099455906,2024-12-19 00:00:00+00:00,1.5,low,1.0
2025-02-18 00:00:00+00:00,1.0,-13.523185031002471,539.3699951171875,0.024513542849308134,0.014691888783148989,2024-12-19 00:00:00+00:00,1.5,low,1.0
2025-02-19 00:00:00+00:00,1.0,-13.547231652121338,539.52001953125,0.02582500581247545,0.015184854128035082,2024-12-19 00:00:00+00:00,1.5,low,1.0
2025-02-20 00:00:00+00:00,1.0,-13.1787112348409,537.22998046875,0.03796846767247776,0.01940232461940341,2024-12-19 00:00:00+00:00,1.9,low,1.0
2025-02-21 00:00:00+00:00,1.0,-11.338583956112425,526.0800170898438,0.19065388197996735,0.057150736322025115,2024-12-19 00:00:00+00:00,5.7,low,1.0
2025-02-24 00:00:00+00:00,1.0,-10.279493516328053,519.8699951171875,0.22329375208531485,0.06426082742640084,2024-12-19 00:00:00+00:00,6.4,low,1.0
2025-02-25 00:00:00+00:00,0.0,-9.134655571455497,513.3200073242188,0.5089752676136639,0.1329988661140403,2024-12-19 00:00:00+00:00,13.3,low,1.0
2025-02-26 00:00:00+00:00,0.0,-9.353623505747134,514.5599975585938,0.19202000757476048,0.05744961212900121,2024-12-19 00:00:00+00:00,5.7,low,1.0
2025-02-27 00:00:00+00:00,0.0,-6.7643466690075265,500.2699890136719,0.2226318945894998,0.06411702201721954,2024-12-19 00:00:00+00:00,6.4,low,1.0
2025-02-28 00:00:00+00:00,0.0,-8.213790591539672,508.1700134277344,0.27830988162057796,0.07625689583885528,2024-12-19 00:00:00+00:00,7.6,low,1.0
2025-03-03 00:00:00+00:00,0.0,-7.99114821369783,497.04998779296875,0.5277846004157805,0.1385385659765283,2024-12-19 00:00:00+00:00,13.9,low,1.0
2025-03-04 00:00:00+00:00,0.0,-7.712642954734717,495.54998779296875,0.6099738023937049,0.16562545670383397,2024-12-19 00:00:00+00:00,16.6,low,1.0
2025-03-05 00:00:00+00:00,0.0,-8.900225558095798,502.010009765625,0.4668023567123655,0.12126148359876768,2024-12-19 00:00:00+00:00,12.1,low,1.0
2025-03-06 00:00:00+00:00,0.0,-7.795984556930657,488.20001220703125,0.5682456673422999,0.15122098918085455,2024-12-19 00:00:00+00:00,15.1,low,1.0
2025-03-07 00:00:00+00:00,1.0,-14.054778241976795,491.7900085449219,0.6454405374809927,0.17919793426882544,2024-12-19 00:00:00+00:00,17.9,low,1.0
2025-03-10 00:00:00+00:00,1.0,-14.87952842070036,472.7300109863281,0.6781483117856711,0.1930736040771395,2024-12-19 00:00:00+00:00,19.3,low,1.0
2025-03-11 00:00:00+00:00,1.0,-14.675570517250291,471.6000061035156,0.6605943031518909,0.18544625063785405,2024-12-19 00:00:00+00:00,18.5,low,1.0
2025-03-12 00:00:00+00:00,1.0,-15.627358190240859,476.9200134277344,0.5692439668505259,0.15154866081449012,2024-12-19 00:00:00+00:00,15.2,low,1.0
2025-03-13 00:00:00+00:00,1.0,-14.081646283712345,468.3399963378906,0.4515927138901671,0.11723047336484574,2024-12-19 00:00:00+00:00,11.7,low,1.0
2025-03-14 00:00:00+00:00,1.0,-16.10932502683792,479.6600036621094,0.45349377570955646,0.11772902553875779,2024-12-19 00:00:00+00:00,11.8,low,1.0
2025-03-17 00:00:00+00:00,1.0,-16.64974546770306,482.7699890136719,0.4751511384756905,0.12351691696639396,2024-12-19 00:00:00+00:00,12.4,low,1.0
2025-03-18 00:00:00+00:00,1.0,-15.204196189425057,474.5400085449219,0.5260840484080319,0.13802913622258312,2024-12-19 00:00:00+00:00,13.8,low,1.0
2025-03-19 00:00:00+00:00,1.0,-16.323898939217674,480.8900146484375,0.6163968281776023,0.1679839697648018,2024-12-19 00:00:00+00:00,16.8,low,1.0
2025-03-20 00:00:00+00:00,1.0,-16.039309258199875,479.260009765625,0.48589131295789556,0.12646581030912646,2024-12-19 00:00:00+00:00,12.6,low,1.0
2025-03-21 00:00:00+00:00,1.0,-16.31519471901951,480.8399963378906,0.4766493924307801,0.12392502757962431,2024-12-19 00:00:00+00:00,12.4,low,1.0
2025-03-24 00:00:00+00:00,1.0,-17.99005183932998,490.6600036621094,0.3855162165614468,0.10071079647236952,2024-12-19 00:00:00+00:00,10.1,low,1.0
2025-03-25 00:00:00+00:00,1.0,-18.45539220679274,493.4599914550781,0.3435298742013752,0.09087221207224332,2024-12-19 00:00:00+00:00,9.1,low,1.0
2025-03-26 00:00:00+00:00,1.0,-16.92679082701011,484.3800048828125,0.33843814330657274,0.08970590957864374,2024-12-19 00:00:00+00:00,9.0,low,1.0
2025-03-27 00:00:00+00:00,1.0,-16.450724901791467,481.6199951171875,0.2562722994116166,0.07143367720608128,2024-12-19 00:00:00+00:00,7.1,low,1.0
2025-03-28 00:00:00+00:00,1.0,-14.19157833550021,468.94000244140625,0.16415607570809743,0.0513108956630929,2024-12-19 00:00:00+00:00,5.1,low,1.0
2025-03-31 00:00:00+00:00,1.0,-14.187920513985453,468.9200134277344,0.2608342761901312,0.07242922203359996,2024-12-19 00:00:00+00:00,7.2,low,1.0
2025-04-01 00:00:00+00:00,1.0,-14.874126452909774,472.70001220703125,0.2683044918319741,0.07406242974083926,2024-12-19 00:00:00+00:00,7.4,low,1.0
2025-04-02 00:00:00+00:00,1.0,-15.490912568211101,476.1499938964844,0.2819682695948312,0.07706159147225236,2024-12-19 00:00:00+00:00,7.7,low,1.0
2025-04-03 00:00:00+00:00,1.0,-10.710954737812317,450.6600036621094,0.5549926851835505,0.14694171590240318,2024-12-19 00:00:00+00:00,14.7,low,1.0
2025-04-04 00:00:00+00:00,0.0,-4.798068974619662,422.6700134277344,0.8262564720689285,0.284953196289481,2024-12-19 00:00:00+00:00,28.5,low,1.0
2025-04-07 00:00:00+00:00,0.0,-3.280699052701075,423.69000244140625,0.3900170233855386,0.10179192845942604,2024-12-19 00:00:00+00:00,10.2,low,1.0
2025-04-08 00:00:00+00:00,0.0,-0.15142164267396563,416.05999755859375,0.7762807456290827,0.24646600039667538,2024-12-19 00:00:00+00:00,24.6,low,1.0
2025-04-09 00:00:00+00:00,0.0,-8.169529468716474,466.0,0.836084263799332,0.29398165557698036,2024-12-19 00:00:00+00:00,29.4,low,1.0
2025-04-10 00:00:00+00:00,0.0,-4.0902775336368435,446.17999267578125,0.7934234433087114,0.2584762241251686,2024-12-19 00:00:00+00:00,25.8,low,1.0
2025-04-11 00:00:00+00:00,0.0,-5.82526443139284,454.3999938964844,0.7392120647090497,0.22369007804990126,2024-12-19 00:00:00+00:00,22.4,low,1.0
2025-04-14 00:00:00+00:00,0.0,-6.459302614520135,457.4800109863281,0.715518655791908,0.21095136644291737,2024-12-19 00:00:00+00:00,21.1,low,1.0
2025-04-15 00:00:00+00:00,0.0,-6.563461691206529,457.989990234375,0.6035867466963505,0.16332016093051974,2024-12-19 00:00:00+00:00,16.3,low,1.0
2025-04-16 00:00:00+00:00,0.0,-3.65842682424945,444.17999267578125,0.7821357536397925,0.25044841143409785,2024-12-19 00:00:00+00:00,25.0,low,1.0
2025-04-17 00:00:00+00:00,0.0,-3.641074804210942,444.1000061035156,0.6571861237954514,0.18401507531295813,2024-12-19 00:00:00+00:00,18.4,low,1.0
2025-04-21 00:00:00+00:00,0.0,1.0413081937984403,433.1099853515625,0.9086584953405711,0.38757465667980817,2024-12-19 00:00:00+00:00,38.8,elevated,0.75
2025-04-22 00:00:00+00:00,0.0,1.8898473922020154,444.4800109863281,0.8855092373536422,0.3508630760726465,2024-12-19 00:00:00+00:00,35.1,elevated,0.75
2025-04-23 00:00:00+00:00,0.0,0.27938864407182074,454.55999755859375,0.8289960369985361,0.28741157396621253,2024-12-19 00:00:00+00:00,28.7,low,1.0
2025-04-24 00:00:00+00:00,0.0,-1.0527470554145268,467.3500061035156,0.7029522134144139,0.3262260527733026,2025-03-25 00:00:00+00:00,32.6,low,1.0
2025-04-25 00:00:00+00:00,0.0,-2.1436441796063077,472.55999755859375,0.5772424136334058,0.27718318157681554,2025-03-25 00:00:00+00:00,27.7,low,1.0
2025-04-28 00:00:00+00:00,0.0,-2.1125740159952944,472.4100036621094,0.5891498662083511,0.28136397975858696,2025-03-25 00:00:00+00:00,28.1,low,1.0
2025-04-29 00:00:00+00:00,0.0,-2.75482222722937,475.5299987792969,0.6409147749228168,0.30050419509430987,2025-03-25 00:00:00+00:00,30.1,low,1.0
2025-04-30 00:00:00+00:00,0.0,0.2755163428250995,475.4700012207031,0.8022225587366955,0.3782856995622771,2025-03-25 00:00:00+00:00,37.8,elevated,0.75
2025-05-01 00:00:00+00:00,0.0,-1.0172716265968273,481.67999267578125,0.4829113750674922,0.24609800963014278,2025-03-25 00:00:00+00:00,24.6,low,1.0
2025-05-02 00:00:00+00:00,0.0,-2.465067226637363,488.8299865722656,0.6361856978605488,0.298681189455147,2025-03-25 00:00:00+00:00,29.9,low,1.0
2025-05-05 00:00:00+00:00,0.0,-1.8829860338728577,485.92999267578125,0.5125898938798386,0.255558761138715,2025-03-25 00:00:00+00:00,25.6,low,1.0
2025-05-06 00:00:00+00:00,0.0,-0.961759175669763,481.4100036621094,0.4990692568511836,0.2512197977571213,2025-03-25 00:00:00+00:00,25.1,low,1.0
2025-05-07 00:00:00+00:00,0.0,0.18001772330653587,483.29998779296875,0.6294657705678864,0.29611886824952266,2025-03-25 00:00:00+00:00,29.6,low,1.0
2025-05-08 00:00:00+00:00,0.0,-0.42802357232717414,488.2900085449219,0.6781613162511105,0.3155033609736984,2025-03-25 00:00:00+00:00,31.6,low,1.0
2025-05-09 00:00:00+00:00,0.0,2.7686148189086213,487.9700012207031,0.6215796850109757,0.2931521921644697,2025-03-25 00:00:00+00:00,29.3,low,1.0
2025-05-12 00:00:00+00:00,0.0,-0.44698621718384235,507.8500061035156,0.661618382561213,0.30869265498105053,2025-03-25 00:00:00+00:00,30.9,low,1.0
2025-05-13 00:00:00+00:00,0.0,-1.9414728295373274,515.5900268554688,0.6269136129537779,0.2951541061460251,2025-03-25 00:00:00+00:00,29.5,low,1.0
2025-05-14 00:00:00+00:00,0.0,-2.5256432267485307,518.6799926757812,0.6407747112257923,0.3004499609337425,2025-03-25 00:00:00+00:00,30.0,low,1.0
2025-05-15 00:00:00+00:00,0.0,-2.6326458214221193,519.25,0.62990658390748,0.2962859642803592,2025-03-25 00:00:00+00:00,29.6,low,1.0
2025-05-16 00:00:00+00:00,0.0,-3.054595864903642,521.510009765625,0.6083387736048186,0.2882629604345725,2025-03-25 00:00:00+00:00,28.8,low,1.0
2025-05-19 00:00:00+00:00,0.0,-3.1474536667862374,522.010009765625,0.09785860789049927,0.11584752104583086,2025-03-25 00:00:00+00:00,11.6,low,1.0
2025-05-20 00:00:00+00:00,0.0,-2.823540163282856,520.27001953125,0.04369338453843386,0.0832518569503926,2025-03-25 00:00:00+00:00,8.3,low,1.0
2025-05-21 00:00:00+00:00,0.0,-1.4540760514925255,513.0399780273438,0.11248297323537723,0.12277925829487463,2025-03-25 00:00:00+00:00,12.3,low,1.0
2025-05-22 00:00:00+00:00,0.0,-1.6381349081195262,514.0,0.025333945356261097,0.06672446010770759,2025-03-25 00:00:00+00:00,6.7,low,1.0
2025-05-23 00:00:00+00:00,0.0,0.5282386483764112,509.239990234375,0.03638520762002222,0.07728664472182017,2025-03-25 00:00:00+00:00,7.7,low,1.0
2025-05-27 00:00:00+00:00,0.0,-1.7823526628904074,521.219970703125,0.037985320626768314,0.07864909990539923,2025-03-25 00:00:00+00:00,7.9,low,1.0
2025-05-28 00:00:00+00:00,0.0,-1.34512359175758,518.9099731445312,0.05503563810881978,0.09145061355284834,2025-03-25 00:00:00+00:00,9.1,low,1.0
2025-05-29 00:00:00+00:00,0.0,-1.5386686886110557,519.9299926757812,0.09517321809625837,0.11451670816783446,2025-03-25 00:00:00+00:00,11.5,low,1.0
2025-05-30 00:00:00+00:00,0.0,-0.6048842705868918,519.1099853515625,0.09866904403550902,0.11624533297789658,2025-03-25 00:00:00+00:00,11.6,low,1.0
2025-06-02 00:00:00+00:00,0.0,-0.10512964297800798,523.2100219726562,0.06818502368524834,0.09981619764749651,2025-03-25 00:00:00+00:00,10.0,low,1.0
2025-06-03 00:00:00+00:00,0.0,-0.879957283492161,527.2999877929688,0.06088310310252492,0.09529732102636211,2025-03-25 00:00:00+00:00,9.5,low,1.0
2025-06-04 00:00:00+00:00,0.0,-1.1555205781400457,528.77001953125,0.05206085033926672,0.0894032002767222,2025-03-25 00:00:00+00:00,8.9,low,1.0
2025-06-05 00:00:00+00:00,0.0,-0.21722091903627616,524.7899780273438,0.12664042440998044,0.12906098494996202,2025-03-25 00:00:00+00:00,12.9,low,1.0
2025-06-06 00:00:00+00:00,0.0,-1.1831896698178967,529.9199829101562,0.04692797241458495,0.08570480071371349,2025-03-25 00:00:00+00:00,8.6,low,1.0
2025-06-09 00:00:00+00:00,0.0,-1.3284318128522044,530.7000122070312,0.06744277789243268,0.09936975419579465,2025-03-25 00:00:00+00:00,9.9,low,1.0
2025-06-10 00:00:00+00:00,0.0,-1.9767501776921437,534.2100219726562,0.042465227539141975,0.08229275617587667,2025-03-25 00:00:00+00:00,8.2,low,1.0
2025-06-11 00:00:00+00:00,0.0,-1.645338962891807,532.4099731445312,0.049083371332043636,0.08728506563594972,2025-03-25 00:00:00+00:00,8.7,low,1.0
2025-06-12 00:00:00+00:00,0.0,-1.8757166049921725,533.6599731445312,0.048846593059995676,0.08711346522956145,2025-03-25 00:00:00+00:00,8.7,low,1.0
2025-06-13 00:00:00+00:00,0.0,-0.6281306779597595,526.9600219726562,0.044532192329312166,0.08389787341547493,2025-03-25 00:00:00+00:00,8.4,low,1.0
2025-06-16 00:00:00+00:00,0.0,-1.9914192762074845,534.2899780273438,0.08344999544958147,0.1084563392980335,2025-03-25 00:00:00+00:00,10.8,low,1.0
2025-06-17 00:00:00+00:00,0.0,-1.026308403339149,529.0800170898438,0.08955857070066733,0.11166777968777289,2025-03-25 00:00:00+00:00,11.2,low,1.0
2025-06-18 00:00:00+00:00,0.0,-1.0094644357914184,528.989990234375,0.09332022003592912,0.11358669607087073,2025-03-25 00:00:00+00:00,11.4,low,1.0
2025-06-20 00:00:00+00:00,0.0,-0.6036088629397418,526.8300170898438,0.053396324658038764,0.090330471838116,2025-03-25 00:00:00+00:00,9.0,low,1.0
2025-06-23 00:00:00+00:00,0.0,0.8689918000623242,531.6500244140625,0.07140212227526462,0.10172031629855133,2025-03-25 00:00:00+00:00,10.2,low,1.0
2025-06-24 00:00:00+00:00,0.0,-0.0741087836435117,539.780029296875,0.060742624210657306,0.09520744662189354,2025-03-25 00:00:00+00:00,9.5,low,1.0
2025-06-25 00:00:00+00:00,0.0,0.06653233878821663,541.1599731445312,0.1712349867448125,0.14689692817172464,2025-03-25 00:00:00+00:00,14.7,low,1.0
2025-06-26 00:00:00+00:00,0.0,-0.30756705464625167,546.219970703125,0.17602585072428673,0.14868008405774152,2025-03-25 00:00:00+00:00,14.9,low,1.0
2025-06-27 00:00:00+00:00,0.0,-0.6258193987977778,548.0900268554688,0.22447097622173096,0.16572720149520978,2025-03-25 00:00:00+00:00,16.6,low,1.0
2025-06-30 00:00:00+00:00,0.0,-1.2653254511195366,551.6400146484375,0.09520022375113318,0.114530190342775,2025-03-25 00:00:00+00:00,11.5,low,1.0
2025-07-01 00:00:00+00:00,0.0,-0.15905137803613467,546.989990234375,0.12205476852090726,0.1270668780370781,2025-03-25 00:00:00+00:00,12.7,low,1.0
2025-07-02 00:00:00+00:00,0.0,-0.2214906917506254,550.7999877929688,0.08681886861103114,0.11024265663891479,2025-03-25 00:00:00+00:00,11.0,low,1.0
2025-07-03 00:00:00+00:00,0.0,-1.193763971632944,556.219970703125,0.0824781665034711,0.10793374638547988,2025-03-25 00:00:00+00:00,10.8,low,1.0
2025-07-07 00:00:00+00:00,0.0,-0.16847882571209283,552.030029296875,0.15543309475436135,0.14085459443676657,2025-03-25 00:00:00+00:00,14.1,low,1.0
2025-07-08 00:00:00+00:00,0.0,-0.1412226633864977,552.3400268554688,0.034673506530194284,0.07578942609019222,2025-03-25 00:00:00+00:00,7.6,low,1.0
2025-07-09 00:00:00+00:00,0.0,-0.8431465063202248,556.25,0.11471552075445193,0.12379539046575591,2025-03-25 00:00:00+00:00,12.4,low,1.0
2025-07-10 00:00:00+00:00,0.0,-0.7003356851106868,555.4500122070312,0.10410375334585939,0.11886959397051862,2025-03-25 00:00:00+00:00,11.9,low,1.0
2025-07-11 00:00:00+00:00,0.0,-0.4763649567462114,554.2000122070312,0.13073502592435948,0.13081154705216363,2025-03-25 00:00:00+00:00,13.1,low,1.0
2025-07-14 00:00:00+00:00,0.0,-0.8360195304591422,556.2100219726562,0.11738605856040997,0.12499771644164816,2025-03-25 00:00:00+00:00,12.5,low,1.0
2025-07-15 00:00:00+00:00,0.0,-0.9268525319855669,556.719970703125,0.19863636412556962,0.1568367919782842,2025-03-25 00:00:00+00:00,15.7,low,1.0
2025-07-16 00:00:00+00:00,0.0,-1.0066546273486465,557.2899780273438,0.2693078486415554,0.18038341749414918,2025-03-25 00:00:00+00:00,18.0,low,1.0
2025-07-17 00:00:00+00:00,0.0,-1.8013519645922238,561.7999877929688,0.1621752774719501,0.1434645791072659,2025-03-25 00:00:00+00:00,14.3,low,1.0
2025-07-18 00:00:00+00:00,0.0,-1.7068768348281638,561.260009765625,0.25178263584334976,0.17474969123960465,2025-03-25 00:00:00+00:00,17.5,low,1.0
2025-07-21 00:00:00+00:00,0.0,-2.213870041427568,564.1699829101562,0.06850592018729237,0.1000083624114187,2025-03-25 00:00:00+00:00,10.0,low,1.0
2025-07-22 00:00:00+00:00,0.0,-1.7051237994153645,561.25,0.11165295898346174,0.12239885030710777,2025-03-25 00:00:00+00:00,12.2,low,1.0
2025-07-23 00:00:00+00:00,0.0,-2.151434869076063,563.8099975585938,0.3483227529095088,0.2048679281474066,2025-03-25 00:00:00+00:00,20.5,low,1.0
2025-07-24 00:00:00+00:00,0.0,-2.3592532626763973,565.010009765625,0.07252058752003762,0.10237101779277721,2025-03-25 00:00:00+00:00,10.2,low,1.0
2025-07-25 00:00:00+00:00,0.0,-2.5937112785020977,566.3699951171875,0.08074674445021725,0.1517290348195815,2025-06-25 00:00:00+00:00,15.2,low,1.0
2025-07-28 00:00:00+00:00,0.0,-2.897177024723674,568.1400146484375,0.0798158775846079,0.15146848485187434,2025-06-25 00:00:00+00:00,15.1,low,1.0
2025-07-29 00:00:00+00:00,0.0,-2.7465389453913636,567.260009765625,0.19326548636523333,0.17366276144354073,2025-06-25 00:00:00+00:00,17.4,low,1.0
2025-07-30 00:00:00+00:00,0.0,-2.876663901556342,568.02001953125,0.1562596253187471,0.1678073954447909,2025-06-25 00:00:00+00:00,16.8,low,1.0
2025-07-31 00:00:00+00:00,0.0,-2.3592532626763973,565.010009765625,0.12571708896271505,0.16220573412547157,2025-06-25 00:00:00+00:00,16.2,low,1.0
2025-08-01 00:00:00+00:00,0.0,0.8955047896530788,553.8800048828125,0.2571471853748594,0.18231470480951356,2025-06-25 00:00:00+00:00,18.2,low,1.0
2025-08-04 00:00:00+00:00,0.0,-0.9324497355287398,564.0999755859375,0.13858456078554557,0.16467232008264912,2025-06-25 00:00:00+00:00,16.5,low,1.0
2025-08-05 00:00:00+00:00,0.0,-0.2552327674034127,560.27001953125,0.05833334304633363,0.14464675330489118,2025-06-25 00:00:00+00:00,14.5,low,1.0
2025-08-06 00:00:00+00:00,0.0,-1.4947437705830402,567.3200073242188,0.055823311958114574,0.1437219127210832,2025-06-25 00:00:00+00:00,14.4,low,1.0
2025-08-07 00:00:00+00:00,0.0,-1.8269909980541343,569.239990234375,0.05948651797660538,0.14506078163906402,2025-06-25 00:00:00+00:00,14.5,low,1.0
2025-08-08 00:00:00+00:00,0.0,-2.734307070103159,574.5499877929688,0.03794878370585571,0.13590284661485535,2025-06-25 00:00:00+00:00,13.6,low,1.0
2025-08-11 00:00:00+00:00,0.0,-2.4456575591434215,572.8499755859375,0.044671200893201146,0.1391446956723761,2025-06-25 00:00:00+00:00,13.9,low,1.0
2025-08-12 00:00:00+00:00,0.0,-3.656574671814361,580.0499877929688,0.0879346116319123,0.15366503804021484,2025-06-25 00:00:00+00:00,15.4,low,1.0
2025-08-13 00:00:00+00:00,0.0,-3.704724645049251,580.3400268554688,0.08909646830041737,0.1539662182189928,2025-06-25 00:00:00+00:00,15.4,low,1.0
2025-08-14 00:00:00+00:00,0.0,-3.629996596118401,579.8900146484375,0.04795474538024982,0.1405823287847882,2025-06-25 00:00:00+00:00,14.1,low,1.0
2025-08-15 00:00:00+00:00,0.0,-3.204350839965453,577.3400268554688,0.09184044348861113,0.15466555330424256,2025-06-25 00:00:00+00:00,15.5,low,1.0
2025-08-18 00:00:00+00:00,0.0,-3.165767177804779,577.1099853515625,0.03982960837879744,0.13685535388570724,2025-06-25 00:00:00+00:00,13.7,low,1.0
2025-08-19 00:00:00+00:00,0.0,-1.833895781361039,569.280029296875,0.11264273972765876,0.1595021051986118,2025-06-25 00:00:00+00:00,16.0,low,1.0
2025-08-20 00:00:00+00:00,0.0,-1.1238816243742011,565.9000244140625,0.18407135411076847,0.1722818999433754,2025-06-25 00:00:00+00:00,17.2,low,1.0
2025-08-21 00:00:00+00:00,0.0,-0.663977253764858,563.280029296875,0.07872482234102074,0.15116001810214072,2025-06-25 00:00:00+00:00,15.1,low,1.0
2025-08-22 00:00:00+00:00,0.0,-2.1731897324086757,571.969970703125,0.08630399203955673,0.15323705248793487,2025-06-25 00:00:00+00:00,15.3,low,1.0
2025-08-25 00:00:00+00:00,0.0,-1.8901720364768337,570.3200073242188,0.07422938982456469,0.14985206716740748,2025-06-25 00:00:00+00:00,15.0,low,1.0
2025-08-26 00:00:00+00:00,0.0,-2.2825322049167984,572.6099853515625,0.06407097926267005,0.14664474970780733,2025-06-25 00:00:00+00:00,14.7,low,1.0
2025-08-27 00:00:00+00:00,0.0,-2.432477016962431,573.489990234375,0.04277397394053434,0.13827349165712283,2025-06-25 00:00:00+00:00,13.8,low,1.0
2025-08-28 00:00:00+00:00,0.0,-3.0394466179842206,577.0800170898438,0.10202500921500106,0.15712767733703337,2025-06-25 00:00:00+00:00,15.7,low,1.0
2025-08-29 00:00:00+00:00,0.0,-1.9039351195460852,570.4000244140625,0.08343417305985891,0.15246816584550446,2025-06-25 00:00:00+00:00,15.2,low,1.0
2025-09-02 00:00:00+00:00,0.0,0.19624224057577244,565.6199951171875,0.08119122771993753,0.15185260896116182,2025-06-25 00:00:00+00:00,15.2,low,1.0
2025-09-03 00:00:00+00:00,0.0,-0.18242987948535738,570.0700073242188,0.14776186776465572,0.16633300398985829,2025-06-25 00:00:00+00:00,16.6,low,1.0
2025-09-04 00:00:00+00:00,0.0,-0.6432125058676408,575.22998046875,0.1480941706575308,0.16639175448970692,2025-06-25 00:00:00+00:00,16.6,low,1.0
2025-09-05 00:00:00+00:00,0.0,0.17011777816604567,576.0599975585938,0.16816697783235982,0.16978343649087654,2025-06-25 00:00:00+00:00,17.0,low,1.0
2025-09-08 00:00:00+00:00,0.0,-0.3161361109195626,578.8699951171875,0.08200076703447344,0.15207630907249856,2025-06-25 00:00:00+00:00,15.2,low,1.0
2025-09-09 00:00:00+00:00,0.0,-0.33763792866338127,580.510009765625,0.06480409845997355,0.14688945031853848,2025-06-25 00:00:00+00:00,14.7,low,1.0
2025-09-10 00:00:00+00:00,0.0,0.15842653535682594,580.7000122070312,0.05327368559399429,0.14274690335339457,2025-06-25 00:00:00+00:00,14.3,low,1.0
2025-09-11 00:00:00+00:00,0.0,0.0034170825074841815,584.0800170898438,0.03696347849675186,0.13538795052894428,2025-06-25 00:00:00+00:00,13.5,low,1.0
2025-09-12 00:00:00+00:00,0.0,-0.39034161732038886,586.6599731445312,0.04206000653043105,0.13793728359915777,2025-06-25 00:00:00+00:00,13.8,low,1.0
2025-09-15 00:00:00+00:00,0.0,-1.2354647189497525,591.6799926757812,0.041041112224455084,0.13744913792911048,2025-06-25 00:00:00+00:00,13.7,low,1.0
2025-09-16 00:00:00+00:00,0.0,-1.1519330225927549,591.1799926757812,0.015247725846235401,0.1192024044411685,2025-06-25 00:00:00+00:00,11.9,low,1.0
2025-09-17 00:00:00+00:00,0.0,-0.25423728813559476,590.0,0.06443831560457032,0.14676764108030627,2025-06-25 00:00:00+00:00,14.7,low,1.0
2025-09-18 00:00:00+00:00,0.0,-1.1456035813196652,595.3200073242188,0.06221986874676562,0.14601662838718987,2025-06-25 00:00:00+00:00,14.6,low,1.0
2025-09-19 00:00:00+00:00,0.0,-1.8102904860103353,599.3499755859375,0.07959301725544475,0.15140574967903286,2025-06-25 00:00:00+00:00,15.1,low,1.0
2025-09-22 00:00:00+00:00,0.0,-2.2749936780674274,602.2000122070312,0.13468364690022974,0.16394267307345153,2025-06-25 00:00:00+00:00,16.4,low,1.0
2025-09-23 00:00:00+00:00,0.0,-1.6215332679856531,598.2000122070312,0.10124728838419901,0.1569464985205878,2025-06-25 00:00:00+00:00,15.7,low,1.0
2025-09-24 00:00:00+00:00,0.0,-1.2749498233860956,596.0999755859375,0.10027966335287351,0.15671958744516984,2025-06-25 00:00:00+00:00,15.7,low,1.0
2025-09-25 00:00:00+00:00,0.0,-0.75481294673726,593.530029296875,0.2785516408616445,0.1849448907581518,2025-06-25 00:00:00+00:00,18.5,low,1.0
2025-09-26 00:00:00+00:00,0.0,-1.1611294612700163,595.969970703125,0.24395472190809375,0.18063750192440653,2025-06-25 00:00:00+00:00,18.1,low,1.0
2025-09-29 00:00:00+00:00,0.0,-1.616754295183731,598.72998046875,0.4403466246358417,0.202812683781434,2025-06-25 00:00:00+00:00,20.3,low,1.0
2025-09-30 00:00:00+00:00,0.0,-1.8855051745231166,600.3699951171875,0.5234677404421348,0.2116200854301666,2025-06-25 00:00:00+00:00,21.2,low,1.0
2025-10-01 00:00:00+00:00,0.0,-2.3539183103242878,603.25,0.6301677501663739,0.2236279825403276,2025-06-25 00:00:00+00:00,22.4,low,1.0
2025-10-02 00:00:00+00:00,0.0,-2.7537010241548976,605.72998046875,0.3188947607847962,0.18966048351007342,2025-06-25 00:00:00+00:00,19.0,low,1.0
2025-10-03 00:00:00+00:00,0.0,-2.34258514115,603.1799926757812,0.48810660935778477,0.20785103240437933,2025-06-25 00:00:00+00:00,20.8,low,1.0
2025-10-06 00:00:00+00:00,0.0,-3.0705490291432325,607.7100219726562,0.3729754892203473,0.1956428026712116,2025-06-25 00:00:00+00:00,19.6,low,1.0
2025-10-07 00:00:00+00:00,0.0,-2.5574468119477944,604.510009765625,0.5487681640147868,0.21436078797890273,2025-06-25 00:00:00+00:00,21.4,low,1.0
2025-10-08 00:00:00+00:00,0.0,-3.6618498232102725,611.4400024414062,0.563720272296475,0.21600467978148852,2025-06-25 00:00:00+00:00,21.6,low,1.0
2025-10-09 00:00:00+00:00,0.0,-3.545116093222378,610.7000122070312,0.2871257206634401,0.1859709839258695,2025-06-25 00:00:00+00:00,18.6,low,1.0
2025-10-10 00:00:00+00:00,0.0,0.10687105730491364,589.5,0.09191007817146588,0.15468308788542723,2025-06-25 00:00:00+00:00,15.5,low,1.0
2025-10-13 00:00:00+00:00,0.0,-1.9733899254329113,602.010009765625,0.028407294477959828,0.1303504937933529,2025-06-25 00:00:00+00:00,13.0,low,1.0
2025-10-14 00:00:00+00:00,0.0,-0.4180602006689016,598.0,0.030762492444098236,0.1318528302438174,2025-06-25 00:00:00+00:00,13.2,low,1.0
2025-10-15 00:00:00+00:00,0.0,-1.115866465749893,602.219970703125,0.02932791924535025,0.13094987718332676,2025-06-25 00:00:00+00:00,13.1,low,1.0
2025-10-16 00:00:00+00:00,0.0,-0.6033425850610286,599.989990234375,0.03747694516179254,0.13565769373490447,2025-06-25 00:00:00+00:00,13.6,low,1.0
2025-10-17 00:00:00+00:00,0.0,-1.1193366528583937,603.9299926757812,0.021495996762290488,0.12523124899513968,2025-06-25 00:00:00+00:00,12.5,low,1.0
2025-10-20 00:00:00+00:00,0.0,-2.349804695277824,611.5399780273438,0.019549072778676634,0.1235350211419542,2025-06-25 00:00:00+00:00,12.4,low,1.0
2025-10-21 00:00:00+00:00,0.0,-3.2778268617379758,611.3800048828125,0.016784110222778766,0.12085822081609024,2025-06-25 00:00:00+00:00,12.1,low,1.0
2025-10-22 00:00:00+00:00,0.0,-2.3369442281661934,605.489990234375,0.012290884633787023,0.11556400230658237,2025-06-25 00:00:00+00:00,11.6,low,1.0
2025-10-23 00:00:00+00:00,0.0,-4.230406558825028,610.5800170898438,0.03658386126275203,0.07638279437362908,2025-09-24 00:00:00+00:00,7.6,low,1.0
2025-10-24 00:00:00+00:00,0.0,-5.892073697951227,617.0999755859375,0.037184265194711505,0.07671845760081834,2025-09-24 00:00:00+00:00,7.7,low,1.0
2025-10-27 00:00:00+00:00,0.0,-7.538734034379047,628.0900268554688,0.07265479885666667,0.09203253953757232,2025-09-24 00:00:00+00:00,9.2,low,1.0
2025-10-28 00:00:00+00:00,0.0,-8.244326942539947,632.9199829101562,0.08148253426647677,0.09499084901454892,2025-09-24 00:00:00+00:00,9.5,low,1.0
2025-10-29 00:00:00+00:00,0.0,-8.655650251870695,635.77001953125,0.13766556437114133,0.11016087775210144,2025-09-24 00:00:00+00:00,11.0,low,1.0
2025-10-30 00:00:00+00:00,0.0,-7.237440850103094,626.0499877929688,0.06747880753077137,0.09018379702936537,2025-09-24 00:00:00+00:00,9.0,low,1.0
2025-10-31 00:00:00+00:00,0.0,-7.682772430276552,629.0700073242188,0.12608164847282635,0.10740356406639376,2025-09-24 00:00:00+00:00,10.7,low,1.0
2025-11-03 00:00:00+00:00,0.0,-8.122393600076627,632.0800170898438,0.09116396060309641,0.0980000299080887,2025-09-24 00:00:00+00:00,9.8,low,1.0
2025-11-04 00:00:00+00:00,0.0,-6.218814657347593,619.25,0.18604850659771177,0.12044057365150268,2025-09-24 00:00:00+00:00,12.0,low,1.0
2025-11-05 00:00:00+00:00,0.0,-6.825188849783881,623.280029296875,0.2129373442831975,0.12554862767398098,2025-09-24 00:00:00+00:00,12.6,low,1.0
2025-11-06 00:00:00+00:00,0.0,-5.056647136520398,611.6699829101562,0.2448090448744156,0.13123245847841125,2025-09-24 00:00:00+00:00,13.1,low,1.0
2025-11-07 00:00:00+00:00,0.0,-4.756125637889164,609.739990234375,0.35563690749755694,0.14923570621203563,2025-09-24 00:00:00+00:00,14.9,low,1.0
2025-11-10 00:00:00+00:00,0.0,-6.81770639506415,623.22998046875,0.2662718376530042,0.1348901484180611,2025-09-24 00:00:00+00:00,13.5,low,1.0
2025-11-11 00:00:00+00:00,0.0,-6.568852520026159,621.5700073242188,0.17816180751598173,0.11887337769076985,2025-09-24 00:00:00+00:00,11.9,low,1.0
2025-11-12 00:00:00+00:00,0.0,-6.495141647687763,621.0800170898438,0.17570909216417246,0.1183786673946299,2025-09-24 00:00:00+00:00,11.8,low,1.0
2025-11-13 00:00:00+00:00,0.0,-4.546356520338124,608.4000244140625,0.42861249559014625,0.16051429660568806,2025-09-24 00:00:00+00:00,16.1,low,1.0
2025-11-14 00:00:00+00:00,0.0,-4.618466608698335,608.8599853515625,0.4953021860675954,0.17094953492179002,2025-09-24 00:00:00+00:00,17.1,low,1.0
2025-11-17 00:00:00+00:00,0.0,-3.796836618264343,603.6599731445312,0.26819231066198546,0.1352119958630755,2025-09-24 00:00:00+00:00,13.5,low,1.0
2025-11-18 00:00:00+00:00,0.0,-2.6110592456885406,596.3099975585938,0.18381900131197745,0.12000106864520443,2025-09-24 00:00:00+00:00,12.0,low,1.0
2025-11-19 00:00:00+00:00,0.0,-3.1890251285322857,599.8699951171875,0.2195364691608328,0.12675458462311276,2025-09-24 00:00:00+00:00,12.7,low,1.0
2025-11-20 00:00:00+00:00,0.0,-0.8417697371622901,585.6699829101562,0.2848916393421856,0.13797810446548647,2025-09-24 00:00:00+00:00,13.8,low,1.0
2025-11-21 00:00:00+00:00,0.0,0.8626037177171364,590.0700073242188,0.27063368815632055,0.13561996818900265,2025-09-24 00:00:00+00:00,13.6,low,1.0
2025-11-24 00:00:00+00:00,0.0,-1.29551955982391,605.1599731445312,0.138377181094762,0.11032570713983081,2025-09-24 00:00:00+00:00,11.0,low,1.0
2025-11-25 00:00:00+00:00,0.0,-1.414046074730546,608.8900146484375,0.2615105616283594,0.13408859604809614,2025-09-24 00:00:00+00:00,13.4,low,1.0
2025-11-26 00:00:00+00:00,0.0,-2.277498459887517,614.27001953125,0.21782092262716493,0.12644268276206538,2025-09-24 00:00:00+00:00,12.6,low,1.0
2025-11-28 00:00:00+00:00,0.0,-3.063378393722249,619.25,0.25622931170694685,0.1331931996152907,2025-09-24 00:00:00+00:00,13.3,low,1.0
2025-12-01 00:00:00+00:00,0.0,-2.7366777518309737,617.1699829101562,0.17742029802644319,0.1187241947001083,2025-09-24 00:00:00+00:00,11.9,low,1.0
2025-12-02 00:00:00+00:00,0.0,-3.491956704682475,622.0,0.23813823416786062,0.13007028110399843,2025-09-24 00:00:00+00:00,13.0,low,1.0
2025-12-03 00:00:00+00:00,0.0,-3.727224388375916,623.52001953125,0.14391413053429686,0.11159166064885491,2025-09-24 00:00:00+00:00,11.2,low,1.0
2025-12-04 00:00:00+00:00,0.0,-3.637585169634794,622.9400024414062,0.0967561388443256,0.09964390546251148,2025-09-24 00:00:00+00:00,10.0,low,1.0
2025-12-05 00:00:00+00:00,0.0,-4.028898119647173,625.47998046875,0.09661283971335789,0.09960255890181886,2025-09-24 00:00:00+00:00,10.0,low,1.0
2025-12-08 00:00:00+00:00,0.0,-3.844428601541383,624.280029296875,0.0967958401414236,0.09965535363004098,2025-09-24 00:00:00+00:00,10.0,low,1.0
2025-12-09 00:00:00+00:00,0.0,-3.9628764066623967,625.0499877929688,0.05461762326017481,0.08512654683413254,2025-09-24 00:00:00+00:00,8.5,low,1.0
2025-12-10 00:00:00+00:00,0.0,-4.354608226855783,627.6099853515625,0.055410652729191476,0.0854608974763854,2025-09-24 00:00:00+00:00,8.5,low,1.0
2025-12-11 00:00:00+00:00,0.0,-4.044244877044278,625.5800170898438,0.06260601219082235,0.08835291254051209,2025-09-24 00:00:00+00:00,8.8,low,1.0
2025-12-12 00:00:00+00:00,0.0,-2.1739783459573947,613.6199951171875,0.08417213999346683,0.09584944791667836,2025-09-24 00:00:00+00:00,9.6,low,1.0
2025-12-15 00:00:00+00:00,0.0,-1.680471238528669,610.5399780273438,0.06216801779202844,0.0881836226223236,2025-09-24 00:00:00+00:00,8.8,low,1.0
2025-12-16 00:00:00+00:00,0.0,-1.8749441280139,611.75,0.058423715519135985,0.08670177076493356,2025-09-24 00:00:00+00:00,8.7,low,1.0
2025-12-17 00:00:00+00:00,0.0,1.0842607646122326,600.4099731445312,0.09229146574555493,0.09833662711069306,2025-09-24 00:00:00+00:00,9.8,low,1.0
2025-12-18 00:00:00+00:00,0.0,-0.33819796229489496,609.1099853515625,0.10289277771357319,0.1013789001487586,2025-09-24 00:00:00+00:00,10.1,low,1.0
2025-12-19 00:00:00+00:00,0.0,-1.620614244847074,617.0499877929688,0.07100829441599163,0.09145440611946323,2025-09-24 00:00:00+00:00,9.1,low,1.0
2025-12-22 00:00:00+00:00,0.0,-1.9637980246102194,619.2100219726562,0.03609310218040134,0.07610549186626793,2025-09-24 00:00:00+00:00,7.6,low,1.0
2025-12-23 00:00:00+00:00,0.0,-2.4207934148626653,622.1099853515625,0.06295287800909673,0.08848640419154492,2025-09-24 00:00:00+00:00,8.8,low,1.0
2025-12-24 00:00:00+00:00,0.0,-2.7054325134172608,623.9299926757812,0.04434290379511746,0.08045124101687835,2025-09-24 00:00:00+00:00,8.0,low,1.0
2025-12-26 00:00:00+00:00,0.0,-2.6991980092770262,623.8900146484375,0.048231058908132673,0.08230194825922087,2025-09-24 00:00:00+00:00,8.2,low,1.0
2025-12-29 00:00:00+00:00,0.0,-2.2259100025618483,620.8699951171875,0.04024419659186532,0.07837154952108005,2025-09-24 00:00:00+00:00,7.8,low,1.0
2025-12-30 00:00:00+00:00,0.0,-1.9986124387251558,619.4299926757812,0.030123104836471532,0.07249316394016453,2025-09-24 00:00:00+00:00,7.2,low,1.0
2025-12-31 00:00:00+00:00,0.0,-1.181815336634262,614.3099975585938,0.04815326939761063,0.08226597116730765,2025-09-24 00:00:00+00:00,8.2,low,1.0
2026-01-02 00:00:00+00:00,0.0,-0.9900194696893849,613.1199951171875,0.09971682484248708,0.10048949827858775,2025-09-24 00:00:00+00:00,10.0,low,1.0
2026-01-05 00:00:00+00:00,0.0,-1.7702556051526375,617.989990234375,0.04649845865232755,0.08149075806280151,2025-09-24 00:00:00+00:00,8.1,low,1.0
2026-01-06 00:00:00+00:00,0.0,-3.6813084014245767,623.4199829101562,0.058624196856446424,0.08678274793526818,2025-09-24 00:00:00+00:00,8.7,low,1.0
2026-01-07 00:00:00+00:00,0.0,-4.688953695364528,624.02001953125,0.06634770409737016,0.08976706079530788,2025-09-24 00:00:00+00:00,9.0,low,1.0
2026-01-08 00:00:00+00:00,0.0,-4.143626952383384,620.469970703125,0.06600031541817906,0.08963809976401005,2025-09-24 00:00:00+00:00,9.0,low,1.0
2026-01-09 00:00:00+00:00,0.0,-5.088967271365807,626.6500244140625,0.07079278489683057,0.09137806642118405,2025-09-24 00:00:00+00:00,9.1,low,1.0
2026-01-12 00:00:00+00:00,0.0,-5.167653750605927,627.1699829101562,0.06426808202202838,0.08898802773561056,2025-09-24 00:00:00+00:00,8.9,low,1.0
2026-01-13 00:00:00+00:00,0.0,-5.026823735253383,626.239990234375,0.04971328906419795,0.08297981417050768,2025-09-24 00:00:00+00:00,8.3,low,1.0
2026-01-14 00:00:00+00:00,0.0,-4.0012877920720165,619.5499877929688,0.09046058024517631,0.0977886731544067,2025-09-24 00:00:00+00:00,9.8,low,1.0
2026-01-15 00:00:00+00:00,0.0,-4.345591408235627,621.780029296875,0.049824031506666776,0.08302988751516774,2025-09-24 00:00:00+00:00,8.3,low,1.0
2026-01-16 00:00:00+00:00,0.0,-4.494089828941227,621.260009765625,0.12229319604590205,0.10646898769467866,2025-09-24 00:00:00+00:00,10.6,low,1.0
2026-01-20 00:00:00+00:00,0.0,-2.4208089271168576,608.0599975585938,0.10820828236142743,0.10282927485587907,2025-09-24 00:00:00+00:00,10.3,low,1.0
2026-01-21 00:00:00+00:00,0.0,-3.7223342232229895,616.280029296875,0.12353412884495707,0.10677702374865555,2025-09-24 00:00:00+00:00,10.7,low,1.0
2026-01-22 00:00:00+00:00,0.0,-4.417163231972521,620.760009765625,0.06792999211171129,0.09034870131724082,2025-09-24 00:00:00+00:00,9.0,low,1.0
2026-01-23 00:00:00+00:00,0.0,-4.718002509937625,622.719970703125,0.06423914561754417,0.08897706730741888,2025-09-24 00:00:00+00:00,8.9,low,1.0
2026-01-26 00:00:00+00:00,0.0,-5.135419369551919,625.4600219726562,0.047867943304251294,0.08912935994964857,2025-12-23 00:00:00+00:00,8.9,low,1.0
2026-01-27 00:00:00+00:00,0.0,-5.987669376353066,631.1300048828125,0.039295519194357684,0.08539992095670919,2025-12-23 00:00:00+00:00,8.5,low,1.0
2026-01-28 00:00:00+00:00,0.0,-6.297960533900049,633.219970703125,0.056354853057615416,0.09235375767262666,2025-12-23 00:00:00+00:00,9.2,low,1.0
2026-01-29 00:00:00+00:00,0.0,-5.733753751849324,629.4299926757812,0.10606815526329878,0.10627333309341988,2025-12-23 00:00:00+00:00,10.6,low,1.0
2026-01-30 00:00:00+00:00,0.0,-4.587770512443267,621.8699951171875,0.06055929218080184,0.09381820548745451,2025-12-23 00:00:00+00:00,9.4,low,1.0
2026-02-02 00:00:00+00:00,0.0,-5.473219843726451,626.1400146484375,0.06464269193782345,0.09517019920471118,2025-12-23 00:00:00+00:00,9.5,low,1.0
2026-02-03 00:00:00+00:00,0.0,-3.9982520653269793,616.52001953125,0.15693294710884637,0.11638031340217482,2025-12-23 00:00:00+00:00,11.6,low,1.0
2026-02-04 00:00:00+00:00,0.0,-2.29137513542097,605.75,0.38552002747868025,0.14787710759979603,2025-12-23 00:00:00+00:00,14.8,low,1.0
2026-02-05 00:00:00+00:00,0.0,-0.8642838595178337,597.030029296875,0.2854624884035068,0.1354269544199965,2025-12-23 00:00:00+00:00,13.5,low,1.0
2026-02-06 00:00:00+00:00,0.0,-3.005003951541907,609.6500244140625,0.41872165733220906,0.15187283814379532,2025-12-23 00:00:00+00:00,15.2,low,1.0
2026-02-09 00:00:00+00:00,0.0,-3.7423476299448644,614.3200073242188,0.27093168380703064,0.1335148053859519,2025-12-23 00:00:00+00:00,13.4,low,1.0
2026-02-10 00:00:00+00:00,0.0,-3.2936946339527484,611.469970703125,0.2677796016007099,0.13309475114750519,2025-12-23 00:00:00+00:00,13.3,low,1.0
2026-02-11 00:00:00+00:00,0.0,-3.5523753946414605,613.1099853515625,0.2814360442806698,0.13490090878137898,2025-12-23 00:00:00+00:00,13.5,low,1.0
2026-02-12 00:00:00+00:00,0.0,-1.5500128748569986,600.6400146484375,0.38792120745909875,0.1481669413932418,2025-12-23 00:00:00+00:00,14.8,low,1.0
2026-02-13 00:00:00+00:00,0.0,-1.7593643874576514,601.9199829101562,0.401758233532574,0.14983389371270703,2025-12-23 00:00:00+00:00,15.0,low,1.0
2026-02-17 00:00:00+00:00,0.0,-1.6580693340306096,601.2999877929688,0.3297401871791987,0.1410555810386179,2025-12-23 00:00:00+00:00,14.1,low,1.0
2026-02-18 00:00:00+00:00,0.0,-2.3869594186068377,605.7899780273438,0.21633004707251371,0.1258990560772205,2025-12-23 00:00:00+00:00,12.6,low,1.0
2026-02-19 00:00:00+00:00,0.0,-2.7159518135069227,603.469970703125,0.22971930467168428,0.12784243314103477,2025-12-23 00:00:00+00:00,12.8,low,1.0
2026-02-20 00:00:00+00:00,0.0,-4.971997774779757,608.8099975585938,0.30078841924534017,0.13740526219792681,2025-12-23 00:00:00+00:00,13.7,low,1.0
2026-02-23 00:00:00+00:00,0.0,-3.8027296084914397,601.4099731445312,0.1086225867015677,0.10684948080547294,2025-12-23 00:00:00+00:00,10.7,low,1.0
2026-02-24 00:00:00+00:00,0.0,-4.825047678852679,607.8699951171875,0.07359625624205059,0.09792900157723429,2025-12-23 00:00:00+00:00,9.8,low,1.0
2026-02-25 00:00:00+00:00,0.0,-6.184733589774427,616.6799926757812,0.07841296323615274,0.09931343003240523,2025-12-23 00:00:00+00:00,9.9,low,1.0
2026-02-26 00:00:00+00:00,0.0,-5.877814676088089,609.239990234375,0.04730177613393802,0.08889940101227865,2025-12-23 00:00:00+00:00,8.9,low,1.0
2026-02-27 00:00:00+00:00,0.0,-7.52852382837551,607.2899780273438,0.0576667176078325,0.09281915034519973,2025-12-23 00:00:00+00:00,9.3,low,1.0
2026-03-02 00:00:00+00:00,0.0,-8.631953979078677,608.0900268554688,0.09287600146366475,0.10313557654925257,2025-12-23 00:00:00+00:00,10.3,low,1.0
2026-03-03 00:00:00+00:00,0.0,-7.643212905630692,601.5800170898438,0.03410753552068711,0.08282976893444557,2025-12-23 00:00:00+00:00,8.3,low,1.0
2026-03-04 00:00:00+00:00,0.0,-9.029885290882111,610.75,0.1068899446450796,0.10645970573780758,2025-12-23 00:00:00+00:00,10.6,low,1.0
2026-03-05 00:00:00+00:00,0.0,-8.75498840711877,608.9099731445312,0.10313738616736108,0.1056005319342041,2025-12-23 00:00:00+00:00,10.6,low,1.0
2026-03-06 00:00:00+00:00,0.0,-7.3614046542830325,599.75,0.10952661435779688,0.10705117849823456,2025-12-23 00:00:00+00:00,10.7,low,1.0
2026-03-09 00:00:00+00:00,0.0,-8.58234061826515,607.760009765625,0.15791869524643523,0.11655390685601288,2025-12-23 00:00:00+00:00,11.7,low,1.0
2026-03-10 00:00:00+00:00,0.0,-8.58384623603995,607.77001953125,0.19739138966869288,0.12304204602284004,2025-12-23 00:00:00+00:00,12.3,low,1.0
2026-03-11 00:00:00+00:00,0.0,-8.571809087889559,607.6900024414062,0.2122357264201995,0.12529280840146606,2025-12-23 00:00:00+00:00,12.5,low,1.0
2026-03-12 00:00:00+00:00,0.0,-6.97519229456457,597.260009765625,0.16765318152506473,0.11823425644793191,2025-12-23 00:00:00+00:00,11.8,low,1.0
2026-03-13 00:00:00+00:00,0.0,-6.420534426700031,593.719970703125,0.11069125491851962,0.10730936819244173,2025-12-23 00:00:00+00:00,10.7,low,1.0
2026-03-16 00:00:00+00:00,0.0,-7.458614366348781,600.3800048828125,0.18454425503249255,0.12101912801382345,2025-12-23 00:00:00+00:00,12.1,low,1.0
2026-03-17 00:00:00+00:00,0.0,-7.908044316474738,603.3099975585938,0.16045395389653969,0.1169973844804802,2025-12-23 00:00:00+00:00,11.7,low,1.0
2026-03-18 00:00:00+00:00,0.0,-6.6061602311805245,594.9000244140625,0.16117827922798358,0.11712330970109273,2025-12-23 00:00:00+00:00,11.7,low,1.0
2026-03-19 00:00:00+00:00,0.0,-6.310081061831774,593.02001953125,0.26426738942921635,0.13262432703127508,2025-12-23 00:00:00+00:00,13.3,low,1.0
2026-03-20 00:00:00+00:00,0.0,-4.545926894760122,582.0599975585938,0.12380292861507698,0.11009797533505793,2025-12-23 00:00:00+00:00,11.0,low,1.0
2026-03-23 00:00:00+00:00,0.0,-5.5102082336841,588.0,0.3022552488363707,0.13759275826531026,2025-12-23 00:00:00+00:00,13.8,low,1.0
2026-03-24 00:00:00+00:00,0.0,-4.8597564697393185,583.97998046875,0.13896002634896623,0.11308973237632672,2025-12-23 00:00:00+00:00,11.3,low,1.0
2026-03-25 00:00:00+00:00,0.0,-5.481275107485395,587.8200073242188,0.10554273147425693,0.10615365675619672,2025-12-23 00:00:00+00:00,10.6,low,1.0
2026-03-26 00:00:00+00:00,0.0,-3.1701499046641435,573.7899780273438,0.2516264406083291,0.13090901707141095,2025-12-23 00:00:00+00:00,13.1,low,1.0
2026-03-27 00:00:00+00:00,0.0,-1.2407197717425378,562.5800170898438,0.1915889875446954,0.12213767754454717,2025-12-23 00:00:00+00:00,12.2,low,1.0
2026-03-30 00:00:00+00:00,0.0,1.0621896475949022,558.280029296875,0.16963612960012708,0.11856938343863066,2025-12-23 00:00:00+00:00,11.9,low,1.0
2026-03-31 00:00:00+00:00,0.0,-0.9113291923442901,577.1799926757812,0.17378695974792208,0.11926353425691522,2025-12-23 00:00:00+00:00,11.9,low,1.0
2026-04-01 00:00:00+00:00,0.0,-2.1204522770800316,584.3099975585938,0.08051473193057382,0.09989840703594008,2025-12-23 00:00:00+00:00,10.0,low,1.0
2026-04-02 00:00:00+00:00,0.0,-1.1248173056135902,584.97998046875,0.08999753704348112,0.1024102705645385,2025-12-23 00:00:00+00:00,10.2,low,1.0
2026-04-06 00:00:00+00:00,0.0,-1.716223549012319,588.5,0.15316457313332413,0.11571050065078141,2025-12-23 00:00:00+00:00,11.6,low,1.0
2026-04-07 00:00:00+00:00,0.0,2.2987083783940987,588.5900268554688,0.07736953158908991,0.09901883099830526,2025-12-23 00:00:00+00:00,9.9,low,1.0
2026-04-08 00:00:00+00:00,0.0,-0.5048750883543951,606.0900268554688,0.17442265080455563,0.1193689862352235,2025-12-23 00:00:00+00:00,11.9,low,1.0
2026-04-09 00:00:00+00:00,0.0,-0.3408802309971426,610.1900024414062,0.1588026672738852,0.1167090197976595,2025-12-23 00:00:00+00:00,11.7,low,1.0
2026-04-10 00:00:00+00:00,0.0,-0.4843998129801408,611.0700073242188,0.09799819205374216,0.10438835811696628,2025-12-23 00:00:00+00:00,10.4,low,1.0
2026-04-13 00:00:00+00:00,0.0,0.4389382518671159,617.3900146484375,0.2974981216532493,0.13698356237612377,2025-12-23 00:00:00+00:00,13.7,low,1.0
2026-04-14 00:00:00+00:00,0.0,-0.06362764785878827,628.5999755859375,0.3674930284259959,0.14569367025902488,2025-12-23 00:00:00+00:00,14.6,low,1.0
2026-04-15 00:00:00+00:00,0.0,-0.33574122473634116,637.4000244140625,0.3285285642784176,0.14090473130556644,2025-12-23 00:00:00+00:00,14.1,low,1.0
2026-04-16 00:00:00+00:00,0.0,0.27168350572641664,640.469970703125,0.22192472391610923,0.12671814485681954,2025-12-23 00:00:00+00:00,12.7,low,1.0
2026-04-17 00:00:00+00:00,0.0,-1.0233418915189252,648.8499755859375,0.27241140974488776,0.1337113204121431,2025-12-23 00:00:00+00:00,13.4,low,1.0
2026-04-20 00:00:00+00:00,0.0,-0.7081056000057373,646.7899780273438,0.2669451791245214,0.13298321913231811,2025-12-23 00:00:00+00:00,13.3,low,1.0
2026-04-21 00:00:00+00:00,0.0,0.1846883444575509,644.3300170898438,0.28460671398199366,0.13531538192377612,2025-12-23 00:00:00+00:00,13.5,low,1.0
2026-04-22 00:00:00+00:00,0.0,-1.463871110919801,655.1099853515625,0.39739806840831254,0.1493091361387933,2025-12-23 00:00:00+00:00,14.9,low,1.0
2026-04-23 00:00:00+00:00,0.0,0.3668930507412904,651.4199829101562,0.3600945905333624,0.14479280518216123,2025-12-23 00:00:00+00:00,14.5,low,1.0
2026-04-24 00:00:00+00:00,0.0,-1.5168414849301426,663.8800048828125,0.16038685483422963,0.1169857019036485,2025-12-23 00:00:00+00:00,11.7,low,1.0
2026-04-27 00:00:00+00:00,0.0,-1.5687311950000837,664.22998046875,0.043769980935496215,0.007257244425439701,2026-03-26 00:00:00+00:00,0.7,low,1.0
2026-04-28 00:00:00+00:00,0.0,-0.14599056426448653,657.5499877929688,0.11107259489299329,0.014294866863760303,2026-03-26 00:00:00+00:00,1.4,low,1.0
2026-04-29 00:00:00+00:00,0.0,-0.6061353630349542,661.5700073242188,0.042269132438219684,0.00708024243909312,2026-03-26 00:00:00+00:00,0.7,low,1.0
2026-04-30 00:00:00+00:00,0.0,0.15874405818074866,667.739990234375,0.025178911404783674,0.0049235586835114364,2026-03-26 00:00:00+00:00,0.5,low,1.0
2026-05-01 00:00:00+00:00,0.0,-0.7787584083473131,674.1500244140625,0.02160047427079464,0.0044258677214412,2026-03-26 00:00:00+00:00,0.4,low,1.0
2026-05-04 00:00:00+00:00,0.0,0.6880877495563098,672.8800048828125,0.028446531310990758,0.005360817044723403,2026-03-26 00:00:00+00:00,0.5,low,1.0
2026-05-05 00:00:00+00:00,0.0,0.7144841216895736,681.6099853515625,0.0317840013029298,0.005793304716732812,2026-03-26 00:00:00+00:00,0.6,low,1.0
2026-05-06 00:00:00+00:00,0.0,-0.5749026097294108,695.77001953125,0.19611855917894366,0.022378114523584302,2026-03-26 00:00:00+00:00,2.2,low,1.0
2026-05-07 00:00:00+00:00,0.0,0.04460781614308296,694.9400024414062,0.22081098762930126,0.024725953403854424,2026-03-26 00:00:00+00:00,2.5,low,1.0
2026-05-08 00:00:00+00:00,0.0,-2.246809176719189,711.22998046875,0.19920956528558528,0.02267083238015079,2026-03-26 00:00:00+00:00,2.3,low,1.0
2026-05-11 00:00:00+00:00,0.0,-2.529122598530631,713.2899780273438,0.08705768051550408,0.01191679640184216,2026-03-26 00:00:00+00:00,1.2,low,1.0
2026-05-12 00:00:00+00:00,0.0,-1.6953213053466643,707.239990234375,0.201762431404593,0.022912799449373942,2026-03-26 00:00:00+00:00,2.3,low,1.0
2026-05-13 00:00:00+00:00,0.0,-2.7227856577336174,714.7100219726562,0.1463409684843241,0.01767556536672944,2026-03-26 00:00:00+00:00,1.8,low,1.0
2026-05-14 00:00:00+00:00,0.0,-3.4093247720116904,719.7899780273438,0.09970117685819041,0.013179797078553941,2026-03-26 00:00:00+00:00,1.3,low,1.0
2026-05-15 00:00:00+00:00,0.0,-1.929667642378563,708.9299926757812,0.19885540967324528,0.022637280172232925,2026-03-26 00:00:00+00:00,2.3,low,1.0
2026-05-18 00:00:00+00:00,0.0,-1.505922367722723,705.8800048828125,0.4097670482061825,0.04463146530489924,2026-03-26 00:00:00+00:00,4.5,low,1.0
2026-05-19 00:00:00+00:00,0.0,0.32214568672617183,701.530029296875,0.4243751755049222,0.04641223928906517,2026-03-26 00:00:00+00:00,4.6,low,1.0
2026-05-20 00:00:00+00:00,0.0,-0.8946231037507801,713.1500244140625,0.4184927763445935,0.045689298289364674,2026-03-26 00:00:00+00:00,4.6,low,1.0
2026-05-21 00:00:00+00:00,0.0,0.20153705640577613,714.510009765625,0.47414694111495237,0.052883478765346215,2026-03-26 00:00:00+00:00,5.3,low,1.0
2026-05-22 00:00:00+00:00,0.0,0.9225959974226372,717.5399780273438,0.17877815333823538,0.02073975023570528,2026-03-26 00:00:00+00:00,2.1,low,1.0
2026-05-26 00:00:00+00:00,0.0,-0.6627631403434142,730.280029296875,0.3210380652813034,0.034701613469862974,2026-03-26 00:00:00+00:00,3.5,low,1.0
2026-05-27 00:00:00+00:00,0.0,-0.4167576957469721,729.4500122070312,0.1404865149673731,0.017119813397580248,2026-03-26 00:00:00+00:00,1.7,low,1.0
2026-05-28 00:00:00+00:00,0.0,-0.04757688928126447,735.5999755859375,0.1801774930553855,0.02087180277429691,2026-03-26 00:00:00+00:00,2.1,low,1.0
