date,btc_equity_raw,btc_return,btc_active,btc_score,btc_direction,btc_active_trades,qqq_equity_raw,qqq_return,qqq_active,qqq_score,position,entry_type,vix_label,ixic_trend_label,rel_strength_label,risk_cash_day,risk_capped_day,avg_leverage_when_active,btc_equity,qqq_equity,selected_strategy,decision_reason,router_return,router_equity,switched
2022-01-03 00:00:00+00:00,1000.0,0.0,False,0.0,,0,1000.0,0.0,False,0.0,CASH,leveraged_contract,,,,False,False,0.0,1000.0,1000.0,CASH,no_eligible_candidates,0.0,1000.0,False
2022-01-04 00:00:00+00:00,1000.0,0.0,False,0.0,,0,1000.0,0.0,False,0.0,CASH,leveraged_contract,,,,False,False,0.0,1000.0,1000.0,CASH,no_eligible_candidates,0.0,1000.0,False
2022-01-05 00:00:00+00:00,1000.0,0.0,False,0.0,,0,1000.0,0.0,False,0.0,CASH,leveraged_contract,,,,False,False,0.0,1000.0,1000.0,CASH,no_eligible_candidates,0.0,1000.0,False
2022-01-06 00:00:00+00:00,1000.0,0.0,False,0.0,,0,1000.0,0.0,False,0.0,CASH,leveraged_contract,,,,False,False,0.0,1000.0,1000.0,CASH,no_eligible_candidates,0.0,1000.0,False
2022-01-07 00:00:00+00:00,1000.0,0.0,False,0.0,,0,1000.0,0.0,False,0.0,CASH,leveraged_contract,,,,False,False,0.0,1000.0,1000.0,CASH,no_eligible_candidates,0.0,1000.0,False
2022-01-10 00:00:00+00:00,1000.0,0.0,False,0.0,,0,1000.0,0.0,False,0.0,CASH,leveraged_contract,,,,False,False,0.0,1000.0,1000.0,CASH,no_eligible_candidates,0.0,1000.0,False
2022-01-11 00:00:00+00:00,1000.0,0.0,False,0.0,,0,1000.0,0.0,False,0.0,CASH,leveraged_contract,,,,False,False,0.0,1000.0,1000.0,CASH,no_eligible_candidates,0.0,1000.0,False
2022-01-12 00:00:00+00:00,1000.0,0.0,False,0.0,,0,1000.0,0.0,False,0.0,CASH,leveraged_contract,,,,False,False,0.0,1000.0,1000.0,CASH,no_eligible_candidates,0.0,1000.0,False
2022-01-13 00:00:00+00:00,1000.0,0.0,False,0.0,,0,1000.0,0.0,False,0.0,CASH,leveraged_contract,,,,False,False,0.0,1000.0,1000.0,CASH,no_eligible_candidates,0.0,1000.0,False
2022-01-14 00:00:00+00:00,1000.0,0.0,False,0.0,,0,1000.0,0.0,False,0.0,CASH,leveraged_contract,,,,False,False,0.0,1000.0,1000.0,CASH,no_eligible_candidates,0.0,1000.0,False
2022-01-18 00:00:00+00:00,1055.066,0.0,False,0.0,,0,1000.0,0.0,False,0.0,CASH,leveraged_contract,,,,False,False,0.0,1000.0,1000.0,CASH,no_eligible_candidates,0.0,1000.0,False
2022-01-19 00:00:00+00:00,1055.066,0.0,False,0.0,,0,1000.0,0.0,False,0.0,CASH,leveraged_contract,,,,False,False,0.0,1000.0,1000.0,CASH,no_eligible_candidates,0.0,1000.0,False
2022-01-20 00:00:00+00:00,1055.066,0.0,False,0.0,,0,1000.0,0.0,False,0.0,CASH,leveraged_contract,,,,False,False,0.0,1000.0,1000.0,CASH,no_eligible_candidates,0.0,1000.0,False
2022-01-21 00:00:00+00:00,1055.066,0.0,False,0.0,,0,1000.0,0.0,False,0.0,CASH,leveraged_contract,,,,False,False,0.0,1000.0,1000.0,CASH,no_eligible_candidates,0.0,1000.0,False
2022-01-24 00:00:00+00:00,1055.066,0.0,False,0.0,,0,1000.0,0.0,False,0.0,CASH,leveraged_contract,,,,False,False,0.0,1000.0,1000.0,CASH,no_eligible_candidates,0.0,1000.0,False
2022-01-25 00:00:00+00:00,1055.066,0.0,False,0.0,,0,1000.0,0.0,False,0.0,CASH,leveraged_contract,,,,False,False,0.0,1000.0,1000.0,CASH,no_eligible_candidates,0.0,1000.0,False
2022-01-26 00:00:00+00:00,1055.066,0.0,False,0.0,,0,1000.0,0.0,False,0.0,CASH,leveraged_contract,,,,False,False,0.0,1000.0,1000.0,CASH,no_eligible_candidates,0.0,1000.0,False
2022-01-27 00:00:00+00:00,1055.066,0.0,False,0.0,,0,1000.0,0.0,False,0.0,CASH,leveraged_contract,,,,False,False,0.0,1000.0,1000.0,CASH,no_eligible_candidates,0.0,1000.0,False
2022-01-28 00:00:00+00:00,1055.066,0.0,False,0.0,,0,1000.0,0.0,False,0.0,CASH,leveraged_contract,,,,False,False,0.0,1000.0,1000.0,CASH,no_eligible_candidates,0.0,1000.0,False
2022-01-31 00:00:00+00:00,1055.066,0.0,False,0.0,,0,1000.0,0.0,False,0.0,CASH,leveraged_contract,,,,False,False,0.0,1000.0,1000.0,CASH,no_eligible_candidates,0.0,1000.0,False
2022-02-01 00:00:00+00:00,1055.066,0.0,False,0.0,,0,1000.0,0.0,False,0.0,CASH,leveraged_contract,,,,False,False,0.0,1000.0,1000.0,CASH,no_eligible_candidates,0.0,1000.0,False
2022-02-02 00:00:00+00:00,1055.066,0.0,False,0.0,,0,1000.0,0.0,False,0.0,CASH,leveraged_contract,,,,False,False,0.0,1000.0,1000.0,CASH,no_eligible_candidates,0.0,1000.0,False
2022-02-03 00:00:00+00:00,1055.066,0.0,False,0.0,,0,1000.0,0.0,False,0.0,CASH,leveraged_contract,,,,False,False,0.0,1000.0,1000.0,CASH,no_eligible_candidates,0.0,1000.0,False
2022-02-04 00:00:00+00:00,1055.066,0.0,True,123.65,BULL,1,1000.0,0.0,False,0.0,CASH,leveraged_contract,,,,False,False,0.0,1000.0,1000.0,BTC,best_route_score,0.0,999.0,True
2022-02-07 00:00:00+00:00,1593.809114318519,0.35310700000000006,True,141.45,BULL,1,1000.0,0.0,False,0.0,CASH,leveraged_contract,,,,False,False,0.0,1353.107,1000.0,BTC,hold_current_no_challenger,0.35310700000000006,1351.753893,False
2022-02-08 00:00:00+00:00,1896.4511518000054,0.189886,True,118.95,BULL,1,1000.0,0.0,False,0.0,CASH,leveraged_contract,,,,False,False,0.0,1610.0430758020002,1000.0,BTC,hold_current_no_challenger,0.189886,1608.433032726198,False
2022-02-09 00:00:00+00:00,1896.4511518000054,0.0,True,135.45,BULL,1,1000.0,0.0,False,0.0,CASH,leveraged_contract,,,,False,False,0.0,1610.0430758020002,1000.0,BTC,hold_current_no_challenger,0.0,1608.433032726198,False
2022-02-10 00:00:00+00:00,1709.2865947265593,-0.098692,True,135.45,BULL,1,1000.0,0.0,False,0.0,CASH,leveraged_contract,,,,False,False,0.0,1451.144704564949,1000.0,BTC,hold_current_no_challenger,-0.098692,1449.693559860384,False
2022-02-11 00:00:00+00:00,1493.9557973826916,-0.125977,True,123.65,BULL,1,1000.0,0.0,False,0.0,CASH,leveraged_contract,,,,False,False,0.0,1268.3338481179705,1000.0,BTC,hold_current_no_challenger,-0.125977,1267.0655142698524,False
2022-02-14 00:00:00+00:00,1493.9557973826916,0.0,False,0.0,,0,1000.0,0.0,False,0.0,CASH,leveraged_contract,,,,False,False,0.0,1268.3338481179705,1000.0,CASH,no_eligible_candidates,0.0,1265.7984487555825,True
2022-02-15 00:00:00+00:00,1493.9557973826916,0.0,False,0.0,,0,1000.0,0.0,False,0.0,CASH,leveraged_contract,,,,False,False,0.0,1268.3338481179705,1000.0,CASH,no_eligible_candidates,0.0,1265.7984487555825,False
2022-02-16 00:00:00+00:00,1451.1748791688408,-0.028635999999999995,True,122.1,BULL,1,1000.0,0.0,False,0.0,CASH,leveraged_contract,,,,False,False,0.0,1232.0138400432643,1000.0,BTC,best_route_score,-0.028635999999999995,1228.3214933326408,True
2022-02-17 00:00:00+00:00,1409.819297462287,-0.028498000000000023,True,124.4,BULL,1,1000.0,0.0,False,0.0,CASH,leveraged_contract,,,,False,False,0.0,1196.9039096297113,1000.0,BTC,hold_current_no_challenger,-0.028498000000000023,1193.3167874156472,False
2022-02-18 00:00:00+00:00,1409.819297462287,0.0,False,0.0,,0,1000.0,0.0,False,0.0,CASH,leveraged_contract,,,,False,False,0.0,1196.9039096297113,1000.0,CASH,no_eligible_candidates,0.0,1192.1234706282316,True
2022-02-22 00:00:00+00:00,1409.819297462287,0.0,False,0.0,,0,1000.0,0.0,False,0.0,CASH,leveraged_contract,,,,False,False,0.0,1196.9039096297113,1000.0,CASH,no_eligible_candidates,0.0,1192.1234706282316,False
2022-02-23 00:00:00+00:00,1409.819297462287,0.0,False,0.0,,0,1000.0,0.0,False,0.0,CASH,leveraged_contract,,,,False,False,0.0,1196.9039096297113,1000.0,CASH,no_eligible_candidates,0.0,1192.1234706282316,False
2022-02-24 00:00:00+00:00,1409.819297462287,0.0,False,0.0,,0,1000.0,0.0,False,0.0,CASH,leveraged_contract,,,,False,False,0.0,1196.9039096297113,1000.0,CASH,no_eligible_candidates,0.0,1192.1234706282316,False
2022-02-25 00:00:00+00:00,1409.819297462287,0.0,False,0.0,,0,1000.0,0.0,False,0.0,CASH,leveraged_contract,,,,False,False,0.0,1196.9039096297113,1000.0,CASH,no_eligible_candidates,0.0,1192.1234706282316,False
2022-02-28 00:00:00+00:00,1409.819297462287,0.0,False,0.0,,0,1000.0,0.0,False,0.0,CASH,leveraged_contract,,,,False,False,0.0,1196.9039096297113,1000.0,CASH,no_eligible_candidates,0.0,1192.1234706282316,False
2022-03-01 00:00:00+00:00,1409.819297462287,0.0,False,0.0,,0,1000.0,0.0,False,0.0,CASH,leveraged_contract,,,,False,False,0.0,1196.9039096297113,1000.0,CASH,no_eligible_candidates,0.0,1192.1234706282316,False
2022-03-02 00:00:00+00:00,1409.819297462287,0.0,False,0.0,,0,1000.0,0.0,False,0.0,CASH,leveraged_contract,,,,False,False,0.0,1196.9039096297113,1000.0,CASH,no_eligible_candidates,0.0,1192.1234706282316,False
2022-03-03 00:00:00+00:00,1409.819297462287,0.0,False,0.0,,0,1000.0,0.0,False,0.0,CASH,leveraged_contract,,,,False,False,0.0,1196.9039096297113,1000.0,CASH,no_eligible_candidates,0.0,1192.1234706282316,False
2022-03-04 00:00:00+00:00,1699.7331279731345,0.20563900000000013,True,60.0,BEAR,1,1000.0,0.0,False,0.0,CASH,leveraged_contract,,,,False,False,0.0,1443.0340327020556,1000.0,BTC,best_route_score,0.20563900000000013,1435.8332784557458,True
2022-03-07 00:00:00+00:00,1699.7331279731345,0.0,False,0.0,,0,1000.0,0.0,False,0.0,CASH,leveraged_contract,,,,False,False,0.0,1443.0340327020556,1000.0,CASH,no_eligible_candidates,0.0,1434.3974451772901,True
2022-03-08 00:00:00+00:00,1699.7331279731345,0.0,False,0.0,,0,1000.0,0.0,False,0.0,CASH,leveraged_contract,,,,False,False,0.0,1443.0340327020556,1000.0,CASH,no_eligible_candidates,0.0,1434.3974451772901,False
2022-03-09 00:00:00+00:00,1699.7331279731345,0.0,True,108.1,BULL,1,1000.0,0.0,False,0.0,CASH,leveraged_contract,,,,False,False,0.0,1443.0340327020556,1000.0,BTC,best_route_score,0.0,1432.963047732113,True
2022-03-10 00:00:00+00:00,1648.9654989068329,-0.029868000000000006,True,108.1,BULL,1,1000.0,0.0,False,0.0,CASH,leveraged_contract,,,,False,False,0.0,1399.9334922133107,1000.0,BTC,hold_current_no_challenger,-0.029868000000000006,1390.16330742245,False
2022-03-11 00:00:00+00:00,1648.9654989068329,0.0,False,0.0,,0,1000.0,0.0,False,0.0,CASH,leveraged_contract,,,,False,False,0.0,1399.9334922133107,1000.0,CASH,no_eligible_candidates,0.0,1388.7731441150277,True
2022-03-14 00:00:00+00:00,1648.9654989068329,0.0,False,0.0,,0,1000.0,0.0,False,0.0,CASH,leveraged_contract,,,,False,False,0.0,1399.9334922133107,1000.0,CASH,no_eligible_candidates,0.0,1388.7731441150277,False
2022-03-15 00:00:00+00:00,1648.9654989068329,0.0,False,0.0,,0,1000.0,0.0,False,0.0,CASH,leveraged_contract,,,,False,False,0.0,1399.9334922133107,1000.0,CASH,no_eligible_candidates,0.0,1388.7731441150277,False
2022-03-16 00:00:00+00:00,1648.9654989068329,0.0,False,0.0,,0,1000.0,0.0,False,0.0,CASH,leveraged_contract,,,,False,False,0.0,1399.9334922133107,1000.0,CASH,no_eligible_candidates,0.0,1388.7731441150277,False
2022-03-17 00:00:00+00:00,1648.9654989068329,0.0,False,0.0,,0,1000.0,0.0,False,0.0,CASH,leveraged_contract,,,,False,False,0.0,1399.9334922133107,1000.0,CASH,no_eligible_candidates,0.0,1388.7731441150277,False
2022-03-18 00:00:00+00:00,1648.9654989068329,0.0,True,124.5,BULL,1,1000.0,0.0,False,0.0,CASH,leveraged_contract,,,,False,False,0.0,1399.9334922133107,1000.0,BTC,best_route_score,0.0,1387.3843709709126,True
2022-03-21 00:00:00+00:00,1603.3105911385994,0.0,False,0.0,,0,1000.0,0.0,False,0.0,CASH,leveraged_contract,,,,False,False,0.0,1399.9334922133107,1000.0,CASH,no_eligible_candidates,0.0,1385.9969865999417,True
2022-03-22 00:00:00+00:00,1603.3105911385994,0.0,True,109.0,BULL,1,1000.0,0.0,False,0.0,CASH,leveraged_contract,,,,False,False,0.0,1399.9334922133107,1000.0,BTC,best_route_score,0.0,1384.6109896133416,True
2022-03-23 00:00:00+00:00,1593.9985632252665,-0.005807999999999924,True,109.0,BULL,1,1000.0,0.0,False,0.0,CASH,leveraged_contract,,,,False,False,0.0,1391.8026784905358,1000.0,BTC,hold_current_no_challenger,-0.005807999999999924,1376.5691689856674,False
2022-03-24 00:00:00+00:00,1551.885121184855,-0.026419999999999888,True,122.2,BULL,1,1000.0,0.0,False,0.0,CASH,leveraged_contract,,,,False,False,0.0,1355.031251724816,1000.0,BTC,hold_current_no_challenger,-0.026419999999999888,1340.2002115410662,False
2022-03-25 00:00:00+00:00,1551.885121184855,0.0,True,113.7,BULL,1,1000.0,0.0,False,0.0,CASH,leveraged_contract,,,,False,False,0.0,1355.031251724816,1000.0,BTC,hold_current_no_challenger,0.0,1340.2002115410662,False
2022-03-28 00:00:00+00:00,1762.2916992237303,0.036891999999999925,True,103.4,BULL,1,1000.0,0.0,False,0.0,CASH,leveraged_contract,,,,False,False,0.0,1405.0210646634478,1000.0,BTC,hold_current_no_challenger,0.036891999999999925,1389.642877745239,False
2022-03-29 00:00:00+00:00,1721.9968995209797,-0.022865000000000024,True,92.3,BULL,1,1000.0,0.0,False,0.0,CASH,leveraged_contract,,,,False,False,0.0,1372.8952580199182,1000.0,BTC,hold_current_no_challenger,-0.022865000000000024,1357.868693345594,False
2022-03-30 00:00:00+00:00,1721.9968995209797,0.0,False,0.0,,0,1000.0,0.0,False,0.0,CASH,leveraged_contract,,,,False,False,0.0,1372.8952580199182,1000.0,CASH,no_eligible_candidates,0.0,1356.5108246522484,True
2022-03-31 00:00:00+00:00,1721.9968995209797,0.0,False,0.0,,0,1000.0,0.0,False,0.0,CASH,leveraged_contract,,,,False,False,0.0,1372.8952580199182,1000.0,CASH,no_eligible_candidates,0.0,1356.5108246522484,False
2022-04-01 00:00:00+00:00,1721.9968995209797,0.0,False,0.0,,0,1000.0,0.0,False,0.0,CASH,leveraged_contract,,,,False,False,0.0,1372.8952580199182,1000.0,CASH,no_eligible_candidates,0.0,1356.5108246522484,False
2022-04-04 00:00:00+00:00,1721.9968995209797,0.0,False,0.0,,0,1000.0,0.0,False,0.0,CASH,leveraged_contract,,,,False,False,0.0,1372.8952580199182,1000.0,CASH,no_eligible_candidates,0.0,1356.5108246522484,False
2022-04-05 00:00:00+00:00,1721.9968995209797,0.0,False,0.0,,0,1000.0,0.0,False,0.0,CASH,leveraged_contract,,,,False,False,0.0,1372.8952580199182,1000.0,CASH,no_eligible_candidates,0.0,1356.5108246522484,False
2022-04-06 00:00:00+00:00,1721.9968995209797,0.0,False,0.0,,0,1000.0,0.0,False,0.0,CASH,leveraged_contract,,,,False,False,0.0,1372.8952580199182,1000.0,CASH,no_eligible_candidates,0.0,1356.5108246522484,False
2022-04-07 00:00:00+00:00,1721.9968995209797,0.0,False,0.0,,0,1000.0,0.0,False,0.0,CASH,leveraged_contract,,,,False,False,0.0,1372.8952580199182,1000.0,CASH,no_eligible_candidates,0.0,1356.5108246522484,False
2022-04-08 00:00:00+00:00,1721.9968995209797,0.0,False,0.0,,0,1000.0,0.0,False,0.0,CASH,leveraged_contract,,,,False,False,0.0,1372.8952580199182,1000.0,CASH,no_eligible_candidates,0.0,1356.5108246522484,False
2022-04-11 00:00:00+00:00,1721.9968995209797,0.0,False,0.0,,0,1000.0,0.0,False,0.0,CASH,leveraged_contract,,,,False,False,0.0,1372.8952580199182,1000.0,CASH,no_eligible_candidates,0.0,1356.5108246522484,False
2022-04-12 00:00:00+00:00,1721.9968995209797,0.0,False,0.0,,0,1000.0,0.0,False,0.0,CASH,leveraged_contract,,,,False,False,0.0,1372.8952580199182,1000.0,CASH,no_eligible_candidates,0.0,1356.5108246522484,False
2022-04-13 00:00:00+00:00,1721.9968995209797,0.0,False,0.0,,0,1000.0,0.0,False,0.0,CASH,leveraged_contract,,,,False,False,0.0,1372.8952580199182,1000.0,CASH,no_eligible_candidates,0.0,1356.5108246522484,False
2022-04-14 00:00:00+00:00,1721.9968995209797,0.0,False,0.0,,0,1000.0,0.0,False,0.0,CASH,leveraged_contract,,,,False,False,0.0,1372.8952580199182,1000.0,CASH,no_eligible_candidates,0.0,1356.5108246522484,False
2022-04-18 00:00:00+00:00,1804.6062567816998,0.0,False,0.0,,0,1000.0,0.0,False,0.0,CASH,leveraged_contract,,,,False,False,0.0,1372.8952580199182,1000.0,CASH,no_eligible_candidates,0.0,1356.5108246522484,False
2022-04-19 00:00:00+00:00,1804.6062567816998,0.0,False,0.0,,0,1000.0,0.0,False,0.0,CASH,leveraged_contract,,,,False,False,0.0,1372.8952580199182,1000.0,CASH,no_eligible_candidates,0.0,1356.5108246522484,False
2022-04-20 00:00:00+00:00,1804.6062567816998,0.0,False,0.0,,0,1000.0,0.0,False,0.0,CASH,leveraged_contract,,,,False,False,0.0,1372.8952580199182,1000.0,CASH,no_eligible_candidates,0.0,1356.5108246522484,False
2022-04-21 00:00:00+00:00,1804.6062567816998,0.0,False,0.0,,0,1000.0,0.0,False,0.0,CASH,leveraged_contract,,,,False,False,0.0,1372.8952580199182,1000.0,CASH,no_eligible_candidates,0.0,1356.5108246522484,False
2022-04-22 00:00:00+00:00,1804.6062567816998,0.0,False,0.0,,0,1000.0,0.0,False,0.0,CASH,leveraged_contract,,,,False,False,0.0,1372.8952580199182,1000.0,CASH,no_eligible_candidates,0.0,1356.5108246522484,False
2022-04-25 00:00:00+00:00,1804.6062567816998,0.0,False,0.0,,0,1000.0,0.0,False,0.0,CASH,leveraged_contract,,,,False,False,0.0,1372.8952580199182,1000.0,CASH,no_eligible_candidates,0.0,1356.5108246522484,False
2022-04-26 00:00:00+00:00,1804.6062567816998,0.0,False,0.0,,0,1000.0,0.0,False,0.0,CASH,leveraged_contract,,,,False,False,0.0,1372.8952580199182,1000.0,CASH,no_eligible_candidates,0.0,1356.5108246522484,False
2022-04-27 00:00:00+00:00,1804.6062567816998,0.0,False,0.0,,0,1000.0,0.0,False,0.0,CASH,leveraged_contract,,,,False,False,0.0,1372.8952580199182,1000.0,CASH,no_eligible_candidates,0.0,1356.5108246522484,False
2022-04-28 00:00:00+00:00,1804.6062567816998,0.0,False,0.0,,0,1000.0,0.0,False,0.0,CASH,leveraged_contract,,,,False,False,0.0,1372.8952580199182,1000.0,CASH,no_eligible_candidates,0.0,1356.5108246522484,False
2022-04-29 00:00:00+00:00,1804.6062567816998,0.0,False,0.0,,0,1000.0,0.0,False,0.0,CASH,leveraged_contract,,,,False,False,0.0,1372.8952580199182,1000.0,CASH,no_eligible_candidates,0.0,1356.5108246522484,False
2022-05-02 00:00:00+00:00,1804.6062567816998,0.0,False,0.0,,0,1000.0,0.0,False,0.0,CASH,leveraged_contract,,,,False,False,0.0,1372.8952580199182,1000.0,CASH,no_eligible_candidates,0.0,1356.5108246522484,False
2022-05-03 00:00:00+00:00,1804.6062567816998,0.0,False,0.0,,0,1000.0,0.0,False,0.0,CASH,leveraged_contract,,,,False,False,0.0,1372.8952580199182,1000.0,CASH,no_eligible_candidates,0.0,1356.5108246522484,False
2022-05-04 00:00:00+00:00,1804.6062567816998,0.0,False,0.0,,0,1000.0,0.0,False,0.0,CASH,leveraged_contract,,,,False,False,0.0,1372.8952580199182,1000.0,CASH,no_eligible_candidates,0.0,1356.5108246522484,False
2022-05-05 00:00:00+00:00,1804.6062567816998,0.0,False,0.0,,0,1000.0,0.0,False,0.0,CASH,leveraged_contract,,,,False,False,0.0,1372.8952580199182,1000.0,CASH,no_eligible_candidates,0.0,1356.5108246522484,False
2022-05-06 00:00:00+00:00,1804.6062567816998,0.0,False,0.0,,0,1000.0,0.0,False,0.0,CASH,leveraged_contract,,,,False,False,0.0,1372.8952580199182,1000.0,CASH,no_eligible_candidates,0.0,1356.5108246522484,False
2022-05-09 00:00:00+00:00,1562.7655584916138,0.0,False,0.0,,0,1000.0,0.0,False,0.0,CASH,leveraged_contract,,,,False,False,0.0,1372.8952580199182,1000.0,CASH,no_eligible_candidates,0.0,1356.5108246522484,False
2022-05-10 00:00:00+00:00,1562.7655584916138,0.0,False,0.0,,0,1000.0,0.0,False,0.0,CASH,leveraged_contract,,,,False,False,0.0,1372.8952580199182,1000.0,CASH,no_eligible_candidates,0.0,1356.5108246522484,False
2022-05-11 00:00:00+00:00,1562.7655584916138,0.0,False,0.0,,0,1000.0,0.0,False,0.0,CASH,leveraged_contract,,,,False,False,0.0,1372.8952580199182,1000.0,CASH,no_eligible_candidates,0.0,1356.5108246522484,False
2022-05-12 00:00:00+00:00,1562.7655584916138,0.0,False,0.0,,0,1000.0,0.0,False,0.0,CASH,leveraged_contract,,,,False,False,0.0,1372.8952580199182,1000.0,CASH,no_eligible_candidates,0.0,1356.5108246522484,False
2022-05-13 00:00:00+00:00,1562.7655584916138,0.0,False,0.0,,0,1000.0,0.0,False,0.0,CASH,leveraged_contract,,,,False,False,0.0,1372.8952580199182,1000.0,CASH,no_eligible_candidates,0.0,1356.5108246522484,False
2022-05-16 00:00:00+00:00,1562.7655584916138,0.0,False,0.0,,0,1000.0,0.0,False,0.0,CASH,leveraged_contract,,,,False,False,0.0,1372.8952580199182,1000.0,CASH,no_eligible_candidates,0.0,1356.5108246522484,False
2022-05-17 00:00:00+00:00,1562.7655584916138,0.0,False,0.0,,0,1000.0,0.0,False,0.0,CASH,leveraged_contract,,,,False,False,0.0,1372.8952580199182,1000.0,CASH,no_eligible_candidates,0.0,1356.5108246522484,False
2022-05-18 00:00:00+00:00,1562.7655584916138,0.0,False,0.0,,0,1000.0,0.0,False,0.0,CASH,leveraged_contract,,,,False,False,0.0,1372.8952580199182,1000.0,CASH,no_eligible_candidates,0.0,1356.5108246522484,False
2022-05-19 00:00:00+00:00,1434.1015072954406,-0.08233100000000004,True,60.0,BEAR,1,1000.0,0.0,False,0.0,CASH,leveraged_contract,,,,False,False,0.0,1259.8634185318801,1000.0,BTC,best_route_score,-0.08233100000000004,1243.5831040158562,True
2022-05-20 00:00:00+00:00,1434.1015072954406,0.0,False,0.0,,0,1000.0,0.0,False,0.0,CASH,leveraged_contract,,,,False,False,0.0,1259.8634185318801,1000.0,CASH,no_eligible_candidates,0.0,1242.3395209118403,True
2022-05-23 00:00:00+00:00,1434.1015072954406,0.0,False,0.0,,0,1000.0,0.0,False,0.0,CASH,leveraged_contract,,,,False,False,0.0,1259.8634185318801,1000.0,CASH,no_eligible_candidates,0.0,1242.3395209118403,False
2022-05-24 00:00:00+00:00,1434.1015072954406,0.0,False,0.0,,0,1000.0,0.0,False,0.0,CASH,leveraged_contract,,,,False,False,0.0,1259.8634185318801,1000.0,CASH,no_eligible_candidates,0.0,1242.3395209118403,False
2022-05-25 00:00:00+00:00,1434.1015072954406,0.0,False,0.0,,0,1000.0,0.0,False,0.0,CASH,leveraged_contract,,,,False,False,0.0,1259.8634185318801,1000.0,CASH,no_eligible_candidates,0.0,1242.3395209118403,False
2022-05-26 00:00:00+00:00,1434.1015072954406,0.0,False,0.0,,0,1000.0,0.0,False,0.0,CASH,leveraged_contract,,,,False,False,0.0,1259.8634185318801,1000.0,CASH,no_eligible_candidates,0.0,1242.3395209118403,False
2022-05-27 00:00:00+00:00,1434.1015072954406,0.0,False,0.0,,0,1000.0,0.0,False,0.0,CASH,leveraged_contract,,,,False,False,0.0,1259.8634185318801,1000.0,CASH,no_eligible_candidates,0.0,1242.3395209118403,False
2022-05-31 00:00:00+00:00,1434.1015072954406,0.0,False,0.0,,0,1000.0,0.0,False,0.0,CASH,leveraged_contract,,,,False,False,0.0,1259.8634185318801,1000.0,CASH,no_eligible_candidates,0.0,1242.3395209118403,False
2022-06-01 00:00:00+00:00,1434.1015072954406,0.0,False,0.0,,0,1000.0,0.0,False,0.0,CASH,leveraged_contract,,,,False,False,0.0,1259.8634185318801,1000.0,CASH,no_eligible_candidates,0.0,1242.3395209118403,False
2022-06-02 00:00:00+00:00,1434.1015072954406,0.0,False,0.0,,0,1000.0,0.0,False,0.0,CASH,leveraged_contract,,,,False,False,0.0,1259.8634185318801,1000.0,CASH,no_eligible_candidates,0.0,1242.3395209118403,False
2022-06-03 00:00:00+00:00,1434.1015072954406,0.0,False,0.0,,0,1000.0,0.0,False,0.0,CASH,leveraged_contract,,,,False,False,0.0,1259.8634185318801,1000.0,CASH,no_eligible_candidates,0.0,1242.3395209118403,False
2022-06-06 00:00:00+00:00,1434.1015072954406,0.0,False,0.0,,0,1000.0,0.0,False,0.0,CASH,leveraged_contract,,,,False,False,0.0,1259.8634185318801,1000.0,CASH,no_eligible_candidates,0.0,1242.3395209118403,False
2022-06-07 00:00:00+00:00,1434.1015072954406,0.0,False,0.0,,0,1000.0,0.0,False,0.0,CASH,leveraged_contract,,,,False,False,0.0,1259.8634185318801,1000.0,CASH,no_eligible_candidates,0.0,1242.3395209118403,False
2022-06-08 00:00:00+00:00,1434.1015072954406,0.0,False,0.0,,0,1000.0,0.0,False,0.0,CASH,leveraged_contract,,,,False,False,0.0,1259.8634185318801,1000.0,CASH,no_eligible_candidates,0.0,1242.3395209118403,False
2022-06-09 00:00:00+00:00,1434.1015072954406,0.0,True,72.5,BEAR,1,1000.0,0.0,False,0.0,CASH,leveraged_contract,,,,False,False,0.0,1259.8634185318801,1000.0,BTC,best_route_score,0.0,1241.0971813909284,True
2022-06-10 00:00:00+00:00,1542.1280715354842,0.07532699999999992,True,72.5,BEAR,1,1000.0,0.0,False,0.0,CASH,leveraged_contract,,,,False,False,0.0,1354.765150259631,1000.0,BTC,hold_current_no_challenger,0.07532699999999992,1334.5853087735627,False
2022-06-13 00:00:00+00:00,2048.604567685669,0.0,False,0.0,,0,1000.0,0.0,False,0.0,CASH,leveraged_contract,,,,False,False,0.0,1354.765150259631,1000.0,CASH,no_eligible_candidates,0.0,1333.2507234647892,True
2022-06-14 00:00:00+00:00,2048.604567685669,0.0,False,0.0,,0,1000.0,0.0,False,0.0,CASH,leveraged_contract,,,,False,False,0.0,1354.765150259631,1000.0,CASH,no_eligible_candidates,0.0,1333.2507234647892,False
2022-06-15 00:00:00+00:00,2048.604567685669,0.0,False,0.0,,0,1000.0,0.0,False,0.0,CASH,leveraged_contract,,,,False,False,0.0,1354.765150259631,1000.0,CASH,no_eligible_candidates,0.0,1333.2507234647892,False
2022-06-16 00:00:00+00:00,2048.604567685669,0.0,False,0.0,,0,1000.0,0.0,False,0.0,CASH,leveraged_contract,,,,False,False,0.0,1354.765150259631,1000.0,CASH,no_eligible_candidates,0.0,1333.2507234647892,False
2022-06-17 00:00:00+00:00,2048.604567685669,0.0,False,0.0,,0,1000.0,0.0,False,0.0,CASH,leveraged_contract,,,,False,False,0.0,1354.765150259631,1000.0,CASH,no_eligible_candidates,0.0,1333.2507234647892,False
2022-06-21 00:00:00+00:00,2048.604567685669,0.0,False,0.0,,0,1000.0,0.0,False,0.0,CASH,leveraged_contract,,,,False,False,0.0,1354.765150259631,1000.0,CASH,no_eligible_candidates,0.0,1333.2507234647892,False
2022-06-22 00:00:00+00:00,2048.604567685669,0.0,False,0.0,,0,1000.0,0.0,False,0.0,CASH,leveraged_contract,,,,False,False,0.0,1354.765150259631,1000.0,CASH,no_eligible_candidates,0.0,1333.2507234647892,False
2022-06-23 00:00:00+00:00,2048.604567685669,0.0,False,0.0,,0,1000.0,0.0,False,0.0,CASH,leveraged_contract,,,,False,False,0.0,1354.765150259631,1000.0,CASH,no_eligible_candidates,0.0,1333.2507234647892,False
2022-06-24 00:00:00+00:00,2048.604567685669,0.0,False,0.0,,0,1000.0,0.0,False,0.0,CASH,leveraged_contract,,,,False,False,0.0,1354.765150259631,1000.0,CASH,no_eligible_candidates,0.0,1333.2507234647892,False
2022-06-27 00:00:00+00:00,2048.604567685669,0.0,False,0.0,,0,1000.0,0.0,False,0.0,CASH,leveraged_contract,,,,False,False,0.0,1354.765150259631,1000.0,CASH,no_eligible_candidates,0.0,1333.2507234647892,False
2022-06-28 00:00:00+00:00,2048.604567685669,0.0,False,0.0,,0,1000.0,0.0,False,0.0,CASH,leveraged_contract,,,,False,False,0.0,1354.765150259631,1000.0,CASH,no_eligible_candidates,0.0,1333.2507234647892,False
2022-06-29 00:00:00+00:00,2048.604567685669,0.0,False,0.0,,0,1000.0,0.0,False,0.0,CASH,leveraged_contract,,,,False,False,0.0,1354.765150259631,1000.0,CASH,no_eligible_candidates,0.0,1333.2507234647892,False
2022-06-30 00:00:00+00:00,2048.604567685669,0.0,False,0.0,,0,1000.0,0.0,False,0.0,CASH,leveraged_contract,,,,False,False,0.0,1354.765150259631,1000.0,CASH,no_eligible_candidates,0.0,1333.2507234647892,False
2022-07-01 00:00:00+00:00,2048.604567685669,0.0,False,0.0,,0,1000.0,0.0,False,0.0,CASH,leveraged_contract,,,,False,False,0.0,1354.765150259631,1000.0,CASH,no_eligible_candidates,0.0,1333.2507234647892,False
2022-07-05 00:00:00+00:00,2048.604567685669,0.0,False,0.0,,0,1000.0,0.0,False,0.0,CASH,leveraged_contract,,,,False,False,0.0,1354.765150259631,1000.0,CASH,no_eligible_candidates,0.0,1333.2507234647892,False
2022-07-06 00:00:00+00:00,2048.604567685669,0.0,False,0.0,,0,1000.0,0.0,False,0.0,CASH,leveraged_contract,,,,False,False,0.0,1354.765150259631,1000.0,CASH,no_eligible_candidates,0.0,1333.2507234647892,False
2022-07-07 00:00:00+00:00,2048.604567685669,0.0,False,0.0,,0,1000.0,0.0,False,0.0,CASH,leveraged_contract,,,,False,False,0.0,1354.765150259631,1000.0,CASH,no_eligible_candidates,0.0,1333.2507234647892,False
2022-07-08 00:00:00+00:00,2048.604567685669,0.0,True,72.5,BEAR,1,1000.0,0.0,False,0.0,CASH,leveraged_contract,,,,False,False,0.0,1354.765150259631,1000.0,BTC,best_route_score,0.0,1331.9174727413244,True
2022-07-11 00:00:00+00:00,2189.2248824207486,0.0,False,0.0,,0,1000.0,0.0,False,0.0,CASH,leveraged_contract,,,,False,False,0.0,1354.765150259631,1000.0,CASH,no_eligible_candidates,0.0,1330.5855552685832,True
2022-07-12 00:00:00+00:00,2189.2248824207486,0.0,False,0.0,,0,1000.0,0.0,False,0.0,CASH,leveraged_contract,,,,False,False,0.0,1354.765150259631,1000.0,CASH,no_eligible_candidates,0.0,1330.5855552685832,False
2022-07-13 00:00:00+00:00,2189.2248824207486,0.0,False,0.0,,0,1000.0,0.0,False,0.0,CASH,leveraged_contract,,,,False,False,0.0,1354.765150259631,1000.0,CASH,no_eligible_candidates,0.0,1330.5855552685832,False
2022-07-14 00:00:00+00:00,2189.2248824207486,0.0,False,0.0,,0,1000.0,0.0,False,0.0,CASH,leveraged_contract,,,,False,False,0.0,1354.765150259631,1000.0,CASH,no_eligible_candidates,0.0,1330.5855552685832,False
2022-07-15 00:00:00+00:00,2189.2248824207486,0.0,False,0.0,,0,1000.0,0.0,False,0.0,CASH,leveraged_contract,,,,False,False,0.0,1354.765150259631,1000.0,CASH,no_eligible_candidates,0.0,1330.5855552685832,False
2022-07-18 00:00:00+00:00,2129.4568539057796,-0.02730100000000013,True,106.7,BULL,1,1000.0,0.0,False,0.0,CASH,leveraged_contract,,,,False,False,0.0,1317.7787068923926,1000.0,BTC,best_route_score,-0.02730100000000013,1292.9649797851714,True
2022-07-19 00:00:00+00:00,2129.4568539057796,0.0,False,0.0,,0,1000.0,0.0,False,0.0,CASH,leveraged_contract,,,,False,False,0.0,1317.7787068923926,1000.0,CASH,no_eligible_candidates,0.0,1291.6720148053862,True
2022-07-20 00:00:00+00:00,2129.4568539057796,0.0,False,0.0,,0,1000.0,0.0,False,0.0,CASH,leveraged_contract,,,,False,False,0.0,1317.7787068923926,1000.0,CASH,no_eligible_candidates,0.0,1291.6720148053862,False
2022-07-21 00:00:00+00:00,2129.4568539057796,0.0,False,0.0,,0,1000.0,0.0,False,0.0,CASH,leveraged_contract,,,,False,False,0.0,1317.7787068923926,1000.0,CASH,no_eligible_candidates,0.0,1291.6720148053862,False
2022-07-22 00:00:00+00:00,2042.8518436574316,-0.040669999999999984,True,94.6,BULL,1,1000.0,0.0,False,0.0,CASH,leveraged_contract,,,,False,False,0.0,1264.1846468830788,1000.0,BTC,best_route_score,-0.040669999999999984,1237.9005742492877,True
2022-07-25 00:00:00+00:00,2042.8518436574316,0.0,False,0.0,,0,1000.0,0.0,False,0.0,CASH,leveraged_contract,,,,False,False,0.0,1264.1846468830788,1000.0,CASH,no_eligible_candidates,0.0,1236.6626736750384,True
2022-07-26 00:00:00+00:00,2042.8518436574316,0.0,False,0.0,,0,1000.0,0.0,False,0.0,CASH,leveraged_contract,,,,False,False,0.0,1264.1846468830788,1000.0,CASH,no_eligible_candidates,0.0,1236.6626736750384,False
2022-07-27 00:00:00+00:00,2042.8518436574316,0.0,True,110.4,BULL,1,1000.0,0.0,False,0.0,CASH,leveraged_contract,,,,False,False,0.0,1264.1846468830788,1000.0,BTC,best_route_score,0.0,1235.4260110013633,True
2022-07-28 00:00:00+00:00,2051.149907846368,0.00406200000000001,True,110.4,BULL,1,1000.0,0.0,False,0.0,CASH,leveraged_contract,,,,False,False,0.0,1269.319764918718,1000.0,BTC,hold_current_no_challenger,0.00406200000000001,1240.4443114580508,False
2022-07-29 00:00:00+00:00,1988.185759125208,-0.030696999999999974,True,118.1,BULL,1,1000.0,0.0,False,0.0,CASH,leveraged_contract,,,,False,False,0.0,1230.355456095008,1000.0,BTC,hold_current_no_challenger,-0.030696999999999974,1202.366392429223,False
2022-08-01 00:00:00+00:00,2026.811653773759,0.0,False,0.0,,0,1000.0,0.0,False,0.0,CASH,leveraged_contract,,,,False,False,0.0,1230.355456095008,1000.0,CASH,no_eligible_candidates,0.0,1201.1640260367938,True
2022-08-02 00:00:00+00:00,2026.811653773759,0.0,False,0.0,,0,1000.0,0.0,False,0.0,CASH,leveraged_contract,,,,False,False,0.0,1230.355456095008,1000.0,CASH,no_eligible_candidates,0.0,1201.1640260367938,False
2022-08-03 00:00:00+00:00,2026.811653773759,0.0,False,0.0,,0,1000.0,0.0,False,0.0,CASH,leveraged_contract,,,,False,False,0.0,1230.355456095008,1000.0,CASH,no_eligible_candidates,0.0,1201.1640260367938,False
2022-08-04 00:00:00+00:00,2026.811653773759,0.0,False,0.0,,0,1000.0,0.0,False,0.0,CASH,leveraged_contract,,,,False,False,0.0,1230.355456095008,1000.0,CASH,no_eligible_candidates,0.0,1201.1640260367938,False
2022-08-05 00:00:00+00:00,1967.3308121704604,-0.029347000000000012,True,97.3,BULL,1,1000.0,0.0,False,0.0,CASH,leveraged_contract,,,,False,False,0.0,1194.2482145249878,1000.0,BTC,best_route_score,-0.029347000000000012,1164.7475518993272,True
2022-08-08 00:00:00+00:00,1893.881618827848,0.011319111556999939,True,122.4,BULL,1,1000.0,0.0,False,0.0,CASH,leveraged_contract,,,,False,False,0.0,1207.7660432919442,1000.0,BTC,hold_current_no_challenger,0.011319111556999939,1177.9314593750182,False
2022-08-09 00:00:00+00:00,1893.881618827848,0.0,False,0.0,,0,1000.0,0.0,False,0.0,CASH,leveraged_contract,,,,False,False,0.0,1207.7660432919442,1000.0,CASH,no_eligible_candidates,0.0,1176.7535279156432,True
2022-08-10 00:00:00+00:00,1893.881618827848,0.0,False,0.0,,0,1000.0,0.0,False,0.0,CASH,leveraged_contract,,,,False,False,0.0,1207.7660432919442,1000.0,CASH,no_eligible_candidates,0.0,1176.7535279156432,False
2022-08-11 00:00:00+00:00,1805.397575714592,-0.04672100000000001,True,111.5,BULL,1,1000.0,0.0,False,0.0,CASH,leveraged_contract,,,,False,False,0.0,1151.3380059833012,1000.0,BTC,best_route_score,-0.04672100000000001,1120.6526519115585,True
2022-08-12 00:00:00+00:00,1805.397575714592,0.0,False,0.0,,0,1000.0,0.0,False,0.0,CASH,leveraged_contract,,,,False,False,0.0,1151.3380059833012,1000.0,CASH,no_eligible_candidates,0.0,1119.531999259647,True
2022-08-15 00:00:00+00:00,1761.7322299483587,0.0,False,0.0,,0,1000.0,0.0,False,0.0,CASH,leveraged_contract,,,,False,False,0.0,1151.3380059833012,1000.0,CASH,no_eligible_candidates,0.0,1119.531999259647,False
2022-08-16 00:00:00+00:00,1761.7322299483587,0.0,False,0.0,,0,1000.0,0.0,False,0.0,CASH,leveraged_contract,,,,False,False,0.0,1151.3380059833012,1000.0,CASH,no_eligible_candidates,0.0,1119.531999259647,False
2022-08-17 00:00:00+00:00,1761.7322299483587,0.0,False,0.0,,0,1000.0,0.0,False,0.0,CASH,leveraged_contract,,,,False,False,0.0,1151.3380059833012,1000.0,CASH,no_eligible_candidates,0.0,1119.531999259647,False
2022-08-18 00:00:00+00:00,1916.8967961010603,0.0880749999999999,True,60.0,BEAR,1,1000.0,0.0,False,0.0,CASH,leveraged_contract,,,,False,False,0.0,1252.7421008602803,1000.0,BTC,best_route_score,0.0880749999999999,1216.9166453143457,True
2022-08-19 00:00:00+00:00,1916.8967961010603,0.0,False,0.0,,0,1000.0,0.0,False,0.0,CASH,leveraged_contract,,,,False,False,0.0,1252.7421008602803,1000.0,CASH,no_eligible_candidates,0.0,1215.6997286690314,True
2022-08-22 00:00:00+00:00,1916.8967961010603,0.0,False,0.0,,0,1000.0,0.0,False,0.0,CASH,leveraged_contract,,,,False,False,0.0,1252.7421008602803,1000.0,CASH,no_eligible_candidates,0.0,1215.6997286690314,False
2022-08-23 00:00:00+00:00,1916.8967961010603,0.0,False,0.0,,0,1000.0,0.0,False,0.0,CASH,leveraged_contract,,,,False,False,0.0,1252.7421008602803,1000.0,CASH,no_eligible_candidates,0.0,1215.6997286690314,False
2022-08-24 00:00:00+00:00,1916.8967961010603,0.0,False,0.0,,0,1000.0,0.0,False,0.0,CASH,leveraged_contract,,,,False,False,0.0,1252.7421008602803,1000.0,CASH,no_eligible_candidates,0.0,1215.6997286690314,False
2022-08-25 00:00:00+00:00,1916.8967961010603,0.0,False,0.0,,0,1000.0,0.0,False,0.0,CASH,leveraged_contract,,,,False,False,0.0,1252.7421008602803,1000.0,CASH,no_eligible_candidates,0.0,1215.6997286690314,False
2022-08-26 00:00:00+00:00,1916.8967961010603,0.0,False,0.0,,0,1000.0,0.0,False,0.0,CASH,leveraged_contract,,,,False,False,0.0,1252.7421008602803,1000.0,CASH,no_eligible_candidates,0.0,1215.6997286690314,False
2022-08-29 00:00:00+00:00,1916.8967961010603,0.0,False,0.0,,0,1000.0,0.0,False,0.0,CASH,leveraged_contract,,,,False,False,0.0,1252.7421008602803,1000.0,CASH,no_eligible_candidates,0.0,1215.6997286690314,False
2022-08-30 00:00:00+00:00,1916.8967961010603,0.0,False,0.0,,0,1000.0,0.0,False,0.0,CASH,leveraged_contract,,,,False,False,0.0,1252.7421008602803,1000.0,CASH,no_eligible_candidates,0.0,1215.6997286690314,False
2022-08-31 00:00:00+00:00,1916.8967961010603,0.0,False,0.0,,0,1000.0,0.0,False,0.0,CASH,leveraged_contract,,,,False,False,0.0,1252.7421008602803,1000.0,CASH,no_eligible_candidates,0.0,1215.6997286690314,False
2022-09-01 00:00:00+00:00,1916.8967961010603,0.0,False,0.0,,0,1000.0,0.0,False,0.0,CASH,leveraged_contract,,,,False,False,0.0,1252.7421008602803,1000.0,CASH,no_eligible_candidates,0.0,1215.6997286690314,False
2022-09-02 00:00:00+00:00,1916.8967961010603,0.0,False,0.0,,0,1000.0,0.0,False,0.0,CASH,leveraged_contract,,,,False,False,0.0,1252.7421008602803,1000.0,CASH,no_eligible_candidates,0.0,1215.6997286690314,False
2022-09-06 00:00:00+00:00,1916.8967961010603,0.0,False,0.0,,0,1000.0,0.0,False,0.0,CASH,leveraged_contract,,,,False,False,0.0,1252.7421008602803,1000.0,CASH,no_eligible_candidates,0.0,1215.6997286690314,False
2022-09-07 00:00:00+00:00,1916.8967961010603,0.0,False,0.0,,0,1000.0,0.0,False,0.0,CASH,leveraged_contract,,,,False,False,0.0,1252.7421008602803,1000.0,CASH,no_eligible_candidates,0.0,1215.6997286690314,False
2022-09-08 00:00:00+00:00,1916.8967961010603,0.0,False,0.0,,0,1000.0,0.0,False,0.0,CASH,leveraged_contract,,,,False,False,0.0,1252.7421008602803,1000.0,CASH,no_eligible_candidates,0.0,1215.6997286690314,False
2022-09-09 00:00:00+00:00,1916.8967961010603,0.0,True,118.1,BULL,1,1000.0,0.0,False,0.0,CASH,leveraged_contract,,,,False,False,0.0,1252.7421008602803,1000.0,BTC,best_route_score,0.0,1214.4840289403624,True
2022-09-12 00:00:00+00:00,2764.8595972771227,0.4467023682869997,True,106.8,BULL,1,1000.0,0.0,False,0.0,CASH,leveraged_contract,,,,False,False,0.0,1812.344964167399,1000.0,BTC,hold_current_no_challenger,0.4467023682869997,1756.9969209147594,False
2022-09-13 00:00:00+00:00,2756.565018485291,-0.0030000000000001137,True,103.4,BULL,1,1000.0,0.0,False,0.0,CASH,leveraged_contract,,,,False,False,0.0,1806.9079292748966,1000.0,BTC,hold_current_no_challenger,-0.0030000000000001137,1751.7259301520148,False
2022-09-14 00:00:00+00:00,2756.565018485291,0.0,False,0.0,,0,1000.0,0.0,False,0.0,CASH,leveraged_contract,,,,False,False,0.0,1806.9079292748966,1000.0,CASH,no_eligible_candidates,0.0,1749.974204221863,True
2022-09-15 00:00:00+00:00,2756.565018485291,0.0,False,0.0,,0,1000.0,0.0,False,0.0,CASH,leveraged_contract,,,,False,False,0.0,1806.9079292748966,1000.0,CASH,no_eligible_candidates,0.0,1749.974204221863,False
2022-09-16 00:00:00+00:00,2756.565018485291,0.0,False,0.0,,0,1000.0,0.0,False,0.0,CASH,leveraged_contract,,,,False,False,0.0,1806.9079292748966,1000.0,CASH,no_eligible_candidates,0.0,1749.974204221863,False
2022-09-19 00:00:00+00:00,2756.565018485291,0.0,False,0.0,,0,1000.0,0.0,False,0.0,CASH,leveraged_contract,,,,False,False,0.0,1806.9079292748966,1000.0,CASH,no_eligible_candidates,0.0,1749.974204221863,False
2022-09-20 00:00:00+00:00,2756.565018485291,0.0,False,0.0,,0,1000.0,0.0,False,0.0,CASH,leveraged_contract,,,,False,False,0.0,1806.9079292748966,1000.0,CASH,no_eligible_candidates,0.0,1749.974204221863,False
2022-09-21 00:00:00+00:00,2756.565018485291,0.0,False,0.0,,0,1000.0,0.0,False,0.0,CASH,leveraged_contract,,,,False,False,0.0,1806.9079292748966,1000.0,CASH,no_eligible_candidates,0.0,1749.974204221863,False
2022-09-22 00:00:00+00:00,2756.565018485291,0.0,False,0.0,,0,1000.0,0.0,False,0.0,CASH,leveraged_contract,,,,False,False,0.0,1806.9079292748966,1000.0,CASH,no_eligible_candidates,0.0,1749.974204221863,False
2022-09-23 00:00:00+00:00,2756.565018485291,0.0,False,0.0,,0,1000.0,0.0,False,0.0,CASH,leveraged_contract,,,,False,False,0.0,1806.9079292748966,1000.0,CASH,no_eligible_candidates,0.0,1749.974204221863,False
2022-09-26 00:00:00+00:00,2756.565018485291,0.0,False,0.0,,0,1000.0,0.0,False,0.0,CASH,leveraged_contract,,,,False,False,0.0,1806.9079292748966,1000.0,CASH,no_eligible_candidates,0.0,1749.974204221863,False
2022-09-27 00:00:00+00:00,2674.2098819930247,-0.029875999999999903,True,112.1,BULL,1,1000.0,0.0,False,0.0,CASH,leveraged_contract,,,,False,False,0.0,1752.92474797988,1000.0,BTC,best_route_score,-0.029875999999999903,1695.994282921634,True
2022-09-28 00:00:00+00:00,2674.2098819930247,0.0,False,0.0,,0,1000.0,0.0,False,0.0,CASH,leveraged_contract,,,,False,False,0.0,1752.92474797988,1000.0,CASH,no_eligible_candidates,0.0,1694.2982886387124,True
2022-09-29 00:00:00+00:00,2674.2098819930247,0.0,False,0.0,,0,1000.0,0.0,False,0.0,CASH,leveraged_contract,,,,False,False,0.0,1752.92474797988,1000.0,CASH,no_eligible_candidates,0.0,1694.2982886387124,False
2022-09-30 00:00:00+00:00,2674.2098819930247,0.0,False,0.0,,0,1000.0,0.0,False,0.0,CASH,leveraged_contract,,,,False,False,0.0,1752.92474797988,1000.0,CASH,no_eligible_candidates,0.0,1694.2982886387124,False
2022-10-03 00:00:00+00:00,2674.2098819930247,0.0,False,0.0,,0,1000.0,0.0,False,0.0,CASH,leveraged_contract,,,,False,False,0.0,1752.92474797988,1000.0,CASH,no_eligible_candidates,0.0,1694.2982886387124,False
2022-10-04 00:00:00+00:00,2674.2098819930247,0.0,False,0.0,,0,1000.0,0.0,False,0.0,CASH,leveraged_contract,,,,False,False,0.0,1752.92474797988,1000.0,CASH,no_eligible_candidates,0.0,1694.2982886387124,False
2022-10-05 00:00:00+00:00,2674.2098819930247,0.0,False,0.0,,0,1000.0,0.0,False,0.0,CASH,leveraged_contract,,,,False,False,0.0,1752.92474797988,1000.0,CASH,no_eligible_candidates,0.0,1694.2982886387124,False
2022-10-06 00:00:00+00:00,2674.2098819930247,0.0,False,0.0,,0,1000.0,0.0,False,0.0,CASH,leveraged_contract,,,,False,False,0.0,1752.92474797988,1000.0,CASH,no_eligible_candidates,0.0,1694.2982886387124,False
2022-10-07 00:00:00+00:00,2674.2098819930247,0.0,False,0.0,,0,1000.0,0.0,False,0.0,CASH,leveraged_contract,,,,False,False,0.0,1752.92474797988,1000.0,CASH,no_eligible_candidates,0.0,1694.2982886387124,False
2022-10-10 00:00:00+00:00,2674.2098819930247,0.0,False,0.0,,0,1000.0,0.0,False,0.0,CASH,leveraged_contract,,,,False,False,0.0,1752.92474797988,1000.0,CASH,no_eligible_candidates,0.0,1694.2982886387124,False
2022-10-11 00:00:00+00:00,2674.2098819930247,0.0,False,0.0,,0,1000.0,0.0,False,0.0,CASH,leveraged_contract,,,,False,False,0.0,1752.92474797988,1000.0,CASH,no_eligible_candidates,0.0,1694.2982886387124,False
2022-10-12 00:00:00+00:00,2487.2719144021844,-0.06990399999999997,True,60.0,BEAR,1,1000.0,0.0,False,0.0,CASH,leveraged_contract,,,,False,False,0.0,1630.3882963970946,1000.0,BTC,best_route_score,-0.06990399999999997,1574.2842010086422,True
2022-10-13 00:00:00+00:00,2487.2719144021844,0.0,False,0.0,,0,1000.0,0.0,False,0.0,CASH,leveraged_contract,,,,False,False,0.0,1630.3882963970946,1000.0,CASH,no_eligible_candidates,0.0,1572.7099168076336,True
2022-10-14 00:00:00+00:00,2487.2719144021844,0.0,False,0.0,,0,1000.0,0.0,False,0.0,CASH,leveraged_contract,,,,False,False,0.0,1630.3882963970946,1000.0,CASH,no_eligible_candidates,0.0,1572.7099168076336,False
2022-10-17 00:00:00+00:00,2487.2719144021844,0.0,False,0.0,,0,1000.0,0.0,False,0.0,CASH,leveraged_contract,,,,False,False,0.0,1630.3882963970946,1000.0,CASH,no_eligible_candidates,0.0,1572.7099168076336,False
2022-10-18 00:00:00+00:00,2487.2719144021844,0.0,False,0.0,,0,1000.0,0.0,False,0.0,CASH,leveraged_contract,,,,False,False,0.0,1630.3882963970946,1000.0,CASH,no_eligible_candidates,0.0,1572.7099168076336,False
2022-10-19 00:00:00+00:00,2487.2719144021844,0.0,False,0.0,,0,1000.0,0.0,False,0.0,CASH,leveraged_contract,,,,False,False,0.0,1630.3882963970946,1000.0,CASH,no_eligible_candidates,0.0,1572.7099168076336,False
2022-10-20 00:00:00+00:00,2487.2719144021844,0.0,False,0.0,,0,1000.0,0.0,False,0.0,CASH,leveraged_contract,,,,False,False,0.0,1630.3882963970946,1000.0,CASH,no_eligible_candidates,0.0,1572.7099168076336,False
2022-10-21 00:00:00+00:00,2487.2719144021844,0.0,False,0.0,,0,1000.0,0.0,False,0.0,CASH,leveraged_contract,,,,False,False,0.0,1630.3882963970946,1000.0,CASH,no_eligible_candidates,0.0,1572.7099168076336,False
2022-10-24 00:00:00+00:00,2487.2719144021844,0.0,False,0.0,,0,1000.0,0.0,False,0.0,CASH,leveraged_contract,,,,False,False,0.0,1630.3882963970946,1000.0,CASH,no_eligible_candidates,0.0,1572.7099168076336,False
2022-10-25 00:00:00+00:00,2487.2719144021844,0.0,True,109.9,BULL,1,1000.0,0.0,False,0.0,CASH,leveraged_contract,,,,False,False,0.0,1630.3882963970946,1000.0,BTC,best_route_score,0.0,1571.137206890826,True
2022-10-26 00:00:00+00:00,2660.532788687526,0.06965899999999992,True,109.9,BULL,1,1000.0,0.0,False,0.0,CASH,leveraged_contract,,,,False,False,0.0,1743.9595147358195,1000.0,BTC,hold_current_no_challenger,0.06965899999999992,1680.581053585634,False
2022-10-27 00:00:00+00:00,2580.3097435102313,-0.030152999999999985,True,117.5,BULL,1,1000.0,0.0,False,0.0,CASH,leveraged_contract,,,,False,False,0.0,1691.3739034879904,1000.0,BTC,hold_current_no_challenger,-0.030152999999999985,1629.9064930768664,False
2022-10-28 00:00:00+00:00,2580.3097435102313,0.0,True,121.4,BULL,1,1000.0,0.0,False,0.0,CASH,leveraged_contract,,,,False,False,0.0,1691.3739034879904,1000.0,BTC,hold_current_no_challenger,0.0,1629.9064930768664,False
2022-10-31 00:00:00+00:00,2496.6277182184513,-0.03243099999999988,True,121.4,BULL,1,1000.0,0.0,False,0.0,CASH,leveraged_contract,,,,False,False,0.0,1636.5209564239715,1000.0,BTC,hold_current_no_challenger,-0.03243099999999988,1577.0469955998908,False
2022-11-01 00:00:00+00:00,2496.6277182184513,0.0,False,0.0,,0,1000.0,0.0,False,0.0,CASH,leveraged_contract,,,,False,False,0.0,1636.5209564239715,1000.0,CASH,no_eligible_candidates,0.0,1575.469948604291,True
2022-11-02 00:00:00+00:00,2496.6277182184513,0.0,False,0.0,,0,1000.0,0.0,False,0.0,CASH,leveraged_contract,,,,False,False,0.0,1636.5209564239715,1000.0,CASH,no_eligible_candidates,0.0,1575.469948604291,False
2022-11-03 00:00:00+00:00,2496.6277182184513,0.0,False,0.0,,0,1000.0,0.0,False,0.0,CASH,leveraged_contract,,,,False,False,0.0,1636.5209564239715,1000.0,CASH,no_eligible_candidates,0.0,1575.469948604291,False
2022-11-04 00:00:00+00:00,2496.6277182184513,0.0,False,0.0,,0,1000.0,0.0,False,0.0,CASH,leveraged_contract,,,,False,False,0.0,1636.5209564239715,1000.0,CASH,no_eligible_candidates,0.0,1575.469948604291,False
2022-11-07 00:00:00+00:00,2496.6277182184513,0.0,False,0.0,,0,1000.0,0.0,False,0.0,CASH,leveraged_contract,,,,False,False,0.0,1636.5209564239715,1000.0,CASH,no_eligible_candidates,0.0,1575.469948604291,False
2022-11-08 00:00:00+00:00,2496.6277182184513,0.0,False,0.0,,0,1000.0,0.0,False,0.0,CASH,leveraged_contract,,,,False,False,0.0,1636.5209564239715,1000.0,CASH,no_eligible_candidates,0.0,1575.469948604291,False
2022-11-09 00:00:00+00:00,2496.6277182184513,0.0,False,0.0,,0,1000.0,0.0,False,0.0,CASH,leveraged_contract,,,,False,False,0.0,1636.5209564239715,1000.0,CASH,no_eligible_candidates,0.0,1575.469948604291,False
2022-11-10 00:00:00+00:00,2496.6277182184513,0.0,False,0.0,,0,1000.0,0.0,False,0.0,CASH,leveraged_contract,,,,False,False,0.0,1636.5209564239715,1000.0,CASH,no_eligible_candidates,0.0,1575.469948604291,False
2022-11-11 00:00:00+00:00,2496.6277182184513,0.0,False,0.0,,0,1000.0,0.0,False,0.0,CASH,leveraged_contract,,,,False,False,0.0,1636.5209564239715,1000.0,CASH,no_eligible_candidates,0.0,1575.469948604291,False
2022-11-14 00:00:00+00:00,2496.6277182184513,0.0,False,0.0,,0,1000.0,0.0,False,0.0,CASH,leveraged_contract,,,,False,False,0.0,1636.5209564239715,1000.0,CASH,no_eligible_candidates,0.0,1575.469948604291,False
2022-11-15 00:00:00+00:00,2496.6277182184513,0.0,False,0.0,,0,1000.0,0.0,False,0.0,CASH,leveraged_contract,,,,False,False,0.0,1636.5209564239715,1000.0,CASH,no_eligible_candidates,0.0,1575.469948604291,False
2022-11-16 00:00:00+00:00,2496.6277182184513,0.0,False,0.0,,0,1000.0,0.0,False,0.0,CASH,leveraged_contract,,,,False,False,0.0,1636.5209564239715,1000.0,CASH,no_eligible_candidates,0.0,1575.469948604291,False
2022-11-17 00:00:00+00:00,2496.6277182184513,0.0,False,0.0,,0,1000.0,0.0,False,0.0,CASH,leveraged_contract,,,,False,False,0.0,1636.5209564239715,1000.0,CASH,no_eligible_candidates,0.0,1575.469948604291,False
2022-11-18 00:00:00+00:00,2496.6277182184513,0.0,False,0.0,,0,1000.0,0.0,False,0.0,CASH,leveraged_contract,,,,False,False,0.0,1636.5209564239715,1000.0,CASH,no_eligible_candidates,0.0,1575.469948604291,False
2022-11-21 00:00:00+00:00,2496.6277182184513,0.0,False,0.0,,0,1000.0,0.0,False,0.0,CASH,leveraged_contract,,,,False,False,0.0,1636.5209564239715,1000.0,CASH,no_eligible_candidates,0.0,1575.469948604291,False
2022-11-22 00:00:00+00:00,2496.6277182184513,0.0,False,0.0,,0,1000.0,0.0,False,0.0,CASH,leveraged_contract,,,,False,False,0.0,1636.5209564239715,1000.0,CASH,no_eligible_candidates,0.0,1575.469948604291,False
2022-11-23 00:00:00+00:00,2496.6277182184513,0.0,False,0.0,,0,1000.0,0.0,False,0.0,CASH,leveraged_contract,,,,False,False,0.0,1636.5209564239715,1000.0,CASH,no_eligible_candidates,0.0,1575.469948604291,False
2022-11-25 00:00:00+00:00,2496.6277182184513,0.0,False,0.0,,0,1000.0,0.0,False,0.0,CASH,leveraged_contract,,,,False,False,0.0,1636.5209564239715,1000.0,CASH,no_eligible_candidates,0.0,1575.469948604291,False
2022-11-28 00:00:00+00:00,2501.556061334214,0.0,False,0.0,,0,1000.0,0.0,False,0.0,CASH,leveraged_contract,,,,False,False,0.0,1636.5209564239715,1000.0,CASH,no_eligible_candidates,0.0,1575.469948604291,False
2022-11-29 00:00:00+00:00,2501.556061334214,0.0,False,0.0,,0,1000.0,0.0,False,0.0,CASH,leveraged_contract,,,,False,False,0.0,1636.5209564239715,1000.0,CASH,no_eligible_candidates,0.0,1575.469948604291,False
2022-11-30 00:00:00+00:00,2501.556061334214,0.0,False,0.0,,0,1000.0,0.0,False,0.0,CASH,leveraged_contract,,,,False,False,0.0,1636.5209564239715,1000.0,CASH,no_eligible_candidates,0.0,1575.469948604291,False
2022-12-01 00:00:00+00:00,2501.556061334214,0.0,False,0.0,,0,1000.0,0.0,False,0.0,CASH,leveraged_contract,,,,False,False,0.0,1636.5209564239715,1000.0,CASH,no_eligible_candidates,0.0,1575.469948604291,False
2022-12-02 00:00:00+00:00,2501.556061334214,0.0,False,0.0,,0,1000.0,0.0,False,0.0,CASH,leveraged_contract,,,,False,False,0.0,1636.5209564239715,1000.0,CASH,no_eligible_candidates,0.0,1575.469948604291,False
2022-12-05 00:00:00+00:00,2501.556061334214,0.0,False,0.0,,0,1000.0,0.0,False,0.0,CASH,leveraged_contract,,,,False,False,0.0,1636.5209564239715,1000.0,CASH,no_eligible_candidates,0.0,1575.469948604291,False
2022-12-06 00:00:00+00:00,2501.556061334214,0.0,False,0.0,,0,1000.0,0.0,False,0.0,CASH,leveraged_contract,,,,False,False,0.0,1636.5209564239715,1000.0,CASH,no_eligible_candidates,0.0,1575.469948604291,False
2022-12-07 00:00:00+00:00,2501.556061334214,0.0,False,0.0,,0,1000.0,0.0,False,0.0,CASH,leveraged_contract,,,,False,False,0.0,1636.5209564239715,1000.0,CASH,no_eligible_candidates,0.0,1575.469948604291,False
2022-12-08 00:00:00+00:00,2501.556061334214,0.0,False,0.0,,0,1000.0,0.0,False,0.0,CASH,leveraged_contract,,,,False,False,0.0,1636.5209564239715,1000.0,CASH,no_eligible_candidates,0.0,1575.469948604291,False
2022-12-09 00:00:00+00:00,2501.556061334214,0.0,False,0.0,,0,1000.0,0.0,False,0.0,CASH,leveraged_contract,,,,False,False,0.0,1636.5209564239715,1000.0,CASH,no_eligible_candidates,0.0,1575.469948604291,False
2022-12-12 00:00:00+00:00,2501.556061334214,0.0,False,0.0,,0,1000.0,0.0,False,0.0,CASH,leveraged_contract,,,,False,False,0.0,1636.5209564239715,1000.0,CASH,no_eligible_candidates,0.0,1575.469948604291,False
2022-12-13 00:00:00+00:00,2501.556061334214,0.0,True,102.1,BULL,1,1000.0,0.0,False,0.0,CASH,leveraged_contract,,,,False,False,0.0,1636.5209564239715,1000.0,BTC,best_route_score,0.0,1573.8944786556867,True
2022-12-14 00:00:00+00:00,2628.980323986456,0.05093799999999993,True,102.1,BULL,1,1000.0,0.0,False,0.0,CASH,leveraged_contract,,,,False,False,0.0,1719.8820609022957,1000.0,BTC,hold_current_no_challenger,0.05093799999999993,1654.06551560945,False
2022-12-15 00:00:00+00:00,2040.5934956356953,-0.223808,True,113.3,BULL,1,1000.0,0.0,False,0.0,CASH,leveraged_contract,,,,False,False,0.0,1334.958696615875,1000.0,BTC,hold_current_no_challenger,-0.223808,1283.87242069193,False
2022-12-16 00:00:00+00:00,2040.5934956356953,0.0,False,0.0,,0,1000.0,0.0,False,0.0,CASH,leveraged_contract,,,,False,False,0.0,1334.958696615875,1000.0,CASH,no_eligible_candidates,0.0,1282.588548271238,True
2022-12-19 00:00:00+00:00,2040.5934956356953,0.0,False,0.0,,0,1000.0,0.0,False,0.0,CASH,leveraged_contract,,,,False,False,0.0,1334.958696615875,1000.0,CASH,no_eligible_candidates,0.0,1282.588548271238,False
2022-12-20 00:00:00+00:00,2040.5934956356953,0.0,False,0.0,,0,1000.0,0.0,False,0.0,CASH,leveraged_contract,,,,False,False,0.0,1334.958696615875,1000.0,CASH,no_eligible_candidates,0.0,1282.588548271238,False
2022-12-21 00:00:00+00:00,2040.5934956356953,0.0,False,0.0,,0,1000.0,0.0,False,0.0,CASH,leveraged_contract,,,,False,False,0.0,1334.958696615875,1000.0,CASH,no_eligible_candidates,0.0,1282.588548271238,False
2022-12-22 00:00:00+00:00,2040.5934956356953,0.0,False,0.0,,0,1000.0,0.0,False,0.0,CASH,leveraged_contract,,,,False,False,0.0,1334.958696615875,1000.0,CASH,no_eligible_candidates,0.0,1282.588548271238,False
2022-12-23 00:00:00+00:00,2040.5934956356953,0.0,False,0.0,,0,1000.0,0.0,False,0.0,CASH,leveraged_contract,,,,False,False,0.0,1334.958696615875,1000.0,CASH,no_eligible_candidates,0.0,1282.588548271238,False
2022-12-27 00:00:00+00:00,2040.5934956356953,0.0,False,0.0,,0,1000.0,0.0,False,0.0,CASH,leveraged_contract,,,,False,False,0.0,1334.958696615875,1000.0,CASH,no_eligible_candidates,0.0,1282.588548271238,False
2022-12-28 00:00:00+00:00,2040.5934956356953,0.0,False,0.0,,0,1000.0,0.0,False,0.0,CASH,leveraged_contract,,,,False,False,0.0,1334.958696615875,1000.0,CASH,no_eligible_candidates,0.0,1282.588548271238,False
2022-12-29 00:00:00+00:00,2040.5934956356953,0.0,False,0.0,,0,1000.0,0.0,False,0.0,CASH,leveraged_contract,,,,False,False,0.0,1334.958696615875,1000.0,CASH,no_eligible_candidates,0.0,1282.588548271238,False
2022-12-30 00:00:00+00:00,2040.5934956356953,0.0,False,0.0,,0,1000.0,0.0,False,0.0,CASH,leveraged_contract,,,,False,False,0.0,1334.958696615875,1000.0,CASH,no_eligible_candidates,0.0,1282.588548271238,False
2023-01-03 00:00:00+00:00,2040.5934956356953,0.0,False,0.0,,0,1000.0,0.0,False,0.0,CASH,leveraged_contract,,,,False,False,0.0,1334.958696615875,1000.0,CASH,no_eligible_candidates,0.0,1282.588548271238,False
2023-01-04 00:00:00+00:00,2040.5934956356953,0.0,False,0.0,,0,1000.0,0.0,False,0.0,CASH,leveraged_contract,,,,False,False,0.0,1334.958696615875,1000.0,CASH,no_eligible_candidates,0.0,1282.588548271238,False
2023-01-05 00:00:00+00:00,2040.5934956356953,0.0,False,0.0,,0,1000.0,0.0,False,0.0,CASH,leveraged_contract,,,,False,False,0.0,1334.958696615875,1000.0,CASH,no_eligible_candidates,0.0,1282.588548271238,False
2023-01-06 00:00:00+00:00,2024.8482762233702,-0.007715999999999945,True,72.5,BEAR,1,1000.0,0.0,False,0.0,CASH,leveraged_contract,,,,False,False,0.0,1324.6581553127867,1000.0,BTC,best_route_score,-0.007715999999999945,1271.4194029377445,True
2023-01-09 00:00:00+00:00,2024.8482762233702,0.0,True,112.8,BULL,1,1000.0,0.0,False,0.0,CASH,leveraged_contract,,,,False,False,0.0,1324.6581553127867,1000.0,BTC,hold_current_no_challenger,0.0,1271.4194029377445,False
2023-01-10 00:00:00+00:00,2136.2918756501517,0.05503799999999992,True,112.8,BULL,1,1000.0,0.0,False,0.0,CASH,leveraged_contract,,,,False,False,0.0,1397.5646908648919,1000.0,BTC,hold_current_no_challenger,0.05503799999999992,1341.395784036632,False
2023-01-11 00:00:00+00:00,2136.2918756501517,0.0,True,111.4,BULL,1,1000.0,0.0,False,0.0,CASH,leveraged_contract,,,,False,False,0.0,1397.5646908648919,1000.0,BTC,hold_current_no_challenger,0.0,1341.395784036632,False
2023-01-12 00:00:00+00:00,2399.0292186373413,0.12298756831026614,True,109.1,BULL,1,1000.0,0.0,False,0.0,CASH,leveraged_contract,,,,False,False,0.0,1569.4477737506536,1000.0,BTC,hold_current_no_challenger,0.12298756831026614,1506.3707896569404,False
2023-01-13 00:00:00+00:00,2399.0292186373413,0.0,False,0.0,,0,1000.0,0.0,False,0.0,CASH,leveraged_contract,,,,False,False,0.0,1569.4477737506536,1000.0,CASH,no_eligible_candidates,0.0,1504.8644188672833,True
2023-01-17 00:00:00+00:00,2501.4457609857254,0.0,True,108.4,BULL,1,1000.0,0.0,False,0.0,CASH,leveraged_contract,,,,False,False,0.0,1569.4477737506536,1000.0,BTC,best_route_score,0.0,1503.359554448416,True
2023-01-18 00:00:00+00:00,2435.307535065263,-0.026439999999999908,True,108.4,BULL,1,1000.0,0.0,False,0.0,CASH,leveraged_contract,,,,False,False,0.0,1527.9515746126863,1000.0,BTC,hold_current_no_challenger,-0.026439999999999908,1463.6107278288,False
2023-01-19 00:00:00+00:00,2435.307535065263,0.0,True,114.5,BULL,1,1000.0,0.0,False,0.0,CASH,leveraged_contract,,,,False,False,0.0,1527.9515746126863,1000.0,BTC,hold_current_no_challenger,0.0,1463.6107278288,False
2023-01-20 00:00:00+00:00,2691.4556169109624,0.10518099999999997,True,114.5,BULL,1,1000.0,0.0,False,0.0,CASH,leveraged_contract,,,,False,False,0.0,1688.6630491820233,1000.0,BTC,hold_current_no_challenger,0.10518099999999997,1617.554767792561,False
2023-01-23 00:00:00+00:00,2729.1090193302985,-0.02366999999999997,True,96.9,BULL,1,1000.0,0.0,False,0.0,CASH,leveraged_contract,,,,False,False,0.0,1648.692394807885,1000.0,BTC,hold_current_no_challenger,-0.02366999999999997,1579.2672464389111,False
2023-01-24 00:00:00+00:00,2729.1090193302985,0.0,False,0.0,,0,1000.0,0.0,False,0.0,CASH,leveraged_contract,,,,False,False,0.0,1648.692394807885,1000.0,CASH,no_eligible_candidates,0.0,1577.6879791924723,True
2023-01-25 00:00:00+00:00,2729.1090193302985,0.0,False,0.0,,0,1000.0,0.0,False,0.0,CASH,leveraged_contract,,,,False,False,0.0,1648.692394807885,1000.0,CASH,no_eligible_candidates,0.0,1577.6879791924723,False
2023-01-26 00:00:00+00:00,2729.1090193302985,0.0,False,0.0,,0,1000.0,0.0,False,0.0,CASH,leveraged_contract,,,,False,False,0.0,1648.692394807885,1000.0,CASH,no_eligible_candidates,0.0,1577.6879791924723,False
2023-01-27 00:00:00+00:00,2926.0797336914434,0.07217399999999996,True,115.1,BULL,1,1000.0,0.0,False,0.0,CASH,leveraged_contract,,,,False,False,0.0,1767.685119710749,1000.0,BTC,best_route_score,0.07217399999999996,1689.864475371307,True
2023-01-30 00:00:00+00:00,3000.139910520448,-0.02752700000000008,True,119.8,BULL,1,1000.0,0.0,False,0.0,CASH,leveraged_contract,,,,False,False,0.0,1719.026051420471,1000.0,BTC,hold_current_no_challenger,-0.02752700000000008,1643.347575957761,False
2023-01-31 00:00:00+00:00,3000.139910520448,0.0,False,0.0,,0,1000.0,0.0,False,0.0,CASH,leveraged_contract,,,,False,False,0.0,1719.026051420471,1000.0,CASH,no_eligible_candidates,0.0,1641.7042283818032,True
2023-02-01 00:00:00+00:00,3000.139910520448,0.0,False,0.0,,0,1000.0,0.0,False,0.0,CASH,leveraged_contract,,,,False,False,0.0,1719.026051420471,1000.0,CASH,no_eligible_candidates,0.0,1641.7042283818032,False
2023-02-02 00:00:00+00:00,3000.139910520448,0.0,False,0.0,,0,1000.0,0.0,False,0.0,CASH,leveraged_contract,,,,False,False,0.0,1719.026051420471,1000.0,CASH,no_eligible_candidates,0.0,1641.7042283818032,False
2023-02-03 00:00:00+00:00,3000.139910520448,0.0,False,0.0,,0,1000.0,0.0,False,0.0,CASH,leveraged_contract,,,,False,False,0.0,1719.026051420471,1000.0,CASH,no_eligible_candidates,0.0,1641.7042283818032,False
2023-02-06 00:00:00+00:00,3143.9396165716034,0.0,False,0.0,,0,1000.0,0.0,False,0.0,CASH,leveraged_contract,,,,False,False,0.0,1719.026051420471,1000.0,CASH,no_eligible_candidates,0.0,1641.7042283818032,False
2023-02-07 00:00:00+00:00,3143.9396165716034,0.0,False,0.0,,0,1000.0,0.0,False,0.0,CASH,leveraged_contract,,,,False,False,0.0,1719.026051420471,1000.0,CASH,no_eligible_candidates,0.0,1641.7042283818032,False
2023-02-08 00:00:00+00:00,3143.9396165716034,0.0,False,0.0,,0,1000.0,0.0,False,0.0,CASH,leveraged_contract,,,,False,False,0.0,1719.026051420471,1000.0,CASH,no_eligible_candidates,0.0,1641.7042283818032,False
2023-02-09 00:00:00+00:00,3143.9396165716034,0.0,False,0.0,,0,1000.0,0.0,False,0.0,CASH,leveraged_contract,,,,False,False,0.0,1719.026051420471,1000.0,CASH,no_eligible_candidates,0.0,1641.7042283818032,False
2023-02-10 00:00:00+00:00,3143.9396165716034,0.0,False,0.0,,0,1000.0,0.0,False,0.0,CASH,leveraged_contract,,,,False,False,0.0,1719.026051420471,1000.0,CASH,no_eligible_candidates,0.0,1641.7042283818032,False
2023-02-13 00:00:00+00:00,3143.9396165716034,0.0,False,0.0,,0,1000.0,0.0,False,0.0,CASH,leveraged_contract,,,,False,False,0.0,1719.026051420471,1000.0,CASH,no_eligible_candidates,0.0,1641.7042283818032,False
2023-02-14 00:00:00+00:00,3143.9396165716034,0.0,True,105.8,BULL,1,1042.1853145111488,0.04218531451114882,True,102.0,QQQ_USDT_LONG,leveraged_contract,,,,False,True,7.5,1719.026051420471,1042.1853145111488,BTC,best_route_score,0.0,1640.0625241534215,True
2023-02-15 00:00:00+00:00,3303.969286994715,0.050901000000000085,True,105.8,BULL,1,1087.2930718196856,0.04328189687617612,True,92.0,QQQ_USDT_LONG,leveraged_contract,,,,False,True,5.0,1806.5261964638246,1087.2930718196856,BTC,hold_current_no_challenger,0.050901000000000085,1723.543346695355,False
2023-02-16 00:00:00+00:00,2981.5084925226047,-0.09759799999999996,True,129.55,BULL,1,977.4116094988192,-0.10105965463108268,True,92.0,QQQ_USDT_LONG,leveraged_contract,,,,False,True,5.0,1630.2128527413483,977.4116094988192,BTC,hold_current_no_challenger,-0.09759799999999996,1555.3289631445818,False
2023-02-17 00:00:00+00:00,2981.5084925226047,0.0,False,0.0,,0,948.9813821412808,-0.029087261785356033,True,92.0,QQQ_USDT_LONG,leveraged_contract,,,,False,True,5.0,1630.2128527413483,948.981382141281,CASH,no_eligible_candidates,0.0,1553.7736341814373,True
2023-02-21 00:00:00+00:00,2725.472312233078,-0.03425400000000001,True,124.5,BULL,1,851.0251169287247,-0.10322253634895096,True,96.0,QQQ_USDT_LONG,leveraged_contract,,,,False,True,7.5,1574.3715416835462,851.0251169287249,BTC,best_route_score,-0.03425400000000001,1499.05012144407,True
2023-02-22 00:00:00+00:00,2725.472312233078,0.0,False,0.0,,0,851.0251169287247,0.0,True,66.0,QQQ_USDT_LONG,leveraged_contract,,,,False,False,0.0,1574.3715416835462,851.0251169287249,CASH,no_eligible_candidates,0.0,1497.551071322626,True
2023-02-23 00:00:00+00:00,2725.472312233078,0.0,False,0.0,,0,851.0251169287247,0.0,True,66.0,QQQ_USDT_LONG,leveraged_contract,,,,False,True,0.0,1574.3715416835462,851.0251169287249,CASH,no_eligible_candidates,0.0,1497.551071322626,False
2023-02-24 00:00:00+00:00,2725.472312233078,0.0,False,0.0,,0,851.0251169287247,0.0,True,66.0,QQQ_USDT_LONG,leveraged_contract,,,,False,True,0.0,1574.3715416835462,851.0251169287249,CASH,no_eligible_candidates,0.0,1497.551071322626,False
2023-02-27 00:00:00+00:00,2725.472312233078,0.0,False,0.0,,0,851.0251169287247,0.0,True,66.0,QQQ_USDT_LONG,leveraged_contract,,,,False,True,0.0,1574.3715416835462,851.0251169287249,CASH,no_eligible_candidates,0.0,1497.551071322626,False
2023-02-28 00:00:00+00:00,2725.472312233078,0.0,False,0.0,,0,851.0251169287247,0.0,True,66.0,QQQ_USDT_LONG,leveraged_contract,,,,False,True,0.0,1574.3715416835462,851.0251169287249,CASH,no_eligible_candidates,0.0,1497.551071322626,False
2023-03-01 00:00:00+00:00,2725.472312233078,0.0,False,0.0,,0,851.0251169287247,0.0,False,0.0,CASH,leveraged_contract,,,,False,False,0.0,1574.3715416835462,851.0251169287249,CASH,no_eligible_candidates,0.0,1497.551071322626,False
2023-03-02 00:00:00+00:00,2725.472312233078,0.0,False,0.0,,0,851.0251169287247,0.0,False,0.0,CASH,leveraged_contract,,,,False,False,0.0,1574.3715416835462,851.0251169287249,CASH,no_eligible_candidates,0.0,1497.551071322626,False
2023-03-03 00:00:00+00:00,2725.472312233078,0.0,False,0.0,,0,851.0251169287247,0.0,False,0.0,CASH,leveraged_contract,,,,False,False,0.0,1574.3715416835462,851.0251169287249,CASH,no_eligible_candidates,0.0,1497.551071322626,False
2023-03-06 00:00:00+00:00,2764.9207984803397,0.0,False,0.0,,0,851.0251169287247,0.0,False,0.0,CASH,leveraged_contract,,,,False,False,0.0,1574.3715416835462,851.0251169287249,CASH,no_eligible_candidates,0.0,1497.551071322626,False
2023-03-07 00:00:00+00:00,2764.9207984803397,0.0,False,0.0,,0,851.0251169287247,0.0,False,0.0,CASH,leveraged_contract,,,,False,False,0.0,1574.3715416835462,851.0251169287249,CASH,no_eligible_candidates,0.0,1497.551071322626,False
2023-03-08 00:00:00+00:00,2764.9207984803397,0.0,False,0.0,,0,851.0251169287247,0.0,False,0.0,CASH,leveraged_contract,,,,False,False,0.0,1574.3715416835462,851.0251169287249,CASH,no_eligible_candidates,0.0,1497.551071322626,False
2023-03-09 00:00:00+00:00,2764.9207984803397,0.0,False,0.0,,0,851.0251169287247,0.0,False,0.0,CASH,leveraged_contract,,,,False,False,0.0,1574.3715416835462,851.0251169287249,CASH,no_eligible_candidates,0.0,1497.551071322626,False
2023-03-10 00:00:00+00:00,2764.9207984803397,0.0,False,0.0,,0,851.0251169287247,0.0,False,0.0,CASH,leveraged_contract,,,,False,False,0.0,1574.3715416835462,851.0251169287249,CASH,no_eligible_candidates,0.0,1497.551071322626,False
2023-03-13 00:00:00+00:00,2764.9207984803397,0.0,True,119.8,BULL,1,851.0251169287247,0.0,False,0.0,CASH,leveraged_contract,,,,False,False,0.0,1574.3715416835462,851.0251169287249,BTC,best_route_score,0.0,1496.0535202513033,True
2023-03-14 00:00:00+00:00,3187.346941483056,0.15278055821160996,True,125.8,BULL,1,851.0251169287247,0.0,False,0.0,CASH,leveraged_contract,,,,False,False,0.0,1814.9049046544314,851.0251169287249,BTC,hold_current_no_challenger,0.15278055821160996,1724.6214121897415,False
2023-03-15 00:00:00+00:00,3187.346941483056,0.0,False,0.0,,0,851.0251169287247,0.0,False,0.0,CASH,leveraged_contract,,,,False,False,0.0,1814.9049046544314,851.0251169287249,CASH,no_eligible_candidates,0.0,1722.8967907775518,True
2023-03-16 00:00:00+00:00,3187.346941483056,0.0,True,119.3,BULL,1,904.0106592349482,0.06226084430673873,True,92.0,QQQ_USDT_LONG,leveraged_contract,,,,False,True,2.5,1814.9049046544314,904.0106592349483,BTC,best_route_score,0.0,1721.1738939867744,True
2023-03-17 00:00:00+00:00,5042.737824423636,0.582111366288,True,142.65,BULL,1,914.2006009414293,0.011271926500407314,True,96.0,QQQ_USDT_LONG,leveraged_contract,,,,False,True,7.5,2871.3816783856146,914.2006009414295,BTC,hold_current_no_challenger,0.582111366288,2723.088781034653,False
2023-03-20 00:00:00+00:00,4278.815580476366,-0.031540000000000123,True,121.9,BULL,1,913.1199855738861,-0.0011820330969268822,True,122.0,QQQ_USDT_LONG,leveraged_contract,,,,False,False,10.0,2780.818300249332,913.1199855738862,BTC,hold_current_hysteresis,-0.031540000000000123,2637.20256088082,False
2023-03-21 00:00:00+00:00,4552.798279635294,0.06403236924,True,114.7,BULL,1,973.3367605433245,0.06594618004291397,True,102.0,QQQ_USDT_LONG,leveraged_contract,,,,False,True,5.0,2958.8806844402466,973.3367605433248,BTC,hold_current_no_challenger,0.06403236924,2806.068889019814,False
2023-03-22 00:00:00+00:00,4383.07906536705,-0.03727799999999992,True,119.8,BULL,1,847.6363846162454,-0.12914376711397624,True,106.0,QQQ_USDT_LONG,leveraged_contract,,,,False,False,10.0,2848.579530285683,847.6363846162456,BTC,hold_current_no_challenger,-0.03727799999999992,2701.4642529749335,False
2023-03-23 00:00:00+00:00,4383.07906536705,0.0,False,0.0,,0,953.7995867855899,0.12524615990547439,True,112.0,QQQ_USDT_LONG,leveraged_contract,,,,False,False,10.0,2848.579530285683,953.7995867855901,CASH,no_eligible_candidates,0.0,2698.7627887219587,True
2023-03-24 00:00:00+00:00,4383.07906536705,0.0,False,0.0,,0,964.220133488906,0.010925300081576328,True,102.0,QQQ_USDT_LONG,leveraged_contract,,,,False,True,7.5,2848.579530285683,964.2201334889061,CASH,no_eligible_candidates,0.0,2698.7627887219587,False
2023-03-27 00:00:00+00:00,4383.07906536705,0.0,False,0.0,,0,869.03736249182,-0.09871477237534898,True,112.0,QQQ_USDT_LONG,leveraged_contract,,,,False,False,10.0,2848.579530285683,869.0373624918202,CASH,no_eligible_candidates,0.0,2698.7627887219587,False
2023-03-28 00:00:00+00:00,4383.07906536705,0.0,False,0.0,,0,816.1238038685335,-0.06088755317903205,True,112.0,QQQ_USDT_LONG,leveraged_contract,,,,False,False,10.0,2848.579530285683,816.1238038685336,CASH,no_eligible_candidates,0.0,2698.7627887219587,False
2023-03-29 00:00:00+00:00,4383.07906536705,0.0,True,98.0,BULL,1,921.5369937880018,0.12916323408261832,True,102.0,QQQ_USDT_LONG,leveraged_contract,,,,False,True,7.5,2848.579530285683,921.536993788002,BTC,best_route_score,0.0,2696.0640259332367,True
2023-03-30 00:00:00+00:00,4538.020910327776,0.03534999999999999,True,98.0,BULL,1,985.2536788936924,0.06914175506268228,True,102.0,QQQ_USDT_LONG,leveraged_contract,,,,False,True,7.5,2949.2768166812825,985.2536788936925,BTC,hold_current_no_challenger,0.03534999999999999,2791.3698892499765,False
2023-03-31 00:00:00+00:00,4538.020910327776,0.0,True,110.4,BULL,1,1108.088007471588,0.12467279362592398,True,112.0,QQQ_USDT_LONG,leveraged_contract,,,,False,True,7.5,2949.2768166812825,1108.0880074715883,BTC,hold_current_no_challenger,0.0,2791.3698892499765,False
2023-04-03 00:00:00+00:00,4373.643091349412,0.0,False,0.0,,0,1111.4301519670526,0.003016136329361263,True,92.0,QQQ_USDT_LONG,leveraged_contract,,,,False,True,5.0,2949.2768166812825,1111.4301519670528,CASH,no_eligible_candidates,0.0,2788.5785193607267,True
2023-04-04 00:00:00+00:00,4373.643091349412,0.0,False,0.0,,0,1086.2827769319726,-0.022626140734596012,True,96.0,QQQ_USDT_LONG,leveraged_contract,,,,False,True,7.5,2949.2768166812825,1086.2827769319729,CASH,no_eligible_candidates,0.0,2788.5785193607267,False
2023-04-05 00:00:00+00:00,4233.271016332553,-0.032094999999999985,True,114.4,BULL,1,993.7578408582593,-0.08517573696145198,True,102.0,QQQ_USDT_LONG,leveraged_contract,,,,False,True,7.5,2854.6197772498963,993.7578408582596,BTC,best_route_score,-0.032094999999999985,2696.3800126900624,True
2023-04-06 00:00:00+00:00,4233.271016332553,0.0,False,0.0,,0,1068.2549959358903,0.07496509915664307,True,112.0,QQQ_USDT_LONG,leveraged_contract,,,,False,False,10.0,2854.6197772498963,1068.2549959358905,CASH,no_eligible_candidates,0.0,2693.6836326773723,True
2023-04-10 00:00:00+00:00,4233.271016332553,0.0,False,0.0,,0,1050.6260225778167,-0.01650258919934089,True,112.0,QQQ_USDT_LONG,leveraged_contract,,,,False,False,10.0,2854.6197772498963,1050.6260225778167,CASH,no_eligible_candidates,0.0,2693.6836326773723,False
2023-04-11 00:00:00+00:00,4233.271016332553,0.0,True,118.1,BULL,1,979.9896652966468,-0.06723263631701837,True,112.0,QQQ_USDT_LONG,leveraged_contract,,,,False,False,10.0,2854.6197772498963,979.9896652966469,BTC,best_route_score,0.0,2690.989949044695,True
2023-04-12 00:00:00+00:00,4112.567759843862,-0.02851300000000012,True,118.1,BULL,1,888.9149971000379,-0.09293431494406645,True,112.0,QQQ_USDT_LONG,leveraged_contract,,,,False,False,10.0,2773.2260035411696,888.914997100038,BTC,hold_current_no_challenger,-0.02851300000000012,2614.2617526275835,False
2023-04-13 00:00:00+00:00,4112.567759843862,0.0,True,102.1,BULL,1,1062.314136960371,0.19506830284788057,True,112.0,QQQ_USDT_LONG,leveraged_contract,,,,False,False,10.0,2773.2260035411696,1062.3141369603713,BTC,hold_current_no_challenger,0.0,2614.2617526275835,False
2023-04-14 00:00:00+00:00,4197.548930592962,0.020663773999999968,True,119.7,BULL,1,1060.9039497953243,-0.0013274671925967985,True,112.0,QQQ_USDT_LONG,leveraged_contract,,,,False,False,10.0,2830.5313189292674,1060.9039497953245,BTC,hold_current_no_challenger,0.020663773999999968,2668.2822666607235,False
2023-04-17 00:00:00+00:00,4161.370256360181,0.0,False,0.0,,0,1040.027126563779,-0.019678334910123607,True,112.0,QQQ_USDT_LONG,leveraged_contract,,,,False,False,10.0,2830.5313189292674,1040.0271265637793,CASH,no_eligible_candidates,0.0,2665.6139843940628,True
2023-04-18 00:00:00+00:00,4161.370256360181,0.0,False,0.0,,0,1047.1268263051886,0.006826456310680129,True,112.0,QQQ_USDT_LONG,leveraged_contract,,,,False,False,10.0,2830.5313189292674,1047.126826305189,CASH,no_eligible_candidates,0.0,2665.6139843940628,False
2023-04-19 00:00:00+00:00,4161.370256360181,0.0,False,0.0,,0,1057.0650103747503,0.009490907710414387,True,112.0,QQQ_USDT_LONG,leveraged_contract,,,,False,False,10.0,2830.5313189292674,1057.0650103747507,CASH,no_eligible_candidates,0.0,2665.6139843940628,False
2023-04-20 00:00:00+00:00,4161.370256360181,0.0,False,0.0,,0,986.5913326203174,-0.06666919920984671,True,112.0,QQQ_USDT_LONG,leveraged_contract,,,,False,False,10.0,2830.5313189292674,986.5913326203179,CASH,no_eligible_candidates,0.0,2665.6139843940628,False
2023-04-21 00:00:00+00:00,4161.370256360181,0.0,False,0.0,,0,987.7219667397545,0.0011460004584007422,True,112.0,QQQ_USDT_LONG,leveraged_contract,,,,False,False,10.0,2830.5313189292674,987.7219667397549,CASH,no_eligible_candidates,0.0,2665.6139843940628,False
2023-04-24 00:00:00+00:00,4161.370256360181,0.0,False,0.0,,0,977.5197888124491,-0.01032899770466833,True,112.0,QQQ_USDT_LONG,leveraged_contract,,,,False,False,10.0,2830.5313189292674,977.5197888124495,CASH,no_eligible_candidates,0.0,2665.6139843940628,False
2023-04-25 00:00:00+00:00,4161.370256360181,0.0,False,0.0,,0,797.187696203804,-0.18447922453592835,True,106.0,QQQ_USDT_LONG,leveraged_contract,,,,False,False,10.0,2830.5313189292674,797.1876962038043,CASH,no_eligible_candidates,0.0,2665.6139843940628,False
2023-04-26 00:00:00+00:00,4036.038106979125,-0.030117999999999978,True,99.7,BULL,1,764.9983166623451,-0.040378670788252524,True,106.0,QQQ_USDT_LONG,leveraged_contract,,,,False,False,10.0,2745.281376665756,764.9983166623455,BTC,best_route_score,-0.030117999999999978,2582.7456913896704,True
2023-04-27 00:00:00+00:00,4036.038106979125,0.0,False,0.0,,0,922.0988194092392,0.20536058619359698,True,106.0,QQQ_USDT_LONG,leveraged_contract,,,,False,False,10.0,2745.281376665756,922.0988194092398,CASH,no_eligible_candidates,0.0,2580.1629456982805,True
2023-04-28 00:00:00+00:00,4036.038106979125,0.0,False,0.0,,0,995.5387745683931,0.07964434354899685,True,106.0,QQQ_USDT_LONG,leveraged_contract,,,,False,False,10.0,2745.281376665756,995.5387745683937,CASH,no_eligible_candidates,0.0,2580.1629456982805,False
2023-05-01 00:00:00+00:00,4036.038106979125,0.0,False,0.0,,0,987.8761835649193,-0.007696928737703779,True,106.0,QQQ_USDT_LONG,leveraged_contract,,,,False,False,10.0,2745.281376665756,987.8761835649198,CASH,no_eligible_candidates,0.0,2580.1629456982805,False
2023-05-02 00:00:00+00:00,4036.038106979125,0.0,False,0.0,,0,909.455613688245,-0.0793829947328828,True,112.0,QQQ_USDT_LONG,leveraged_contract,,,,False,False,10.0,2745.281376665756,909.4556136882454,CASH,no_eligible_candidates,0.0,2580.1629456982805,False
2023-05-03 00:00:00+00:00,4036.038106979125,0.0,False,0.0,,0,867.1336593208206,-0.04653548092994897,True,112.0,QQQ_USDT_LONG,leveraged_contract,,,,False,False,10.0,2745.281376665756,867.133659320821,CASH,no_eligible_candidates,0.0,2580.1629456982805,False
2023-05-04 00:00:00+00:00,4036.038106979125,0.0,False,0.0,,0,853.6925565948209,-0.015500612369870881,True,106.0,QQQ_USDT_LONG,leveraged_contract,,,,False,False,10.0,2745.281376665756,853.6925565948213,CASH,no_eligible_candidates,0.0,2580.1629456982805,False
2023-05-05 00:00:00+00:00,3915.3080990850585,-0.029912999999999967,True,109.4,BULL,1,1022.1759076379416,0.19735834609494685,True,112.0,QQQ_USDT_LONG,leveraged_contract,,,,False,False,10.0,2663.1617748455533,1022.1759076379421,BTC,best_route_score,-0.029912999999999967,2500.4795489721046,True
2023-05-08 00:00:00+00:00,4719.300955999779,0.20534600000000003,True,60.0,BEAR,1,1050.0024896835075,0.027222889756683966,True,112.0,QQQ_USDT_LONG,leveraged_contract,,,,False,False,10.0,3210.0313926629883,1050.0024896835082,BTC,hold_current_no_challenger,0.20534600000000003,3013.9430224353305,False
2023-05-09 00:00:00+00:00,4719.300955999779,0.0,False,0.0,,0,991.9467235822509,-0.05529107470855221,True,112.0,QQQ_USDT_LONG,leveraged_contract,,,,False,False,10.0,3210.0313926629883,991.9467235822516,CASH,no_eligible_candidates,0.0,3010.929079412895,True
2023-05-10 00:00:00+00:00,4719.300955999779,0.0,False,0.0,,0,1104.729579115407,0.11369850098991163,True,112.0,QQQ_USDT_LONG,leveraged_contract,,,,False,False,10.0,3210.0313926629883,1104.7295791154077,CASH,no_eligible_candidates,0.0,3010.929079412895,False
2023-05-11 00:00:00+00:00,4719.300955999779,0.0,False,0.0,,0,1134.7986541621729,0.02721849366144724,True,106.0,QQQ_USDT_LONG,leveraged_contract,,,,False,False,10.0,3210.0313926629883,1134.7986541621738,CASH,no_eligible_candidates,0.0,3010.929079412895,False
2023-05-12 00:00:00+00:00,5828.733101940032,0.23508400000000007,True,60.0,BEAR,1,1092.8112727516657,-0.03699985125687921,True,106.0,QQQ_USDT_LONG,leveraged_contract,,,,False,False,10.0,3964.6584125757745,1092.8112727516666,BTC,best_route_score,0.23508400000000007,3715.0315807864786,True
2023-05-15 00:00:00+00:00,5828.733101940032,0.0,False,0.0,,0,1165.7130057933073,0.06671026814911718,True,112.0,QQQ_USDT_LONG,leveraged_contract,,,,False,False,10.0,3964.6584125757745,1165.7130057933082,CASH,no_eligible_candidates,0.0,3711.316549205692,True
2023-05-16 00:00:00+00:00,5828.733101940032,0.0,False,0.0,,0,1184.981347208433,0.016529232597874977,True,106.0,QQQ_USDT_LONG,leveraged_contract,,,,False,False,10.0,3964.6584125757745,1184.9813472084338,CASH,no_eligible_candidates,0.0,3711.316549205692,False
2023-05-17 00:00:00+00:00,6281.847155818647,0.07773800000000008,True,60.0,BEAR,1,1312.27126486241,0.10741934288994948,True,122.0,QQQ_USDT_LONG,leveraged_contract,,,,False,False,10.0,4272.863028252591,1312.2712648624108,QQQ_PROXY,best_route_score,0.10741934288994948,4105.873750443784,True
2023-05-18 00:00:00+00:00,6281.847155818647,0.0,False,0.0,,0,1556.1485169005487,0.1858436274330133,True,122.0,QQQ_USDT_LONG,leveraged_contract,,,,False,False,10.0,4272.863028252591,1556.1485169005498,QQQ_PROXY,hold_current_no_challenger,0.1858436274330133,4868.924222008248,False
2023-05-19 00:00:00+00:00,6281.847155818647,0.0,False,0.0,,0,1499.646737338787,-0.03630873207031604,True,106.0,QQQ_USDT_LONG,leveraged_contract,,,,False,False,10.0,4272.863028252591,1499.6467373387882,QQQ_PROXY,hold_current_no_challenger,-0.03630873207031604,4692.139756960679,False
2023-05-22 00:00:00+00:00,6281.847155818647,0.0,False,0.0,,0,1605.0146946904683,0.07026185216037151,True,112.0,QQQ_USDT_LONG,leveraged_contract,,,,False,False,10.0,4272.863028252591,1605.0146946904695,QQQ_PROXY,hold_current_no_challenger,0.07026185216037151,5021.818186880051,False
2023-05-23 00:00:00+00:00,6281.847155818647,0.0,False,0.0,,0,1392.177858458536,-0.13260740660880888,True,106.0,QQQ_USDT_LONG,leveraged_contract,,,,False,False,10.0,4272.863028252591,1392.1778584585372,QQQ_PROXY,hold_current_no_challenger,-0.13260740660880888,4355.887900656937,False
2023-05-24 00:00:00+00:00,6281.847155818647,0.0,False,0.0,,0,1312.3220740943345,-0.05736033214363889,True,112.0,QQQ_USDT_LONG,leveraged_contract,,,,False,False,10.0,4272.863028252591,1312.3220740943354,QQQ_PROXY,hold_current_no_challenger,-0.05736033214363889,4106.032723894797,False
2023-05-25 00:00:00+00:00,6281.847155818647,0.0,False,0.0,,0,1406.4173730583652,0.0717013763781793,True,106.0,QQQ_USDT_LONG,leveraged_contract,,,,False,False,10.0,4272.863028252591,1406.4173730583664,QQQ_PROXY,hold_current_no_challenger,0.0717013763781793,4400.440921651898,False
2023-05-26 00:00:00+00:00,6281.847155818647,0.0,False,0.0,,0,1763.3607746018588,0.2537962118366699,True,122.0,QQQ_USDT_LONG,leveraged_contract,,,,False,False,10.0,4272.863028252591,1763.3607746018604,QQQ_PROXY,hold_current_no_challenger,0.2537962118366699,5517.256157978214,False
2023-05-30 00:00:00+00:00,6077.674559560229,0.0,True,105.8,BULL,1,1713.5897258988123,-0.028225108225107265,True,122.0,QQQ_USDT_LONG,leveraged_contract,,,,False,False,10.0,4272.863028252591,1713.5897258988139,QQQ_PROXY,hold_current_hysteresis,-0.028225108225107265,5361.531005813639,False
2023-05-31 00:00:00+00:00,5897.465431194709,-0.029650999999999983,True,105.8,BULL,1,1598.4359250127354,-0.0672003333970016,True,112.0,QQQ_USDT_LONG,leveraged_contract,,,,False,False,10.0,4146.168366601873,1598.435925012737,QQQ_PROXY,hold_current_hysteresis,-0.0672003333970016,5001.234334704602,False
2023-06-01 00:00:00+00:00,5897.465431194709,0.0,False,0.0,,0,1802.8616678981248,0.12789110885615296,True,112.0,QQQ_USDT_LONG,leveraged_contract,,,,False,False,10.0,4146.168366601873,1802.8616678981266,QQQ_PROXY,hold_current_no_challenger,0.12789110885615296,5640.847739419438,False
2023-06-02 00:00:00+00:00,5897.465431194709,0.0,False,0.0,,0,1903.9259086299608,0.05605767903960279,True,112.0,QQQ_USDT_LONG,leveraged_contract,,,,False,False,10.0,4146.168366601873,1903.9259086299628,QQQ_PROXY,hold_current_no_challenger,0.05605767903960279,5957.0605715070815,False
2023-06-05 00:00:00+00:00,5897.465431194709,0.0,False,0.0,,0,1919.27277659072,0.00806064347945279,True,106.0,QQQ_USDT_LONG,leveraged_contract,,,,False,False,10.0,4146.168366601873,1919.272776590722,QQQ_PROXY,hold_current_no_challenger,0.00806064347945279,6005.078312959506,False
2023-06-06 00:00:00+00:00,5897.465431194709,0.0,False,0.0,,0,1925.1956455350717,0.003085996433958016,True,112.0,QQQ_USDT_LONG,leveraged_contract,,,,False,False,10.0,4146.168366601873,1925.1956455350737,QQQ_PROXY,hold_current_no_challenger,0.003085996433958016,6023.609963218937,False
2023-06-07 00:00:00+00:00,5897.465431194709,0.0,False,0.0,,0,1578.26601123741,-0.18020487169824184,True,112.0,QQQ_USDT_LONG,leveraged_contract,,,,False,False,10.0,4146.168366601873,1578.266011237412,QQQ_PROXY,hold_current_no_challenger,-0.18020487169824184,4938.126102636817,False
2023-06-08 00:00:00+00:00,5897.465431194709,0.0,False,0.0,,0,1784.4239772205005,0.13062307907236503,True,112.0,QQQ_USDT_LONG,leveraged_contract,,,,False,False,10.0,4146.168366601873,1784.4239772205024,QQQ_PROXY,hold_current_no_challenger,0.13062307907236503,5583.1593390108565,False
2023-06-09 00:00:00+00:00,5897.465431194709,0.0,False,0.0,,0,1832.6699241144208,0.027037266652889524,True,112.0,QQQ_USDT_LONG,leveraged_contract,,,,False,False,10.0,4146.168366601873,1832.6699241144229,QQQ_PROXY,hold_current_no_challenger,0.027037266652889524,5734.112706825264,False
2023-06-12 00:00:00+00:00,5897.465431194709,0.0,False,0.0,,0,2135.067856339819,0.16500403495818938,True,122.0,QQQ_USDT_LONG,leveraged_contract,,,,False,False,10.0,4146.168366601873,2135.0678563398214,QQQ_PROXY,hold_current_no_challenger,0.16500403495818938,6680.264440356457,False
2023-06-13 00:00:00+00:00,5897.465431194709,0.0,False,0.0,,0,2232.5566620103536,0.04566075283324311,True,112.0,QQQ_USDT_LONG,leveraged_contract,,,,False,True,7.5,4146.168366601873,2232.5566620103564,QQQ_PROXY,hold_current_no_challenger,0.04566075283324311,6985.2903438282765,False
2023-06-14 00:00:00+00:00,5897.465431194709,0.0,False,0.0,,0,2331.0023138150823,0.04409547738693509,True,112.0,QQQ_USDT_LONG,leveraged_contract,,,,False,True,7.5,4146.168366601873,2331.0023138150855,QQQ_PROXY,hold_current_no_challenger,0.04409547738693509,7293.310056225732,False
2023-06-15 00:00:00+00:00,5897.465431194709,0.0,False,0.0,,0,2447.2579153153683,0.04987365341135752,True,102.0,QQQ_USDT_LONG,leveraged_contract,,,,False,True,5.0,4146.168366601873,2447.257915315371,QQQ_PROXY,hold_current_no_challenger,0.04987365341135752,7657.054074191503,False
2023-06-16 00:00:00+00:00,5897.465431194709,0.0,False,0.0,,0,2501.8090378812312,0.022290712484561714,True,92.0,QQQ_USDT_LONG,leveraged_contract,,,,False,True,2.5,4146.168366601873,2501.809037881234,QQQ_PROXY,hold_current_no_challenger,0.022290712484561714,7827.735265038047,False
2023-06-20 00:00:00+00:00,5897.465431194709,0.0,True,123.5,BULL,1,2425.381107525948,-0.030549066374789935,True,112.0,QQQ_USDT_LONG,leveraged_contract,,,,False,False,10.0,4146.168366601873,2425.3811075259505,BTC,best_route_score,0.0,7819.907529773009,True
2023-06-21 00:00:00+00:00,7188.678691313924,0.21894376070257704,True,116.1,BULL,1,2182.604395582257,-0.10009837678307798,True,102.0,QQQ_USDT_LONG,leveraged_contract,,,,False,True,7.5,5053.946061291747,2182.604395582259,BTC,hold_current_no_challenger,0.21894376070257704,9532.02749268791,False
2023-06-22 00:00:00+00:00,7188.678691313924,0.0,False,0.0,,0,2374.178682153187,0.08777325243121914,True,102.0,QQQ_USDT_LONG,leveraged_contract,,,,False,True,7.5,5053.946061291747,2374.178682153189,CASH,no_eligible_candidates,0.0,9522.495465195223,True
2023-06-23 00:00:00+00:00,7188.678691313924,0.0,False,0.0,,0,2235.6875228092877,-0.058332239432922095,True,92.0,QQQ_USDT_LONG,leveraged_contract,,,,False,True,5.0,5053.946061291747,2235.68752280929,CASH,no_eligible_candidates,0.0,9522.495465195223,False
2023-06-26 00:00:00+00:00,7188.678691313924,0.0,False,0.0,,0,2086.2853498533786,-0.06682605302917077,True,92.0,QQQ_USDT_LONG,leveraged_contract,,,,False,True,5.0,5053.946061291747,2086.285349853381,CASH,no_eligible_candidates,0.0,9522.495465195223,False
2023-06-27 00:00:00+00:00,7188.678691313924,0.0,False,0.0,,0,2417.987188670399,0.15899159663865348,True,112.0,QQQ_USDT_LONG,leveraged_contract,,,,False,False,10.0,5053.946061291747,2417.9871886704022,CASH,no_eligible_candidates,0.0,9522.495465195223,False
2023-06-28 00:00:00+00:00,7188.678691313924,0.0,False,0.0,,0,2484.8941958627447,0.02767053833280908,True,112.0,QQQ_USDT_LONG,leveraged_contract,,,,False,False,10.0,5053.946061291747,2484.8941958627474,CASH,no_eligible_candidates,0.0,9522.495465195223,False
2023-06-29 00:00:00+00:00,7188.678691313924,0.0,False,0.0,,0,2385.32469358805,-0.04006991623243916,True,112.0,QQQ_USDT_LONG,leveraged_contract,,,,False,False,10.0,5053.946061291747,2385.324693588053,CASH,no_eligible_candidates,0.0,9522.495465195223,False
2023-06-30 00:00:00+00:00,7188.678691313924,0.0,False,0.0,,0,2750.08704246852,0.15291936978683918,True,112.0,QQQ_USDT_LONG,leveraged_contract,,,,False,False,10.0,5053.946061291747,2750.0870424685236,CASH,no_eligible_candidates,0.0,9522.495465195223,False
2023-07-03 00:00:00+00:00,7188.678691313924,0.0,True,108.8,BULL,1,2810.6280624171914,0.022014219555148706,True,106.0,QQQ_USDT_LONG,leveraged_contract,,,,False,False,10.0,5053.946061291747,2810.6280624171955,BTC,best_route_score,0.0,9512.972969730028,True
2023-07-05 00:00:00+00:00,7188.678691313924,0.0,True,108.8,BULL,1,2817.4912878089112,0.0024418831803085794,True,106.0,QQQ_USDT_LONG,leveraged_contract,,,,False,False,10.0,5053.946061291747,2817.4912878089153,BTC,hold_current_no_challenger,0.0,9512.972969730028,False
2023-07-06 00:00:00+00:00,7249.480389093521,0.008457979607999988,True,117.1,BULL,1,2605.0841452125546,-0.07538874867703316,True,112.0,QQQ_USDT_LONG,leveraged_contract,,,,False,False,10.0,5096.6922340180845,2605.0841452125587,BTC,hold_current_no_challenger,0.008457979607999988,9593.43350111946,False
2023-07-07 00:00:00+00:00,7249.480389093521,0.0,False,0.0,,0,2553.7077260915635,-0.019721596791952845,True,112.0,QQQ_USDT_LONG,leveraged_contract,,,,False,False,10.0,5096.6922340180845,2553.7077260915676,CASH,no_eligible_candidates,0.0,9583.840067618341,True
2023-07-10 00:00:00+00:00,7249.480389093521,0.0,False,0.0,,0,2534.385004211082,-0.00756653617133185,True,112.0,QQQ_USDT_LONG,leveraged_contract,,,,False,False,10.0,5096.6922340180845,2534.385004211086,CASH,no_eligible_candidates,0.0,9583.840067618341,False
2023-07-11 00:00:00+00:00,7249.480389093521,0.0,False,0.0,,0,2641.542753266286,0.04228155898853281,True,112.0,QQQ_USDT_LONG,leveraged_contract,,,,False,False,10.0,5096.6922340180845,2641.54275326629,CASH,no_eligible_candidates,0.0,9583.840067618341,False
2023-07-12 00:00:00+00:00,7249.480389093521,0.0,False,0.0,,0,2964.853874758276,0.12239480928037727,True,122.0,QQQ_USDT_LONG,leveraged_contract,,,,False,False,10.0,5096.6922340180845,2964.85387475828,QQQ_PROXY,best_route_score,0.12239480928037727,10746.095492523258,True
2023-07-13 00:00:00+00:00,7624.300273650823,0.051703000000000054,True,114.8,BULL,1,3451.555801442245,0.1641571380052076,True,122.0,QQQ_USDT_LONG,leveraged_contract,,,,False,False,10.0,5360.206512593522,3451.55580144225,QQQ_PROXY,hold_current_hysteresis,0.1641571380052076,12510.143773306538,False
2023-07-14 00:00:00+00:00,7396.204082364012,-0.02991699999999997,True,116.9,BULL,1,3441.1125311340406,-0.003025670424867677,True,106.0,QQQ_USDT_LONG,leveraged_contract,,,,False,False,10.0,5199.845214356262,3441.1125311340456,BTC,best_route_score,-0.02991699999999997,12123.741924238486,True
2023-07-17 00:00:00+00:00,7396.204082364012,0.0,False,0.0,,0,3771.7356758558167,0.09608030592734407,True,106.0,QQQ_USDT_LONG,leveraged_contract,,,,False,False,10.0,5199.845214356262,3771.735675855822,CASH,no_eligible_candidates,0.0,12111.618182314247,True
2023-07-18 00:00:00+00:00,7396.204082364012,0.0,False,0.0,,0,4111.816062243148,0.09016548762001086,True,122.0,QQQ_USDT_LONG,leveraged_contract,,,,False,False,10.0,5199.845214356262,4111.816062243154,QQQ_PROXY,best_route_score,0.09016548762001086,13190.46447344841,True
2023-07-19 00:00:00+00:00,7396.204082364012,0.0,False,0.0,,0,4131.151529720817,0.004702415474081567,True,96.0,QQQ_USDT_LONG,leveraged_contract,,,,False,True,7.5,5199.845214356262,4131.1515297208225,QQQ_PROXY,hold_current_no_challenger,0.004702415474081567,13252.491517698678,False
2023-07-20 00:00:00+00:00,7396.204082364012,0.0,False,0.0,,0,3273.670516345155,-0.20756464806644614,True,112.0,QQQ_USDT_LONG,leveraged_contract,,,,False,False,10.0,5199.845214356262,3273.6705163451597,QQQ_PROXY,hold_current_no_challenger,-0.20756464806644614,10501.74277982399,False
2023-07-21 00:00:00+00:00,7396.204082364012,0.0,False,0.0,,0,3167.10811318654,-0.032551352564822444,True,112.0,QQQ_USDT_LONG,leveraged_contract,,,,False,False,10.0,5199.845214356262,3167.108113186544,QQQ_PROXY,hold_current_no_challenger,-0.032551352564822444,10159.89684805286,False
2023-07-24 00:00:00+00:00,7396.204082364012,0.0,False,0.0,,0,3177.796797677556,0.003374903574182575,True,112.0,QQQ_USDT_LONG,leveraged_contract,,,,False,False,10.0,5199.845214356262,3177.79679767756,QQQ_PROXY,hold_current_no_challenger,0.003374903574182575,10194.18552023868,False
2023-07-25 00:00:00+00:00,7396.204082364012,0.0,False,0.0,,0,3388.0171381790274,0.06615285806037319,True,112.0,QQQ_USDT_LONG,leveraged_contract,,,,False,False,10.0,5199.845214356262,3388.017138179032,QQQ_PROXY,hold_current_no_challenger,0.06615285806037319,10868.56002800014,False
2023-07-26 00:00:00+00:00,7396.204082364012,0.0,False,0.0,,0,3354.136966797237,-0.010000000000000009,True,112.0,QQQ_USDT_LONG,leveraged_contract,,,,False,False,10.0,5199.845214356262,3354.1369667972413,QQQ_PROXY,hold_current_no_challenger,-0.010000000000000009,10759.874427720139,False
2023-07-27 00:00:00+00:00,7396.204082364012,0.0,False,0.0,,0,3354.136966797237,0.0,False,0.0,CASH,leveraged_contract,,,,False,False,0.0,5199.845214356262,3354.1369667972413,CASH,no_eligible_candidates,0.0,10749.114553292418,True
2023-07-28 00:00:00+00:00,7396.204082364012,0.0,False,0.0,,0,3354.136966797237,0.0,False,0.0,CASH,leveraged_contract,,,,False,False,0.0,5199.845214356262,3354.1369667972413,CASH,no_eligible_candidates,0.0,10749.114553292418,False
2023-07-31 00:00:00+00:00,7396.204082364012,0.0,False,0.0,,0,3354.136966797237,0.0,False,0.0,CASH,leveraged_contract,,,,False,False,0.0,5199.845214356262,3354.1369667972413,CASH,no_eligible_candidates,0.0,10749.114553292418,False
2023-08-01 00:00:00+00:00,7396.204082364012,0.0,False,0.0,,0,3354.136966797237,0.0,False,0.0,CASH,leveraged_contract,,,,False,False,0.0,5199.845214356262,3354.1369667972413,CASH,no_eligible_candidates,0.0,10749.114553292418,False
2023-08-02 00:00:00+00:00,7396.204082364012,0.0,False,0.0,,0,3354.136966797237,0.0,False,0.0,CASH,leveraged_contract,,,,False,False,0.0,5199.845214356262,3354.1369667972413,CASH,no_eligible_candidates,0.0,10749.114553292418,False
2023-08-03 00:00:00+00:00,7396.204082364012,0.0,False,0.0,,0,3354.136966797237,0.0,False,0.0,CASH,leveraged_contract,,,,False,False,0.0,5199.845214356262,3354.1369667972413,CASH,no_eligible_candidates,0.0,10749.114553292418,False
2023-08-04 00:00:00+00:00,7396.204082364012,0.0,False,0.0,,0,3354.136966797237,0.0,False,0.0,CASH,leveraged_contract,,,,False,False,0.0,5199.845214356262,3354.1369667972413,CASH,no_eligible_candidates,0.0,10749.114553292418,False
2023-08-07 00:00:00+00:00,7396.204082364012,0.0,False,0.0,,0,3354.136966797237,0.0,False,0.0,CASH,leveraged_contract,,,,False,False,0.0,5199.845214356262,3354.1369667972413,CASH,no_eligible_candidates,0.0,10749.114553292418,False
2023-08-08 00:00:00+00:00,7396.204082364012,0.0,False,0.0,,0,3354.136966797237,0.0,False,0.0,CASH,leveraged_contract,,,,False,False,0.0,5199.845214356262,3354.1369667972413,CASH,no_eligible_candidates,0.0,10749.114553292418,False
2023-08-09 00:00:00+00:00,7271.245214392472,-0.016894999999999993,True,72.5,BEAR,1,3354.136966797237,0.0,False,0.0,CASH,leveraged_contract,,,,False,False,0.0,5111.993829459712,3354.1369667972413,BTC,best_route_score,-0.016894999999999993,10556.940754651629,True
2023-08-10 00:00:00+00:00,7271.245214392472,0.0,False,0.0,,0,3354.136966797237,0.0,False,0.0,CASH,leveraged_contract,,,,False,False,0.0,5111.993829459712,3354.1369667972413,CASH,no_eligible_candidates,0.0,10546.383813896977,True
2023-08-11 00:00:00+00:00,7271.245214392472,0.0,False,0.0,,0,3354.136966797237,0.0,False,0.0,CASH,leveraged_contract,,,,False,False,0.0,5111.993829459712,3354.1369667972413,CASH,no_eligible_candidates,0.0,10546.383813896977,False
2023-08-14 00:00:00+00:00,7271.245214392472,0.0,False,0.0,,0,3686.0941524938935,0.09896947828389724,True,106.0,QQQ_USDT_LONG,leveraged_contract,,,,False,False,10.0,5111.993829459712,3686.0941524938976,CASH,no_eligible_candidates,0.0,10546.383813896977,False
2023-08-15 00:00:00+00:00,7271.245214392472,0.0,False,0.0,,0,3269.9339055502446,-0.11290005890437937,True,106.0,QQQ_USDT_LONG,leveraged_contract,,,,False,False,10.0,5111.993829459712,3269.9339055502483,CASH,no_eligible_candidates,0.0,10546.383813896977,False
2023-08-16 00:00:00+00:00,7271.245214392472,0.0,False,0.0,,0,2905.3035178559117,-0.11151001770262847,True,106.0,QQQ_USDT_LONG,leveraged_contract,,,,False,False,10.0,5111.993829459712,2905.303517855915,CASH,no_eligible_candidates,0.0,10546.383813896977,False
2023-08-17 00:00:00+00:00,7271.245214392472,0.0,False,0.0,,0,2876.2504826773525,-0.010000000000000009,True,106.0,QQQ_USDT_LONG,leveraged_contract,,,,False,False,10.0,5111.993829459712,2876.2504826773556,CASH,no_eligible_candidates,0.0,10546.383813896977,False
2023-08-18 00:00:00+00:00,7271.245214392472,0.0,False,0.0,,0,2876.2504826773525,0.0,False,0.0,CASH,leveraged_contract,,,,False,False,0.0,5111.993829459712,2876.2504826773556,CASH,no_eligible_candidates,0.0,10546.383813896977,False
2023-08-21 00:00:00+00:00,7271.245214392472,0.0,False,0.0,,0,2876.2504826773525,0.0,False,0.0,CASH,leveraged_contract,,,,False,False,0.0,5111.993829459712,2876.2504826773556,CASH,no_eligible_candidates,0.0,10546.383813896977,False
2023-08-22 00:00:00+00:00,7271.245214392472,0.0,False,0.0,,0,2876.2504826773525,0.0,False,0.0,CASH,leveraged_contract,,,,False,False,0.0,5111.993829459712,2876.2504826773556,CASH,no_eligible_candidates,0.0,10546.383813896977,False
2023-08-23 00:00:00+00:00,7271.245214392472,0.0,False,0.0,,0,2876.2504826773525,0.0,False,0.0,CASH,leveraged_contract,,,,False,False,0.0,5111.993829459712,2876.2504826773556,CASH,no_eligible_candidates,0.0,10546.383813896977,False
2023-08-24 00:00:00+00:00,7271.245214392472,0.0,False,0.0,,0,2876.2504826773525,0.0,False,0.0,CASH,leveraged_contract,,,,False,False,0.0,5111.993829459712,2876.2504826773556,CASH,no_eligible_candidates,0.0,10546.383813896977,False
2023-08-25 00:00:00+00:00,7271.245214392472,0.0,False,0.0,,0,2876.2504826773525,0.0,False,0.0,CASH,leveraged_contract,,,,False,False,0.0,5111.993829459712,2876.2504826773556,CASH,no_eligible_candidates,0.0,10546.383813896977,False
2023-08-28 00:00:00+00:00,7271.245214392472,0.0,False,0.0,,0,2876.2504826773525,0.0,False,0.0,CASH,leveraged_contract,,,,False,False,0.0,5111.993829459712,2876.2504826773556,CASH,no_eligible_candidates,0.0,10546.383813896977,False
2023-08-29 00:00:00+00:00,7271.245214392472,0.0,False,0.0,,0,3445.321367355426,0.19785164334795868,True,106.0,QQQ_USDT_LONG,leveraged_contract,,,,False,False,10.0,5111.993829459712,3445.32136735543,CASH,no_eligible_candidates,0.0,10546.383813896977,False
2023-08-30 00:00:00+00:00,7271.245214392472,0.0,False,0.0,,0,3610.0223563960762,0.047804245665208356,True,122.0,QQQ_USDT_LONG,leveraged_contract,,,,False,False,10.0,5111.993829459712,3610.0223563960803,QQQ_PROXY,best_route_score,0.047804245665208356,11039.495190879468,True
2023-08-31 00:00:00+00:00,7271.245214392472,0.0,False,0.0,,0,3667.615171363956,0.01595358955764903,True,122.0,QQQ_USDT_LONG,leveraged_contract,,,,False,False,10.0,5111.993829459712,3667.6151713639606,QQQ_PROXY,hold_current_no_challenger,0.01595358955764903,11215.614766078399,False
2023-09-01 00:00:00+00:00,7271.245214392472,0.0,False,0.0,,0,3625.706989767643,-0.011426548216815213,True,106.0,QQQ_USDT_LONG,leveraged_contract,,,,False,False,10.0,5111.993829459712,3625.706989767647,QQQ_PROXY,hold_current_no_challenger,-0.011426548216815213,11087.45900317258,False
2023-09-05 00:00:00+00:00,7271.245214392472,0.0,False,0.0,,0,3666.5975435608575,0.011277953212605052,True,112.0,QQQ_USDT_LONG,leveraged_contract,,,,False,False,10.0,5111.993829459712,3666.5975435608616,QQQ_PROXY,hold_current_no_challenger,0.011277953212605052,11212.502847057038,False
2023-09-06 00:00:00+00:00,7271.245214392472,0.0,False,0.0,,0,3402.4394160773036,-0.07204448384237283,True,112.0,QQQ_USDT_LONG,leveraged_contract,,,,False,False,10.0,5111.993829459712,3402.439416077307,QQQ_PROXY,hold_current_no_challenger,-0.07204448384237283,10404.703866859678,False
2023-09-07 00:00:00+00:00,7271.245214392472,0.0,False,0.0,,0,3175.204674444581,-0.06678583035424124,True,106.0,QQQ_USDT_LONG,leveraged_contract,,,,False,False,10.0,5111.993829459712,3175.2046744445847,QQQ_PROXY,hold_current_no_challenger,-0.06678583035424124,9709.81707952147,False
2023-09-08 00:00:00+00:00,7271.245214392472,0.0,False,0.0,,0,3198.572768377037,0.00735955515577702,True,112.0,QQQ_USDT_LONG,leveraged_contract,,,,False,False,10.0,5111.993829459712,3198.5727683770406,QQQ_PROXY,hold_current_no_challenger,0.00735955515577702,9781.277013870715,False
2023-09-11 00:00:00+00:00,7271.245214392472,0.0,False,0.0,,0,3166.5870406932663,-0.01000000000000012,True,112.0,QQQ_USDT_LONG,leveraged_contract,,,,False,False,10.0,5111.993829459712,3166.58704069327,QQQ_PROXY,hold_current_no_challenger,-0.01000000000000012,9683.464243732007,False
2023-09-12 00:00:00+00:00,7271.245214392472,0.0,False,0.0,,0,3166.5870406932663,0.0,False,0.0,CASH,leveraged_contract,,,,False,False,0.0,5111.993829459712,3166.58704069327,CASH,no_eligible_candidates,0.0,9673.780779488276,True
2023-09-13 00:00:00+00:00,7271.245214392472,0.0,False,0.0,,0,3232.705071962635,0.020879903321682658,True,112.0,QQQ_USDT_LONG,leveraged_contract,,,,False,False,10.0,5111.993829459712,3232.7050719626386,CASH,no_eligible_candidates,0.0,9673.780779488276,False
2023-09-14 00:00:00+00:00,7271.245214392472,0.0,True,105.1,BULL,1,3200.378021243009,-0.009999999999999898,True,112.0,QQQ_USDT_LONG,leveraged_contract,,,,False,False,10.0,5111.993829459712,3200.3780212430124,BTC,best_route_score,0.0,9664.106998708787,True
2023-09-15 00:00:00+00:00,7054.467580815789,-0.02981299999999998,True,105.1,BULL,1,3200.378021243009,0.0,False,0.0,CASH,leveraged_contract,,,,False,False,0.0,4959.58995742203,3200.3780212430124,BTC,hold_current_no_challenger,-0.02981299999999998,9375.990976756282,False
2023-09-18 00:00:00+00:00,6843.299148251649,-0.029934000000000016,True,113.4,BULL,1,3234.8014992491308,0.010756066245184437,True,112.0,QQQ_USDT_LONG,leveraged_contract,,,,False,False,10.0,4811.129591636559,3234.8014992491344,BTC,hold_current_no_challenger,-0.029934000000000016,9095.33006285806,False
2023-09-19 00:00:00+00:00,6843.299148251649,0.0,True,119.8,BULL,1,3132.0378164358904,-0.031768157284795984,True,112.0,QQQ_USDT_LONG,leveraged_contract,,,,False,False,10.0,4811.129591636559,3132.037816435894,BTC,hold_current_no_challenger,0.0,9095.33006285806,False
2023-09-20 00:00:00+00:00,6843.299148251649,0.0,True,119.8,BULL,1,3100.7174382715316,-0.010000000000000009,True,106.0,QQQ_USDT_LONG,leveraged_contract,,,,False,False,10.0,4811.129591636559,3100.7174382715352,BTC,hold_current_no_challenger,0.0,9095.33006285806,False
2023-09-21 00:00:00+00:00,6619.701191881675,-0.03267399999999998,True,119.8,BULL,1,3100.7174382715316,0.0,False,0.0,CASH,leveraged_contract,,,,False,False,0.0,4653.930743359426,3100.7174382715352,BTC,hold_current_no_challenger,-0.03267399999999998,8798.149248384236,False
2023-09-22 00:00:00+00:00,6619.701191881675,0.0,False,0.0,,0,3100.7174382715316,0.0,False,0.0,CASH,leveraged_contract,,,,False,False,0.0,4653.930743359426,3100.7174382715352,CASH,no_eligible_candidates,0.0,8789.35109913585,True
2023-09-25 00:00:00+00:00,6619.701191881675,0.0,False,0.0,,0,3100.7174382715316,0.0,False,0.0,CASH,leveraged_contract,,,,False,False,0.0,4653.930743359426,3100.7174382715352,CASH,no_eligible_candidates,0.0,8789.35109913585,False
2023-09-26 00:00:00+00:00,6619.701191881675,0.0,False,0.0,,0,2589.201733719585,-0.16496688741721877,True,106.0,QQQ_USDT_LONG,leveraged_contract,,,,False,False,10.0,4653.930743359426,2589.201733719588,CASH,no_eligible_candidates,0.0,8789.35109913585,False
2023-09-27 00:00:00+00:00,6619.701191881675,0.0,False,0.0,,0,2613.378928564252,0.00933770224614161,True,106.0,QQQ_USDT_LONG,leveraged_contract,,,,False,False,10.0,4653.930743359426,2613.3789285642547,CASH,no_eligible_candidates,0.0,8789.35109913585,False
2023-09-28 00:00:00+00:00,6619.701191881675,0.0,True,106.4,BULL,1,2767.731483322917,0.05906244711457287,True,106.0,QQQ_USDT_LONG,leveraged_contract,,,,False,False,10.0,4653.930743359426,2767.73148332292,BTC,best_route_score,0.0,8780.561748036715,True
2023-09-29 00:00:00+00:00,6450.9914873053785,-0.02548600000000001,True,106.4,BULL,1,2749.126761222136,-0.006722011225758218,True,106.0,QQQ_USDT_LONG,leveraged_contract,,,,False,False,10.0,4535.320664434167,2749.126761222139,BTC,hold_current_no_challenger,-0.02548600000000001,8556.780351326252,False
2023-10-02 00:00:00+00:00,6758.2701610909,-0.04521700000000006,True,115.2,BULL,1,2785.408253727403,0.01319746074172956,True,106.0,QQQ_USDT_LONG,leveraged_contract,,,,False,False,10.0,4330.247069950447,2785.4082537274066,BTC,hold_current_no_challenger,-0.04521700000000006,8169.8684141803315,False
2023-10-03 00:00:00+00:00,6758.2701610909,0.0,False,0.0,,0,2274.3923627536983,-0.18346175656292707,True,106.0,QQQ_USDT_LONG,leveraged_contract,,,,False,False,10.0,4330.247069950447,2274.3923627537015,CASH,no_eligible_candidates,0.0,8161.698545766151,True
2023-10-04 00:00:00+00:00,6758.2701610909,0.0,False,0.0,,0,2599.0019260385643,0.14272364285107253,True,106.0,QQQ_USDT_LONG,leveraged_contract,,,,False,False,10.0,4330.247069950447,2599.001926038568,CASH,no_eligible_candidates,0.0,8161.698545766151,False
2023-10-05 00:00:00+00:00,6758.2701610909,0.0,False,0.0,,0,2527.064175619797,-0.027678990807219583,True,106.0,QQQ_USDT_LONG,leveraged_contract,,,,False,False,10.0,4330.247069950447,2527.0641756198,CASH,no_eligible_candidates,0.0,8161.698545766151,False
2023-10-06 00:00:00+00:00,6758.2701610909,0.0,False,0.0,,0,2966.4241509484596,0.17386181940587386,True,112.0,QQQ_USDT_LONG,leveraged_contract,,,,False,False,10.0,4330.247069950447,2966.4241509484636,CASH,no_eligible_candidates,0.0,8161.698545766151,False
2023-10-09 00:00:00+00:00,6758.2701610909,0.0,False,0.0,,0,3255.862653733775,0.09757151643090989,True,112.0,QQQ_USDT_LONG,leveraged_contract,,,,False,False,10.0,4330.247069950447,3255.8626537337796,CASH,no_eligible_candidates,0.0,8161.698545766151,False
2023-10-10 00:00:00+00:00,6758.2701610909,0.0,False,0.0,,0,3414.943890886891,0.04885993485342022,True,112.0,QQQ_USDT_LONG,leveraged_contract,,,,False,False,10.0,4330.247069950447,3414.943890886896,CASH,no_eligible_candidates,0.0,8161.698545766151,False
2023-10-11 00:00:00+00:00,6758.2701610909,0.0,False,0.0,,0,3633.374269485718,0.06396309443962744,True,106.0,QQQ_USDT_LONG,leveraged_contract,,,,False,False,10.0,4330.247069950447,3633.3742694857233,CASH,no_eligible_candidates,0.0,8161.698545766151,False
2023-10-12 00:00:00+00:00,6758.2701610909,0.0,False,0.0,,0,3415.2421131154906,-0.06003569690085975,True,106.0,QQQ_USDT_LONG,leveraged_contract,,,,False,False,10.0,4330.247069950447,3415.2421131154956,CASH,no_eligible_candidates,0.0,8161.698545766151,False
2023-10-13 00:00:00+00:00,6758.2701610909,0.0,False,0.0,,0,2961.1468504247546,-0.1329613677890895,True,112.0,QQQ_USDT_LONG,leveraged_contract,,,,False,False,10.0,4330.247069950447,2961.1468504247587,CASH,no_eligible_candidates,0.0,8161.698545766151,False
2023-10-16 00:00:00+00:00,7441.828638264277,0.1011439999999999,True,98.1,BULL,1,2931.535381920507,-0.010000000000000009,True,112.0,QQQ_USDT_LONG,leveraged_contract,,,,False,False,10.0,4768.225579593514,2931.5353819205116,BTC,best_route_score,0.1011439999999999,8978.218178095643,True
2023-10-17 00:00:00+00:00,7441.828638264277,0.0,True,110.3,BULL,1,2931.535381920507,0.0,False,0.0,CASH,leveraged_contract,,,,False,False,0.0,4768.225579593514,2931.5353819205116,BTC,hold_current_no_challenger,0.0,8978.218178095643,False
2023-10-18 00:00:00+00:00,7441.828638264277,0.0,True,110.3,BULL,1,2931.535381920507,0.0,False,0.0,CASH,leveraged_contract,,,,False,False,0.0,4768.225579593514,2931.5353819205116,BTC,hold_current_no_challenger,0.0,8978.218178095643,False
2023-10-19 00:00:00+00:00,7441.828638264277,0.0,True,110.3,BULL,1,2931.535381920507,0.0,False,0.0,CASH,leveraged_contract,,,,False,False,0.0,4768.225579593514,2931.5353819205116,BTC,hold_current_no_challenger,0.0,8978.218178095643,False
2023-10-20 00:00:00+00:00,7916.587538070985,0.06379599999999996,True,110.3,BULL,1,2931.535381920507,0.0,False,0.0,CASH,leveraged_contract,,,,False,False,0.0,5072.419298669262,2931.5353819205116,BTC,hold_current_no_challenger,0.06379599999999996,9550.992584985433,False
2023-10-23 00:00:00+00:00,15704.243708204207,0.715329833308,True,134.35,BULL,1,2931.535381920507,0.0,False,0.0,CASH,leveraged_contract,,,,False,False,0.0,8700.872150054629,2931.5353819205116,BTC,hold_current_no_challenger,0.715329833308,16383.102518729009,False
2023-10-24 00:00:00+00:00,15704.243708204207,0.0,False,0.0,,0,2931.535381920507,0.0,False,0.0,CASH,leveraged_contract,,,,False,False,0.0,8700.872150054629,2931.5353819205116,CASH,no_eligible_candidates,0.0,16366.71941621028,True
2023-10-25 00:00:00+00:00,14070.703981920515,-0.10401899999999997,True,134.25,BULL,1,2931.535381920507,0.0,False,0.0,CASH,leveraged_contract,,,,False,False,0.0,7795.816129878096,2931.5353819205116,BTC,best_route_score,-0.10401899999999997,14649.605359626248,True
2023-10-26 00:00:00+00:00,14070.703981920515,0.0,False,0.0,,0,2931.535381920507,0.0,False,0.0,CASH,leveraged_contract,,,,False,False,0.0,7795.816129878096,2931.5353819205116,CASH,no_eligible_candidates,0.0,14634.955754266623,True
2023-10-27 00:00:00+00:00,14070.703981920515,0.0,False,0.0,,0,2931.535381920507,0.0,False,0.0,CASH,leveraged_contract,,,,False,False,0.0,7795.816129878096,2931.5353819205116,CASH,no_eligible_candidates,0.0,14634.955754266623,False
2023-10-30 00:00:00+00:00,14070.703981920515,0.0,True,121.4,BULL,1,2931.535381920507,0.0,False,0.0,CASH,leveraged_contract,,,,False,False,0.0,7795.816129878096,2931.5353819205116,BTC,best_route_score,0.0,14620.320798512355,True
2023-10-31 00:00:00+00:00,14070.703981920515,0.0,True,121.4,BULL,1,2931.535381920507,0.0,False,0.0,CASH,leveraged_contract,,,,False,False,0.0,7795.816129878096,2931.5353819205116,BTC,hold_current_no_challenger,0.0,14620.320798512355,False
2023-11-01 00:00:00+00:00,14744.254510831068,0.04786899999999994,True,121.4,BULL,1,2931.535381920507,0.0,False,0.0,CASH,leveraged_contract,,,,False,False,0.0,8168.994052199229,2931.5353819205116,BTC,hold_current_no_challenger,0.04786899999999994,15320.180934816342,False
2023-11-02 00:00:00+00:00,12481.306328508716,-0.15347999999999995,True,147.15,BULL,1,2931.535381920507,0.0,False,0.0,CASH,leveraged_contract,,,,False,False,0.0,6915.216845067693,2931.5353819205116,BTC,hold_current_no_challenger,-0.15347999999999995,12968.83956494073,False
2023-11-03 00:00:00+00:00,12481.306328508716,0.0,False,0.0,,0,2931.535381920507,0.0,False,0.0,CASH,leveraged_contract,,,,False,False,0.0,6915.216845067693,2931.5353819205116,CASH,no_eligible_candidates,0.0,12955.87072537579,True
2023-11-06 00:00:00+00:00,12481.306328508716,0.0,True,108.3,BULL,1,2931.535381920507,0.0,False,0.0,CASH,leveraged_contract,,,,False,False,0.0,6915.216845067693,2931.5353819205116,BTC,best_route_score,0.0,12942.914854650413,True
2023-11-07 00:00:00+00:00,12481.306328508716,0.0,True,108.3,BULL,1,3205.9850885516025,0.09361978310877417,True,112.0,QQQ_USDT_LONG,leveraged_contract,,,,False,False,10.0,6915.216845067693,3205.985088551607,BTC,hold_current_no_challenger,0.0,12942.914854650413,False
2023-11-08 00:00:00+00:00,12481.306328508716,0.0,True,108.3,BULL,1,3234.1388638039616,0.008781630130749729,True,106.0,QQQ_USDT_LONG,leveraged_contract,,,,False,False,10.0,6915.216845067693,3234.138863803966,BTC,hold_current_no_challenger,0.0,12942.914854650413,False
2023-11-09 00:00:00+00:00,15324.761246771572,0.227817092492,True,119.7,BULL,1,3023.0050120521687,-0.0652828652828652,True,106.0,QQQ_USDT_LONG,leveraged_contract,,,,False,False,10.0,8490.621440662715,3023.0050120521732,BTC,hold_current_no_challenger,0.227817092492,15891.532085208386,False
2023-11-10 00:00:00+00:00,15324.761246771572,0.0,True,116.2,BULL,1,3699.7491157679424,0.22386469788098884,True,112.0,QQQ_USDT_LONG,leveraged_contract,,,,False,False,10.0,8490.621440662715,3699.7491157679483,BTC,hold_current_no_challenger,0.0,15891.532085208386,False
2023-11-13 00:00:00+00:00,15324.761246771572,0.0,True,116.2,BULL,1,3606.5803594642157,-0.025182452482156448,True,112.0,QQQ_USDT_LONG,leveraged_contract,,,,False,False,10.0,8490.621440662715,3606.5803594642216,BTC,hold_current_no_challenger,0.0,15891.532085208386,False
2023-11-14 00:00:00+00:00,14602.520573972475,-0.047128999999999976,True,116.2,BULL,1,4352.445657482992,0.20680678750482073,True,122.0,QQQ_USDT_LONG,leveraged_contract,,,,False,False,10.0,8090.466942785721,4352.445657482999,QQQ_PROXY,best_route_score,0.20680678750482073,19158.830775495837,True
2023-11-15 00:00:00+00:00,16546.04304976534,0.13309499999999996,True,108.6,BULL,1,4336.700729813581,-0.0036174897766594327,True,106.0,QQQ_USDT_LONG,leveraged_contract,,,,False,False,10.0,9167.267640535785,4336.700729813589,QQQ_PROXY,hold_current_hysteresis,-0.0036174897766594327,19089.52390103273,False
2023-11-16 00:00:00+00:00,16546.04304976534,0.0,False,0.0,,0,4475.585713824838,0.03202549418650502,True,112.0,QQQ_USDT_LONG,leveraged_contract,,,,False,False,10.0,9167.267640535785,4475.585713824846,QQQ_PROXY,hold_current_no_challenger,0.03202549418650502,19700.875337748403,False
2023-11-17 00:00:00+00:00,16546.04304976534,0.0,False,0.0,,0,4469.955249496457,-0.001258039659700616,True,112.0,QQQ_USDT_LONG,leveraged_contract,,,,False,False,10.0,9167.267640535785,4469.955249496465,QQQ_PROXY,hold_current_no_challenger,-0.001258039659700616,19676.0908552427,False
2023-11-20 00:00:00+00:00,16546.04304976534,0.0,True,113.35,BULL,1,5008.487133912045,0.12047813777917638,True,112.0,QQQ_USDT_LONG,leveraged_contract,,,,False,False,10.0,9167.267640535785,5008.487133912053,QQQ_PROXY,hold_current_hysteresis,0.12047813777917638,22046.629640256222,False
2023-11-21 00:00:00+00:00,16017.13223763654,-0.03196600000000005,True,113.35,BULL,1,4705.7207788084315,-0.06045066045065939,True,106.0,QQQ_USDT_LONG,leveraged_contract,,,,False,False,10.0,8874.226763138418,4705.72077880844,BTC,best_route_score,-0.03196600000000005,21320.545190098615,True
2023-11-22 00:00:00+00:00,16017.13223763654,0.0,False,0.0,,0,4947.383622355254,0.05135511750614663,True,106.0,QQQ_USDT_LONG,leveraged_contract,,,,False,False,10.0,8874.226763138418,4947.383622355263,CASH,no_eligible_candidates,0.0,21299.224644908518,True
2023-11-23 00:00:00+00:00,16017.13223763654,0.0,False,0.0,,0,5026.823114942997,0.0160568693781471,True,112.0,QQQ_USDT_LONG,leveraged_contract,,,,False,False,10.0,8874.226763138418,5026.823114943006,CASH,no_eligible_candidates,0.0,21299.224644908518,False
2023-11-24 00:00:00+00:00,16017.13223763654,0.0,False,0.0,,0,4977.45372023375,-0.009821191949740404,True,112.0,QQQ_USDT_LONG,leveraged_contract,,,,False,False,10.0,8874.226763138418,4977.453720233759,CASH,no_eligible_candidates,0.0,21299.224644908518,False
2023-11-27 00:00:00+00:00,16017.13223763654,0.0,False,0.0,,0,4979.785735657399,0.0004685157421291386,True,112.0,QQQ_USDT_LONG,leveraged_contract,,,,False,False,10.0,8874.226763138418,4979.785735657408,CASH,no_eligible_candidates,0.0,21299.224644908518,False
2023-11-28 00:00:00+00:00,16017.13223763654,0.0,False,0.0,,0,5112.795741873701,0.026709985785913215,True,112.0,QQQ_USDT_LONG,leveraged_contract,,,,False,False,10.0,8874.226763138418,5112.7957418737105,CASH,no_eligible_candidates,0.0,21299.224644908518,False
2023-11-29 00:00:00+00:00,16017.13223763654,0.0,False,0.0,,0,5011.689413945889,-0.019775154931333083,True,106.0,QQQ_USDT_LONG,leveraged_contract,,,,False,False,10.0,8874.226763138418,5011.689413945897,CASH,no_eligible_candidates,0.0,21299.224644908518,False
2023-11-30 00:00:00+00:00,16017.13223763654,0.0,False,0.0,,0,4840.625998217623,-0.03413288446252316,True,112.0,QQQ_USDT_LONG,leveraged_contract,,,,False,False,10.0,8874.226763138418,4840.6259982176325,CASH,no_eligible_candidates,0.0,21299.224644908518,False
2023-12-01 00:00:00+00:00,16017.13223763654,0.0,True,103.4,BULL,1,5049.208284258026,0.04308994045753689,True,112.0,QQQ_USDT_LONG,leveraged_contract,,,,False,False,10.0,8874.226763138418,5049.208284258035,BTC,best_route_score,0.0,21277.925420263608,True
2023-12-04 00:00:00+00:00,24139.841152953555,0.43009562352999997,True,147.15,BULL,1,4567.040722473309,-0.0954936961677687,True,112.0,QQQ_USDT_LONG,leveraged_contract,,,,False,False,10.0,12690.99285617705,4567.040722473317,BTC,hold_current_no_challenger,0.43009562352999997,30429.46802131672,False
2023-12-05 00:00:00+00:00,24139.841152953555,0.0,False,0.0,,0,4698.035539344085,0.02868264699856571,True,112.0,QQQ_USDT_LONG,leveraged_contract,,,,False,False,10.0,12690.99285617705,4698.035539344094,CASH,no_eligible_candidates,0.0,30399.038553295402,True
2023-12-06 00:00:00+00:00,24139.841152953555,0.0,False,0.0,,0,4456.440014816573,-0.05142479713153514,True,112.0,QQQ_USDT_LONG,leveraged_contract,,,,False,False,10.0,12690.99285617705,4456.440014816581,CASH,no_eligible_candidates,0.0,30399.038553295402,False
2023-12-07 00:00:00+00:00,24139.841152953555,0.0,False,0.0,,0,5088.364307916337,0.14180024660912505,True,112.0,QQQ_USDT_LONG,leveraged_contract,,,,False,False,10.0,12690.99285617705,5088.364307916345,CASH,no_eligible_candidates,0.0,30399.038553295402,False
2023-12-08 00:00:00+00:00,24139.841152953555,0.0,False,0.0,,0,5344.887122253306,0.05041361011393741,True,112.0,QQQ_USDT_LONG,leveraged_contract,,,,False,False,10.0,12690.99285617705,5344.887122253315,CASH,no_eligible_candidates,0.0,30399.038553295402,False
2023-12-11 00:00:00+00:00,24139.841152953555,0.0,False,0.0,,0,5823.1470772675775,0.08947989809233725,True,122.0,QQQ_USDT_LONG,leveraged_contract,,,,False,False,10.0,12690.99285617705,5823.1470772675875,QQQ_PROXY,best_route_score,0.08947989809233725,33086.02228372415,True
2023-12-12 00:00:00+00:00,24139.841152953555,0.0,False,0.0,,0,6263.28950567558,0.07558497536945818,True,122.0,QQQ_USDT_LONG,leveraged_contract,,,,False,False,10.0,12690.99285617705,6263.289505675591,QQQ_PROXY,hold_current_no_challenger,0.07558497536945818,35586.82846311279,False
2023-12-13 00:00:00+00:00,26010.12362596094,0.07747700000000002,True,115.1,BULL,1,6954.304324787375,0.11032777879509181,True,122.0,QQQ_USDT_LONG,leveraged_contract,,,,False,False,10.0,13674.25290969508,6954.304324787387,QQQ_PROXY,hold_current_hysteresis,0.11032777879509181,39513.04420180998,False
2023-12-14 00:00:00+00:00,24490.11801138341,-0.05843900000000002,True,119.7,BULL,1,6891.318143057571,-0.009057150620415122,True,96.0,QQQ_USDT_LONG,leveraged_contract,,,,False,True,7.5,12875.14324390541,6891.318143057582,BTC,best_route_score,-0.05843900000000002,37166.7374702887,True
2023-12-15 00:00:00+00:00,23835.84001859129,-0.026715999999999962,True,87.6,BULL,1,6884.222999304647,-0.0010295771586271707,True,102.0,QQQ_USDT_LONG,leveraged_contract,,,,False,True,7.5,12531.170917001233,6884.222999304658,BTC,hold_current_no_challenger,-0.026715999999999962,36173.79091203247,False
2023-12-18 00:00:00+00:00,23835.84001859129,0.0,True,125.8,BULL,1,7373.314807343698,0.07104531740015574,True,122.0,QQQ_USDT_LONG,leveraged_contract,,,,False,False,10.0,12531.170917001233,7373.31480734371,BTC,hold_current_hysteresis,0.0,36173.79091203247,False
2023-12-19 00:00:00+00:00,23549.809938368195,-0.01200000000000001,True,125.8,BULL,1,7719.817453902685,0.04699414789856471,True,112.0,QQQ_USDT_LONG,leveraged_contract,,,,False,True,7.5,12380.79686599722,7719.817453902698,BTC,hold_current_no_challenger,-0.01200000000000001,35739.70542108808,False
2023-12-20 00:00:00+00:00,23760.75217380999,0.008957279739999935,True,122.8,BULL,1,6551.0069811915655,-0.15140390037593932,True,106.0,QQQ_USDT_LONG,leveraged_contract,,,,False,False,10.0,12491.69512693007,6551.006981191576,BTC,hold_current_no_challenger,0.008957279739999935,36059.83596036996,False
2023-12-21 00:00:00+00:00,23760.75217380999,0.0,True,104.0,BULL,1,7199.66016421332,0.09901579785887682,True,112.0,QQQ_USDT_LONG,leveraged_contract,,,,False,False,10.0,12491.69512693007,7199.660164213333,BTC,hold_current_no_challenger,0.0,36059.83596036996,False
2023-12-22 00:00:00+00:00,23760.75217380999,0.0,True,104.0,BULL,1,7276.089677633839,0.01061571125265326,True,102.0,QQQ_USDT_LONG,leveraged_contract,,,,False,True,7.5,12491.69512693007,7276.089677633851,BTC,hold_current_no_challenger,0.0,36059.83596036996,False
2023-12-26 00:00:00+00:00,25276.797564296627,0.10257899999999998,True,60.0,BEAR,1,7658.883749801495,0.05260986177016713,True,112.0,QQQ_USDT_LONG,leveraged_contract,,,,False,True,7.5,13773.080721355429,7658.883749801508,BTC,hold_current_no_challenger,0.10257899999999998,39758.817873348744,False
2023-12-27 00:00:00+00:00,25276.797564296627,0.0,False,0.0,,0,7761.95674536647,0.013457965799212879,True,112.0,QQQ_USDT_LONG,leveraged_contract,,,,False,False,10.0,13773.080721355429,7761.956745366485,CASH,no_eligible_candidates,0.0,39719.059055475394,True
2023-12-28 00:00:00+00:00,25276.797564296627,0.0,False,0.0,,0,7596.538738006229,-0.021311379692883214,True,106.0,QQQ_USDT_LONG,leveraged_contract,,,,False,False,10.0,13773.080721355429,7596.538738006244,CASH,no_eligible_candidates,0.0,39719.059055475394,False
2023-12-29 00:00:00+00:00,25276.797564296627,0.0,False,0.0,,0,7299.838010537682,-0.03905735726510873,True,112.0,QQQ_USDT_LONG,leveraged_contract,,,,False,False,10.0,13773.080721355429,7299.8380105376955,CASH,no_eligible_candidates,0.0,39719.059055475394,False
2024-01-02 00:00:00+00:00,25276.797564296627,0.0,False,0.0,,0,6017.3586844017345,-0.17568599800223295,True,112.0,QQQ_USDT_LONG,leveraged_contract,,,,False,False,10.0,13773.080721355429,6017.358684401745,CASH,no_eligible_candidates,0.0,39719.059055475394,False
2024-01-03 00:00:00+00:00,25276.797564296627,0.0,False,0.0,,0,5302.7934082729535,-0.1187506535020233,True,106.0,QQQ_USDT_LONG,leveraged_contract,,,,False,False,10.0,13773.080721355429,5302.7934082729635,CASH,no_eligible_candidates,0.0,39719.059055475394,False
2024-01-04 00:00:00+00:00,25276.797564296627,0.0,False,0.0,,0,4981.489687157012,-0.060591408410267666,True,106.0,QQQ_USDT_LONG,leveraged_contract,,,,False,False,10.0,13773.080721355429,4981.489687157021,CASH,no_eligible_candidates,0.0,39719.059055475394,False
2024-01-05 00:00:00+00:00,25276.797564296627,0.0,False,0.0,,0,4852.911852887259,-0.025811121239745827,True,106.0,QQQ_USDT_LONG,leveraged_contract,,,,False,False,10.0,13773.080721355429,4852.911852887267,CASH,no_eligible_candidates,0.0,39719.059055475394,False
2024-01-08 00:00:00+00:00,25276.797564296627,0.0,True,107.4,BULL,1,4852.911852887259,0.0,True,72.0,QQQ_USDT_LONG,leveraged_contract,,,,False,False,0.0,13773.080721355429,4852.911852887267,BTC,best_route_score,0.0,39679.33999641992,True
2024-01-09 00:00:00+00:00,24388.3181299116,-0.035150000000000015,True,107.4,BULL,1,4852.911852887259,0.0,True,72.0,QQQ_USDT_LONG,leveraged_contract,,,,False,False,0.0,13288.956933999785,4852.911852887267,BTC,hold_current_no_challenger,-0.035150000000000015,38284.61119554576,False
2024-01-10 00:00:00+00:00,24388.3181299116,0.0,False,0.0,,0,4852.911852887259,0.0,True,72.0,QQQ_USDT_LONG,leveraged_contract,,,,False,False,0.0,13288.956933999785,4852.911852887267,CASH,no_eligible_candidates,0.0,38246.326584350216,True
2024-01-11 00:00:00+00:00,24388.3181299116,0.0,False,0.0,,0,4852.911852887259,0.0,True,72.0,QQQ_USDT_LONG,leveraged_contract,,,,False,False,0.0,13288.956933999785,4852.911852887267,CASH,no_eligible_candidates,0.0,38246.326584350216,False
2024-01-12 00:00:00+00:00,24388.3181299116,0.0,False,0.0,,0,4852.911852887259,0.0,True,72.0,QQQ_USDT_LONG,leveraged_contract,,,,False,False,0.0,13288.956933999785,4852.911852887267,CASH,no_eligible_candidates,0.0,38246.326584350216,False
2024-01-16 00:00:00+00:00,24388.3181299116,0.0,True,80.7,BULL,1,4852.911852887259,0.0,True,72.0,QQQ_USDT_LONG,leveraged_contract,,,,False,False,0.0,13288.956933999785,4852.911852887267,BTC,best_route_score,0.0,38208.08025776587,True
2024-01-17 00:00:00+00:00,23649.035042439587,-0.030313000000000145,True,80.7,BULL,1,4852.911852887259,0.0,True,72.0,QQQ_USDT_LONG,leveraged_contract,,,,False,False,0.0,12886.128782459447,4852.911852887267,BTC,hold_current_no_challenger,-0.030313000000000145,37049.87872091221,False
2024-01-18 00:00:00+00:00,23649.035042439587,0.0,False,0.0,,0,4852.911852887259,0.0,True,72.0,QQQ_USDT_LONG,leveraged_contract,,,,False,False,0.0,12886.128782459447,4852.911852887267,CASH,no_eligible_candidates,0.0,37012.828842191295,True
2024-01-19 00:00:00+00:00,25831.88827492685,0.0923020000000001,True,60.0,BEAR,1,4852.911852887259,0.0,True,82.0,QQQ_USDT_LONG,leveraged_contract,,,,False,False,0.0,14075.54424133802,4852.911852887267,BTC,best_route_score,0.0923020000000001,40388.75778301326,True
2024-01-22 00:00:00+00:00,25831.88827492685,0.0,False,0.0,,0,4852.911852887259,0.0,True,66.0,QQQ_USDT_LONG,leveraged_contract,,,,False,False,0.0,14075.54424133802,4852.911852887267,CASH,no_eligible_candidates,0.0,40348.36902523025,True
2024-01-23 00:00:00+00:00,25831.88827492685,0.0,False,0.0,,0,4852.911852887259,0.0,True,72.0,QQQ_USDT_LONG,leveraged_contract,,,,False,False,0.0,14075.54424133802,4852.911852887267,CASH,no_eligible_candidates,0.0,40348.36902523025,False
2024-01-24 00:00:00+00:00,25831.88827492685,0.0,False,0.0,,0,4852.911852887259,0.0,True,72.0,QQQ_USDT_LONG,leveraged_contract,,,,False,False,0.0,14075.54424133802,4852.911852887267,CASH,no_eligible_candidates,0.0,40348.36902523025,False
2024-01-25 00:00:00+00:00,25831.88827492685,0.0,False,0.0,,0,4852.911852887259,0.0,True,72.0,QQQ_USDT_LONG,leveraged_contract,,,,False,False,0.0,14075.54424133802,4852.911852887267,CASH,no_eligible_candidates,0.0,40348.36902523025,False
2024-01-26 00:00:00+00:00,25831.88827492685,0.0,False,0.0,,0,4852.911852887259,0.0,True,72.0,QQQ_USDT_LONG,leveraged_contract,,,,False,False,0.0,14075.54424133802,4852.911852887267,CASH,no_eligible_candidates,0.0,40348.36902523025,False
2024-01-29 00:00:00+00:00,25079.741184025806,0.0,True,115.3,BULL,1,4852.911852887259,0.0,True,72.0,QQQ_USDT_LONG,leveraged_contract,,,,False,False,0.0,14075.54424133802,4852.911852887267,BTC,best_route_score,0.0,40308.020656205015,True
2024-01-30 00:00:00+00:00,35612.25022462574,0.419960834656,True,114.7,BULL,1,4852.911852887259,0.0,True,72.0,QQQ_USDT_LONG,leveraged_contract,,,,False,False,0.0,19986.72154916779,4852.911852887267,BTC,hold_current_no_challenger,0.419960834656,57235.81065431616,False
2024-01-31 00:00:00+00:00,35612.25022462574,0.0,False,0.0,,0,4852.911852887259,0.0,True,72.0,QQQ_USDT_LONG,leveraged_contract,,,,False,False,0.0,19986.72154916779,4852.911852887267,CASH,no_eligible_candidates,0.0,57178.574843661845,True
2024-02-01 00:00:00+00:00,35612.25022462574,0.0,False,0.0,,0,4852.911852887259,0.0,True,72.0,QQQ_USDT_LONG,leveraged_contract,,,,False,False,0.0,19986.72154916779,4852.911852887267,CASH,no_eligible_candidates,0.0,57178.574843661845,False
2024-02-02 00:00:00+00:00,34174.40562180648,-0.04037499999999994,True,113.2,BULL,1,4852.911852887259,0.0,True,72.0,QQQ_USDT_LONG,leveraged_contract,,,,False,False,0.0,19179.757666620142,4852.911852887267,BTC,best_route_score,-0.04037499999999994,54815.11989446465,True
2024-02-05 00:00:00+00:00,34013.06825286593,0.0,True,113.2,BULL,1,4852.911852887259,0.0,True,72.0,QQQ_USDT_LONG,leveraged_contract,,,,False,True,0.0,19179.757666620142,4852.911852887267,BTC,hold_current_no_challenger,0.0,54815.11989446465,False
2024-02-06 00:00:00+00:00,34966.99876508581,0.028046000000000015,True,113.2,BULL,1,4852.911852887259,0.0,True,72.0,QQQ_USDT_LONG,leveraged_contract,,,,False,True,0.0,19717.67315013817,4852.911852887267,BTC,hold_current_no_challenger,0.028046000000000015,56352.46474702481,False
2024-02-07 00:00:00+00:00,34966.99876508581,0.0,True,114.4,BULL,1,4852.911852887259,0.0,True,72.0,QQQ_USDT_LONG,leveraged_contract,,,,False,False,0.0,19717.67315013817,4852.911852887267,BTC,hold_current_no_challenger,0.0,56352.46474702481,False
2024-02-08 00:00:00+00:00,37101.52423770171,0.0610440000000001,True,114.4,BULL,1,4852.911852887259,0.0,True,66.0,QQQ_USDT_LONG,leveraged_contract,,,,False,False,0.0,20921.318789915204,4852.911852887267,BTC,hold_current_no_challenger,0.0610440000000001,59792.4446050422,False
2024-02-09 00:00:00+00:00,47820.84562233575,0.28891862544400015,True,149.65,BULL,1,4852.911852887259,0.0,True,82.0,QQQ_USDT_LONG,leveraged_contract,,,,False,False,0.0,26965.87745717324,4852.911852887267,BTC,hold_current_no_challenger,0.28891862544400015,77067.59551226751,False
2024-02-12 00:00:00+00:00,47820.84562233575,0.0,False,0.0,,0,4852.911852887259,0.0,True,66.0,QQQ_USDT_LONG,leveraged_contract,,,,False,False,0.0,26965.87745717324,4852.911852887267,CASH,no_eligible_candidates,0.0,76990.52791675524,True
2024-02-13 00:00:00+00:00,47820.84562233575,0.0,False,0.0,,0,4852.911852887259,0.0,True,72.0,QQQ_USDT_LONG,leveraged_contract,,,,False,False,0.0,26965.87745717324,4852.911852887267,CASH,no_eligible_candidates,0.0,76990.52791675524,False
2024-02-14 00:00:00+00:00,47820.84562233575,0.0,True,143.65,BULL,1,4852.911852887259,0.0,True,72.0,QQQ_USDT_LONG,leveraged_contract,,,,False,False,0.0,26965.87745717324,4852.911852887267,BTC,best_route_score,0.0,76913.53738883848,True
2024-02-15 00:00:00+00:00,47820.84562233575,0.0,True,143.65,BULL,1,4852.911852887259,0.0,True,72.0,QQQ_USDT_LONG,leveraged_contract,,,,False,True,0.0,26965.87745717324,4852.911852887267,BTC,hold_current_no_challenger,0.0,76913.53738883848,False
2024-02-16 00:00:00+00:00,47820.84562233575,0.0,True,143.65,BULL,1,4852.911852887259,0.0,True,72.0,QQQ_USDT_LONG,leveraged_contract,,,,False,True,0.0,26965.87745717324,4852.911852887267,BTC,hold_current_no_challenger,0.0,76913.53738883848,False
2024-02-20 00:00:00+00:00,41645.59636458667,0.0,False,0.0,,0,4852.911852887259,0.0,True,66.0,QQQ_USDT_LONG,leveraged_contract,,,,False,False,0.0,26965.87745717324,4852.911852887267,CASH,no_eligible_candidates,0.0,76836.62385144964,True
2024-02-21 00:00:00+00:00,41645.59636458667,0.0,False,0.0,,0,4852.911852887259,0.0,True,66.0,QQQ_USDT_LONG,leveraged_contract,,,,False,True,0.0,26965.87745717324,4852.911852887267,CASH,no_eligible_candidates,0.0,76836.62385144964,False
2024-02-22 00:00:00+00:00,41645.59636458667,0.0,False,0.0,,0,4852.911852887259,0.0,True,72.0,QQQ_USDT_LONG,leveraged_contract,,,,False,False,0.0,26965.87745717324,4852.911852887267,CASH,no_eligible_candidates,0.0,76836.62385144964,False
2024-02-23 00:00:00+00:00,41645.59636458667,0.0,False,0.0,,0,4852.911852887259,0.0,True,66.0,QQQ_USDT_LONG,leveraged_contract,,,,False,False,0.0,26965.87745717324,4852.911852887267,CASH,no_eligible_candidates,0.0,76836.62385144964,False
2024-02-26 00:00:00+00:00,41645.59636458667,0.0,False,0.0,,0,4852.911852887259,0.0,True,72.0,QQQ_USDT_LONG,leveraged_contract,,,,False,False,0.0,26965.87745717324,4852.911852887267,CASH,no_eligible_candidates,0.0,76836.62385144964,False
2024-02-27 00:00:00+00:00,52344.80817220901,0.2569110000000001,True,134.95,BULL,1,4852.911852887259,0.0,True,72.0,QQQ_USDT_LONG,leveraged_contract,,,,False,False,0.0,33893.708000573075,4852.911852887267,BTC,best_route_score,0.2569110000000001,96480.22092402769,True
2024-02-28 00:00:00+00:00,69689.62677372768,0.33135700000000035,True,143.75,BULL,1,4852.911852887259,0.0,True,72.0,QQQ_USDT_LONG,leveraged_contract,,,,False,False,0.0,45124.62540251898,4852.911852887267,BTC,hold_current_no_challenger,0.33135700000000035,128449.61748875077,False
2024-02-29 00:00:00+00:00,61057.31208451958,-0.12386799999999998,True,136.65,BULL,1,4852.911852887259,0.0,True,72.0,QQQ_USDT_LONG,leveraged_contract,,,,False,False,0.0,39535.128303159756,4852.911852887267,BTC,hold_current_no_challenger,-0.12386799999999998,112538.82026965418,False
2024-03-01 00:00:00+00:00,61057.31208451958,0.0,False,0.0,,0,4852.911852887259,0.0,True,82.0,QQQ_USDT_LONG,leveraged_contract,,,,False,False,0.0,39535.128303159756,4852.911852887267,CASH,no_eligible_candidates,0.0,112426.28144938454,True
2024-03-04 00:00:00+00:00,95337.28238812566,0.5614392303439999,True,133.75,BULL,1,4852.911852887259,0.0,True,66.0,QQQ_USDT_LONG,leveraged_contract,,,,False,False,0.0,61731.700309237065,4852.911852887267,BTC,best_route_score,0.5614392303439999,175371.25957038812,True
2024-03-05 00:00:00+00:00,95337.28238812566,0.0,False,0.0,,0,4852.911852887259,0.0,True,72.0,QQQ_USDT_LONG,leveraged_contract,,,,False,False,0.0,61731.700309237065,4852.911852887267,CASH,no_eligible_candidates,0.0,175195.88831081774,True
2024-03-06 00:00:00+00:00,95337.28238812566,0.0,False,0.0,,0,4852.911852887259,0.0,True,72.0,QQQ_USDT_LONG,leveraged_contract,,,,False,False,0.0,61731.700309237065,4852.911852887267,CASH,no_eligible_candidates,0.0,175195.88831081774,False
2024-03-07 00:00:00+00:00,95337.28238812566,0.0,False,0.0,,0,4852.911852887259,0.0,True,72.0,QQQ_USDT_LONG,leveraged_contract,,,,False,False,0.0,61731.700309237065,4852.911852887267,CASH,no_eligible_candidates,0.0,175195.88831081774,False
2024-03-08 00:00:00+00:00,95337.28238812566,0.0,False,0.0,,0,4852.911852887259,0.0,True,66.0,QQQ_USDT_LONG,leveraged_contract,,,,False,False,0.0,61731.700309237065,4852.911852887267,CASH,no_eligible_candidates,0.0,175195.88831081774,False
2024-03-11 00:00:00+00:00,95337.28238812566,0.0,False,0.0,,0,4852.911852887259,0.0,True,72.0,QQQ_USDT_LONG,leveraged_contract,,,,False,False,0.0,61731.700309237065,4852.911852887267,CASH,no_eligible_candidates,0.0,175195.88831081774,False
2024-03-12 00:00:00+00:00,95337.28238812566,0.0,False,0.0,,0,4852.911852887259,0.0,True,72.0,QQQ_USDT_LONG,leveraged_contract,,,,False,False,0.0,61731.700309237065,4852.911852887267,CASH,no_eligible_candidates,0.0,175195.88831081774,False
2024-03-13 00:00:00+00:00,95337.28238812566,0.0,True,116.6,BULL,1,4852.911852887259,0.0,True,72.0,QQQ_USDT_LONG,leveraged_contract,,,,False,False,0.0,61731.700309237065,4852.911852887267,BTC,best_route_score,0.0,175020.69242250692,True
2024-03-14 00:00:00+00:00,86425.725254178,-0.09347400000000006,True,116.6,BULL,1,4852.911852887259,0.0,True,72.0,QQQ_USDT_LONG,leveraged_contract,,,,False,False,0.0,55961.391354531435,4852.911852887267,BTC,hold_current_no_challenger,-0.09347400000000006,158660.8082190055,False
2024-03-15 00:00:00+00:00,86425.725254178,0.0,False,0.0,,0,4852.911852887259,0.0,True,66.0,QQQ_USDT_LONG,leveraged_contract,,,,False,False,0.0,55961.391354531435,4852.911852887267,CASH,no_eligible_candidates,0.0,158502.1474107865,True
2024-03-18 00:00:00+00:00,96538.9179205209,0.0,False,0.0,,0,4852.911852887259,0.0,True,72.0,QQQ_USDT_LONG,leveraged_contract,,,,False,False,0.0,55961.391354531435,4852.911852887267,CASH,no_eligible_candidates,0.0,158502.1474107865,False
2024-03-19 00:00:00+00:00,96538.9179205209,0.0,False,0.0,,0,4852.911852887259,0.0,False,0.0,CASH,leveraged_contract,,,,False,False,0.0,55961.391354531435,4852.911852887267,CASH,no_eligible_candidates,0.0,158502.1474107865,False
2024-03-20 00:00:00+00:00,96538.9179205209,0.0,False,0.0,,0,4852.911852887259,0.0,False,0.0,CASH,leveraged_contract,,,,False,False,0.0,55961.391354531435,4852.911852887267,CASH,no_eligible_candidates,0.0,158502.1474107865,False
2024-03-21 00:00:00+00:00,96538.9179205209,0.0,False,0.0,,0,4852.911852887259,0.0,False,0.0,CASH,leveraged_contract,,,,False,False,0.0,55961.391354531435,4852.911852887267,CASH,no_eligible_candidates,0.0,158502.1474107865,False
2024-03-22 00:00:00+00:00,96538.9179205209,0.0,False,0.0,,0,4852.911852887259,0.0,False,0.0,CASH,leveraged_contract,,,,False,False,0.0,55961.391354531435,4852.911852887267,CASH,no_eligible_candidates,0.0,158502.1474107865,False
2024-03-25 00:00:00+00:00,93596.50824122134,0.0,False,0.0,,0,4852.911852887259,0.0,False,0.0,CASH,leveraged_contract,,,,False,False,0.0,55961.391354531435,4852.911852887267,CASH,no_eligible_candidates,0.0,158502.1474107865,False
2024-03-26 00:00:00+00:00,93596.50824122134,0.0,False,0.0,,0,4852.911852887259,0.0,False,0.0,CASH,leveraged_contract,,,,False,False,0.0,55961.391354531435,4852.911852887267,CASH,no_eligible_candidates,0.0,158502.1474107865,False
2024-03-27 00:00:00+00:00,93596.50824122134,0.0,True,109.1,BULL,1,4852.911852887259,0.0,False,0.0,CASH,leveraged_contract,,,,False,False,0.0,55961.391354531435,4852.911852887267,BTC,best_route_score,0.0,158343.6452633757,True
2024-03-28 00:00:00+00:00,97534.20693943776,0.04207099999999997,True,109.1,BULL,1,4852.911852887259,0.0,False,0.0,CASH,leveraged_contract,,,,False,False,0.0,58315.74305020793,4852.911852887267,BTC,hold_current_no_challenger,0.04207099999999997,165005.3207632512,False
2024-04-01 00:00:00+00:00,94516.88871355932,-0.030935999999999853,True,116.8,BULL,1,4852.911852887259,0.0,False,0.0,CASH,leveraged_contract,,,,False,False,0.0,56511.6872232067,4852.911852887267,BTC,hold_current_no_challenger,-0.030935999999999853,159900.71616011928,False
2024-04-02 00:00:00+00:00,94516.88871355932,0.0,False,0.0,,0,4852.911852887259,0.0,False,0.0,CASH,leveraged_contract,,,,False,False,0.0,56511.6872232067,4852.911852887267,CASH,no_eligible_candidates,0.0,159740.81544395915,True
2024-04-03 00:00:00+00:00,94516.88871355932,0.0,False,0.0,,0,4852.911852887259,0.0,False,0.0,CASH,leveraged_contract,,,,False,False,0.0,56511.6872232067,4852.911852887267,CASH,no_eligible_candidates,0.0,159740.81544395915,False
2024-04-04 00:00:00+00:00,94516.88871355932,0.0,False,0.0,,0,4852.911852887259,0.0,False,0.0,CASH,leveraged_contract,,,,False,False,0.0,56511.6872232067,4852.911852887267,CASH,no_eligible_candidates,0.0,159740.81544395915,False
2024-04-05 00:00:00+00:00,94516.88871355932,0.0,False,0.0,,0,4852.911852887259,0.0,False,0.0,CASH,leveraged_contract,,,,False,False,0.0,56511.6872232067,4852.911852887267,CASH,no_eligible_candidates,0.0,159740.81544395915,False
2024-04-08 00:00:00+00:00,100874.37819909948,0.06726300000000007,True,101.7,BULL,1,4852.911852887259,0.0,False,0.0,CASH,leveraged_contract,,,,False,False,0.0,60312.83284090127,4852.911852887267,BTC,best_route_score,0.06726300000000007,170314.97645125302,True
2024-04-09 00:00:00+00:00,100874.37819909948,0.0,False,0.0,,0,4852.911852887259,0.0,False,0.0,CASH,leveraged_contract,,,,False,False,0.0,60312.83284090127,4852.911852887267,CASH,no_eligible_candidates,0.0,170144.66147480177,True
2024-04-10 00:00:00+00:00,100874.37819909948,0.0,False,0.0,,0,4852.911852887259,0.0,False,0.0,CASH,leveraged_contract,,,,False,False,0.0,60312.83284090127,4852.911852887267,CASH,no_eligible_candidates,0.0,170144.66147480177,False
2024-04-11 00:00:00+00:00,100874.37819909948,0.0,False,0.0,,0,4852.911852887259,0.0,False,0.0,CASH,leveraged_contract,,,,False,False,0.0,60312.83284090127,4852.911852887267,CASH,no_eligible_candidates,0.0,170144.66147480177,False
2024-04-12 00:00:00+00:00,100874.37819909948,0.0,False,0.0,,0,4852.911852887259,0.0,False,0.0,CASH,leveraged_contract,,,,False,False,0.0,60312.83284090127,4852.911852887267,CASH,no_eligible_candidates,0.0,170144.66147480177,False
2024-04-15 00:00:00+00:00,100874.37819909948,0.0,False,0.0,,0,4852.911852887259,0.0,False,0.0,CASH,leveraged_contract,,,,False,False,0.0,60312.83284090127,4852.911852887267,CASH,no_eligible_candidates,0.0,170144.66147480177,False
2024-04-16 00:00:00+00:00,100874.37819909948,0.0,False,0.0,,0,4852.911852887259,0.0,False,0.0,CASH,leveraged_contract,,,,False,False,0.0,60312.83284090127,4852.911852887267,CASH,no_eligible_candidates,0.0,170144.66147480177,False
2024-04-17 00:00:00+00:00,100874.37819909948,0.0,False,0.0,,0,4852.911852887259,0.0,False,0.0,CASH,leveraged_contract,,,,False,False,0.0,60312.83284090127,4852.911852887267,CASH,no_eligible_candidates,0.0,170144.66147480177,False
2024-04-18 00:00:00+00:00,100874.37819909948,0.0,False,0.0,,0,4471.3067797133535,-0.07863424779637562,True,106.0,QQQ_USDT_LONG,leveraged_contract,,,,False,False,10.0,60312.83284090127,4471.306779713362,CASH,no_eligible_candidates,0.0,170144.66147480177,False
2024-04-19 00:00:00+00:00,100874.37819909948,0.0,False,0.0,,0,3578.6140124902277,-0.19964918785562613,True,106.0,QQQ_USDT_LONG,leveraged_contract,,,,False,False,10.0,60312.83284090127,3578.614012490234,CASH,no_eligible_candidates,0.0,170144.66147480177,False
2024-04-22 00:00:00+00:00,100874.37819909948,0.0,True,112.2,BULL,1,3831.5104215977667,0.07066881430209282,True,106.0,QQQ_USDT_LONG,leveraged_contract,,,,False,False,10.0,60312.83284090127,3831.510421597774,BTC,best_route_score,0.0,169974.51681332698,True
2024-04-23 00:00:00+00:00,100420.44349720354,-0.0044999999999999485,True,112.2,BULL,1,4393.466019457778,0.14666685876471464,True,106.0,QQQ_USDT_LONG,leveraged_contract,,,,False,False,10.0,60041.425093117214,4393.466019457786,BTC,hold_current_no_challenger,-0.0044999999999999485,169209.631487667,False
2024-04-24 00:00:00+00:00,100420.44349720354,0.0,False,0.0,,0,4349.983576668211,-0.009897070467141944,True,106.0,QQQ_USDT_LONG,leveraged_contract,,,,False,False,10.0,60041.425093117214,4349.983576668219,CASH,no_eligible_candidates,0.0,169040.42185617934,True
2024-04-25 00:00:00+00:00,100420.44349720354,0.0,False,0.0,,0,4642.890780254751,0.06733524355300835,True,106.0,QQQ_USDT_LONG,leveraged_contract,,,,False,False,10.0,60041.425093117214,4642.89078025476,CASH,no_eligible_candidates,0.0,169040.42185617934,False
2024-04-26 00:00:00+00:00,100420.44349720354,0.0,False,0.0,,0,4740.659176509054,0.021057655861751456,True,106.0,QQQ_USDT_LONG,leveraged_contract,,,,False,False,10.0,60041.425093117214,4740.659176509063,CASH,no_eligible_candidates,0.0,169040.42185617934,False
2024-04-29 00:00:00+00:00,100420.44349720354,0.0,False,0.0,,0,4845.4779047152215,0.022110580892540366,True,112.0,QQQ_USDT_LONG,leveraged_contract,,,,False,False,10.0,60041.425093117214,4845.477904715231,CASH,no_eligible_candidates,0.0,169040.42185617934,False
2024-04-30 00:00:00+00:00,100420.44349720354,0.0,False,0.0,,0,3906.45276175551,-0.19379412339202484,True,106.0,QQQ_USDT_LONG,leveraged_contract,,,,False,False,10.0,60041.425093117214,3906.4527617555173,CASH,no_eligible_candidates,0.0,169040.42185617934,False
2024-05-01 00:00:00+00:00,100420.44349720354,0.0,False,0.0,,0,3852.204240940868,-0.01388690050107333,True,106.0,QQQ_USDT_LONG,leveraged_contract,,,,False,False,10.0,60041.425093117214,3852.204240940875,CASH,no_eligible_candidates,0.0,169040.42185617934,False
2024-05-02 00:00:00+00:00,100420.44349720354,0.0,False,0.0,,0,4210.7255654751725,0.09306913707325615,True,106.0,QQQ_USDT_LONG,leveraged_contract,,,,False,False,10.0,60041.425093117214,4210.725565475181,CASH,no_eligible_candidates,0.0,169040.42185617934,False
2024-05-03 00:00:00+00:00,100420.44349720354,0.0,False,0.0,,0,4819.402239634059,0.14455386956337968,True,112.0,QQQ_USDT_LONG,leveraged_contract,,,,False,False,10.0,60041.425093117214,4819.402239634068,CASH,no_eligible_candidates,0.0,169040.42185617934,False
2024-05-06 00:00:00+00:00,100420.44349720354,0.0,False,0.0,,0,5214.621262471487,0.08200581798033069,True,112.0,QQQ_USDT_LONG,leveraged_contract,,,,False,False,10.0,60041.425093117214,5214.621262471498,CASH,no_eligible_candidates,0.0,169040.42185617934,False
2024-05-07 00:00:00+00:00,100420.44349720354,0.0,False,0.0,,0,5243.289567056393,0.005497677231369735,True,106.0,QQQ_USDT_LONG,leveraged_contract,,,,False,False,10.0,60041.425093117214,5243.289567056404,CASH,no_eligible_candidates,0.0,169040.42185617934,False
2024-05-08 00:00:00+00:00,100420.44349720354,0.0,False,0.0,,0,5221.675479031263,-0.0041222381004724085,True,112.0,QQQ_USDT_LONG,leveraged_contract,,,,False,False,10.0,60041.425093117214,5221.675479031275,CASH,no_eligible_candidates,0.0,169040.42185617934,False
2024-05-09 00:00:00+00:00,100420.44349720354,0.0,False,0.0,,0,5376.220339236883,0.029596795286537247,True,112.0,QQQ_USDT_LONG,leveraged_contract,,,,False,False,10.0,60041.425093117214,5376.220339236896,CASH,no_eligible_candidates,0.0,169040.42185617934,False
2024-05-10 00:00:00+00:00,100420.44349720354,0.0,False,0.0,,0,5461.763184533634,0.015911335454843467,True,106.0,QQQ_USDT_LONG,leveraged_contract,,,,False,False,10.0,60041.425093117214,5461.7631845336455,CASH,no_eligible_candidates,0.0,169040.42185617934,False
2024-05-13 00:00:00+00:00,100420.44349720354,0.0,False,0.0,,0,5633.959359065199,0.031527579778483084,True,112.0,QQQ_USDT_LONG,leveraged_contract,,,,False,False,10.0,60041.425093117214,5633.959359065212,CASH,no_eligible_candidates,0.0,169040.42185617934,False
2024-05-14 00:00:00+00:00,100420.44349720354,0.0,False,0.0,,0,6043.8251258060845,0.07274915217153621,True,112.0,QQQ_USDT_LONG,leveraged_contract,,,,False,False,10.0,60041.425093117214,6043.825125806098,CASH,no_eligible_candidates,0.0,169040.42185617934,False
2024-05-15 00:00:00+00:00,100420.44349720354,0.0,True,120.5,BULL,1,6969.6164513142085,0.15317970097366906,True,122.0,QQQ_USDT_LONG,leveraged_contract,,,,False,False,10.0,60041.425093117214,6969.616451314224,QQQ_PROXY,best_route_score,0.15317970097366906,194739.0491454432,True
2024-05-16 00:00:00+00:00,97605.15636375944,-0.028035000000000032,True,120.5,BULL,1,6808.362570090052,-0.023136693726345636,True,106.0,QQQ_USDT_LONG,leveraged_contract,,,,False,False,10.0,58358.163740631666,6808.362570090067,BTC,best_route_score,-0.028035000000000032,189090.26036274803,True
2024-05-17 00:00:00+00:00,111750.87646524636,0.14492799999999995,True,119.3,BULL,1,6783.710468733914,-0.0036208561313166854,True,112.0,QQQ_USDT_LONG,leveraged_contract,,,,False,False,10.0,66815.89569523394,6783.710468733929,BTC,hold_current_no_challenger,0.14492799999999995,216494.73361660037,False
2024-05-20 00:00:00+00:00,168116.81214772977,0.5535000000000001,True,119.3,BULL,1,7255.168061618257,0.06949848391338165,True,112.0,QQQ_USDT_LONG,leveraged_contract,,,,False,False,10.0,103798.49396254592,7255.168061618273,BTC,hold_current_no_challenger,0.5535000000000001,336324.5686733887,False
2024-05-21 00:00:00+00:00,168116.81214772977,0.0,False,0.0,,0,7461.258800592531,0.02840605995945822,True,112.0,QQQ_USDT_LONG,leveraged_contract,,,,False,False,10.0,103798.49396254592,7461.258800592548,CASH,no_eligible_candidates,0.0,335988.2441047153,True
2024-05-22 00:00:00+00:00,168116.81214772977,0.0,False,0.0,,0,7415.613872896168,-0.006117590733180078,True,106.0,QQQ_USDT_LONG,leveraged_contract,,,,False,False,10.0,103798.49396254592,7415.613872896184,CASH,no_eligible_candidates,0.0,335988.2441047153,False
2024-05-23 00:00:00+00:00,168116.81214772977,0.0,False,0.0,,0,6769.812023198014,-0.08708676864346176,True,106.0,QQQ_USDT_LONG,leveraged_contract,,,,False,False,10.0,103798.49396254592,6769.812023198028,CASH,no_eligible_candidates,0.0,335988.2441047153,False
2024-05-24 00:00:00+00:00,168116.81214772977,0.0,False,0.0,,0,7465.489559300568,0.10276172125883054,True,112.0,QQQ_USDT_LONG,leveraged_contract,,,,False,False,10.0,103798.49396254592,7465.489559300583,CASH,no_eligible_candidates,0.0,335988.2441047153,False
2024-05-28 00:00:00+00:00,168116.81214772977,0.0,False,0.0,,0,7725.549130168541,0.034834898475477605,True,112.0,QQQ_USDT_LONG,leveraged_contract,,,,False,False,10.0,103798.49396254592,7725.549130168558,CASH,no_eligible_candidates,0.0,335988.2441047153,False
2024-05-29 00:00:00+00:00,168116.81214772977,0.0,False,0.0,,0,7127.261927417953,-0.07744267658777226,True,112.0,QQQ_USDT_LONG,leveraged_contract,,,,False,False,10.0,103798.49396254592,7127.261927417969,CASH,no_eligible_candidates,0.0,335988.2441047153,False
2024-05-30 00:00:00+00:00,168116.81214772977,0.0,False,0.0,,0,6570.474281512386,-0.07812083399989178,True,112.0,QQQ_USDT_LONG,leveraged_contract,,,,False,False,10.0,103798.49396254592,6570.474281512401,CASH,no_eligible_candidates,0.0,335988.2441047153,False
2024-05-31 00:00:00+00:00,168116.81214772977,0.0,False,0.0,,0,6571.357849184689,0.000134475478397178,True,112.0,QQQ_USDT_LONG,leveraged_contract,,,,False,False,10.0,103798.49396254592,6571.357849184704,CASH,no_eligible_candidates,0.0,335988.2441047153,False
2024-06-03 00:00:00+00:00,168116.81214772977,0.0,True,120.4,BULL,1,6769.30894696678,0.030123317330321697,True,112.0,QQQ_USDT_LONG,leveraged_contract,,,,False,False,10.0,103798.49396254592,6769.308946966796,BTC,best_route_score,0.0,335652.2558606106,True
2024-06-04 00:00:00+00:00,168116.81214772977,0.0,True,120.4,BULL,1,6908.957115464161,0.02062960482250631,True,112.0,QQQ_USDT_LONG,leveraged_contract,,,,False,False,10.0,103798.49396254592,6908.957115464177,BTC,hold_current_no_challenger,0.0,335652.2558606106,False
2024-06-05 00:00:00+00:00,177479.23741623684,0.05569000000000002,True,120.4,BULL,1,8250.242280443239,0.19413713858158288,True,122.0,QQQ_USDT_LONG,leveraged_contract,,,,False,False,10.0,109579.0320913201,8250.242280443259,BTC,hold_current_hysteresis,0.05569000000000002,354344.72998948797,False
2024-06-06 00:00:00+00:00,177479.23741623684,0.0,True,120.4,BULL,1,8123.827452028159,-0.01532255952225059,True,106.0,QQQ_USDT_LONG,leveraged_contract,,,,False,False,10.0,109579.0320913201,8123.827452028178,BTC,hold_current_no_challenger,0.0,354344.72998948797,False
2024-06-07 00:00:00+00:00,165395.56353675236,-0.06808499999999995,True,120.4,BULL,1,8011.967154810502,-0.013769408308854647,True,106.0,QQQ_USDT_LONG,leveraged_contract,,,,False,False,10.0,102118.34369138257,8011.96715481052,BTC,hold_current_no_challenger,-0.06808499999999995,330219.1690481537,False
2024-06-10 00:00:00+00:00,165395.56353675236,0.0,False,0.0,,0,8368.873444624,0.04454664914586015,True,112.0,QQQ_USDT_LONG,leveraged_contract,,,,False,False,10.0,102118.34369138257,8368.87344462402,CASH,no_eligible_candidates,0.0,329888.94987910555,True
2024-06-11 00:00:00+00:00,165395.56353675236,0.0,False,0.0,,0,8960.166234022912,0.07065380941789101,True,112.0,QQQ_USDT_LONG,leveraged_contract,,,,False,False,10.0,102118.34369138257,8960.166234022936,CASH,no_eligible_candidates,0.0,329888.94987910555,False
2024-06-12 00:00:00+00:00,165395.56353675236,0.0,False,0.0,,0,10116.962425395885,0.1291043225270161,True,122.0,QQQ_USDT_LONG,leveraged_contract,,,,False,False,10.0,102118.34369138257,10116.962425395912,QQQ_PROXY,best_route_score,0.1291043225270161,372106.5602231338,True
2024-06-13 00:00:00+00:00,165395.56353675236,0.0,False,0.0,,0,10119.543019831503,0.00025507601265184476,True,106.0,QQQ_USDT_LONG,leveraged_contract,,,,False,False,10.0,102118.34369138257,10119.54301983153,QQQ_PROXY,hold_current_no_challenger,0.00025507601265184476,372201.4756807971,False
2024-06-14 00:00:00+00:00,165395.56353675236,0.0,False,0.0,,0,10546.723994384083,0.04221346494752032,True,106.0,QQQ_USDT_LONG,leveraged_contract,,,,False,False,10.0,102118.34369138257,10546.723994384112,QQQ_PROXY,hold_current_no_challenger,0.04221346494752032,387913.38962786377,False
2024-06-17 00:00:00+00:00,165395.56353675236,0.0,False,0.0,,0,11758.29865989788,0.11487687230261612,True,122.0,QQQ_USDT_LONG,leveraged_contract,,,,False,False,10.0,102118.34369138257,11758.298659897913,QQQ_PROXY,hold_current_no_challenger,0.11487687230261612,432475.66655261884,False
2024-06-18 00:00:00+00:00,165395.56353675236,0.0,False,0.0,,0,11762.726063565286,0.00037653437758855546,True,112.0,QQQ_USDT_LONG,leveraged_contract,,,,False,False,10.0,102118.34369138257,11762.726063565318,QQQ_PROXY,hold_current_no_challenger,0.00037653437758855546,432638.50850854645,False
2024-06-20 00:00:00+00:00,165395.56353675236,0.0,False,0.0,,0,10777.101070092853,-0.08379222538603348,True,106.0,QQQ_USDT_LONG,leveraged_contract,,,,False,False,10.0,102118.34369138257,10777.101070092882,QQQ_PROXY,hold_current_no_challenger,-0.08379222538603348,396386.765092921,False
2024-06-21 00:00:00+00:00,165395.56353675236,0.0,False,0.0,,0,10592.077142953469,-0.017168246445497082,True,112.0,QQQ_USDT_LONG,leveraged_contract,,,,False,False,10.0,102118.34369138257,10592.077142953498,QQQ_PROXY,hold_current_no_challenger,-0.017168246445497082,389581.4994220724,False
2024-06-24 00:00:00+00:00,165395.56353675236,0.0,False,0.0,,0,9194.95333888912,-0.13190272174271367,True,112.0,QQQ_USDT_LONG,leveraged_contract,,,,False,False,10.0,102118.34369138257,9194.953338889145,QQQ_PROXY,hold_current_no_challenger,-0.13190272174271367,338194.6393076936,False
2024-06-25 00:00:00+00:00,165395.56353675236,0.0,False,0.0,,0,10201.436766473018,0.10946041708847831,True,112.0,QQQ_USDT_LONG,leveraged_contract,,,,False,False,10.0,102118.34369138257,10201.436766473045,QQQ_PROXY,hold_current_no_challenger,0.10946041708847831,375213.5655834012,False
2024-06-26 00:00:00+00:00,165395.56353675236,0.0,False,0.0,,0,10403.187506109363,0.019776698543032545,True,112.0,QQQ_USDT_LONG,leveraged_contract,,,,False,False,10.0,102118.34369138257,10403.187506109392,QQQ_PROXY,hold_current_no_challenger,0.019776698543032545,382634.0511592005,False
2024-06-27 00:00:00+00:00,165395.56353675236,0.0,False,0.0,,0,10890.85321944599,0.04687656673017182,True,106.0,QQQ_USDT_LONG,leveraged_contract,,,,False,False,10.0,102118.34369138257,10890.853219446019,QQQ_PROXY,hold_current_no_challenger,0.04687656673017182,400570.6217916007,False
2024-06-28 00:00:00+00:00,165395.56353675236,0.0,False,0.0,,0,10152.609895037105,-0.06778562795160303,True,106.0,QQQ_USDT_LONG,leveraged_contract,,,,False,False,10.0,102118.34369138257,10152.609895037132,QQQ_PROXY,hold_current_no_challenger,-0.06778562795160303,373417.690654493,False
2024-07-01 00:00:00+00:00,165395.56353675236,0.0,False,0.0,,0,10569.49222422741,0.041061592388582646,True,112.0,QQQ_USDT_LONG,leveraged_contract,,,,False,False,10.0,102118.34369138257,10569.492224227439,QQQ_PROXY,hold_current_no_challenger,0.041061592388582646,388750.81565883366,False
2024-07-02 00:00:00+00:00,165395.56353675236,0.0,False,0.0,,0,11674.119699365867,0.10451093124477895,True,112.0,QQQ_USDT_LONG,leveraged_contract,,,,False,False,10.0,102118.34369138257,11674.119699365898,QQQ_PROXY,hold_current_no_challenger,0.10451093124477895,429379.52542550577,False
2024-07-03 00:00:00+00:00,165395.56353675236,0.0,True,72.5,BEAR,1,12657.48880600184,0.08423496862803193,True,122.0,QQQ_USDT_LONG,leveraged_contract,,,,False,False,10.0,102118.34369138257,12657.488806001875,QQQ_PROXY,hold_current_hysteresis,0.08423496862803193,465548.2962792425,False
2024-07-05 00:00:00+00:00,171543.6474245405,0.0,False,0.0,,0,13906.547412174643,0.09868139133415887,True,122.0,QQQ_USDT_LONG,leveraged_contract,,,,False,False,10.0,102118.34369138257,13906.54741217468,QQQ_PROXY,hold_current_no_challenger,0.09868139133415887,511489.24988932535,False
2024-07-08 00:00:00+00:00,171543.6474245405,0.0,False,0.0,,0,14252.244129587514,0.024858558142923926,True,112.0,QQQ_USDT_LONG,leveraged_contract,,,,False,True,7.5,102118.34369138257,14252.244129587552,QQQ_PROXY,hold_current_no_challenger,0.024858558142923926,524204.1351471797,False
2024-07-09 00:00:00+00:00,171543.6474245405,0.0,False,0.0,,0,14235.015460604414,-0.0012088390309940023,True,106.0,QQQ_USDT_LONG,leveraged_contract,,,,False,False,10.0,102118.34369138257,14235.01546060445,QQQ_PROXY,hold_current_no_challenger,-0.0012088390309940023,523570.4567284053,False
2024-07-10 00:00:00+00:00,171543.6474245405,0.0,False,0.0,,0,15705.930357009816,0.1033307551000684,True,112.0,QQQ_USDT_LONG,leveraged_contract,,,,False,False,10.0,102118.34369138257,15705.930357009856,QQQ_PROXY,hold_current_no_challenger,0.1033307551000684,577671.3873702391,False
2024-07-11 00:00:00+00:00,171543.6474245405,0.0,False,0.0,,0,12295.355879493969,-0.21715201837716358,True,106.0,QQQ_USDT_LONG,leveraged_contract,,,,False,False,10.0,102118.34369138257,12295.355879494,QQQ_PROXY,hold_current_no_challenger,-0.21715201837716358,452228.8796440554,False
2024-07-12 00:00:00+00:00,171543.6474245405,0.0,False,0.0,,0,12569.903168528439,0.02232934871713277,True,92.0,QQQ_USDT_LONG,leveraged_contract,,,,False,True,5.0,102118.34369138257,12569.90316852847,QQQ_PROXY,hold_current_no_challenger,0.02232934871713277,462326.85599758575,False
2024-07-15 00:00:00+00:00,247688.7847306404,0.4438819999999999,True,121.6,BULL,1,12587.081425409637,0.001366618075802517,True,102.0,QQQ_USDT_LONG,leveraged_contract,,,,False,True,7.5,147446.83832580084,12587.081425409668,BTC,best_route_score,0.4438819999999999,666877.8800660145,True
2024-07-16 00:00:00+00:00,247688.7847306404,0.0,True,133.05,BULL,1,12404.023231322806,-0.014543339150669965,True,112.0,QQQ_USDT_LONG,leveraged_contract,,,,False,False,10.0,147446.83832580084,12404.023231322837,BTC,hold_current_no_challenger,0.0,666877.8800660145,False
2024-07-17 00:00:00+00:00,244902.2859024207,-0.011249999999999982,True,133.05,BULL,1,9946.787343638185,-0.19809991015492268,True,96.0,QQQ_USDT_LONG,leveraged_contract,,,,False,True,7.5,145788.06139463562,9946.78734363821,BTC,hold_current_no_challenger,-0.011249999999999982,659375.5039152718,False
2024-07-18 00:00:00+00:00,236211.68338488738,-0.03548600000000013,True,111.5,BULL,1,9946.787343638185,0.0,True,66.0,QQQ_USDT_LONG,leveraged_contract,,,,False,False,0.0,140614.62624798555,9946.78734363821,BTC,hold_current_no_challenger,-0.03548600000000013,635976.9047833345,False
2024-07-19 00:00:00+00:00,283721.17547577317,0.20113099999999995,True,121.6,BULL,1,9946.787343638185,0.0,False,0.0,CASH,leveraged_contract,,,,False,False,0.0,168896.5866398691,9946.78734363821,BTC,hold_current_no_challenger,0.20113099999999995,763891.5756193113,False
2024-07-22 00:00:00+00:00,283721.17547577317,0.0,False,0.0,,0,9946.787343638185,0.0,False,0.0,CASH,leveraged_contract,,,,False,False,0.0,168896.5866398691,9946.78734363821,CASH,no_eligible_candidates,0.0,763127.684043692,True
2024-07-23 00:00:00+00:00,283721.17547577317,0.0,False,0.0,,0,9946.787343638185,0.0,False,0.0,CASH,leveraged_contract,,,,False,False,0.0,168896.5866398691,9946.78734363821,CASH,no_eligible_candidates,0.0,763127.684043692,False
2024-07-24 00:00:00+00:00,283721.17547577317,0.0,True,116.3,BULL,1,9946.787343638185,0.0,False,0.0,CASH,leveraged_contract,,,,False,False,0.0,168896.5866398691,9946.78734363821,BTC,best_route_score,0.0,762364.5563596482,True
2024-07-25 00:00:00+00:00,246635.12946580845,-0.13071299999999997,True,116.3,BULL,1,9946.787343638185,0.0,False,0.0,CASH,leveraged_contract,,,,False,False,0.0,146819.60711041192,9946.78734363821,BTC,hold_current_no_challenger,-0.13071299999999997,662713.5981042095,False
2024-07-26 00:00:00+00:00,246635.12946580845,0.0,True,124.4,BULL,1,9946.787343638185,0.0,False,0.0,CASH,leveraged_contract,,,,False,False,0.0,146819.60711041192,9946.78734363821,BTC,hold_current_no_challenger,0.0,662713.5981042095,False
2024-07-29 00:00:00+00:00,274773.01948512363,0.025232313916000004,True,110.3,BULL,1,9946.787343638185,0.0,False,0.0,CASH,leveraged_contract,,,,False,False,0.0,150524.2055260456,9946.78734363821,BTC,hold_current_no_challenger,0.025232313916000004,679435.3956479768,False
2024-07-30 00:00:00+00:00,274773.01948512363,0.0,False,0.0,,0,9946.787343638185,0.0,False,0.0,CASH,leveraged_contract,,,,False,False,0.0,150524.2055260456,9946.78734363821,CASH,no_eligible_candidates,0.0,678755.9602523288,True
2024-07-31 00:00:00+00:00,274773.01948512363,0.0,False,0.0,,0,9946.787343638185,0.0,False,0.0,CASH,leveraged_contract,,,,False,False,0.0,150524.2055260456,9946.78734363821,CASH,no_eligible_candidates,0.0,678755.9602523288,False
2024-08-01 00:00:00+00:00,274773.01948512363,0.0,False,0.0,,0,9946.787343638185,0.0,False,0.0,CASH,leveraged_contract,,,,True,False,0.0,150524.2055260456,9946.78734363821,CASH,no_eligible_candidates,0.0,678755.9602523288,False
2024-08-02 00:00:00+00:00,274773.01948512363,0.0,False,0.0,,0,7768.143663513722,-0.21902988420858227,True,106.0,QQQ_USDT_LONG,leveraged_contract,,,,False,False,10.0,150524.2055260456,7768.143663513741,CASH,no_eligible_candidates,0.0,678755.9602523288,False
2024-08-05 00:00:00+00:00,274773.01948512363,0.0,False,0.0,,0,7690.462226878584,-0.010000000000000009,True,106.0,QQQ_USDT_LONG,leveraged_contract,,,,False,False,10.0,150524.2055260456,7690.462226878604,CASH,no_eligible_candidates,0.0,678755.9602523288,False
2024-08-06 00:00:00+00:00,274773.01948512363,0.0,False,0.0,,0,7690.462226878584,0.0,False,0.0,CASH,leveraged_contract,,,,False,False,0.0,150524.2055260456,7690.462226878604,CASH,no_eligible_candidates,0.0,678755.9602523288,False
2024-08-07 00:00:00+00:00,274773.01948512363,0.0,False,0.0,,0,7690.462226878584,0.0,False,0.0,CASH,leveraged_contract,,,,True,False,0.0,150524.2055260456,7690.462226878604,CASH,no_eligible_candidates,0.0,678755.9602523288,False
2024-08-08 00:00:00+00:00,274773.01948512363,0.0,False,0.0,,0,7690.462226878584,0.0,False,0.0,CASH,leveraged_contract,,,,False,False,0.0,150524.2055260456,7690.462226878604,CASH,no_eligible_candidates,0.0,678755.9602523288,False
2024-08-09 00:00:00+00:00,274773.01948512363,0.0,False,0.0,,0,7690.462226878584,0.0,False,0.0,CASH,leveraged_contract,,,,False,False,0.0,150524.2055260456,7690.462226878604,CASH,no_eligible_candidates,0.0,678755.9602523288,False
2024-08-12 00:00:00+00:00,274773.01948512363,0.0,False,0.0,,0,7690.462226878584,0.0,False,0.0,CASH,leveraged_contract,,,,True,False,0.0,150524.2055260456,7690.462226878604,CASH,no_eligible_candidates,0.0,678755.9602523288,False
2024-08-13 00:00:00+00:00,274773.01948512363,0.0,False,0.0,,0,7690.462226878584,0.0,False,0.0,CASH,leveraged_contract,,,,True,False,0.0,150524.2055260456,7690.462226878604,CASH,no_eligible_candidates,0.0,678755.9602523288,False
2024-08-14 00:00:00+00:00,274773.01948512363,0.0,False,0.0,,0,7690.462226878584,0.0,False,0.0,CASH,leveraged_contract,,,,True,False,0.0,150524.2055260456,7690.462226878604,CASH,no_eligible_candidates,0.0,678755.9602523288,False
2024-08-15 00:00:00+00:00,274773.01948512363,0.0,False,0.0,,0,7690.462226878584,0.0,False,0.0,CASH,leveraged_contract,,,,True,False,0.0,150524.2055260456,7690.462226878604,CASH,no_eligible_candidates,0.0,678755.9602523288,False
2024-08-16 00:00:00+00:00,274773.01948512363,0.0,False,0.0,,0,7690.462226878584,0.0,False,0.0,CASH,leveraged_contract,,,,True,False,0.0,150524.2055260456,7690.462226878604,CASH,no_eligible_candidates,0.0,678755.9602523288,False
2024-08-19 00:00:00+00:00,274773.01948512363,0.0,False,0.0,,0,8500.81691586076,0.105371389270978,True,112.0,QQQ_USDT_LONG,leveraged_contract,,,,False,False,10.0,150524.2055260456,8500.816915860782,CASH,no_eligible_candidates,0.0,678755.9602523288,False
2024-08-20 00:00:00+00:00,266848.5656031727,-0.028839999999999866,True,109.4,BULL,1,8294.265611614166,-0.02429781823217625,True,106.0,QQQ_USDT_LONG,leveraged_contract,,,,False,False,10.0,146183.08743867447,8294.265611614186,BTC,best_route_score,-0.028839999999999866,658521.457720293,True
2024-08-21 00:00:00+00:00,266848.5656031727,0.0,True,111.5,BULL,1,8740.32897960736,0.053779730343888055,True,106.0,QQQ_USDT_LONG,leveraged_contract,,,,False,False,10.0,146183.08743867447,8740.32897960738,BTC,hold_current_no_challenger,0.0,658521.457720293,False
2024-08-22 00:00:00+00:00,258698.7435610862,-0.03054100000000004,True,111.5,BULL,1,7235.437047622502,-0.17217795068080632,True,106.0,QQQ_USDT_LONG,leveraged_contract,,,,False,False,10.0,141718.50976520992,7235.437047622519,BTC,hold_current_no_challenger,-0.03054100000000004,638409.5538800574,False
2024-08-23 00:00:00+00:00,258698.7435610862,0.0,False,0.0,,0,7859.547192264916,0.0862574217057821,True,112.0,QQQ_USDT_LONG,leveraged_contract,,,,False,False,10.0,141718.50976520992,7859.547192264933,CASH,no_eligible_candidates,0.0,637771.1443261773,True
2024-08-26 00:00:00+00:00,257922.64733040292,-0.0030000000000000027,True,102.8,BULL,1,7780.9517203422665,-0.010000000000000009,True,112.0,QQQ_USDT_LONG,leveraged_contract,,,,False,False,10.0,141293.35423591427,7780.951720342284,BTC,best_route_score,-0.0030000000000000027,635221.9730623056,True
2024-08-27 00:00:00+00:00,257922.64733040292,0.0,False,0.0,,0,8077.29623102825,0.038085895059756014,True,112.0,QQQ_USDT_LONG,leveraged_contract,,,,False,False,10.0,141293.35423591427,8077.296231028267,CASH,no_eligible_candidates,0.0,634586.7510892433,True
2024-08-28 00:00:00+00:00,257922.64733040292,0.0,False,0.0,,0,7399.320429507354,-0.0839359832955624,True,96.0,QQQ_USDT_LONG,leveraged_contract,,,,False,True,7.5,141293.35423591427,7399.320429507369,CASH,no_eligible_candidates,0.0,634586.7510892433,False
2024-08-29 00:00:00+00:00,257922.64733040292,0.0,False,0.0,,0,8077.95404854292,0.09171566841858603,True,106.0,QQQ_USDT_LONG,leveraged_contract,,,,False,False,10.0,141293.35423591427,8077.954048542937,CASH,no_eligible_candidates,0.0,634586.7510892433,False
2024-08-30 00:00:00+00:00,257922.64733040292,0.0,False,0.0,,0,7997.17450805749,-0.010000000000000009,True,112.0,QQQ_USDT_LONG,leveraged_contract,,,,False,False,10.0,141293.35423591427,7997.174508057507,CASH,no_eligible_candidates,0.0,634586.7510892433,False
2024-09-03 00:00:00+00:00,257922.64733040292,0.0,False,0.0,,0,7997.17450805749,0.0,False,0.0,CASH,leveraged_contract,,,,False,False,0.0,141293.35423591427,7997.174508057507,CASH,no_eligible_candidates,0.0,634586.7510892433,False
2024-09-04 00:00:00+00:00,257922.64733040292,0.0,False,0.0,,0,7891.729696429368,-0.013185258308654135,True,86.0,QQQ_USDT_LONG,leveraged_contract,,,,False,True,5.0,141293.35423591427,7891.729696429385,CASH,no_eligible_candidates,0.0,634586.7510892433,False
2024-09-05 00:00:00+00:00,257922.64733040292,0.0,False,0.0,,0,7852.271047947222,-0.0050000000000000044,True,86.0,QQQ_USDT_LONG,leveraged_contract,,,,False,False,5.0,141293.35423591427,7852.271047947238,CASH,no_eligible_candidates,0.0,634586.7510892433,False
2024-09-06 00:00:00+00:00,257922.64733040292,0.0,False,0.0,,0,7852.271047947222,0.0,False,0.0,CASH,leveraged_contract,,,,False,False,0.0,141293.35423591427,7852.271047947238,CASH,no_eligible_candidates,0.0,634586.7510892433,False
2024-09-09 00:00:00+00:00,257922.64733040292,0.0,False,0.0,,0,7852.271047947222,0.0,False,0.0,CASH,leveraged_contract,,,,False,False,0.0,141293.35423591427,7852.271047947238,CASH,no_eligible_candidates,0.0,634586.7510892433,False
2024-09-10 00:00:00+00:00,257922.64733040292,0.0,False,0.0,,0,7852.271047947222,0.0,False,0.0,CASH,leveraged_contract,,,,False,False,0.0,141293.35423591427,7852.271047947238,CASH,no_eligible_candidates,0.0,634586.7510892433,False
2024-09-11 00:00:00+00:00,257922.64733040292,0.0,False,0.0,,0,7852.271047947222,0.0,False,0.0,CASH,leveraged_contract,,,,False,False,0.0,141293.35423591427,7852.271047947238,CASH,no_eligible_candidates,0.0,634586.7510892433,False
2024-09-12 00:00:00+00:00,257922.64733040292,0.0,False,0.0,,0,7852.271047947222,0.0,False,0.0,CASH,leveraged_contract,,,,False,False,0.0,141293.35423591427,7852.271047947238,CASH,no_eligible_candidates,0.0,634586.7510892433,False
2024-09-13 00:00:00+00:00,257922.64733040292,0.0,True,133.9,BULL,1,7852.271047947222,0.0,False,0.0,CASH,leveraged_contract,,,,True,False,0.0,141293.35423591427,7852.271047947238,BTC,best_route_score,0.0,633952.1643381541,True
2024-09-16 00:00:00+00:00,247751.98357822312,0.0,False,0.0,,0,7852.271047947222,0.0,False,0.0,CASH,leveraged_contract,,,,True,False,0.0,141293.35423591427,7852.271047947238,CASH,no_eligible_candidates,0.0,633318.2121738159,True
2024-09-17 00:00:00+00:00,240249.06250754022,-0.030283999999999978,True,115.1,BULL,1,7852.271047947222,0.0,False,0.0,CASH,leveraged_contract,,,,True,False,0.0,137014.42629623387,7852.271047947238,BTC,best_route_score,-0.030283999999999978,613524.6646329078,True
2024-09-18 00:00:00+00:00,229126.49190969113,-0.046296000000000004,True,110.9,BULL,1,7487.619806774996,-0.04643895236748796,True,102.0,QQQ_USDT_LONG,leveraged_contract,,,,False,True,7.5,130671.20641642342,7487.619806775012,BTC,hold_current_no_challenger,-0.046296000000000004,585120.9267590627,False
2024-09-19 00:00:00+00:00,239041.02434111538,0.04327100000000006,True,110.4,BULL,1,9144.531117998473,0.2212867845833011,True,112.0,QQQ_USDT_LONG,leveraged_contract,,,,False,False,10.0,136325.48018926848,9144.531117998491,BTC,hold_current_no_challenger,0.04327100000000006,610439.6943808541,False
2024-09-20 00:00:00+00:00,250851.56327176117,0.049407999999999896,True,116.1,BULL,1,9037.366392410446,-0.011718996218089583,True,112.0,QQQ_USDT_LONG,leveraged_contract,,,,False,False,10.0,143061.04951445985,9037.366392410466,BTC,hold_current_no_challenger,0.049407999999999896,640600.2988008233,False
2024-09-23 00:00:00+00:00,250851.56327176117,0.0,False,0.0,,0,9217.752947149162,0.019960079840317668,True,112.0,QQQ_USDT_LONG,leveraged_contract,,,,False,False,10.0,143061.04951445985,9217.752947149182,CASH,no_eligible_candidates,0.0,639959.6985020224,True
2024-09-24 00:00:00+00:00,250851.56327176117,0.0,False,0.0,,0,9697.862193147243,0.05208528030104853,True,122.0,QQQ_USDT_LONG,leveraged_contract,,,,False,False,10.0,143061.04951445985,9697.862193147263,QQQ_PROXY,best_route_score,0.05208528030104853,672618.886601095,True
2024-09-25 00:00:00+00:00,250851.56327176117,0.0,False,0.0,,0,9737.501686845615,0.004087446584504217,True,106.0,QQQ_USDT_LONG,leveraged_contract,,,,False,False,10.0,143061.04951445985,9737.501686845635,QQQ_PROXY,hold_current_no_challenger,0.004087446584504217,675368.1803718057,False
2024-09-26 00:00:00+00:00,250851.56327176117,0.0,False,0.0,,0,10239.000822728267,0.0515018278826207,True,112.0,QQQ_USDT_LONG,leveraged_contract,,,,False,False,10.0,143061.04951445985,10239.000822728287,QQQ_PROXY,hold_current_no_challenger,0.0515018278826207,710150.8761547131,False
2024-09-27 00:00:00+00:00,250851.56327176117,0.0,False,0.0,,0,9617.464031572237,-0.060702875399361145,True,112.0,QQQ_USDT_LONG,leveraged_contract,,,,False,False,10.0,143061.04951445985,9617.464031572254,QQQ_PROXY,hold_current_no_challenger,-0.060702875399361145,667042.6760047463,False
2024-09-30 00:00:00+00:00,250851.56327176117,0.0,False,0.0,,0,9916.246549076575,0.03106666336609054,True,112.0,QQQ_USDT_LONG,leveraged_contract,,,,False,False,10.0,143061.04951445985,9916.246549076594,QQQ_PROXY,hold_current_no_challenger,0.03106666336609054,687765.466271002,False
2024-10-01 00:00:00+00:00,250851.56327176117,0.0,False,0.0,,0,8645.733968749593,-0.1281243436252899,True,112.0,QQQ_USDT_LONG,leveraged_contract,,,,False,False,10.0,143061.04951445985,8645.733968749608,QQQ_PROXY,hold_current_no_challenger,-0.1281243436252899,599645.9673368884,False
2024-10-02 00:00:00+00:00,250851.56327176117,0.0,False,0.0,,0,8795.057667788093,0.017271373324490025,True,112.0,QQQ_USDT_LONG,leveraged_contract,,,,False,False,10.0,143061.04951445985,8795.057667788107,QQQ_PROXY,hold_current_no_challenger,0.017271373324490025,610002.6767012888,False
2024-10-03 00:00:00+00:00,250851.56327176117,0.0,False,0.0,,0,8508.91296293248,-0.03253471616264869,True,112.0,QQQ_USDT_LONG,leveraged_contract,,,,False,False,10.0,143061.04951445985,8508.912962932494,QQQ_PROXY,hold_current_no_challenger,-0.03253471616264869,590156.4127563564,False
2024-10-04 00:00:00+00:00,250851.56327176117,0.0,False,0.0,,0,9624.441233222513,0.13110114948285734,True,112.0,QQQ_USDT_LONG,leveraged_contract,,,,False,False,10.0,143061.04951445985,9624.441233222531,QQQ_PROXY,hold_current_no_challenger,0.13110114948285734,667526.5968433943,False
2024-10-07 00:00:00+00:00,250851.56327176117,0.0,False,0.0,,0,8542.762563464941,-0.11238872403560796,True,112.0,QQQ_USDT_LONG,leveraged_contract,,,,False,False,10.0,143061.04951445985,8542.762563464956,QQQ_PROXY,hold_current_no_challenger,-0.11238872403560796,592504.1343643336,False
2024-10-08 00:00:00+00:00,250851.56327176117,0.0,False,0.0,,0,9706.283774498264,0.136199642959689,True,112.0,QQQ_USDT_LONG,leveraged_contract,,,,False,False,10.0,143061.04951445985,9706.28377449828,QQQ_PROXY,hold_current_no_challenger,0.136199642959689,673202.9859168954,False
2024-10-09 00:00:00+00:00,234731.59096435452,-0.06426100000000001,True,60.0,BEAR,1,10515.768494965308,0.0833980068245932,True,112.0,QQQ_USDT_LONG,leveraged_contract,,,,False,False,10.0,133867.80341161112,10515.768494965327,QQQ_PROXY,hold_current_hysteresis,0.0833980068245932,729346.7731307292,False
2024-10-10 00:00:00+00:00,234731.59096435452,0.0,False,0.0,,0,10436.04610875239,-0.007581223022462558,True,112.0,QQQ_USDT_LONG,leveraged_contract,,,,False,False,10.0,133867.80341161112,10436.046108752409,QQQ_PROXY,hold_current_no_challenger,-0.007581223022462558,723817.4325829118,False
2024-10-11 00:00:00+00:00,234731.59096435452,0.0,False,0.0,,0,10512.650313122973,0.007340347443112183,True,112.0,QQQ_USDT_LONG,leveraged_contract,,,,False,False,10.0,133867.80341161112,10512.650313122991,QQQ_PROXY,hold_current_no_challenger,0.007340347443112183,729130.5040234518,False
2024-10-14 00:00:00+00:00,340435.355219785,0.4503175896399998,True,124.8,BULL,1,11473.490859299744,0.09139850728006715,True,112.0,QQQ_USDT_LONG,leveraged_contract,,,,False,False,10.0,194150.82997432922,11473.490859299764,BTC,best_route_score,0.4503175896399998,1056413.3243331625,True
2024-10-15 00:00:00+00:00,396328.71271047974,0.16418200000000005,True,129.55,BULL,1,9823.798696500535,-0.1437829325903951,True,112.0,QQQ_USDT_LONG,leveraged_contract,,,,False,False,10.0,226026.90154117453,9823.798696500551,BTC,hold_current_no_challenger,0.16418200000000005,1229857.3767488298,False
2024-10-16 00:00:00+00:00,396328.71271047974,0.0,True,143.75,BULL,1,9896.265184709002,0.007376625931299063,True,112.0,QQQ_USDT_LONG,leveraged_contract,,,,False,False,10.0,226026.90154117453,9896.26518470902,BTC,hold_current_no_challenger,0.0,1229857.3767488298,False
2024-10-17 00:00:00+00:00,396328.71271047974,0.0,True,143.75,BULL,1,10090.99688846164,0.019677292404565172,True,112.0,QQQ_USDT_LONG,leveraged_contract,,,,False,False,10.0,226026.90154117453,10090.996888461657,BTC,hold_current_no_challenger,0.0,1229857.3767488298,False
2024-10-18 00:00:00+00:00,465214.6062666882,0.17381000000000002,True,143.75,BULL,1,10583.566644349567,0.04881279434850949,True,112.0,QQQ_USDT_LONG,leveraged_contract,,,,False,False,10.0,265312.6372980461,10583.566644349585,BTC,hold_current_no_challenger,0.17381000000000002,1443618.887401544,False
2024-10-21 00:00:00+00:00,416209.36485716153,-0.10533899999999996,True,113.85,BULL,1,10703.621739540695,0.01134353845215541,True,112.0,QQQ_USDT_LONG,leveraged_contract,,,,False,False,10.0,237364.8693977072,10703.621739540713,BTC,hold_current_no_challenger,-0.10533899999999996,1291549.517421553,False
2024-10-22 00:00:00+00:00,416209.36485716153,0.0,False,0.0,,0,10732.287734022471,0.002678158400897246,True,112.0,QQQ_USDT_LONG,leveraged_contract,,,,False,False,10.0,237364.8693977072,10732.28773402249,CASH,no_eligible_candidates,0.0,1290257.9679041314,True
2024-10-23 00:00:00+00:00,416209.36485716153,0.0,False,0.0,,0,9160.70132786597,-0.14643535890063852,True,106.0,QQQ_USDT_LONG,leveraged_contract,,,,False,False,10.0,237364.8693977072,9160.701327865987,CASH,no_eligible_candidates,0.0,1290257.9679041314,False
2024-10-24 00:00:00+00:00,416209.36485716153,0.0,False,0.0,,0,9548.900110376519,0.04237653522549456,True,112.0,QQQ_USDT_LONG,leveraged_contract,,,,False,False,10.0,237364.8693977072,9548.900110376535,CASH,no_eligible_candidates,0.0,1290257.9679041314,False
2024-10-25 00:00:00+00:00,416209.36485716153,0.0,False,0.0,,0,10065.253072668513,0.05407460087794691,True,106.0,QQQ_USDT_LONG,leveraged_contract,,,,False,False,10.0,237364.8693977072,10065.253072668529,CASH,no_eligible_candidates,0.0,1290257.9679041314,False
2024-10-28 00:00:00+00:00,461389.7238311361,0.10855199999999998,True,109.7,BULL,1,9925.495350532115,-0.013885167231005746,True,112.0,QQQ_USDT_LONG,leveraged_contract,,,,False,False,10.0,263131.30070056714,9925.495350532134,BTC,best_route_score,0.10855199999999998,1428887.7327852244,True
2024-10-29 00:00:00+00:00,478784.5778092938,0.037700999999999985,True,120.35,BULL,1,10813.385174947183,0.0894554672646608,True,106.0,QQQ_USDT_LONG,leveraged_contract,,,,False,False,10.0,273051.6138682792,10813.385174947203,BTC,hold_current_no_challenger,0.037700999999999985,1482758.2291989601,False
2024-10-30 00:00:00+00:00,478784.5778092938,0.0,True,127.25,BULL,1,9774.238364824572,-0.0960981961994789,True,106.0,QQQ_USDT_LONG,leveraged_contract,,,,False,False,10.0,273051.6138682792,9774.23836482459,BTC,hold_current_no_challenger,0.0,1482758.2291989601,False
2024-10-31 00:00:00+00:00,413016.3342785202,-0.13736499999999996,True,127.25,BULL,1,7577.8741389625875,-0.22470950102529086,True,106.0,QQQ_USDT_LONG,leveraged_contract,,,,False,False,10.0,235543.87892926307,7577.874138962602,BTC,hold_current_no_challenger,-0.13736499999999996,1279079.145045045,False
2024-11-01 00:00:00+00:00,413016.3342785202,0.0,False,0.0,,0,7888.41180421578,0.04097952269443539,True,106.0,QQQ_USDT_LONG,leveraged_contract,,,,False,False,10.0,235543.87892926307,7888.411804215795,CASH,no_eligible_candidates,0.0,1277800.0659,True
2024-11-04 00:00:00+00:00,413016.3342785202,0.0,False,0.0,,0,7684.718580549463,-0.025821829377297156,True,106.0,QQQ_USDT_LONG,leveraged_contract,,,,False,False,10.0,235543.87892926307,7684.718580549478,CASH,no_eligible_candidates,0.0,1277800.0659,False
2024-11-05 00:00:00+00:00,413016.3342785202,0.0,True,108.0,BULL,1,8490.190617356791,0.10481477341877321,True,112.0,QQQ_USDT_LONG,leveraged_contract,,,,False,False,10.0,235543.87892926307,8490.190617356808,BTC,best_route_score,0.0,1276522.2658341,True
2024-11-06 00:00:00+00:00,506971.7680982037,0.22748600000000008,True,108.0,BULL,1,10714.849488386408,0.2620269639743622,True,122.0,QQQ_USDT_LONG,leveraged_contract,,,,False,False,10.0,289126.8137713654,10714.849488386428,QQQ_PROXY,best_route_score,0.2620269639743622,1609394.514076687,True
2024-11-07 00:00:00+00:00,559648.6696624475,0.10390499999999991,True,112.7,BULL,1,12257.539960045764,0.14397686811480126,True,122.0,QQQ_USDT_LONG,leveraged_contract,,,,False,False,10.0,319168.5353562791,12257.539960045786,QQQ_PROXY,hold_current_hysteresis,0.14397686811480126,1841110.0957745907,False
2024-11-08 00:00:00+00:00,559648.6696624475,0.0,True,126.05,BULL,1,12297.96672646639,0.003298114185423806,True,106.0,QQQ_USDT_LONG,leveraged_contract,,,,False,False,10.0,319168.5353562791,12297.966726466413,BTC,best_route_score,0.0,1839268.9856788162,True
2024-11-11 00:00:00+00:00,868560.0919060839,0.1951369999999999,True,139.05,BULL,1,12112.771636996215,-0.015059000694124247,True,106.0,QQQ_USDT_LONG,leveraged_contract,,,,False,False,10.0,381450.1258400973,12112.771636996238,BTC,hold_current_no_challenger,0.1951369999999999,2198178.417737223,False
2024-11-12 00:00:00+00:00,775479.1125367846,-0.10716700000000001,True,139.95,BULL,1,11932.972237078498,-0.01484378681494758,True,112.0,QQQ_USDT_LONG,leveraged_contract,,,,False,False,10.0,340571.2602041916,11932.972237078522,BTC,hold_current_no_challenger,-0.10716700000000001,1962606.2312435783,False
2024-11-13 00:00:00+00:00,1373572.030955455,0.7712560000000002,True,121.6,BULL,1,11828.731994191583,-0.008735480215316116,True,112.0,QQQ_USDT_LONG,leveraged_contract,,,,False,False,10.0,603238.8880642357,11828.731994191605,BTC,hold_current_no_challenger,0.7712560000000002,3476278.0627275757,False
2024-11-14 00:00:00+00:00,1373572.030955455,0.0,False,0.0,,0,10961.150077954888,-0.07334530164879172,True,112.0,QQQ_USDT_LONG,leveraged_contract,,,,False,False,10.0,603238.8880642357,10961.150077954908,CASH,no_eligible_candidates,0.0,3472801.784664848,True
2024-11-15 00:00:00+00:00,1373572.030955455,0.0,False,0.0,,0,8433.462627014274,-0.23060421880586324,True,106.0,QQQ_USDT_LONG,leveraged_contract,,,,False,False,10.0,603238.8880642357,8433.462627014289,CASH,no_eligible_candidates,0.0,3472801.784664848,False
2024-11-18 00:00:00+00:00,1329590.2545242612,-0.03202000000000005,True,117.5,BULL,1,8832.945682832042,0.047368806086616644,True,96.0,QQQ_USDT_LONG,leveraged_contract,,,,False,True,7.5,583923.1788684188,8832.945682832058,BTC,best_route_score,-0.03202000000000005,3358241.0688483594,True
2024-11-19 00:00:00+00:00,1329590.2545242612,0.0,False,0.0,,0,9408.730493436728,0.065186046793404,True,112.0,QQQ_USDT_LONG,leveraged_contract,,,,False,False,10.0,583923.1788684188,9408.730493436744,CASH,no_eligible_candidates,0.0,3354882.827779511,True
2024-11-20 00:00:00+00:00,1329590.2545242612,0.0,False,0.0,,0,9348.686096014466,-0.006381774614986235,True,112.0,QQQ_USDT_LONG,leveraged_contract,,,,False,False,10.0,583923.1788684188,9348.686096014482,CASH,no_eligible_candidates,0.0,3354882.827779511,False
2024-11-21 00:00:00+00:00,1278065.972980937,-0.03875200000000001,True,126.8,BULL,1,9761.167906114431,0.04412190182274012,True,112.0,QQQ_USDT_LONG,leveraged_contract,,,,False,False,10.0,561294.9878409099,9761.16790611445,BTC,best_route_score,-0.03875200000000001,3221649.534028962,True
2024-11-22 00:00:00+00:00,1278065.972980937,0.0,True,137.75,BULL,1,10022.870854448498,0.026810618447628,True,112.0,QQQ_USDT_LONG,leveraged_contract,,,,False,False,10.0,561294.9878409099,10022.870854448516,BTC,hold_current_no_challenger,0.0,3221649.534028962,False
2024-11-25 00:00:00+00:00,1135203.9658988344,0.0,False,0.0,,0,9760.748963222764,-0.026152376403153488,True,112.0,QQQ_USDT_LONG,leveraged_contract,,,,False,False,10.0,561294.9878409099,9760.748963222783,CASH,no_eligible_candidates,0.0,3218427.884494933,True
2024-11-26 00:00:00+00:00,1135203.9658988344,0.0,False,0.0,,0,10168.103389311242,0.041733931240659494,True,112.0,QQQ_USDT_LONG,leveraged_contract,,,,False,False,10.0,561294.9878409099,10168.103389311262,CASH,no_eligible_candidates,0.0,3218427.884494933,False
2024-11-27 00:00:00+00:00,1135203.9658988344,0.0,False,0.0,,0,9307.066800599516,-0.08468015673570473,True,112.0,QQQ_USDT_LONG,leveraged_contract,,,,False,False,10.0,561294.9878409099,9307.066800599532,CASH,no_eligible_candidates,0.0,3218427.884494933,False
2024-11-29 00:00:00+00:00,1135203.9658988344,0.0,False,0.0,,0,10114.218848602313,0.08672464325181428,True,112.0,QQQ_USDT_LONG,leveraged_contract,,,,False,False,10.0,561294.9878409099,10114.218848602331,CASH,no_eligible_candidates,0.0,3218427.884494933,False
2024-12-02 00:00:00+00:00,1099893.446539551,-0.03110500000000016,True,123.5,BULL,1,11187.291209505927,0.10609542634643532,True,112.0,QQQ_USDT_LONG,leveraged_contract,,,,False,False,10.0,543835.9072441182,11187.291209505947,BTC,best_route_score,-0.03110500000000016,3115200.3664625697,True
2024-12-03 00:00:00+00:00,1099893.446539551,0.0,False,0.0,,0,11511.522316661727,0.02898209236569249,True,122.0,QQQ_USDT_LONG,leveraged_contract,,,,False,False,10.0,543835.9072441182,11511.522316661749,QQQ_PROXY,best_route_score,0.02898209236569249,3202279.905829806,True
2024-12-04 00:00:00+00:00,1099893.446539551,0.0,False,0.0,,0,12664.13218141212,0.10012662383341864,True,122.0,QQQ_USDT_LONG,leveraged_contract,,,,False,False,10.0,543835.9072441182,12664.132181412142,QQQ_PROXY,hold_current_no_challenger,0.10012662383341864,3522913.381370142,False
2024-12-05 00:00:00+00:00,1099893.446539551,0.0,False,0.0,,0,12428.66553306447,-0.01859319256737213,True,106.0,QQQ_USDT_LONG,leveraged_contract,,,,False,False,10.0,543835.9072441182,12428.665533064494,QQQ_PROXY,hold_current_no_challenger,-0.01859319256737213,3457411.174472155,False
2024-12-06 00:00:00+00:00,1099893.446539551,0.0,False,0.0,,0,13626.626651461238,0.096386946386946,True,122.0,QQQ_USDT_LONG,leveraged_contract,,,,False,False,10.0,543835.9072441182,13626.626651461263,QQQ_PROXY,hold_current_no_challenger,0.096386946386946,3790660.4799836306,False
2024-12-09 00:00:00+00:00,1099893.446539551,0.0,False,0.0,,0,12586.4862042563,-0.07633147027576337,True,106.0,QQQ_USDT_LONG,leveraged_contract,,,,False,False,10.0,543835.9072441182,12586.486204256324,QQQ_PROXY,hold_current_no_challenger,-0.07633147027576337,3501313.7922302494,False
2024-12-10 00:00:00+00:00,1099893.446539551,0.0,False,0.0,,0,12152.858410401765,-0.034451854696976314,True,112.0,QQQ_USDT_LONG,leveraged_contract,,,,False,False,10.0,543835.9072441182,12152.858410401788,QQQ_PROXY,hold_current_no_challenger,-0.034451854696976314,3380687.0382118137,False
2024-12-11 00:00:00+00:00,1099893.446539551,0.0,False,0.0,,0,14179.657664795588,0.16677551782048772,True,112.0,QQQ_USDT_LONG,leveraged_contract,,,,False,False,10.0,543835.9072441182,14179.657664795615,QQQ_PROXY,hold_current_no_challenger,0.16677551782048772,3944502.8695985996,False
2024-12-12 00:00:00+00:00,1099893.446539551,0.0,False,0.0,,0,13492.076163130161,-0.048490698289036516,True,112.0,QQQ_USDT_LONG,leveraged_contract,,,,False,False,10.0,543835.9072441182,13492.076163130187,QQQ_PROXY,hold_current_no_challenger,-0.048490698289036516,3753231.171048655,False
2024-12-13 00:00:00+00:00,1099893.446539551,0.0,True,111.9,BULL,1,13957.946684283794,0.03452919443389435,True,106.0,QQQ_USDT_LONG,leveraged_contract,,,,False,False,10.0,543835.9072441182,13957.94668428382,BTC,best_route_score,0.0,3749477.9398776065,True
2024-12-16 00:00:00+00:00,1169104.2416630522,0.0,False,0.0,,0,16072.762816244462,0.15151341238048177,True,112.0,QQQ_USDT_LONG,leveraged_contract,,,,False,False,10.0,543835.9072441182,16072.76281624449,CASH,no_eligible_candidates,0.0,3745728.461937729,True
2024-12-17 00:00:00+00:00,1169104.2416630522,0.0,True,92.2,BULL,1,15708.463817300637,-0.022665611575853895,True,92.0,QQQ_USDT_LONG,leveraged_contract,,,,False,True,5.0,543835.9072441182,15708.463817300666,BTC,best_route_score,0.0,3741982.7334757913,True
2024-12-18 00:00:00+00:00,1127984.5072752794,-0.03517199999999998,True,92.2,BULL,1,10010.820570720227,-0.36271167651067615,True,106.0,QQQ_USDT_LONG,leveraged_contract,,,,False,False,10.0,524708.110714528,10010.820570720247,BTC,hold_current_no_challenger,-0.03517199999999998,3610369.7167739808,False
2024-12-19 00:00:00+00:00,1127984.5072752794,0.0,False,0.0,,0,10010.820570720227,0.0,True,66.0,QQQ_USDT_LONG,leveraged_contract,,,,False,False,0.0,524708.110714528,10010.820570720247,CASH,no_eligible_candidates,0.0,3606759.3470572066,True
2024-12-20 00:00:00+00:00,1127984.5072752794,0.0,False,0.0,,0,10010.820570720227,0.0,False,0.0,CASH,leveraged_contract,,,,False,False,0.0,524708.110714528,10010.820570720247,CASH,no_eligible_candidates,0.0,3606759.3470572066,False
2024-12-23 00:00:00+00:00,1127984.5072752794,0.0,False,0.0,,0,10010.820570720227,0.0,False,0.0,CASH,leveraged_contract,,,,False,False,0.0,524708.110714528,10010.820570720247,CASH,no_eligible_candidates,0.0,3606759.3470572066,False
2024-12-24 00:00:00+00:00,1127984.5072752794,0.0,False,0.0,,0,10010.820570720227,0.0,False,0.0,CASH,leveraged_contract,,,,False,False,0.0,524708.110714528,10010.820570720247,CASH,no_eligible_candidates,0.0,3606759.3470572066,False
2024-12-26 00:00:00+00:00,1100491.0128949517,-0.024374000000000007,True,101.0,BULL,1,10010.820570720227,0.0,False,0.0,CASH,leveraged_contract,,,,True,False,0.0,511918.87522397214,10010.820570720247,BTC,best_route_score,-0.024374000000000007,3515329.346537302,True
2024-12-27 00:00:00+00:00,1100491.0128949517,0.0,False,0.0,,0,10010.820570720227,0.0,False,0.0,CASH,leveraged_contract,,,,False,False,0.0,511918.87522397214,10010.820570720247,CASH,no_eligible_candidates,0.0,3511814.0171907647,True
2024-12-30 00:00:00+00:00,1100491.0128949517,0.0,False,0.0,,0,10010.820570720227,0.0,False,0.0,CASH,leveraged_contract,,,,False,False,0.0,511918.87522397214,10010.820570720247,CASH,no_eligible_candidates,0.0,3511814.0171907647,False
2024-12-31 00:00:00+00:00,1100491.0128949517,0.0,False,0.0,,0,10010.820570720227,0.0,False,0.0,CASH,leveraged_contract,,,,False,False,0.0,511918.87522397214,10010.820570720247,CASH,no_eligible_candidates,0.0,3511814.0171907647,False
2025-01-02 00:00:00+00:00,1100491.0128949517,0.0,False,0.0,,0,10010.820570720227,0.0,False,0.0,CASH,leveraged_contract,,,,False,False,0.0,511918.87522397214,10010.820570720247,CASH,no_eligible_candidates,0.0,3511814.0171907647,False
2025-01-03 00:00:00+00:00,1100491.0128949517,0.0,False,0.0,,0,10010.820570720227,0.0,False,0.0,CASH,leveraged_contract,,,,False,False,0.0,511918.87522397214,10010.820570720247,CASH,no_eligible_candidates,0.0,3511814.0171907647,False
2025-01-06 00:00:00+00:00,1100491.0128949517,0.0,True,130.4,BULL,1,10010.820570720227,0.0,False,0.0,CASH,leveraged_contract,,,,False,False,0.0,511918.87522397214,10010.820570720247,BTC,best_route_score,0.0,3508302.203173574,True
2025-01-07 00:00:00+00:00,1068374.2831746254,-0.0291840000000001,True,130.4,BULL,1,10010.820570720227,0.0,False,0.0,CASH,leveraged_contract,,,,False,False,0.0,496979.03476943565,10010.820570720247,BTC,hold_current_no_challenger,-0.0291840000000001,3405915.9116761563,False
2025-01-08 00:00:00+00:00,1068374.2831746254,0.0,False,0.0,,0,10010.820570720227,0.0,False,0.0,CASH,leveraged_contract,,,,False,False,0.0,496979.03476943565,10010.820570720247,CASH,no_eligible_candidates,0.0,3402509.99576448,True
2025-01-09 00:00:00+00:00,1068374.2831746254,0.0,False,0.0,,0,10010.820570720227,0.0,False,0.0,CASH,leveraged_contract,,,,False,False,0.0,496979.03476943565,10010.820570720247,CASH,no_eligible_candidates,0.0,3402509.99576448,False
2025-01-10 00:00:00+00:00,1068374.2831746254,0.0,False,0.0,,0,10010.820570720227,0.0,False,0.0,CASH,leveraged_contract,,,,False,False,0.0,496979.03476943565,10010.820570720247,CASH,no_eligible_candidates,0.0,3402509.99576448,False
2025-01-13 00:00:00+00:00,1068374.2831746254,0.0,False,0.0,,0,10010.820570720227,0.0,False,0.0,CASH,leveraged_contract,,,,False,False,0.0,496979.03476943565,10010.820570720247,CASH,no_eligible_candidates,0.0,3402509.99576448,False
2025-01-14 00:00:00+00:00,1037482.240776631,-0.028915000000000024,True,116.5,BULL,1,10010.820570720227,0.0,False,0.0,CASH,leveraged_contract,,,,False,False,0.0,482608.8859790774,10010.820570720247,BTC,best_route_score,-0.028915000000000024,3300822.2928177128,True
2025-01-15 00:00:00+00:00,1092158.5923478005,0.05270100000000011,True,103.4,BULL,1,10010.820570720227,0.0,False,0.0,CASH,leveraged_contract,,,,False,False,0.0,508042.8568790608,10010.820570720247,BTC,hold_current_no_challenger,0.05270100000000011,3474778.9284714996,False
2025-01-16 00:00:00+00:00,1053392.4231124152,-0.035495000000000054,True,126.5,BULL,1,10010.820570720227,0.0,False,0.0,CASH,leveraged_contract,,,,False,False,0.0,490009.87567413854,10010.820570720247,BTC,hold_current_no_challenger,-0.035495000000000054,3351441.6504054037,False
2025-01-17 00:00:00+00:00,1685189.810292241,0.599774,True,126.2,BULL,1,11625.332134675504,0.16127664586032253,True,112.0,QQQ_USDT_LONG,leveraged_contract,,,,False,False,10.0,783905.0588467192,11625.332134675527,BTC,hold_current_no_challenger,0.599774,5361549.214835654,False
2025-01-21 00:00:00+00:00,1566310.344139051,0.0,False,0.0,,0,11509.078813328748,-0.01000000000000012,True,112.0,QQQ_USDT_LONG,leveraged_contract,,,,False,False,10.0,783905.0588467192,11509.078813328772,CASH,no_eligible_candidates,0.0,5356187.665620819,True
2025-01-22 00:00:00+00:00,1566310.344139051,0.0,False,0.0,,0,12393.151320503017,0.07681522748375125,True,122.0,QQQ_USDT_LONG,leveraged_contract,,,,False,False,10.0,783905.0588467192,12393.151320503044,QQQ_PROXY,best_route_score,0.07681522748375125,5761856.815161543,True
2025-01-23 00:00:00+00:00,1566310.344139051,0.0,False,0.0,,0,12711.69422523461,0.02570314010485797,True,112.0,QQQ_USDT_LONG,leveraged_contract,,,,False,False,10.0,783905.0588467192,12711.69422523464,QQQ_PROXY,hold_current_no_challenger,0.02570314010485797,5909954.628145771,False
2025-01-24 00:00:00+00:00,1566310.344139051,0.0,False,0.0,,0,12092.51980115648,-0.04870904012534982,True,112.0,QQQ_USDT_LONG,leveraged_contract,,,,False,False,10.0,783905.0588467192,12092.519801156508,QQQ_PROXY,hold_current_no_challenger,-0.04870904012534982,5622086.411024421,False
2025-01-27 00:00:00+00:00,1566310.344139051,0.0,False,0.0,,0,8593.747406038725,-0.2893336089293107,True,106.0,QQQ_USDT_LONG,leveraged_contract,,,,False,False,10.0,783905.0588467192,8593.747406038745,QQQ_PROXY,hold_current_no_challenger,-0.2893336089293107,3995427.8600102896,False
2025-01-28 00:00:00+00:00,1566310.344139051,0.0,False,0.0,,0,8593.747406038725,0.0,True,72.0,QQQ_USDT_LONG,leveraged_contract,,,,False,False,0.0,783905.0588467192,8593.747406038745,QQQ_PROXY,hold_current_no_challenger,0.0,3995427.8600102896,False
2025-01-29 00:00:00+00:00,1566310.344139051,0.0,True,98.7,BULL,1,8593.747406038725,0.0,False,0.0,CASH,leveraged_contract,,,,False,False,0.0,783905.0588467192,8593.747406038745,BTC,best_route_score,0.0,3991432.432150279,True
2025-01-30 00:00:00+00:00,1631793.0806964722,0.04180699999999993,True,98.7,BULL,1,8811.83302708678,0.02537724356371096,True,112.0,QQQ_USDT_LONG,leveraged_contract,,,,False,False,10.0,816677.777641924,8811.8330270868,BTC,hold_current_no_challenger,0.04180699999999993,4158302.2478411854,False
2025-01-31 00:00:00+00:00,1560645.2705850254,-0.04360099999999989,True,116.2,BULL,1,8442.97977652954,-0.041858856088559215,True,112.0,QQQ_USDT_LONG,leveraged_contract,,,,False,False,10.0,781069.8098589585,8442.97977652956,BTC,hold_current_no_challenger,-0.04360099999999989,3976996.1115330625,False
2025-02-03 00:00:00+00:00,1560645.2705850254,0.0,False,0.0,,0,9259.399990769427,0.09669811320754729,True,106.0,QQQ_USDT_LONG,leveraged_contract,,,,False,False,10.0,781069.8098589585,9259.399990769447,CASH,no_eligible_candidates,0.0,3973019.1154215294,True
2025-02-04 00:00:00+00:00,1560645.2705850254,0.0,False,0.0,,0,9594.96318513665,0.0362402741756207,True,112.0,QQQ_USDT_LONG,leveraged_contract,,,,False,False,10.0,781069.8098589585,9594.963185136672,CASH,no_eligible_candidates,0.0,3973019.1154215294,False
2025-02-05 00:00:00+00:00,1560645.2705850254,0.0,False,0.0,,0,9499.013553285284,-0.010000000000000009,True,112.0,QQQ_USDT_LONG,leveraged_contract,,,,False,False,10.0,781069.8098589585,9499.013553285306,CASH,no_eligible_candidates,0.0,3973019.1154215294,False
2025-02-06 00:00:00+00:00,1560645.2705850254,0.0,False,0.0,,0,9867.430117448703,0.038784718233821236,True,112.0,QQQ_USDT_LONG,leveraged_contract,,,,False,False,10.0,781069.8098589585,9867.430117448725,CASH,no_eligible_candidates,0.0,3973019.1154215294,False
2025-02-07 00:00:00+00:00,1560645.2705850254,0.0,False,0.0,,0,8840.785923312798,-0.10404372586540811,True,112.0,QQQ_USDT_LONG,leveraged_contract,,,,False,False,10.0,781069.8098589585,8840.785923312818,CASH,no_eligible_candidates,0.0,3973019.1154215294,False
2025-02-10 00:00:00+00:00,1560645.2705850254,0.0,False,0.0,,0,10419.405752606894,0.17856102873516466,True,112.0,QQQ_USDT_LONG,leveraged_contract,,,,False,False,10.0,781069.8098589585,10419.40575260692,CASH,no_eligible_candidates,0.0,3973019.1154215294,False
2025-02-11 00:00:00+00:00,1560645.2705850254,0.0,False,0.0,,0,10315.211695080825,-0.010000000000000009,True,112.0,QQQ_USDT_LONG,leveraged_contract,,,,False,False,10.0,781069.8098589585,10315.211695080849,CASH,no_eligible_candidates,0.0,3973019.1154215294,False
2025-02-12 00:00:00+00:00,1560645.2705850254,0.0,False,0.0,,0,10261.259080554,-0.005230393337691153,True,112.0,QQQ_USDT_LONG,leveraged_contract,,,,False,False,10.0,781069.8098589585,10261.259080554024,CASH,no_eligible_candidates,0.0,3973019.1154215294,False
2025-02-13 00:00:00+00:00,1560645.2705850254,0.0,False,0.0,,0,11444.09962640548,0.11527245697295241,True,112.0,QQQ_USDT_LONG,leveraged_contract,,,,False,False,10.0,781069.8098589585,11444.099626405505,CASH,no_eligible_candidates,0.0,3973019.1154215294,False
2025-02-14 00:00:00+00:00,1560645.2705850254,0.0,False,0.0,,0,12093.537113699771,0.05674867473154599,True,122.0,QQQ_USDT_LONG,leveraged_contract,,,,False,False,10.0,781069.8098589585,12093.537113699798,QQQ_PROXY,best_route_score,0.05674867473154599,4194284.2022198956,True
2025-02-18 00:00:00+00:00,1560645.2705850254,0.0,False,0.0,,0,12074.501380748132,-0.0015740418020526725,True,122.0,QQQ_USDT_LONG,leveraged_contract,,,,False,False,10.0,781069.8098589585,12074.501380748157,QQQ_PROXY,hold_current_no_challenger,-0.0015740418020526725,4187682.2235559123,False
2025-02-19 00:00:00+00:00,1560645.2705850254,0.0,False,0.0,,0,12215.75856804121,0.011698800872912418,True,112.0,QQQ_USDT_LONG,leveraged_contract,,,,False,False,10.0,781069.8098589585,12215.758568041236,QQQ_PROXY,hold_current_no_challenger,0.011698800872912418,4236673.084008328,False
2025-02-20 00:00:00+00:00,1560645.2705850254,0.0,True,117.4,BULL,1,11823.928199350365,-0.032075811461758086,True,112.0,QQQ_USDT_LONG,leveraged_contract,,,,False,False,10.0,781069.8098589585,11823.928199350388,BTC,best_route_score,0.0,4232436.410924319,True
2025-02-21 00:00:00+00:00,1516898.8230052565,-0.028031000000000028,True,117.4,BULL,1,9384.201417161501,-0.2063380917961687,True,106.0,QQQ_USDT_LONG,leveraged_contract,,,,False,False,10.0,759175.642018802,9384.201417161521,BTC,hold_current_no_challenger,-0.028031000000000028,4113796.9858896993,False
2025-02-24 00:00:00+00:00,1516898.8230052565,0.0,False,0.0,,0,8171.216383227757,-0.1292582053615643,True,106.0,QQQ_USDT_LONG,leveraged_contract,,,,False,False,10.0,759175.642018802,8171.216383227774,CASH,no_eligible_candidates,0.0,4109683.1889038095,True
2025-02-25 00:00:00+00:00,1516898.8230052565,0.0,False,0.0,,0,8089.50421939548,-0.010000000000000009,True,106.0,QQQ_USDT_LONG,leveraged_contract,,,,True,False,10.0,759175.642018802,8089.504219395497,CASH,no_eligible_candidates,0.0,4109683.1889038095,False
2025-02-26 00:00:00+00:00,1516898.8230052565,0.0,False,0.0,,0,8089.50421939548,0.0,False,0.0,CASH,leveraged_contract,,,,False,False,0.0,759175.642018802,8089.504219395497,CASH,no_eligible_candidates,0.0,4109683.1889038095,False
2025-02-27 00:00:00+00:00,1516898.8230052565,0.0,False,0.0,,0,8089.50421939548,0.0,False,0.0,CASH,leveraged_contract,,,,False,False,0.0,759175.642018802,8089.504219395497,CASH,no_eligible_candidates,0.0,4109683.1889038095,False
2025-02-28 00:00:00+00:00,1516898.8230052565,0.0,False,0.0,,0,8089.50421939548,0.0,False,0.0,CASH,leveraged_contract,,,,False,False,0.0,759175.642018802,8089.504219395497,CASH,no_eligible_candidates,0.0,4109683.1889038095,False
2025-03-03 00:00:00+00:00,1516898.8230052565,0.0,False,0.0,,0,8089.50421939548,0.0,False,0.0,CASH,leveraged_contract,,,,True,False,0.0,759175.642018802,8089.504219395497,CASH,no_eligible_candidates,0.0,4109683.1889038095,False
2025-03-04 00:00:00+00:00,1516898.8230052565,0.0,False,0.0,,0,8089.50421939548,0.0,False,0.0,CASH,leveraged_contract,,,,False,False,0.0,759175.642018802,8089.504219395497,CASH,no_eligible_candidates,0.0,4109683.1889038095,False
2025-03-05 00:00:00+00:00,1516898.8230052565,0.0,False,0.0,,0,8089.50421939548,0.0,False,0.0,CASH,leveraged_contract,,,,False,False,0.0,759175.642018802,8089.504219395497,CASH,no_eligible_candidates,0.0,4109683.1889038095,False
2025-03-06 00:00:00+00:00,1516898.8230052565,0.0,False,0.0,,0,8089.50421939548,0.0,False,0.0,CASH,leveraged_contract,,,,True,False,0.0,759175.642018802,8089.504219395497,CASH,no_eligible_candidates,0.0,4109683.1889038095,False
2025-03-07 00:00:00+00:00,1793288.4068485752,0.182207,True,60.0,BEAR,1,8089.50421939548,0.0,False,0.0,CASH,leveraged_contract,,,,False,False,0.0,897502.7582241219,8089.504219395497,BTC,best_route_score,0.182207,4853637.737470702,True
2025-03-10 00:00:00+00:00,1793288.4068485752,0.0,False,0.0,,0,8089.50421939548,0.0,False,0.0,CASH,leveraged_contract,,,,True,False,0.0,897502.7582241219,8089.504219395497,CASH,no_eligible_candidates,0.0,4848784.099733232,True
2025-03-11 00:00:00+00:00,1793288.4068485752,0.0,False,0.0,,0,8089.50421939548,0.0,False,0.0,CASH,leveraged_contract,,,,False,False,0.0,897502.7582241219,8089.504219395497,CASH,no_eligible_candidates,0.0,4848784.099733232,False
2025-03-12 00:00:00+00:00,1793288.4068485752,0.0,False,0.0,,0,8089.50421939548,0.0,False,0.0,CASH,leveraged_contract,,,,False,False,0.0,897502.7582241219,8089.504219395497,CASH,no_eligible_candidates,0.0,4848784.099733232,False
2025-03-13 00:00:00+00:00,1793288.4068485752,0.0,False,0.0,,0,8089.50421939548,0.0,False,0.0,CASH,leveraged_contract,,,,False,False,0.0,897502.7582241219,8089.504219395497,CASH,no_eligible_candidates,0.0,4848784.099733232,False
2025-03-14 00:00:00+00:00,1793288.4068485752,0.0,False,0.0,,0,8089.50421939548,0.0,False,0.0,CASH,leveraged_contract,,,,False,False,0.0,897502.7582241219,8089.504219395497,CASH,no_eligible_candidates,0.0,4848784.099733232,False
2025-03-17 00:00:00+00:00,1793288.4068485752,0.0,False,0.0,,0,8089.50421939548,0.0,False,0.0,CASH,leveraged_contract,,,,True,False,0.0,897502.7582241219,8089.504219395497,CASH,no_eligible_candidates,0.0,4848784.099733232,False
2025-03-18 00:00:00+00:00,1793288.4068485752,0.0,False,0.0,,0,8089.50421939548,0.0,False,0.0,CASH,leveraged_contract,,,,True,False,0.0,897502.7582241219,8089.504219395497,CASH,no_eligible_candidates,0.0,4848784.099733232,False
2025-03-19 00:00:00+00:00,1793288.4068485752,0.0,False,0.0,,0,8089.50421939548,0.0,False,0.0,CASH,leveraged_contract,,,,True,False,0.0,897502.7582241219,8089.504219395497,CASH,no_eligible_candidates,0.0,4848784.099733232,False
2025-03-20 00:00:00+00:00,1793288.4068485752,0.0,False,0.0,,0,8089.50421939548,0.0,False,0.0,CASH,leveraged_contract,,,,True,False,0.0,897502.7582241219,8089.504219395497,CASH,no_eligible_candidates,0.0,4848784.099733232,False
2025-03-21 00:00:00+00:00,1793288.4068485752,0.0,False,0.0,,0,8089.50421939548,0.0,False,0.0,CASH,leveraged_contract,,,,True,False,0.0,897502.7582241219,8089.504219395497,CASH,no_eligible_candidates,0.0,4848784.099733232,False
2025-03-24 00:00:00+00:00,1793288.4068485752,0.0,True,116.4,BULL,1,8089.50421939548,0.0,False,0.0,CASH,leveraged_contract,,,,True,False,0.0,897502.7582241219,8089.504219395497,BTC,best_route_score,0.0,4843935.315633498,True
2025-03-25 00:00:00+00:00,1741300.9759340351,-0.02898999999999996,True,116.4,BULL,1,8089.50421939548,0.0,False,0.0,CASH,leveraged_contract,,,,False,False,0.0,871484.1532632046,8089.504219395497,BTC,hold_current_no_challenger,-0.02898999999999996,4703509.630833283,False
2025-03-26 00:00:00+00:00,1741300.9759340351,0.0,False,0.0,,0,8089.50421939548,0.0,False,0.0,CASH,leveraged_contract,,,,True,False,0.0,871484.1532632046,8089.504219395497,CASH,no_eligible_candidates,0.0,4698806.121202449,True
2025-03-27 00:00:00+00:00,1690406.2310094351,-0.02922800000000003,True,114.6,BULL,1,8089.50421939548,0.0,False,0.0,CASH,leveraged_contract,,,,True,False,0.0,846012.4144316276,8089.504219395497,BTC,best_route_score,-0.02922800000000003,4556907.9464760525,True
2025-03-28 00:00:00+00:00,1690406.2310094351,0.0,False,0.0,,0,8089.50421939548,0.0,False,0.0,CASH,leveraged_contract,,,,True,False,0.0,846012.4144316276,8089.504219395497,CASH,no_eligible_candidates,0.0,4552351.038529577,True
2025-03-31 00:00:00+00:00,1690406.2310094351,0.0,False,0.0,,0,8089.50421939548,0.0,False,0.0,CASH,leveraged_contract,,,,False,False,0.0,846012.4144316276,8089.504219395497,CASH,no_eligible_candidates,0.0,4552351.038529577,False
2025-04-01 00:00:00+00:00,1690406.2310094351,0.0,False,0.0,,0,8089.50421939548,0.0,False,0.0,CASH,leveraged_contract,,,,False,False,0.0,846012.4144316276,8089.504219395497,CASH,no_eligible_candidates,0.0,4552351.038529577,False
2025-04-02 00:00:00+00:00,1690406.2310094351,0.0,False,0.0,,0,8089.50421939548,0.0,False,0.0,CASH,leveraged_contract,,,,True,False,0.0,846012.4144316276,8089.504219395497,CASH,no_eligible_candidates,0.0,4552351.038529577,False
2025-04-03 00:00:00+00:00,1690406.2310094351,0.0,False,0.0,,0,8089.50421939548,0.0,False,0.0,CASH,leveraged_contract,,,,True,False,0.0,846012.4144316276,8089.504219395497,CASH,no_eligible_candidates,0.0,4552351.038529577,False
2025-04-04 00:00:00+00:00,1690406.2310094351,0.0,False,0.0,,0,8089.50421939548,0.0,False,0.0,CASH,leveraged_contract,,,,True,False,0.0,846012.4144316276,8089.504219395497,CASH,no_eligible_candidates,0.0,4552351.038529577,False
2025-04-07 00:00:00+00:00,1690406.2310094351,0.0,False,0.0,,0,8089.50421939548,0.0,False,0.0,CASH,leveraged_contract,,,,False,False,0.0,846012.4144316276,8089.504219395497,CASH,no_eligible_candidates,0.0,4552351.038529577,False
2025-04-08 00:00:00+00:00,1690406.2310094351,0.0,False,0.0,,0,8089.50421939548,0.0,False,0.0,CASH,leveraged_contract,,,,False,False,0.0,846012.4144316276,8089.504219395497,CASH,no_eligible_candidates,0.0,4552351.038529577,False
2025-04-09 00:00:00+00:00,1690406.2310094351,0.0,False,0.0,,0,8089.50421939548,0.0,False,0.0,CASH,leveraged_contract,,,,False,False,0.0,846012.4144316276,8089.504219395497,CASH,no_eligible_candidates,0.0,4552351.038529577,False
2025-04-10 00:00:00+00:00,1690406.2310094351,0.0,False,0.0,,0,8089.50421939548,0.0,False,0.0,CASH,leveraged_contract,,,,False,False,0.0,846012.4144316276,8089.504219395497,CASH,no_eligible_candidates,0.0,4552351.038529577,False
2025-04-11 00:00:00+00:00,1690406.2310094351,0.0,False,0.0,,0,8089.50421939548,0.0,False,0.0,CASH,leveraged_contract,,,,False,False,0.0,846012.4144316276,8089.504219395497,CASH,no_eligible_candidates,0.0,4552351.038529577,False
2025-04-14 00:00:00+00:00,1586992.7909304718,-0.033497,True,119.8,BULL,1,8089.50421939548,0.0,False,0.0,CASH,leveraged_contract,,,,False,False,0.0,817673.5365854114,8089.504219395497,BTC,best_route_score,-0.033497,4395461.074856159,True
2025-04-15 00:00:00+00:00,1586992.7909304718,0.0,False,0.0,,0,8089.50421939548,0.0,False,0.0,CASH,leveraged_contract,,,,False,False,0.0,817673.5365854114,8089.504219395497,CASH,no_eligible_candidates,0.0,4391065.613781303,True
2025-04-16 00:00:00+00:00,1586992.7909304718,0.0,True,117.5,BULL,1,8089.50421939548,0.0,False,0.0,CASH,leveraged_contract,,,,False,False,0.0,817673.5365854114,8089.504219395497,BTC,best_route_score,0.0,4386674.548167522,True
2025-04-17 00:00:00+00:00,1586992.7909304718,0.0,True,117.5,BULL,1,8089.50421939548,0.0,False,0.0,CASH,leveraged_contract,,,,False,False,0.0,817673.5365854114,8089.504219395497,BTC,hold_current_no_challenger,0.0,4386674.548167522,False
2025-04-21 00:00:00+00:00,1582231.8125576805,0.0,False,0.0,,0,8089.50421939548,0.0,False,0.0,CASH,leveraged_contract,,,,False,False,0.0,817673.5365854114,8089.504219395497,CASH,no_eligible_candidates,0.0,4382287.873619354,True
2025-04-22 00:00:00+00:00,1654367.3431239976,0.04559099999999994,True,115.1,BULL,1,8089.50421939548,0.0,False,0.0,CASH,leveraged_contract,,,,False,False,0.0,854952.0907918768,8089.504219395497,BTC,best_route_score,0.04559099999999994,4577498.679305469,True
2025-04-23 00:00:00+00:00,1654367.3431239976,0.0,True,123.5,BULL,1,8089.50421939548,0.0,False,0.0,CASH,leveraged_contract,,,,False,False,0.0,854952.0907918768,8089.504219395497,BTC,hold_current_no_challenger,0.0,4577498.679305469,False
2025-04-24 00:00:00+00:00,1602810.6392428814,-0.03116399999999997,True,123.5,BULL,1,8089.50421939548,0.0,False,0.0,CASH,leveraged_contract,,,,False,False,0.0,828308.3638344387,8089.504219395497,BTC,hold_current_no_challenger,-0.03116399999999997,4434845.5104635935,False
2025-04-25 00:00:00+00:00,1602810.6392428814,0.0,False,0.0,,0,8089.50421939548,0.0,False,0.0,CASH,leveraged_contract,,,,False,False,0.0,828308.3638344387,8089.504219395497,CASH,no_eligible_candidates,0.0,4430410.66495313,True
2025-04-28 00:00:00+00:00,1602810.6392428814,0.0,True,122.3,BULL,1,8089.50421939548,0.0,False,0.0,CASH,leveraged_contract,,,,False,False,0.0,828308.3638344387,8089.504219395497,BTC,best_route_score,0.0,4425980.254288177,True
2025-04-29 00:00:00+00:00,1602810.6392428814,0.0,True,122.3,BULL,1,8089.50421939548,0.0,False,0.0,CASH,leveraged_contract,,,,False,False,0.0,828308.3638344387,8089.504219395497,BTC,hold_current_no_challenger,0.0,4425980.254288177,False
2025-04-30 00:00:00+00:00,1570446.6868152893,-0.020191999999999877,True,122.3,BULL,1,8089.50421939548,0.0,False,0.0,CASH,leveraged_contract,,,,False,False,0.0,811583.1613518939,8089.504219395497,BTC,hold_current_no_challenger,-0.020191999999999877,4336610.860993591,False
2025-05-01 00:00:00+00:00,1570446.6868152893,0.0,True,114.4,BULL,1,8089.50421939548,0.0,False,0.0,CASH,leveraged_contract,,,,False,False,0.0,811583.1613518939,8089.504219395497,BTC,hold_current_no_challenger,0.0,4336610.860993591,False
2025-05-02 00:00:00+00:00,1649177.8905654002,0.05013299999999998,True,114.4,BULL,1,8089.50421939548,0.0,False,0.0,CASH,leveraged_contract,,,,False,False,0.0,852270.2599799484,8089.504219395497,BTC,hold_current_no_challenger,0.05013299999999998,4554018.173287783,False
2025-05-05 00:00:00+00:00,1585979.7446210436,0.0,False,0.0,,0,8089.50421939548,0.0,False,0.0,CASH,leveraged_contract,,,,False,False,0.0,852270.2599799484,8089.504219395497,CASH,no_eligible_candidates,0.0,4549464.155114495,True
2025-05-06 00:00:00+00:00,1585979.7446210436,0.0,False,0.0,,0,8089.50421939548,0.0,False,0.0,CASH,leveraged_contract,,,,False,False,0.0,852270.2599799484,8089.504219395497,CASH,no_eligible_candidates,0.0,4549464.155114495,False
2025-05-07 00:00:00+00:00,1585979.7446210436,0.0,False,0.0,,0,8089.50421939548,0.0,False,0.0,CASH,leveraged_contract,,,,False,False,0.0,852270.2599799484,8089.504219395497,CASH,no_eligible_candidates,0.0,4549464.155114495,False
2025-05-08 00:00:00+00:00,1585979.7446210436,0.0,True,120.8,BULL,1,8089.50421939548,0.0,False,0.0,CASH,leveraged_contract,,,,False,False,0.0,852270.2599799484,8089.504219395497,BTC,best_route_score,0.0,4544914.690959381,True
2025-05-09 00:00:00+00:00,1585979.7446210436,0.0,True,120.8,BULL,1,8089.50421939548,0.0,False,0.0,CASH,leveraged_contract,,,,False,False,0.0,852270.2599799484,8089.504219395497,BTC,hold_current_no_challenger,0.0,4544914.690959381,False
2025-05-12 00:00:00+00:00,1628528.4330422545,-0.02985099999999996,True,110.3,BULL,1,8089.50421939548,0.0,False,0.0,CASH,leveraged_contract,,,,False,False,0.0,826829.140449287,8089.504219395497,BTC,hold_current_no_challenger,-0.02985099999999996,4409244.442519553,False
2025-05-13 00:00:00+00:00,1628528.4330422545,0.0,False,0.0,,0,8089.50421939548,0.0,False,0.0,CASH,leveraged_contract,,,,False,False,0.0,826829.140449287,8089.504219395497,CASH,no_eligible_candidates,0.0,4404835.198077033,True
2025-05-14 00:00:00+00:00,1628528.4330422545,0.0,False,0.0,,0,8089.50421939548,0.0,False,0.0,CASH,leveraged_contract,,,,False,False,0.0,826829.140449287,8089.504219395497,CASH,no_eligible_candidates,0.0,4404835.198077033,False
2025-05-15 00:00:00+00:00,1628528.4330422545,0.0,False,0.0,,0,8089.50421939548,0.0,False,0.0,CASH,leveraged_contract,,,,False,False,0.0,826829.140449287,8089.504219395497,CASH,no_eligible_candidates,0.0,4404835.198077033,False
2025-05-16 00:00:00+00:00,1628528.4330422545,0.0,False,0.0,,0,8089.50421939548,0.0,False,0.0,CASH,leveraged_contract,,,,False,False,0.0,826829.140449287,8089.504219395497,CASH,no_eligible_candidates,0.0,4404835.198077033,False
2025-05-19 00:00:00+00:00,1628528.4330422545,0.0,True,110.4,BULL,1,8089.50421939548,0.0,False,0.0,CASH,leveraged_contract,,,,False,False,0.0,826829.140449287,8089.504219395497,BTC,best_route_score,0.0,4400430.362878956,True
2025-05-20 00:00:00+00:00,1628528.4330422545,0.0,True,110.4,BULL,1,8089.50421939548,0.0,False,0.0,CASH,leveraged_contract,,,,False,False,0.0,826829.140449287,8089.504219395497,BTC,hold_current_no_challenger,0.0,4400430.362878956,False
2025-05-21 00:00:00+00:00,1800464.7831720328,0.10557773916699986,True,90.0,BULL,1,8089.50421939548,0.0,False,0.0,CASH,leveraged_contract,,,,False,False,0.0,914123.8917753166,8089.504219395497,BTC,hold_current_no_challenger,0.10557773916699986,4865017.851953537,False
2025-05-22 00:00:00+00:00,1800464.7831720328,0.0,True,130.4,BULL,1,8089.50421939548,0.0,False,0.0,CASH,leveraged_contract,,,,False,False,0.0,914123.8917753166,8089.504219395497,BTC,hold_current_no_challenger,0.0,4865017.851953537,False
2025-05-23 00:00:00+00:00,1753303.4086416245,-0.02619400000000005,True,130.4,BULL,1,8089.50421939548,0.0,False,0.0,CASH,leveraged_contract,,,,False,False,0.0,890179.3305541539,8089.504219395497,BTC,hold_current_no_challenger,-0.02619400000000005,4737583.574339466,False
2025-05-27 00:00:00+00:00,1695467.1891007633,0.0,False,0.0,,0,8089.50421939548,0.0,False,0.0,CASH,leveraged_contract,,,,False,False,0.0,890179.3305541539,8089.504219395497,CASH,no_eligible_candidates,0.0,4732845.990765126,True
2025-05-28 00:00:00+00:00,1695467.1891007633,0.0,False,0.0,,0,8089.50421939548,0.0,False,0.0,CASH,leveraged_contract,,,,False,False,0.0,890179.3305541539,8089.504219395497,CASH,no_eligible_candidates,0.0,4732845.990765126,False
2025-05-29 00:00:00+00:00,1695467.1891007633,0.0,False,0.0,,0,8089.50421939548,0.0,False,0.0,CASH,leveraged_contract,,,,False,False,0.0,890179.3305541539,8089.504219395497,CASH,no_eligible_candidates,0.0,4732845.990765126,False
2025-05-30 00:00:00+00:00,1695467.1891007633,0.0,False,0.0,,0,8089.50421939548,0.0,False,0.0,CASH,leveraged_contract,,,,False,False,0.0,890179.3305541539,8089.504219395497,CASH,no_eligible_candidates,0.0,4732845.990765126,False
2025-06-02 00:00:00+00:00,1695467.1891007633,0.0,False,0.0,,0,8089.50421939548,0.0,False,0.0,CASH,leveraged_contract,,,,False,False,0.0,890179.3305541539,8089.504219395497,CASH,no_eligible_candidates,0.0,4732845.990765126,False
2025-06-03 00:00:00+00:00,1695467.1891007633,0.0,True,111.1,BULL,1,8569.639094045617,0.05935281837160811,True,112.0,QQQ_USDT_LONG,leveraged_contract,,,,False,False,10.0,890179.3305541539,8569.639094045635,BTC,best_route_score,0.0,4728113.1447743615,True
2025-06-04 00:00:00+00:00,1645374.6109987812,-0.029545000000000043,True,111.1,BULL,1,8878.82690731273,0.036079443938537015,True,112.0,QQQ_USDT_LONG,leveraged_contract,,,,False,False,10.0,863878.9822329314,8878.826907312752,BTC,hold_current_no_challenger,-0.029545000000000043,4588421.0419120025,False
2025-06-05 00:00:00+00:00,1645374.6109987812,0.0,False,0.0,,0,8215.30611611562,-0.07473068211867318,True,106.0,QQQ_USDT_LONG,leveraged_contract,,,,False,False,10.0,863878.9822329314,8215.30611611564,CASH,no_eligible_candidates,0.0,4583832.62087009,True
2025-06-06 00:00:00+00:00,1645374.6109987812,0.0,False,0.0,,0,9433.961510826084,0.14833962088398378,True,112.0,QQQ_USDT_LONG,leveraged_contract,,,,False,False,10.0,863878.9822329314,9433.961510826106,CASH,no_eligible_candidates,0.0,4583832.62087009,False
2025-06-09 00:00:00+00:00,2095088.399676968,0.27332,True,118.5,BULL,1,9530.251816050291,0.010206773168801586,True,112.0,QQQ_USDT_LONG,leveraged_contract,,,,False,False,10.0,1099994.3856568364,9530.251816050313,BTC,best_route_score,0.27332,5830849.067053497,True
2025-06-10 00:00:00+00:00,2095088.399676968,0.0,True,119.8,BULL,1,10135.062976480514,0.06346224340175732,True,122.0,QQQ_USDT_LONG,leveraged_contract,,,,False,False,10.0,1099994.3856568364,10135.062976480538,BTC,hold_current_hysteresis,0.0,5830849.067053497,False
2025-06-11 00:00:00+00:00,2095088.399676968,0.0,True,119.8,BULL,1,9866.050790348812,-0.026542724673341733,True,106.0,QQQ_USDT_LONG,leveraged_contract,,,,False,False,10.0,1099994.3856568364,9866.050790348836,BTC,hold_current_no_challenger,0.0,5830849.067053497,False
2025-06-12 00:00:00+00:00,2027079.7351350542,-0.03246099999999996,True,119.8,BULL,1,10143.47849077698,0.028119427552466547,True,112.0,QQQ_USDT_LONG,leveraged_contract,,,,False,False,10.0,1064287.4679040299,10143.478490777006,BTC,hold_current_no_challenger,-0.03246099999999996,5641573.875487873,False
2025-06-13 00:00:00+00:00,2027079.7351350542,0.0,False,0.0,,0,8917.73293852302,-0.1208407503765574,True,112.0,QQQ_USDT_LONG,leveraged_contract,,,,False,False,10.0,1064287.4679040299,8917.732938523044,CASH,no_eligible_candidates,0.0,5635932.301612386,True
2025-06-16 00:00:00+00:00,2525972.437068083,0.24611399999999994,True,105.4,BULL,1,10520.972018822577,0.1797810151248025,True,112.0,QQQ_USDT_LONG,leveraged_contract,,,,False,False,10.0,1326223.5137797622,10520.972018822604,BTC,best_route_score,0.24611399999999994,7015991.129947324,True
2025-06-17 00:00:00+00:00,2525972.437068083,0.0,False,0.0,,0,9468.87481694033,-0.09999999999999898,True,112.0,QQQ_USDT_LONG,leveraged_contract,,,,False,False,10.0,1326223.5137797622,9468.874816940355,CASH,no_eligible_candidates,0.0,7008975.138817377,True
2025-06-18 00:00:00+00:00,2525972.437068083,0.0,False,0.0,,0,9535.403423693779,0.007026030868464428,True,112.0,QQQ_USDT_LONG,leveraged_contract,,,,False,False,10.0,1326223.5137797622,9535.403423693804,CASH,no_eligible_candidates,0.0,7008975.138817377,False
2025-06-20 00:00:00+00:00,2445699.558990496,-0.031779,True,110.5,BULL,1,10232.603833071085,0.07311703327044228,True,112.0,QQQ_USDT_LONG,leveraged_contract,,,,False,False,10.0,1284077.456735355,10232.603833071114,BTC,best_route_score,-0.031779,6779450.68096302,True
2025-06-23 00:00:00+00:00,2445699.558990496,0.0,False,0.0,,0,12242.657661908735,0.19643620154053965,True,112.0,QQQ_USDT_LONG,leveraged_contract,,,,False,False,10.0,1284077.456735355,12242.657661908768,CASH,no_eligible_candidates,0.0,6772671.230282057,True
2025-06-24 00:00:00+00:00,2445699.558990496,0.0,False,0.0,,0,14093.279064446007,0.15116173739752714,True,122.0,QQQ_USDT_LONG,leveraged_contract,,,,False,False,10.0,1284077.456735355,14093.279064446046,QQQ_PROXY,best_route_score,0.15116173739752714,7788643.540293467,True
2025-06-25 00:00:00+00:00,2445699.558990496,0.0,False,0.0,,0,14401.404476795564,0.021863287524539476,True,122.0,QQQ_USDT_LONG,leveraged_contract,,,,False,False,10.0,1284077.456735355,14401.404476795602,QQQ_PROXY,hold_current_no_challenger,0.021863287524539476,7958928.89344105,False
2025-06-26 00:00:00+00:00,2445699.558990496,0.0,False,0.0,,0,15735.03111430394,0.09260392898881475,True,122.0,QQQ_USDT_LONG,leveraged_contract,,,,False,False,10.0,1284077.456735355,15735.03111430398,QQQ_PROXY,hold_current_no_challenger,0.09260392898881475,8695956.979516292,False
2025-06-27 00:00:00+00:00,2445699.558990496,0.0,False,0.0,,0,16257.190241739621,0.033184499200704654,True,122.0,QQQ_USDT_LONG,leveraged_contract,,,,False,False,10.0,1284077.456735355,16257.190241739665,QQQ_PROXY,hold_current_no_challenger,0.033184499200704654,8984527.956952412,False
2025-06-30 00:00:00+00:00,2445699.558990496,0.0,False,0.0,,0,17270.071465732166,0.062303584379053145,True,122.0,QQQ_USDT_LONG,leveraged_contract,,,,False,False,10.0,1284077.456735355,17270.071465732213,QQQ_PROXY,hold_current_no_challenger,0.062303584379053145,9544296.252624359,False
2025-07-01 00:00:00+00:00,2445699.558990496,0.0,False,0.0,,0,15950.31854624527,-0.07641849786815258,True,112.0,QQQ_USDT_LONG,leveraged_contract,,,,False,False,10.0,1284077.456735355,15950.318546245311,QQQ_PROXY,hold_current_no_challenger,-0.07641849786815258,8814935.469790168,False
2025-07-02 00:00:00+00:00,2445699.558990496,0.0,False,0.0,,0,16994.017373766183,0.06543435634184247,True,112.0,QQQ_USDT_LONG,leveraged_contract,,,,False,False,10.0,1284077.456735355,16994.017373766226,QQQ_PROXY,hold_current_no_challenger,0.06543435634184247,9391735.098450765,False
2025-07-03 00:00:00+00:00,2445699.558990496,0.0,False,0.0,,0,18611.96387356666,0.09520682862770968,True,112.0,QQQ_USDT_LONG,leveraged_contract,,,,False,False,10.0,1284077.456735355,18611.963873566707,QQQ_PROXY,hold_current_no_challenger,0.09520682862770968,10285892.412485814,False
2025-07-04 00:00:00+00:00,2445699.558990496,0.0,False,0.0,,0,17381.08060948872,-0.06613398094040368,True,112.0,QQQ_USDT_LONG,leveraged_contract,,,,False,False,10.0,1284077.456735355,17381.080609488767,QQQ_PROXY,hold_current_no_challenger,-0.06613398094040368,9605645.399723435,False
2025-07-07 00:00:00+00:00,2445699.558990496,0.0,False,0.0,,0,16736.005676115197,-0.03711362646930949,True,112.0,QQQ_USDT_LONG,leveraged_contract,,,,False,False,10.0,1284077.456735355,16736.00567611524,QQQ_PROXY,hold_current_no_challenger,-0.03711362646930949,9249145.064361459,False
2025-07-08 00:00:00+00:00,2445699.558990496,0.0,False,0.0,,0,17168.37065729363,0.025834418889776334,True,112.0,QQQ_USDT_LONG,leveraged_contract,,,,False,False,10.0,1284077.456735355,17168.370657293675,QQQ_PROXY,hold_current_no_challenger,0.025834418889776334,9488091.35232648,False
2025-07-09 00:00:00+00:00,2445699.558990496,0.0,True,121.1,BULL,1,18264.511145202854,0.0638465064501359,True,106.0,QQQ_USDT_LONG,leveraged_contract,,,,False,False,10.0,1284077.456735355,18264.511145202898,BTC,best_route_score,0.0,9478603.260974154,True
2025-07-10 00:00:00+00:00,2651678.821548235,0.0842210000000001,True,121.1,BULL,1,18044.53797377826,-0.01204374810121156,True,112.0,QQQ_USDT_LONG,leveraged_contract,,,,False,False,10.0,1392223.7442190635,18044.537973778304,BTC,hold_current_no_challenger,0.0842210000000001,10276900.70621666,False
2025-07-11 00:00:00+00:00,2651678.821548235,0.0,True,147.35,BULL,1,17630.9017322422,-0.022923071908914627,True,112.0,QQQ_USDT_LONG,leveraged_contract,,,,False,False,10.0,1392223.7442190635,17630.901732242244,BTC,hold_current_no_challenger,0.0,10276900.70621666,False
2025-07-14 00:00:00+00:00,2814818.519667135,0.061523174222000154,True,121.25,BULL,1,18978.62657841277,0.07644106164496067,True,112.0,QQQ_USDT_LONG,leveraged_contract,,,,False,False,10.0,1477877.7681906584,18978.62657841282,BTC,hold_current_no_challenger,0.061523174222000154,10909168.258827424,False
2025-07-15 00:00:00+00:00,2438055.060809689,-0.13385000000000002,True,136.65,BULL,1,19164.010994234548,0.00976806277608322,True,106.0,QQQ_USDT_LONG,leveraged_contract,,,,False,False,10.0,1280063.8289183388,19164.010994234595,BTC,hold_current_no_challenger,-0.13385000000000002,9448976.087383373,False
2025-07-16 00:00:00+00:00,2438055.060809689,0.0,False,0.0,,0,19644.80236427727,0.025088243279935973,True,112.0,QQQ_USDT_LONG,leveraged_contract,,,,False,False,10.0,1280063.8289183388,19644.80236427732,CASH,no_eligible_candidates,0.0,9439527.111295989,True
2025-07-17 00:00:00+00:00,2438055.060809689,0.0,False,0.0,,0,21224.699109881512,0.08042314278901452,True,112.0,QQQ_USDT_LONG,leveraged_contract,,,,False,False,10.0,1280063.8289183388,21224.699109881563,CASH,no_eligible_candidates,0.0,9439527.111295989,False
2025-07-18 00:00:00+00:00,2438055.060809689,0.0,False,0.0,,0,20887.093062456897,-0.015906281906603703,True,106.0,QQQ_USDT_LONG,leveraged_contract,,,,False,False,10.0,1280063.8289183388,20887.093062456945,CASH,no_eligible_candidates,0.0,9439527.111295989,False
2025-07-21 00:00:00+00:00,2438055.060809689,0.0,False,0.0,,0,21871.54875613564,0.047132250080708094,True,112.0,QQQ_USDT_LONG,leveraged_contract,,,,False,False,10.0,1280063.8289183388,21871.54875613569,CASH,no_eligible_candidates,0.0,9439527.111295989,False
2025-07-22 00:00:00+00:00,2438055.060809689,0.0,False,0.0,,0,20810.27799342334,-0.048522890378971395,True,112.0,QQQ_USDT_LONG,leveraged_contract,,,,False,False,10.0,1280063.8289183388,20810.277993423388,CASH,no_eligible_candidates,0.0,9439527.111295989,False
2025-07-23 00:00:00+00:00,2438055.060809689,0.0,False,0.0,,0,21882.591137481642,0.05152805476203559,True,112.0,QQQ_USDT_LONG,leveraged_contract,,,,False,False,10.0,1280063.8289183388,21882.591137481693,CASH,no_eligible_candidates,0.0,9439527.111295989,False
2025-07-24 00:00:00+00:00,2438055.060809689,0.0,False,0.0,,0,21651.162907011192,-0.010575906162869742,True,112.0,QQQ_USDT_LONG,leveraged_contract,,,,False,False,10.0,1280063.8289183388,21651.16290701124,CASH,no_eligible_candidates,0.0,9439527.111295989,False
2025-07-25 00:00:00+00:00,2438055.060809689,0.0,False,0.0,,0,21926.528786276554,0.012718295107196909,True,106.0,QQQ_USDT_LONG,leveraged_contract,,,,False,False,10.0,1280063.8289183388,21926.528786276605,CASH,no_eligible_candidates,0.0,9439527.111295989,False
2025-07-28 00:00:00+00:00,2438055.060809689,0.0,True,79.6,BULL,1,21658.506803876266,-0.012223639455782864,True,112.0,QQQ_USDT_LONG,leveraged_contract,,,,False,False,10.0,1280063.8289183388,21658.506803876317,BTC,best_route_score,0.0,9430087.584184693,True
2025-07-29 00:00:00+00:00,2363660.2486841423,-0.03051400000000004,True,79.6,BULL,1,21177.037716157036,-0.022230022230021018,True,106.0,QQQ_USDT_LONG,leveraged_contract,,,,False,False,10.0,1241003.9612427244,21177.037716157083,BTC,hold_current_no_challenger,-0.03051400000000004,9142337.891640881,False
2025-07-30 00:00:00+00:00,2363660.2486841423,0.0,False,0.0,,0,21434.39127871478,0.01215248166467564,True,106.0,QQQ_USDT_LONG,leveraged_contract,,,,False,False,10.0,1241003.9612427244,21434.391278714826,CASH,no_eligible_candidates,0.0,9133195.553749241,True
2025-07-31 00:00:00+00:00,2363660.2486841423,0.0,False,0.0,,0,18360.063906952277,-0.14342965619067682,True,106.0,QQQ_USDT_LONG,leveraged_contract,,,,False,False,10.0,1241003.9612427244,18360.063906952317,CASH,no_eligible_candidates,0.0,9133195.553749241,False
2025-08-01 00:00:00+00:00,2363660.2486841423,0.0,False,0.0,,0,15014.315727327712,-0.18222965870819507,True,106.0,QQQ_USDT_LONG,leveraged_contract,,,,False,False,10.0,1241003.9612427244,15014.315727327745,CASH,no_eligible_candidates,0.0,9133195.553749241,False
2025-08-04 00:00:00+00:00,2363660.2486841423,0.0,False,0.0,,0,17948.1852994292,0.19540481400437848,True,112.0,QQQ_USDT_LONG,leveraged_contract,,,,False,False,10.0,1241003.9612427244,17948.18529942924,CASH,no_eligible_candidates,0.0,9133195.553749241,False
2025-08-05 00:00:00+00:00,2363660.2486841423,0.0,False,0.0,,0,16242.054813656636,-0.0950586623276517,True,106.0,QQQ_USDT_LONG,leveraged_contract,,,,False,False,10.0,1241003.9612427244,16242.054813656672,CASH,no_eligible_candidates,0.0,9133195.553749241,False
2025-08-06 00:00:00+00:00,2363660.2486841423,0.0,True,112.3,BULL,1,18570.21103538966,0.14334123658882536,True,112.0,QQQ_USDT_LONG,leveraged_contract,,,,False,False,10.0,1241003.9612427244,18570.211035389704,BTC,best_route_score,0.0,9124062.358195491,True
2025-08-07 00:00:00+00:00,2363660.2486841423,0.0,True,112.3,BULL,1,19186.746641001304,0.03320024766744423,True,112.0,QQQ_USDT_LONG,leveraged_contract,,,,False,False,10.0,1241003.9612427244,19186.746641001348,BTC,hold_current_no_challenger,0.0,9124062.358195491,False
2025-08-08 00:00:00+00:00,2363660.2486841423,0.0,True,112.3,BULL,1,20781.682050020176,0.0831269333390039,True,112.0,QQQ_USDT_LONG,leveraged_contract,,,,False,False,10.0,1241003.9612427244,20781.682050020227,BTC,hold_current_no_challenger,0.0,9124062.358195491,False
2025-08-11 00:00:00+00:00,3233446.8569193035,0.05444399999999994,True,116.8,BULL,1,19675.436140523663,-0.053231779161756476,True,112.0,QQQ_USDT_LONG,leveraged_contract,,,,False,False,10.0,1308569.1809086234,19675.43614052371,BTC,hold_current_no_challenger,0.05444399999999994,9620812.809225086,False
2025-08-12 00:00:00+00:00,3233446.8569193035,0.0,True,111.4,BULL,1,22197.8212264465,0.1281997038290661,True,122.0,QQQ_USDT_LONG,leveraged_contract,,,,False,False,10.0,1308569.1809086234,22197.821226446555,QQQ_PROXY,best_route_score,0.1281997038290661,10843343.963800665,True
2025-08-13 00:00:00+00:00,3334728.1128185866,0.03132299999999999,True,111.4,BULL,1,22211.726731495433,0.0006264355815410738,True,106.0,QQQ_USDT_LONG,leveraged_contract,,,,False,False,10.0,1349557.4933622242,22211.726731495488,BTC,best_route_score,0.03132299999999999,11171807.036752015,True
2025-08-14 00:00:00+00:00,3238334.4619894526,-0.028905999999999987,True,116.35,BULL,1,22237.25451764819,0.0011492931846923682,True,112.0,QQQ_USDT_LONG,leveraged_contract,,,,False,False,10.0,1310547.1844590958,22237.254517648245,BTC,hold_current_no_challenger,-0.028905999999999987,10848874.782547662,False
2025-08-15 00:00:00+00:00,3238334.4619894526,0.0,False,0.0,,0,21448.344541039645,-0.03547695044738741,True,112.0,QQQ_USDT_LONG,leveraged_contract,,,,False,False,10.0,1310547.1844590958,21448.3445410397,CASH,no_eligible_candidates,0.0,10838025.907765115,True
2025-08-18 00:00:00+00:00,3238334.4619894526,0.0,False,0.0,,0,21473.132499639298,0.0011557049800381414,True,112.0,QQQ_USDT_LONG,leveraged_contract,,,,False,False,10.0,1310547.1844590958,21473.132499639352,CASH,no_eligible_candidates,0.0,10838025.907765115,False
2025-08-19 00:00:00+00:00,3238334.4619894526,0.0,False,0.0,,0,18484.581659642423,-0.139176286461562,True,106.0,QQQ_USDT_LONG,leveraged_contract,,,,False,False,10.0,1310547.1844590958,18484.58165964247,CASH,no_eligible_candidates,0.0,10838025.907765115,False
2025-08-20 00:00:00+00:00,3238334.4619894526,0.0,False,0.0,,0,17405.17852790423,-0.05839478283108046,True,106.0,QQQ_USDT_LONG,leveraged_contract,,,,False,False,10.0,1310547.1844590958,17405.178527904274,CASH,no_eligible_candidates,0.0,10838025.907765115,False
2025-08-21 00:00:00+00:00,3238334.4619894526,0.0,False,0.0,,0,16634.65814759033,-0.044269605110834775,True,106.0,QQQ_USDT_LONG,leveraged_contract,,,,False,False,10.0,1310547.1844590958,16634.65814759037,CASH,no_eligible_candidates,0.0,10838025.907765115,False
2025-08-22 00:00:00+00:00,3238334.4619894526,0.0,False,0.0,,0,19102.076036243772,0.14832994262709676,True,112.0,QQQ_USDT_LONG,leveraged_contract,,,,False,False,10.0,1310547.1844590958,19102.076036243816,CASH,no_eligible_candidates,0.0,10838025.907765115,False
2025-08-25 00:00:00+00:00,3238334.4619894526,0.0,False,0.0,,0,18262.38431996537,-0.04395813914075053,True,112.0,QQQ_USDT_LONG,leveraged_contract,,,,False,False,10.0,1310547.1844590958,18262.384319965415,CASH,no_eligible_candidates,0.0,10838025.907765115,False
2025-08-26 00:00:00+00:00,3238334.4619894526,0.0,False,0.0,,0,18928.60405574791,0.03648043563808878,True,112.0,QQQ_USDT_LONG,leveraged_contract,,,,False,False,10.0,1310547.1844590958,18928.604055747954,CASH,no_eligible_candidates,0.0,10838025.907765115,False
2025-08-27 00:00:00+00:00,3238334.4619894526,0.0,False,0.0,,0,19127.08014047075,0.010485510930351438,True,112.0,QQQ_USDT_LONG,leveraged_contract,,,,False,False,10.0,1310547.1844590958,19127.080140470796,CASH,no_eligible_candidates,0.0,10838025.907765115,False
2025-08-28 00:00:00+00:00,3238334.4619894526,0.0,False,0.0,,0,20969.327768395753,0.09631619747475284,True,112.0,QQQ_USDT_LONG,leveraged_contract,,,,False,False,10.0,1310547.1844590958,20969.327768395804,CASH,no_eligible_candidates,0.0,10838025.907765115,False
2025-08-29 00:00:00+00:00,3238334.4619894526,0.0,False,0.0,,0,18332.77269977,-0.12573388607142078,True,106.0,QQQ_USDT_LONG,leveraged_contract,,,,False,False,10.0,1310547.1844590958,18332.77269977005,CASH,no_eligible_candidates,0.0,10838025.907765115,False
2025-09-02 00:00:00+00:00,3238334.4619894526,0.0,False,0.0,,0,16739.908595356217,-0.08688615358405483,True,106.0,QQQ_USDT_LONG,leveraged_contract,,,,False,False,10.0,1310547.1844590958,16739.908595356257,CASH,no_eligible_candidates,0.0,10838025.907765115,False
2025-09-03 00:00:00+00:00,3238334.4619894526,0.0,False,0.0,,0,17217.79282200064,0.028547600718500377,True,106.0,QQQ_USDT_LONG,leveraged_contract,,,,False,False,10.0,1310547.1844590958,17217.792822000683,CASH,no_eligible_candidates,0.0,10838025.907765115,False
2025-09-04 00:00:00+00:00,3238334.4619894526,0.0,False,0.0,,0,18768.416302937974,0.09005936457523012,True,112.0,QQQ_USDT_LONG,leveraged_contract,,,,False,False,10.0,1310547.1844590958,18768.41630293802,CASH,no_eligible_candidates,0.0,10838025.907765115,False
2025-09-05 00:00:00+00:00,3238334.4619894526,0.0,False,0.0,,0,18641.709694985628,-0.006751054852321858,True,106.0,QQQ_USDT_LONG,leveraged_contract,,,,False,False,10.0,1310547.1844590958,18641.709694985675,CASH,no_eligible_candidates,0.0,10838025.907765115,False
2025-09-08 00:00:00+00:00,3223891.4902889794,0.0,False,0.0,,0,19635.865966340538,0.053329672418529483,True,112.0,QQQ_USDT_LONG,leveraged_contract,,,,False,False,10.0,1310547.1844590958,19635.865966340585,CASH,no_eligible_candidates,0.0,10838025.907765115,False
2025-09-09 00:00:00+00:00,3223891.4902889794,0.0,False,0.0,,0,20254.669255334014,0.031513929156687936,True,106.0,QQQ_USDT_LONG,leveraged_contract,,,,False,False,10.0,1310547.1844590958,20254.66925533406,CASH,no_eligible_candidates,0.0,10838025.907765115,False
2025-09-10 00:00:00+00:00,3223891.4902889794,0.0,True,113.9,BULL,1,20078.80700998466,-0.00868255329832368,True,106.0,QQQ_USDT_LONG,leveraged_contract,,,,False,False,10.0,1310547.1844590958,20078.807009984703,BTC,best_route_score,0.0,10827187.88185735,True
2025-09-11 00:00:00+00:00,3223891.4902889794,0.0,True,113.9,BULL,1,21459.271024924656,0.0687522926164652,True,106.0,QQQ_USDT_LONG,leveraged_contract,,,,False,False,10.0,1310547.1844590958,21459.271024924707,BTC,hold_current_no_challenger,0.0,10827187.88185735,False
2025-09-12 00:00:00+00:00,3223891.4902889794,0.0,True,113.9,BULL,1,22218.393323518427,0.03537502731160158,True,112.0,QQQ_USDT_LONG,leveraged_contract,,,,False,False,10.0,1310547.1844590958,22218.39332351848,BTC,hold_current_no_challenger,0.0,10827187.88185735,False
2025-09-15 00:00:00+00:00,3223891.4902889794,0.0,True,113.9,BULL,1,24005.796856454006,0.08044702003918491,True,122.0,QQQ_USDT_LONG,leveraged_contract,,,,False,False,10.0,1310547.1844590958,24005.796856454064,QQQ_PROXY,best_route_score,0.08044702003918491,11686504.679474792,True
2025-09-16 00:00:00+00:00,3223891.4902889794,0.0,True,113.9,BULL,1,23946.498881510124,-0.002470152326059516,True,106.0,QQQ_USDT_LONG,leveraged_contract,,,,False,False,10.0,1310547.1844590958,23946.498881510182,BTC,best_route_score,0.0,11674818.174795317,True
2025-09-17 00:00:00+00:00,3223891.4902889794,0.0,True,113.9,BULL,1,23281.04450748711,-0.02778921366817566,True,112.0,QQQ_USDT_LONG,leveraged_contract,,,,False,False,10.0,1310547.1844590958,23281.044507487168,BTC,hold_current_no_challenger,0.0,11674818.174795317,False
2025-09-18 00:00:00+00:00,3509309.0517072435,0.08853200000000006,True,113.9,BULL,1,25297.11417545851,0.08659704539128565,True,112.0,QQQ_USDT_LONG,leveraged_contract,,,,False,False,10.0,1426572.5477936286,25297.114175458573,BTC,hold_current_no_challenger,0.08853200000000006,12708413.177446296,False
2025-09-19 00:00:00+00:00,3406591.5757637722,-0.02927000000000013,True,113.2,BULL,1,26329.131521342482,0.0407958527888197,True,106.0,QQQ_USDT_LONG,leveraged_contract,,,,False,False,10.0,1384816.769319709,26329.131521342548,BTC,hold_current_no_challenger,-0.02927000000000013,12336437.923742441,False
2025-09-22 00:00:00+00:00,3406591.5757637722,0.0,False,0.0,,0,27950.200786036818,0.06156941649899439,True,122.0,QQQ_USDT_LONG,leveraged_contract,,,,False,False,10.0,1384816.769319709,27950.200786036887,QQQ_PROXY,best_route_score,0.06156941649899439,13082889.223174946,True
2025-09-23 00:00:00+00:00,3406591.5757637722,0.0,False,0.0,,0,26074.367146565877,-0.06711342268453602,True,112.0,QQQ_USDT_LONG,leveraged_contract,,,,False,False,10.0,1384816.769319709,26074.367146565943,QQQ_PROXY,hold_current_no_challenger,-0.06711342268453602,12204851.748805044,False
2025-09-24 00:00:00+00:00,3406591.5757637722,0.0,False,0.0,,0,25022.029013172232,-0.04035910545703281,True,112.0,QQQ_USDT_LONG,leveraged_contract,,,,False,False,10.0,1384816.769319709,25022.029013172298,QQQ_PROXY,hold_current_no_challenger,-0.04035910545703281,11712274.84998757,False
2025-09-25 00:00:00+00:00,3406591.5757637722,0.0,False,0.0,,0,23841.506145925872,-0.04717934211589725,True,112.0,QQQ_USDT_LONG,leveraged_contract,,,,False,False,10.0,1384816.769319709,23841.506145925934,QQQ_PROXY,hold_current_no_challenger,-0.04717934211589725,11159697.427884588,False
2025-09-26 00:00:00+00:00,3406591.5757637722,0.0,False,0.0,,0,24656.62104611627,0.034188901288423335,True,112.0,QQQ_USDT_LONG,leveraged_contract,,,,False,False,10.0,1384816.769319709,24656.621046116335,QQQ_PROXY,hold_current_no_challenger,0.034188901288423335,11541235.221655207,False
2025-09-29 00:00:00+00:00,3406591.5757637722,0.0,True,112.1,BULL,1,25765.977037211047,0.04499221483024396,True,112.0,QQQ_USDT_LONG,leveraged_contract,,,,False,False,10.0,1384816.769319709,25765.977037211116,QQQ_PROXY,hold_current_hysteresis,0.04499221483024396,12060500.956154296,False
2025-09-30 00:00:00+00:00,3308062.7276179567,-0.028923000000000032,True,112.1,BULL,1,26420.047834662146,0.025385057066009686,True,102.0,QQQ_USDT_LONG,leveraged_contract,,,,False,True,7.5,1344763.7139006748,26420.047834662215,BTC,best_route_score,-0.028923000000000032,11699963.411912447,True
2025-10-01 00:00:00+00:00,3492897.4244608823,0.05587399999999998,True,122.1,BULL,1,27347.934633186618,0.035120557098580196,True,86.0,QQQ_USDT_LONG,leveraged_contract,,,,False,True,5.0,1419901.0416511612,27347.93463318669,BTC,hold_current_no_challenger,0.05587399999999998,12353687.167589642,False
2025-10-02 00:00:00+00:00,3645278.5675004125,0.04362599999999994,True,124.5,BULL,1,27898.791698930996,0.02014254725751452,True,92.0,QQQ_USDT_LONG,leveraged_contract,,,,False,True,5.0,1481845.6444942346,27898.79169893107,BTC,hold_current_no_challenger,0.04362599999999994,12892629.123962907,False
2025-10-03 00:00:00+00:00,5163846.939542572,0.416585,True,126.3,BULL,1,26681.76574787909,-0.04362289106228712,True,106.0,QQQ_USDT_LONG,leveraged_contract,,,,False,False,10.0,2099160.3123058653,26681.765747879163,BTC,hold_current_no_challenger,0.416585,18263505.027568996,False
2025-10-06 00:00:00+00:00,5163846.939542572,0.0,True,135.35,BULL,1,28160.60261445529,0.05542500000000006,True,96.0,QQQ_USDT_LONG,leveraged_contract,,,,False,True,7.5,2099160.3123058653,28160.60261445537,BTC,hold_current_no_challenger,0.0,18263505.027568996,False
2025-10-07 00:00:00+00:00,4556005.352442076,-0.11771100000000001,True,135.35,BULL,1,26942.49399712627,-0.04325577239969092,True,96.0,QQQ_USDT_LONG,leveraged_contract,,,,False,True,7.5,1852066.0527840296,26942.493997126345,BTC,hold_current_no_challenger,-0.11771100000000001,16113689.587268822,False
2025-10-08 00:00:00+00:00,4556005.352442076,0.0,False,0.0,,0,28400.639329126912,0.05412065164257518,True,92.0,QQQ_USDT_LONG,leveraged_contract,,,,False,True,5.0,1852066.0527840296,28400.639329126992,CASH,no_eligible_candidates,0.0,16097575.897681553,True
2025-10-09 00:00:00+00:00,4556005.352442076,0.0,False,0.0,,0,28051.95388679842,-0.012277380036684327,True,86.0,QQQ_USDT_LONG,leveraged_contract,,,,False,True,5.0,1852066.0527840296,28051.953886798496,CASH,no_eligible_candidates,0.0,16097575.897681553,False
2025-10-10 00:00:00+00:00,4556005.352442076,0.0,False,0.0,,0,27911.694117364426,-0.0050000000000000044,True,86.0,QQQ_USDT_LONG,leveraged_contract,,,,False,False,5.0,1852066.0527840296,27911.694117364503,CASH,no_eligible_candidates,0.0,16097575.897681553,False
2025-10-13 00:00:00+00:00,4556005.352442076,0.0,False,0.0,,0,27911.694117364426,0.0,False,0.0,CASH,leveraged_contract,,,,False,False,0.0,1852066.0527840296,27911.694117364503,CASH,no_eligible_candidates,0.0,16097575.897681553,False
2025-10-14 00:00:00+00:00,4556005.352442076,0.0,False,0.0,,0,27911.694117364426,0.0,False,0.0,CASH,leveraged_contract,,,,False,False,0.0,1852066.0527840296,27911.694117364503,CASH,no_eligible_candidates,0.0,16097575.897681553,False
2025-10-15 00:00:00+00:00,4556005.352442076,0.0,False,0.0,,0,27911.694117364426,0.0,False,0.0,CASH,leveraged_contract,,,,False,False,0.0,1852066.0527840296,27911.694117364503,CASH,no_eligible_candidates,0.0,16097575.897681553,False
2025-10-16 00:00:00+00:00,4556005.352442076,0.0,False,0.0,,0,27911.694117364426,0.0,False,0.0,CASH,leveraged_contract,,,,False,False,0.0,1852066.0527840296,27911.694117364503,CASH,no_eligible_candidates,0.0,16097575.897681553,False
2025-10-17 00:00:00+00:00,4556005.352442076,0.0,False,0.0,,0,27911.694117364426,0.0,False,0.0,CASH,leveraged_contract,,,,False,False,0.0,1852066.0527840296,27911.694117364503,CASH,no_eligible_candidates,0.0,16097575.897681553,False
2025-10-20 00:00:00+00:00,4556005.352442076,0.0,False,0.0,,0,27911.694117364426,0.0,False,0.0,CASH,leveraged_contract,,,,False,False,0.0,1852066.0527840296,27911.694117364503,CASH,no_eligible_candidates,0.0,16097575.897681553,False
2025-10-21 00:00:00+00:00,4556005.352442076,0.0,False,0.0,,0,27911.694117364426,0.0,False,0.0,CASH,leveraged_contract,,,,True,False,0.0,1852066.0527840296,27911.694117364503,CASH,no_eligible_candidates,0.0,16097575.897681553,False
2025-10-22 00:00:00+00:00,4556005.352442076,0.0,False,0.0,,0,27911.694117364426,0.0,False,0.0,CASH,leveraged_contract,,,,False,False,0.0,1852066.0527840296,27911.694117364503,CASH,no_eligible_candidates,0.0,16097575.897681553,False
2025-10-23 00:00:00+00:00,4556005.352442076,0.0,False,0.0,,0,27911.694117364426,0.0,False,0.0,CASH,leveraged_contract,,,,False,False,0.0,1852066.0527840296,27911.694117364503,CASH,no_eligible_candidates,0.0,16097575.897681553,False
2025-10-24 00:00:00+00:00,4556005.352442076,0.0,False,0.0,,0,27911.694117364426,0.0,False,0.0,CASH,leveraged_contract,,,,True,False,0.0,1852066.0527840296,27911.694117364503,CASH,no_eligible_candidates,0.0,16097575.897681553,False
2025-10-27 00:00:00+00:00,4556005.352442076,0.0,True,109.4,BULL,1,27911.694117364426,0.0,False,0.0,CASH,leveraged_contract,,,,True,False,0.0,1852066.0527840296,27911.694117364503,BTC,best_route_score,0.0,16081478.32178387,True
2025-10-28 00:00:00+00:00,4381974.659061023,-0.03819808800000002,True,130.5,BULL,1,27911.694117364426,0.0,False,0.0,CASH,leveraged_contract,,,,False,False,0.0,1781320.6707179726,27911.694117364503,BTC,hold_current_no_challenger,-0.03819808800000002,15467196.597678278,False
2025-10-29 00:00:00+00:00,4381974.659061023,0.0,False,0.0,,0,27911.694117364426,0.0,False,0.0,CASH,leveraged_contract,,,,False,False,0.0,1781320.6707179726,27911.694117364503,CASH,no_eligible_candidates,0.0,15451729.401080599,True
2025-10-30 00:00:00+00:00,4381974.659061023,0.0,False,0.0,,0,27911.694117364426,0.0,False,0.0,CASH,leveraged_contract,,,,False,False,0.0,1781320.6707179726,27911.694117364503,CASH,no_eligible_candidates,0.0,15451729.401080599,False
2025-10-31 00:00:00+00:00,4381974.659061023,0.0,False,0.0,,0,27911.694117364426,0.0,False,0.0,CASH,leveraged_contract,,,,False,False,0.0,1781320.6707179726,27911.694117364503,CASH,no_eligible_candidates,0.0,15451729.401080599,False
2025-11-03 00:00:00+00:00,4381974.659061023,0.0,False,0.0,,0,27911.694117364426,0.0,False,0.0,CASH,leveraged_contract,,,,False,False,0.0,1781320.6707179726,27911.694117364503,CASH,no_eligible_candidates,0.0,15451729.401080599,False
2025-11-04 00:00:00+00:00,4381974.659061023,0.0,False,0.0,,0,27911.694117364426,0.0,False,0.0,CASH,leveraged_contract,,,,False,False,0.0,1781320.6707179726,27911.694117364503,CASH,no_eligible_candidates,0.0,15451729.401080599,False
2025-11-05 00:00:00+00:00,4381974.659061023,0.0,False,0.0,,0,27911.694117364426,0.0,False,0.0,CASH,leveraged_contract,,,,True,False,0.0,1781320.6707179726,27911.694117364503,CASH,no_eligible_candidates,0.0,15451729.401080599,False
2025-11-06 00:00:00+00:00,4381974.659061023,0.0,False,0.0,,0,27911.694117364426,0.0,False,0.0,CASH,leveraged_contract,,,,True,False,0.0,1781320.6707179726,27911.694117364503,CASH,no_eligible_candidates,0.0,15451729.401080599,False
2025-11-07 00:00:00+00:00,4381974.659061023,0.0,False,0.0,,0,27911.694117364426,0.0,False,0.0,CASH,leveraged_contract,,,,False,False,0.0,1781320.6707179726,27911.694117364503,CASH,no_eligible_candidates,0.0,15451729.401080599,False
2025-11-10 00:00:00+00:00,4381974.659061023,0.0,False,0.0,,0,27911.694117364426,0.0,False,0.0,CASH,leveraged_contract,,,,False,False,0.0,1781320.6707179726,27911.694117364503,CASH,no_eligible_candidates,0.0,15451729.401080599,False
2025-11-11 00:00:00+00:00,4381974.659061023,0.0,False,0.0,,0,27911.694117364426,0.0,False,0.0,CASH,leveraged_contract,,,,False,False,0.0,1781320.6707179726,27911.694117364503,CASH,no_eligible_candidates,0.0,15451729.401080599,False
2025-11-12 00:00:00+00:00,4381974.659061023,0.0,False,0.0,,0,27911.694117364426,0.0,False,0.0,CASH,leveraged_contract,,,,False,False,0.0,1781320.6707179726,27911.694117364503,CASH,no_eligible_candidates,0.0,15451729.401080599,False
2025-11-13 00:00:00+00:00,4381974.659061023,0.0,False,0.0,,0,27911.694117364426,0.0,False,0.0,CASH,leveraged_contract,,,,False,False,0.0,1781320.6707179726,27911.694117364503,CASH,no_eligible_candidates,0.0,15451729.401080599,False
2025-11-14 00:00:00+00:00,4381974.659061023,0.0,False,0.0,,0,27911.694117364426,0.0,False,0.0,CASH,leveraged_contract,,,,False,False,0.0,1781320.6707179726,27911.694117364503,CASH,no_eligible_candidates,0.0,15451729.401080599,False
2025-11-17 00:00:00+00:00,4381974.659061023,0.0,False,0.0,,0,27911.694117364426,0.0,False,0.0,CASH,leveraged_contract,,,,False,False,0.0,1781320.6707179726,27911.694117364503,CASH,no_eligible_candidates,0.0,15451729.401080599,False
2025-11-18 00:00:00+00:00,4381974.659061023,0.0,False,0.0,,0,27911.694117364426,0.0,False,0.0,CASH,leveraged_contract,,,,False,False,0.0,1781320.6707179726,27911.694117364503,CASH,no_eligible_candidates,0.0,15451729.401080599,False
2025-11-19 00:00:00+00:00,4587072.982978374,0.046804999999999986,True,72.5,BEAR,1,27911.694117364426,0.0,False,0.0,CASH,leveraged_contract,,,,False,False,0.0,1864695.384710927,27911.694117364503,BTC,best_route_score,0.046804999999999986,16158772.648102479,True
2025-11-20 00:00:00+00:00,4587072.982978374,0.0,False,0.0,,0,27911.694117364426,0.0,False,0.0,CASH,leveraged_contract,,,,False,False,0.0,1864695.384710927,27911.694117364503,CASH,no_eligible_candidates,0.0,16142613.875454377,True
2025-11-21 00:00:00+00:00,4587072.982978374,0.0,False,0.0,,0,27911.694117364426,0.0,False,0.0,CASH,leveraged_contract,,,,False,False,0.0,1864695.384710927,27911.694117364503,CASH,no_eligible_candidates,0.0,16142613.875454377,False
2025-11-24 00:00:00+00:00,4587072.982978374,0.0,False,0.0,,0,27911.694117364426,0.0,False,0.0,CASH,leveraged_contract,,,,False,False,0.0,1864695.384710927,27911.694117364503,CASH,no_eligible_candidates,0.0,16142613.875454377,False
2025-11-25 00:00:00+00:00,4587072.982978374,0.0,False,0.0,,0,28952.432912739387,0.037286837230259495,True,112.0,QQQ_USDT_LONG,leveraged_contract,,,,False,False,10.0,1864695.384710927,28952.432912739467,CASH,no_eligible_candidates,0.0,16142613.875454377,False
2025-11-26 00:00:00+00:00,4587072.982978374,0.0,False,0.0,,0,31620.035047791596,0.0921374083860993,True,112.0,QQQ_USDT_LONG,leveraged_contract,,,,False,False,10.0,1864695.384710927,31620.035047791684,CASH,no_eligible_candidates,0.0,16142613.875454377,False
2025-11-28 00:00:00+00:00,4587072.982978374,0.0,False,0.0,,0,33731.118650318655,0.06676411330146514,True,112.0,QQQ_USDT_LONG,leveraged_contract,,,,False,False,10.0,1864695.384710927,33731.11865031875,CASH,no_eligible_candidates,0.0,16142613.875454377,False
2025-12-01 00:00:00+00:00,4587072.982978374,0.0,False,0.0,,0,32523.244785179184,-0.03580888845286068,True,112.0,QQQ_USDT_LONG,leveraged_contract,,,,False,False,10.0,1864695.384710927,32523.24478517927,CASH,no_eligible_candidates,0.0,16142613.875454377,False
2025-12-02 00:00:00+00:00,4587072.982978374,0.0,False,0.0,,0,35012.57879171849,0.07654014914507234,True,112.0,QQQ_USDT_LONG,leveraged_contract,,,,False,False,10.0,1864695.384710927,35012.57879171859,CASH,no_eligible_candidates,0.0,16142613.875454377,False
2025-12-03 00:00:00+00:00,4587072.982978374,0.0,False,0.0,,0,35648.27630990012,0.01815626098160994,True,106.0,QQQ_USDT_LONG,leveraged_contract,,,,False,False,10.0,1864695.384710927,35648.27630990021,CASH,no_eligible_candidates,0.0,16142613.875454377,False
2025-12-04 00:00:00+00:00,4587072.982978374,0.0,False,0.0,,0,35266.08603942623,-0.010721143068781358,True,106.0,QQQ_USDT_LONG,leveraged_contract,,,,False,False,10.0,1864695.384710927,35266.08603942632,CASH,no_eligible_candidates,0.0,16142613.875454377,False
2025-12-05 00:00:00+00:00,4587072.982978374,0.0,False,0.0,,0,36673.02808822938,0.03989504384553033,True,106.0,QQQ_USDT_LONG,leveraged_contract,,,,False,False,10.0,1864695.384710927,36673.02808822948,CASH,no_eligible_candidates,0.0,16142613.875454377,False
2025-12-08 00:00:00+00:00,4587072.982978374,0.0,False,0.0,,0,35448.22015984579,-0.033398058252427365,True,112.0,QQQ_USDT_LONG,leveraged_contract,,,,False,False,10.0,1864695.384710927,35448.220159845885,CASH,no_eligible_candidates,0.0,16142613.875454377,False
2025-12-09 00:00:00+00:00,4587072.982978374,0.0,False,0.0,,0,35265.554225447646,-0.0051530354295491465,True,112.0,QQQ_USDT_LONG,leveraged_contract,,,,False,False,10.0,1864695.384710927,35265.55422544774,CASH,no_eligible_candidates,0.0,16142613.875454377,False
2025-12-10 00:00:00+00:00,4587072.982978374,0.0,False,0.0,,0,36886.011935184,0.04595015576324135,True,106.0,QQQ_USDT_LONG,leveraged_contract,,,,False,False,10.0,1864695.384710927,36886.0119351841,CASH,no_eligible_candidates,0.0,16142613.875454377,False
2025-12-11 00:00:00+00:00,4587072.982978374,0.0,False,0.0,,0,36084.43772211423,-0.02173111624206736,True,112.0,QQQ_USDT_LONG,leveraged_contract,,,,False,False,10.0,1864695.384710927,36084.43772211433,CASH,no_eligible_candidates,0.0,16142613.875454377,False
2025-12-12 00:00:00+00:00,4587072.982978374,0.0,False,0.0,,0,29239.893389391505,-0.1896813353566007,True,106.0,QQQ_USDT_LONG,leveraged_contract,,,,False,False,10.0,1864695.384710927,29239.89338939159,CASH,no_eligible_candidates,0.0,16142613.875454377,False
2025-12-15 00:00:00+00:00,5259533.29521002,0.14659899999999992,True,60.0,BEAR,1,27729.99344926892,-0.05163835312307907,True,106.0,QQQ_USDT_LONG,leveraged_contract,,,,False,False,10.0,2138057.863414164,27729.993449269004,BTC,best_route_score,0.14659899999999992,18490595.82205513,True
2025-12-16 00:00:00+00:00,5259533.29521002,0.0,False,0.0,,0,28147.027363002264,0.015039091678701322,True,106.0,QQQ_USDT_LONG,leveraged_contract,,,,False,False,10.0,2138057.863414164,28147.027363002348,CASH,no_eligible_candidates,0.0,18472105.226233076,True
2025-12-17 00:00:00+00:00,5259533.29521002,0.0,False,0.0,,0,27865.55708937224,-0.010000000000000009,True,106.0,QQQ_USDT_LONG,leveraged_contract,,,,False,False,10.0,2138057.863414164,27865.557089372323,CASH,no_eligible_candidates,0.0,18472105.226233076,False
2025-12-18 00:00:00+00:00,5259533.29521002,0.0,False,0.0,,0,27865.55708937224,0.0,False,0.0,CASH,leveraged_contract,,,,False,False,0.0,2138057.863414164,27865.557089372323,CASH,no_eligible_candidates,0.0,18472105.226233076,False
2025-12-19 00:00:00+00:00,5259533.29521002,0.0,False,0.0,,0,27865.55708937224,0.0,False,0.0,CASH,leveraged_contract,,,,False,False,0.0,2138057.863414164,27865.557089372323,CASH,no_eligible_candidates,0.0,18472105.226233076,False
2025-12-22 00:00:00+00:00,5259533.29521002,0.0,False,0.0,,0,27865.55708937224,0.0,False,0.0,CASH,leveraged_contract,,,,False,False,0.0,2138057.863414164,27865.557089372323,CASH,no_eligible_candidates,0.0,18472105.226233076,False
2025-12-23 00:00:00+00:00,5259533.29521002,0.0,False,0.0,,0,28781.035129595133,0.03285339091864237,True,112.0,QQQ_USDT_LONG,leveraged_contract,,,,False,False,10.0,2138057.863414164,28781.035129595217,CASH,no_eligible_candidates,0.0,18472105.226233076,False
2025-12-24 00:00:00+00:00,5259533.29521002,0.0,False,0.0,,0,29502.90918889662,0.025081587790398707,True,122.0,QQQ_USDT_LONG,leveraged_contract,,,,False,False,10.0,2138057.863414164,29502.90918889671,QQQ_PROXY,best_route_score,0.025081587790398707,18916479.540183187,True
2025-12-26 00:00:00+00:00,5259533.29521002,0.0,False,0.0,,0,29448.73460305803,-0.001836245554353022,True,106.0,QQQ_USDT_LONG,leveraged_contract,,,,False,False,10.0,2138057.863414164,29448.734603058118,QQQ_PROXY,hold_current_no_challenger,-0.001836245554353022,18881744.238723516,False
2025-12-29 00:00:00+00:00,5259533.29521002,0.0,False,0.0,,0,28042.523580283392,-0.04775115269735952,True,112.0,QQQ_USDT_LONG,leveraged_contract,,,,False,False,10.0,2138057.863414164,28042.523580283476,QQQ_PROXY,hold_current_no_challenger,-0.04775115269735952,17980119.18638774,False
2025-12-30 00:00:00+00:00,5259533.29521002,0.0,False,0.0,,0,27337.102678254123,-0.025155400155399965,True,112.0,QQQ_USDT_LONG,leveraged_contract,,,,False,False,10.0,2138057.863414164,27337.102678254203,QQQ_PROXY,hold_current_no_challenger,-0.025155400155399965,17527822.093412373,False
2025-12-31 00:00:00+00:00,5259533.29521002,0.0,False,0.0,,0,24926.249785172226,-0.08818977349050461,True,106.0,QQQ_USDT_LONG,leveraged_contract,,,,False,False,10.0,2138057.863414164,24926.2497851723,QQQ_PROXY,hold_current_no_challenger,-0.08818977349050461,15982047.433212474,False
2026-01-02 00:00:00+00:00,5259533.29521002,0.0,True,112.8,BULL,1,24013.961859090497,-0.036599485841003476,True,106.0,QQQ_USDT_LONG,leveraged_contract,,,,False,False,10.0,2138057.863414164,24013.96185909057,BTC,best_route_score,0.0,15966065.385779262,True
2026-01-05 00:00:00+00:00,5561824.971352215,0.05747499999999994,True,112.8,BULL,1,23773.822240499594,-0.009999999999999898,True,112.0,QQQ_USDT_LONG,leveraged_contract,,,,False,False,10.0,2260942.7391138934,23773.82224049967,BTC,hold_current_no_challenger,0.05747499999999994,16883714.993826922,False
2026-01-06 00:00:00+00:00,5545139.496438159,-0.0029999999999998916,True,115.0,BULL,1,25734.85823547512,0.08248719853027375,True,112.0,QQQ_USDT_LONG,leveraged_contract,,,,False,False,10.0,2254159.910896552,25734.8582354752,BTC,hold_current_no_challenger,-0.0029999999999998916,16833063.848845445,False
2026-01-07 00:00:00+00:00,5545139.496438159,0.0,True,60.0,BEAR,1,25809.57836584672,0.0029034599564492503,True,106.0,QQQ_USDT_LONG,leveraged_contract,,,,False,False,10.0,2254159.910896552,25809.5783658468,BTC,hold_current_no_challenger,0.0,16833063.848845445,False
2026-01-08 00:00:00+00:00,6329449.571953868,0.14144099999999993,True,60.0,BEAR,1,24298.785959931443,-0.058536113395578626,True,112.0,QQQ_USDT_LONG,leveraged_contract,,,,False,False,10.0,2572990.5428536707,24298.785959931516,BTC,hold_current_no_challenger,0.14144099999999993,19213949.23268999,False
2026-01-09 00:00:00+00:00,6329449.571953868,0.0,False,0.0,,0,26313.058498689603,0.08289601554907655,True,112.0,QQQ_USDT_LONG,leveraged_contract,,,,False,False,10.0,2572990.5428536707,26313.058498689687,CASH,no_eligible_candidates,0.0,19194735.2834573,True
2026-01-12 00:00:00+00:00,6121141.057091294,0.0,False,0.0,,0,26391.645805855547,0.00298662761570867,True,106.0,QQQ_USDT_LONG,leveraged_contract,,,,False,False,10.0,2572990.5428536707,26391.645805855627,CASH,no_eligible_candidates,0.0,19194735.2834573,False
2026-01-13 00:00:00+00:00,6121141.057091294,0.0,False,0.0,,0,25908.626877472816,-0.018301963126360343,True,106.0,QQQ_USDT_LONG,leveraged_contract,,,,False,False,10.0,2572990.5428536707,25908.626877472896,CASH,no_eligible_candidates,0.0,19194735.2834573,False
2026-01-14 00:00:00+00:00,6547631.560244129,0.06967499999999993,True,112.0,BULL,1,23210.306519877635,-0.10414756329449992,True,106.0,QQQ_USDT_LONG,leveraged_contract,,,,False,False,10.0,2752263.658927,23210.306519877704,BTC,best_route_score,0.06967499999999993,20511596.335867856,True
2026-01-15 00:00:00+00:00,6547631.560244129,0.0,False,0.0,,0,24232.836922767576,0.044055015043176216,True,112.0,QQQ_USDT_LONG,leveraged_contract,,,,False,False,10.0,2752263.658927,24232.836922767645,CASH,no_eligible_candidates,0.0,20491084.739531986,True
2026-01-16 00:00:00+00:00,6359825.844201647,-0.028683000000000014,True,90.0,BULL,1,23936.05639242521,-0.012247040298593026,True,112.0,QQQ_USDT_LONG,leveraged_contract,,,,False,False,10.0,2673320.480397997,23936.05639242528,BTC,best_route_score,-0.028683000000000014,19883435.61699204,True
2026-01-20 00:00:00+00:00,6175079.263253433,0.0,False,0.0,,0,20724.503146729574,-0.13417219583055295,True,106.0,QQQ_USDT_LONG,leveraged_contract,,,,False,False,10.0,2673320.480397997,20724.503146729636,CASH,no_eligible_candidates,0.0,19863552.18137505,True
2026-01-21 00:00:00+00:00,6175079.263253433,0.0,False,0.0,,0,23373.83126922646,0.12783554345016768,True,106.0,QQQ_USDT_LONG,leveraged_contract,,,,False,False,10.0,2673320.480397997,23373.831269226528,CASH,no_eligible_candidates,0.0,19863552.18137505,False
2026-01-22 00:00:00+00:00,6175079.263253433,0.0,False,0.0,,0,23140.092956534194,-0.010000000000000009,True,112.0,QQQ_USDT_LONG,leveraged_contract,,,,False,False,10.0,2673320.480397997,23140.092956534263,CASH,no_eligible_candidates,0.0,19863552.18137505,False
2026-01-23 00:00:00+00:00,6175079.263253433,0.0,False,0.0,,0,23140.092956534194,0.0,False,0.0,CASH,leveraged_contract,,,,False,False,0.0,2673320.480397997,23140.092956534263,CASH,no_eligible_candidates,0.0,19863552.18137505,False
2026-01-26 00:00:00+00:00,6175079.263253433,0.0,False,0.0,,0,25263.5359827613,0.09176467139590705,True,112.0,QQQ_USDT_LONG,leveraged_contract,,,,False,False,10.0,2673320.480397997,25263.535982761376,CASH,no_eligible_candidates,0.0,19863552.18137505,False
2026-01-27 00:00:00+00:00,6175079.263253433,0.0,False,0.0,,0,27332.09560163107,0.08187925950988273,True,122.0,QQQ_USDT_LONG,leveraged_contract,,,,False,False,10.0,2673320.480397997,27332.095601631154,QQQ_PROXY,best_route_score,0.08187925950988273,21468475.16009673,True
2026-01-28 00:00:00+00:00,6175079.263253433,0.0,False,0.0,,0,27803.135594765594,0.017233950883239757,True,122.0,QQQ_USDT_LONG,leveraged_contract,,,,False,False,10.0,2673320.480397997,27803.135594765678,QQQ_PROXY,hold_current_no_challenger,0.017233950883239757,21838461.80654389,False
2026-01-29 00:00:00+00:00,6175079.263253433,0.0,False,0.0,,0,24806.75467315721,-0.10777133073337608,True,112.0,QQQ_USDT_LONG,leveraged_contract,,,,False,False,10.0,2673320.480397997,24806.754673157287,QQQ_PROXY,hold_current_no_challenger,-0.10777133073337608,19484901.716482647,False
2026-01-30 00:00:00+00:00,6175079.263253433,0.0,False,0.0,,0,21672.335798940534,-0.12635344346789368,True,106.0,QQQ_USDT_LONG,leveraged_contract,,,,False,False,10.0,2673320.480397997,21672.3357989406,QQQ_PROXY,hold_current_no_challenger,-0.12635344346789368,17022917.28897159,False
2026-02-02 00:00:00+00:00,6175079.263253433,0.0,False,0.0,,0,24388.805620977757,0.12534273403838725,True,112.0,QQQ_USDT_LONG,leveraged_contract,,,,False,False,10.0,2673320.480397997,24388.80562097783,QQQ_PROXY,hold_current_no_challenger,0.12534273403838725,19156616.283280622,False
2026-02-03 00:00:00+00:00,6175079.263253433,0.0,False,0.0,,0,20387.859594233378,-0.16404846095878556,True,106.0,QQQ_USDT_LONG,leveraged_contract,,,,False,False,10.0,2673320.480397997,20387.85959423344,QQQ_PROXY,hold_current_no_challenger,-0.16404846095878556,16014002.864830425,False
2026-02-04 00:00:00+00:00,6175079.263253433,0.0,False,0.0,,0,17977.755601136643,-0.11821270310191967,True,106.0,QQQ_USDT_LONG,leveraged_contract,,,,False,False,10.0,2673320.480397997,17977.755601136698,QQQ_PROXY,hold_current_no_challenger,-0.11821270310191967,14120944.298696935,False
2026-02-05 00:00:00+00:00,6175079.263253433,0.0,False,0.0,,0,17977.755601136643,0.0,False,0.0,CASH,leveraged_contract,,,,False,False,0.0,2673320.480397997,17977.755601136698,CASH,no_eligible_candidates,0.0,14106823.354398238,True
2026-02-06 00:00:00+00:00,6175079.263253433,0.0,False,0.0,,0,17977.755601136643,0.0,False,0.0,CASH,leveraged_contract,,,,False,False,0.0,2673320.480397997,17977.755601136698,CASH,no_eligible_candidates,0.0,14106823.354398238,False
2026-02-09 00:00:00+00:00,6175079.263253433,0.0,True,72.5,BEAR,1,17977.755601136643,0.0,False,0.0,CASH,leveraged_contract,,,,False,False,0.0,2673320.480397997,17977.755601136698,BTC,best_route_score,0.0,14092716.531043839,True
2026-02-10 00:00:00+00:00,6507242.951903097,0.05379099999999992,True,72.5,BEAR,1,17977.755601136643,0.0,False,0.0,CASH,leveraged_contract,,,,False,False,0.0,2817121.0623590853,17977.755601136698,BTC,hold_current_no_challenger,0.05379099999999992,14850777.845965216,False
2026-02-11 00:00:00+00:00,6507242.951903097,0.0,False,0.0,,0,17977.755601136643,0.0,False,0.0,CASH,leveraged_contract,,,,False,False,0.0,2817121.0623590853,17977.755601136698,CASH,no_eligible_candidates,0.0,14835927.06811925,True
2026-02-12 00:00:00+00:00,6507242.951903097,0.0,False,0.0,,0,17977.755601136643,0.0,False,0.0,CASH,leveraged_contract,,,,False,False,0.0,2817121.0623590853,17977.755601136698,CASH,no_eligible_candidates,0.0,14835927.06811925,False
2026-02-13 00:00:00+00:00,6507242.951903097,0.0,False,0.0,,0,17977.755601136643,0.0,False,0.0,CASH,leveraged_contract,,,,False,False,0.0,2817121.0623590853,17977.755601136698,CASH,no_eligible_candidates,0.0,14835927.06811925,False
2026-02-17 00:00:00+00:00,6507242.951903097,0.0,False,0.0,,0,17977.755601136643,0.0,False,0.0,CASH,leveraged_contract,,,,False,False,0.0,2817121.0623590853,17977.755601136698,CASH,no_eligible_candidates,0.0,14835927.06811925,False
2026-02-18 00:00:00+00:00,6507242.951903097,0.0,False,0.0,,0,17977.755601136643,0.0,False,0.0,CASH,leveraged_contract,,,,False,False,0.0,2817121.0623590853,17977.755601136698,CASH,no_eligible_candidates,0.0,14835927.06811925,False
2026-02-19 00:00:00+00:00,6507242.951903097,0.0,False,0.0,,0,17977.755601136643,0.0,False,0.0,CASH,leveraged_contract,,,,False,False,0.0,2817121.0623590853,17977.755601136698,CASH,no_eligible_candidates,0.0,14835927.06811925,False
2026-02-20 00:00:00+00:00,6507242.951903097,0.0,False,0.0,,0,17977.755601136643,0.0,False,0.0,CASH,leveraged_contract,,,,False,False,0.0,2817121.0623590853,17977.755601136698,CASH,no_eligible_candidates,0.0,14835927.06811925,False
2026-02-23 00:00:00+00:00,7787926.9300241945,0.196809,True,60.0,BEAR,1,17977.755601136643,0.0,False,0.0,CASH,leveraged_contract,,,,False,False,0.0,3371555.841520915,17977.755601136698,BTC,best_route_score,0.196809,17738015.26743026,True
2026-02-24 00:00:00+00:00,7787926.9300241945,0.0,False,0.0,,0,17977.755601136643,0.0,False,0.0,CASH,leveraged_contract,,,,False,False,0.0,3371555.841520915,17977.755601136698,CASH,no_eligible_candidates,0.0,17720277.25216283,True
2026-02-25 00:00:00+00:00,7787926.9300241945,0.0,False,0.0,,0,17977.755601136643,0.0,False,0.0,CASH,leveraged_contract,,,,False,False,0.0,3371555.841520915,17977.755601136698,CASH,no_eligible_candidates,0.0,17720277.25216283,False
2026-02-26 00:00:00+00:00,7787926.9300241945,0.0,False,0.0,,0,17977.755601136643,0.0,False,0.0,CASH,leveraged_contract,,,,False,False,0.0,3371555.841520915,17977.755601136698,CASH,no_eligible_candidates,0.0,17720277.25216283,False
2026-02-27 00:00:00+00:00,7787926.9300241945,0.0,False,0.0,,0,17977.755601136643,0.0,False,0.0,CASH,leveraged_contract,,,,False,False,0.0,3371555.841520915,17977.755601136698,CASH,no_eligible_candidates,0.0,17720277.25216283,False
2026-03-02 00:00:00+00:00,7787926.9300241945,0.0,False,0.0,,0,17977.755601136643,0.0,False,0.0,CASH,leveraged_contract,,,,False,False,0.0,3371555.841520915,17977.755601136698,CASH,no_eligible_candidates,0.0,17720277.25216283,False
2026-03-03 00:00:00+00:00,7787926.9300241945,0.0,False,0.0,,0,17977.755601136643,0.0,False,0.0,CASH,leveraged_contract,,,,False,False,0.0,3371555.841520915,17977.755601136698,CASH,no_eligible_candidates,0.0,17720277.25216283,False
2026-03-04 00:00:00+00:00,7787926.9300241945,0.0,True,98.0,BULL,1,17977.755601136643,0.0,False,0.0,CASH,leveraged_contract,,,,False,False,0.0,3371555.841520915,17977.755601136698,BTC,best_route_score,0.0,17702556.974910665,True
2026-03-05 00:00:00+00:00,7519383.6336231,-0.03448200000000001,True,98.0,BULL,1,17977.755601136643,0.0,False,0.0,CASH,leveraged_contract,,,,False,False,0.0,3255297.8529935903,17977.755601136698,BTC,hold_current_no_challenger,-0.03448200000000001,17092137.405301794,False
2026-03-06 00:00:00+00:00,7519383.6336231,0.0,False,0.0,,0,17977.755601136643,0.0,False,0.0,CASH,leveraged_contract,,,,False,False,0.0,3255297.8529935903,17977.755601136698,CASH,no_eligible_candidates,0.0,17075045.267896492,True
2026-03-09 00:00:00+00:00,7519383.6336231,0.0,False,0.0,,0,17977.755601136643,0.0,False,0.0,CASH,leveraged_contract,,,,False,False,0.0,3255297.8529935903,17977.755601136698,CASH,no_eligible_candidates,0.0,17075045.267896492,False
2026-03-10 00:00:00+00:00,7519383.6336231,0.0,False,0.0,,0,17977.755601136643,0.0,False,0.0,CASH,leveraged_contract,,,,False,False,0.0,3255297.8529935903,17977.755601136698,CASH,no_eligible_candidates,0.0,17075045.267896492,False
2026-03-11 00:00:00+00:00,7519383.6336231,0.0,True,112.2,BULL,1,17977.755601136643,0.0,False,0.0,CASH,leveraged_contract,,,,False,False,0.0,3255297.8529935903,17977.755601136698,BTC,best_route_score,0.0,17057970.222628597,True
2026-03-12 00:00:00+00:00,7284981.887612167,-0.031173000000000006,True,112.2,BULL,1,17977.755601136643,0.0,False,0.0,CASH,leveraged_contract,,,,False,False,0.0,3153820.453022221,17977.755601136698,BTC,hold_current_no_challenger,-0.031173000000000006,16526222.116878595,False
2026-03-13 00:00:00+00:00,7619012.87712296,0.045852000000000004,True,119.8,BULL,1,17977.755601136643,0.0,False,0.0,CASH,leveraged_contract,,,,False,False,0.0,3298429.428434196,17977.755601136698,BTC,hold_current_no_challenger,0.045852000000000004,17283982.453381713,False
2026-03-16 00:00:00+00:00,8171245.604712113,0.07248087599999997,True,97.4,BULL,1,17977.755601136643,0.0,False,0.0,CASH,leveraged_contract,,,,False,False,0.0,3537502.482831286,17977.755601136698,BTC,hold_current_no_challenger,0.07248087599999997,18536740.64237145,False
2026-03-17 00:00:00+00:00,8533248.12749207,0.044302000000000064,True,126.8,BULL,1,17977.755601136643,0.0,False,0.0,CASH,leveraged_contract,,,,False,False,0.0,3694220.9178256774,17977.755601136698,BTC,hold_current_no_challenger,0.044302000000000064,19357955.32630979,False
2026-03-18 00:00:00+00:00,8214403.311208329,-0.03736499999999998,True,115.2,BULL,1,17977.755601136643,0.0,False,0.0,CASH,leveraged_contract,,,,False,False,0.0,3556186.3532311213,17977.755601136698,BTC,hold_current_no_challenger,-0.03736499999999998,18634645.325542223,False
2026-03-19 00:00:00+00:00,8214403.311208329,0.0,False,0.0,,0,17977.755601136643,0.0,False,0.0,CASH,leveraged_contract,,,,False,False,0.0,3556186.3532311213,17977.755601136698,CASH,no_eligible_candidates,0.0,18616010.68021668,True
2026-03-20 00:00:00+00:00,8214403.311208329,0.0,False,0.0,,0,17977.755601136643,0.0,False,0.0,CASH,leveraged_contract,,,,False,False,0.0,3556186.3532311213,17977.755601136698,CASH,no_eligible_candidates,0.0,18616010.68021668,False
2026-03-23 00:00:00+00:00,8214403.311208329,0.0,False,0.0,,0,17977.755601136643,0.0,False,0.0,CASH,leveraged_contract,,,,False,False,0.0,3556186.3532311213,17977.755601136698,CASH,no_eligible_candidates,0.0,18616010.68021668,False
2026-03-24 00:00:00+00:00,8214403.311208329,0.0,False,0.0,,0,17977.755601136643,0.0,False,0.0,CASH,leveraged_contract,,,,False,False,0.0,3556186.3532311213,17977.755601136698,CASH,no_eligible_candidates,0.0,18616010.68021668,False
2026-03-25 00:00:00+00:00,8214403.311208329,0.0,False,0.0,,0,17977.755601136643,0.0,False,0.0,CASH,leveraged_contract,,,,False,False,0.0,3556186.3532311213,17977.755601136698,CASH,no_eligible_candidates,0.0,18616010.68021668,False
2026-03-26 00:00:00+00:00,8214403.311208329,0.0,False,0.0,,0,17977.755601136643,0.0,False,0.0,CASH,leveraged_contract,,,,False,False,0.0,3556186.3532311213,17977.755601136698,CASH,no_eligible_candidates,0.0,18616010.68021668,False
2026-03-27 00:00:00+00:00,8214403.311208329,0.0,False,0.0,,0,17977.755601136643,0.0,False,0.0,CASH,leveraged_contract,,,,False,False,0.0,3556186.3532311213,17977.755601136698,CASH,no_eligible_candidates,0.0,18616010.68021668,False
2026-03-30 00:00:00+00:00,8214403.311208329,0.0,False,0.0,,0,17977.755601136643,0.0,False,0.0,CASH,leveraged_contract,,,,False,False,0.0,3556186.3532311213,17977.755601136698,CASH,no_eligible_candidates,0.0,18616010.68021668,False
2026-03-31 00:00:00+00:00,8214403.311208329,0.0,False,0.0,,0,17977.755601136643,0.0,False,0.0,CASH,leveraged_contract,,,,False,False,0.0,3556186.3532311213,17977.755601136698,CASH,no_eligible_candidates,0.0,18616010.68021668,False
2026-04-01 00:00:00+00:00,8214403.311208329,0.0,False,0.0,,0,17977.755601136643,0.0,False,0.0,CASH,leveraged_contract,,,,False,False,0.0,3556186.3532311213,17977.755601136698,CASH,no_eligible_candidates,0.0,18616010.68021668,False
2026-04-02 00:00:00+00:00,8214403.311208329,0.0,False,0.0,,0,17977.755601136643,0.0,False,0.0,CASH,leveraged_contract,,,,False,False,0.0,3556186.3532311213,17977.755601136698,CASH,no_eligible_candidates,0.0,18616010.68021668,False
2026-04-06 00:00:00+00:00,7993452.2909434475,-0.026897999999999977,True,97.7,BULL,1,17977.755601136643,0.0,False,0.0,CASH,leveraged_contract,,,,False,False,0.0,3460532.052701911,17977.755601136698,BTC,best_route_score,-0.026897999999999977,18097161.94771527,True
2026-04-07 00:00:00+00:00,7253586.340346012,-0.09255900000000006,True,60.0,BEAR,1,17977.755601136643,0.0,False,0.0,CASH,leveraged_contract,,,,False,False,0.0,3140228.6664358745,17977.755601136698,BTC,hold_current_no_challenger,-0.09255900000000006,16422106.734996693,False
2026-04-08 00:00:00+00:00,7231825.581324974,-0.0030000000000000027,True,107.5,BULL,1,17977.755601136643,0.0,False,0.0,CASH,leveraged_contract,,,,False,False,0.0,3130807.9804365668,17977.755601136698,BTC,hold_current_no_challenger,-0.0030000000000000027,16372840.414791703,False
2026-04-09 00:00:00+00:00,9909018.484229155,0.3701960000000002,True,121.6,BULL,1,17977.755601136643,0.0,False,0.0,CASH,leveraged_contract,,,,False,False,0.0,4289820.571562262,17977.755601136698,BTC,hold_current_no_challenger,0.3701960000000002,22434000.444985937,False
2026-04-10 00:00:00+00:00,9909018.484229155,0.0,True,124.5,BULL,1,17977.755601136643,0.0,False,0.0,CASH,leveraged_contract,,,,False,False,0.0,4289820.571562262,17977.755601136698,BTC,hold_current_no_challenger,0.0,22434000.444985937,False
2026-04-13 00:00:00+00:00,9634954.850992346,0.0,False,0.0,,0,17977.755601136643,0.0,False,0.0,CASH,leveraged_contract,,,,False,False,0.0,4289820.571562262,17977.755601136698,CASH,no_eligible_candidates,0.0,22411566.44454095,True
2026-04-14 00:00:00+00:00,9634954.850992346,0.0,True,113.4,BULL,1,17977.755601136643,0.0,False,0.0,CASH,leveraged_contract,,,,False,False,0.0,4289820.571562262,17977.755601136698,BTC,best_route_score,0.0,22389154.87809641,True
2026-04-15 00:00:00+00:00,9349172.455157062,-0.02966100000000005,True,113.4,BULL,1,17977.755601136643,0.0,False,0.0,CASH,leveraged_contract,,,,False,False,0.0,4162580.203589154,17977.755601136698,BTC,hold_current_no_challenger,-0.02966100000000005,21725070.15525719,False
2026-04-16 00:00:00+00:00,10094712.863421107,0.07974400000000004,True,121.6,BULL,1,17977.755601136643,0.0,False,0.0,CASH,leveraged_contract,,,,False,False,0.0,4494520.999344167,17977.755601136698,BTC,hold_current_no_challenger,0.07974400000000004,23457514.14971802,False
2026-04-17 00:00:00+00:00,14370944.274207784,0.42361099999999996,True,110.3,BULL,1,17977.755601136643,0.0,False,0.0,CASH,leveraged_contract,,,,False,False,0.0,6398449.53439735,17977.755601136698,BTC,hold_current_no_challenger,0.42361099999999996,33394375.17619422,False
2026-04-20 00:00:00+00:00,15226504.07062847,0.0,False,0.0,,0,17977.755601136643,0.0,False,0.0,CASH,leveraged_contract,,,,False,False,0.0,6398449.53439735,17977.755601136698,CASH,no_eligible_candidates,0.0,33360980.801018026,True
2026-04-21 00:00:00+00:00,15226504.07062847,0.0,False,0.0,,0,17977.755601136643,0.0,False,0.0,CASH,leveraged_contract,,,,False,False,0.0,6398449.53439735,17977.755601136698,CASH,no_eligible_candidates,0.0,33360980.801018026,False
2026-04-22 00:00:00+00:00,15226504.07062847,0.0,True,114.5,BULL,1,17977.755601136643,0.0,False,0.0,CASH,leveraged_contract,,,,False,False,0.0,6398449.53439735,17977.755601136698,BTC,best_route_score,0.0,33327619.820217006,True
2026-04-23 00:00:00+00:00,14727059.510607786,-0.03280099999999997,True,114.5,BULL,1,17977.755601136643,0.0,False,0.0,CASH,leveraged_contract,,,,False,False,0.0,6188573.991219582,17977.755601136698,BTC,hold_current_no_challenger,-0.03280099999999997,32234440.56249407,False
2026-04-24 00:00:00+00:00,14727059.510607786,0.0,False,0.0,,0,17977.755601136643,0.0,False,0.0,CASH,leveraged_contract,,,,False,False,0.0,6188573.991219582,17977.755601136698,CASH,no_eligible_candidates,0.0,32202206.121931575,True
2026-04-27 00:00:00+00:00,14309223.378172822,-0.028371999999999953,True,105.1,BULL,1,17977.755601136643,0.0,False,0.0,CASH,leveraged_contract,,,,False,False,0.0,6012991.7699407,17977.755601136698,BTC,best_route_score,-0.028371999999999953,31257276.564710293,True
2026-04-28 00:00:00+00:00,14309223.378172822,0.0,False,0.0,,0,17977.755601136643,0.0,False,0.0,CASH,leveraged_contract,,,,False,False,0.0,6012991.7699407,17977.755601136698,CASH,no_eligible_candidates,0.0,31226019.288145583,True
2026-04-29 00:00:00+00:00,14309223.378172822,0.0,False,0.0,,0,18526.842592589415,0.03054257737367716,True,112.0,QQQ_USDT_LONG,leveraged_contract,,,,False,False,10.0,6012991.7699407,18526.84259258947,CASH,no_eligible_candidates,0.0,31226019.288145583,False
2026-04-30 00:00:00+00:00,14309223.378172822,0.0,False,0.0,,0,21175.77182716776,0.1429779100966666,True,112.0,QQQ_USDT_LONG,leveraged_contract,,,,False,False,10.0,6012991.7699407,21175.77182716782,CASH,no_eligible_candidates,0.0,31226019.288145583,False
2026-05-01 00:00:00+00:00,14309223.378172822,0.0,False,0.0,,0,22739.13913207687,0.07382811439738735,True,122.0,QQQ_USDT_LONG,leveraged_contract,,,,False,False,10.0,6012991.7699407,22739.13913207694,QQQ_PROXY,best_route_score,0.07382811439738735,33497846.034913495,True
2026-05-04 00:00:00+00:00,14764685.958300063,0.031830000000000025,True,111.1,BULL,1,21809.679877484985,-0.04087486554320552,True,106.0,QQQ_USDT_LONG,leveraged_contract,,,,False,False,10.0,6204385.297977913,21809.679877485054,BTC,best_route_score,0.031830000000000025,34529518.391730584,True
2026-05-05 00:00:00+00:00,14764685.958300063,0.0,True,116.2,BULL,1,24763.72873697145,0.1354466858789638,True,122.0,QQQ_USDT_LONG,leveraged_contract,,,,False,False,10.0,6204385.297977913,24763.72873697153,QQQ_PROXY,best_route_score,0.1354466858789638,39167220.79566433,True
2026-05-06 00:00:00+00:00,15900090.308493339,0.07689999999999997,True,116.2,BULL,1,28855.2226796197,0.1652212389380514,True,122.0,QQQ_USDT_LONG,leveraged_contract,,,,False,False,10.0,6681502.527392414,28855.222679619794,QQQ_PROXY,hold_current_hysteresis,0.1652212389380514,45638477.5412842,False
2026-05-07 00:00:00+00:00,15900090.308493339,0.0,False,0.0,,0,29090.337161047708,0.008148073714020265,True,106.0,QQQ_USDT_LONG,leveraged_contract,,,,False,False,10.0,6681502.527392414,29090.337161047803,QQQ_PROXY,hold_current_no_challenger,0.008148073714020265,46010343.220486246,False
2026-05-08 00:00:00+00:00,15900090.308493339,0.0,False,0.0,,0,36728.81523793747,0.2625778461969075,True,122.0,QQQ_USDT_LONG,leveraged_contract,,,,False,False,10.0,6681502.527392414,36728.8152379376,QQQ_PROXY,hold_current_no_challenger,0.2625778461969075,58091640.04610201,False
2026-05-11 00:00:00+00:00,15900090.308493339,0.0,False,0.0,,0,38358.75515086575,0.04437768826381028,True,122.0,QQQ_USDT_LONG,leveraged_contract,,,,False,False,10.0,6681502.527392414,38358.75515086587,QQQ_PROXY,hold_current_no_challenger,0.04437768826381028,60669612.738801405,False
2026-05-12 00:00:00+00:00,15900090.308493339,0.0,False,0.0,,0,35370.84572212725,-0.07789380591176631,True,112.0,QQQ_USDT_LONG,leveraged_contract,,,,False,False,10.0,6681502.527392414,35370.845722127364,QQQ_PROXY,hold_current_no_challenger,-0.07789380591176631,55943825.699383184,False
2026-05-13 00:00:00+00:00,15900090.308493339,0.0,False,0.0,,0,39394.278249355586,0.1137499668183326,True,106.0,QQQ_USDT_LONG,leveraged_contract,,,,False,False,10.0,6681502.527392414,39394.27824935572,QQQ_PROXY,hold_current_no_challenger,0.1137499668183326,62307434.016378604,False
2026-05-14 00:00:00+00:00,15900090.308493339,0.0,False,0.0,,0,41404.87087761514,0.051037681551950875,True,112.0,QQQ_USDT_LONG,leveraged_contract,,,,False,False,10.0,6681502.527392414,41404.87087761527,QQQ_PROXY,hold_current_no_challenger,0.051037681551950875,65487460.992025726,False
2026-05-15 00:00:00+00:00,15900090.308493339,0.0,False,0.0,,0,35077.44825680842,-0.15281831549503844,True,112.0,QQQ_USDT_LONG,leveraged_contract,,,,False,False,10.0,6681502.527392414,35077.44825680853,QQQ_PROXY,hold_current_no_challenger,-0.15281831549503844,55479777.51717731,False
2026-05-18 00:00:00+00:00,15900090.308493339,0.0,False,0.0,,0,34607.90287084123,-0.013385961901491883,True,112.0,QQQ_USDT_LONG,leveraged_contract,,,,False,False,10.0,6681502.527392414,34607.90287084134,QQQ_PROXY,hold_current_no_challenger,-0.013385961901491883,54737127.329029135,False
2026-05-19 00:00:00+00:00,15900090.308493339,0.0,False,0.0,,0,32887.19194867638,-0.04972017312307675,True,102.0,QQQ_USDT_LONG,leveraged_contract,,,,False,True,7.5,6681502.527392414,32887.19194867648,QQQ_PROXY,hold_current_no_challenger,-0.04972017312307675,52015587.881969914,False
2026-05-20 00:00:00+00:00,15900090.308493339,0.0,False,0.0,,0,36805.18644636852,0.11913435795328908,True,102.0,QQQ_USDT_LONG,leveraged_contract,,,,False,True,7.5,6681502.527392414,36805.18644636863,QQQ_PROXY,hold_current_no_challenger,0.11913435795328908,58212431.54785129,False
2026-05-21 00:00:00+00:00,15900090.308493339,0.0,False,0.0,,0,38638.179848893174,0.04980258435032359,True,102.0,QQQ_USDT_LONG,leveraged_contract,,,,False,True,7.5,6681502.527392414,38638.17984889328,QQQ_PROXY,hold_current_no_challenger,0.04980258435032359,61111561.08025059,False
2026-05-22 00:00:00+00:00,15900090.308493339,0.0,False,0.0,,0,39767.5435064279,0.029229214780599477,True,102.0,QQQ_USDT_LONG,leveraged_contract,,,,False,True,7.5,6681502.527392414,39767.54350642802,QQQ_PROXY,hold_current_no_challenger,0.029229214780599477,62897804.02464296,False
2026-05-26 00:00:00+00:00,15900090.308493339,0.0,False,0.0,,0,45090.87669641264,0.13386125268522786,True,122.0,QQQ_USDT_LONG,leveraged_contract,,,,False,False,10.0,6681502.527392414,45090.87669641277,QQQ_PROXY,hold_current_no_challenger,0.13386125268522786,71317382.86253163,False
2026-05-27 00:00:00+00:00,15900090.308493339,0.0,False,0.0,,0,45049.61216698992,-0.0009151414309493955,True,106.0,QQQ_USDT_LONG,leveraged_contract,,,,False,False,10.0,6681502.527392414,45049.61216699005,QQQ_PROXY,hold_current_no_challenger,-0.0009151414309493955,71252117.37072726,False
2026-05-28 00:00:00+00:00,15900090.308493339,0.0,False,0.0,,0,47846.51703924331,0.06208499335989437,True,112.0,QQQ_USDT_LONG,leveraged_contract,,,,False,False,10.0,6681502.527392414,47846.517039243445,QQQ_PROXY,hold_current_no_challenger,0.06208499335989437,75675804.60456727,False
2026-05-29 00:00:00+00:00,15900090.308493339,0.0,False,0.0,,0,49357.830196044444,0.03158669116001844,True,112.0,QQQ_USDT_LONG,leveraged_contract,,,,False,False,10.0,6681502.527392414,49357.83019604459,QQQ_PROXY,hold_current_no_challenger,0.03158669116001844,78066152.87289764,False
