date,btc_equity_raw,btc_return,btc_active,btc_score,btc_direction,btc_active_trades,qqq_equity_raw,qqq_return,qqq_active,qqq_score,position,entry_type,vix_label,ixic_trend_label,rel_strength_label,risk_cash_day,risk_capped_day,avg_leverage_when_active,btc_equity,qqq_equity,selected_strategy,decision_reason,router_return,router_equity,switched
2022-01-03 00:00:00+00:00,1000.0,0.0,False,0.0,,0,1000.0,0.0,False,0.0,CASH,leveraged_contract,,,,False,False,0.0,1000.0,1000.0,CASH,no_eligible_candidates,0.0,1000.0,False
2022-01-04 00:00:00+00:00,1000.0,0.0,False,0.0,,0,1000.0,0.0,False,0.0,CASH,leveraged_contract,,,,False,False,0.0,1000.0,1000.0,CASH,no_eligible_candidates,0.0,1000.0,False
2022-01-05 00:00:00+00:00,1000.0,0.0,False,0.0,,0,1000.0,0.0,False,0.0,CASH,leveraged_contract,,,,False,False,0.0,1000.0,1000.0,CASH,no_eligible_candidates,0.0,1000.0,False
2022-01-06 00:00:00+00:00,1000.0,0.0,False,0.0,,0,1000.0,0.0,False,0.0,CASH,leveraged_contract,,,,False,False,0.0,1000.0,1000.0,CASH,no_eligible_candidates,0.0,1000.0,False
2022-01-07 00:00:00+00:00,1000.0,0.0,False,0.0,,0,1000.0,0.0,False,0.0,CASH,leveraged_contract,,,,False,False,0.0,1000.0,1000.0,CASH,no_eligible_candidates,0.0,1000.0,False
2022-01-10 00:00:00+00:00,1000.0,0.0,False,0.0,,0,1000.0,0.0,False,0.0,CASH,leveraged_contract,,,,False,False,0.0,1000.0,1000.0,CASH,no_eligible_candidates,0.0,1000.0,False
2022-01-11 00:00:00+00:00,1000.0,0.0,False,0.0,,0,1000.0,0.0,False,0.0,CASH,leveraged_contract,,,,False,False,0.0,1000.0,1000.0,CASH,no_eligible_candidates,0.0,1000.0,False
2022-01-12 00:00:00+00:00,1000.0,0.0,False,0.0,,0,1000.0,0.0,False,0.0,CASH,leveraged_contract,,,,False,False,0.0,1000.0,1000.0,CASH,no_eligible_candidates,0.0,1000.0,False
2022-01-13 00:00:00+00:00,1000.0,0.0,False,0.0,,0,1000.0,0.0,False,0.0,CASH,leveraged_contract,,,,False,False,0.0,1000.0,1000.0,CASH,no_eligible_candidates,0.0,1000.0,False
2022-01-14 00:00:00+00:00,1000.0,0.0,False,0.0,,0,1000.0,0.0,False,0.0,CASH,leveraged_contract,,,,False,False,0.0,1000.0,1000.0,CASH,no_eligible_candidates,0.0,1000.0,False
2022-01-18 00:00:00+00:00,1055.066,0.0,False,0.0,,0,1000.0,0.0,False,0.0,CASH,leveraged_contract,,,,False,False,0.0,1000.0,1000.0,CASH,no_eligible_candidates,0.0,1000.0,False
2022-01-19 00:00:00+00:00,1055.066,0.0,False,0.0,,0,1000.0,0.0,False,0.0,CASH,leveraged_contract,,,,False,False,0.0,1000.0,1000.0,CASH,no_eligible_candidates,0.0,1000.0,False
2022-01-20 00:00:00+00:00,1055.066,0.0,False,0.0,,0,1000.0,0.0,False,0.0,CASH,leveraged_contract,,,,False,False,0.0,1000.0,1000.0,CASH,no_eligible_candidates,0.0,1000.0,False
2022-01-21 00:00:00+00:00,1055.066,0.0,False,0.0,,0,1000.0,0.0,False,0.0,CASH,leveraged_contract,,,,False,False,0.0,1000.0,1000.0,CASH,no_eligible_candidates,0.0,1000.0,False
2022-01-24 00:00:00+00:00,1055.066,0.0,False,0.0,,0,1000.0,0.0,False,0.0,CASH,leveraged_contract,,,,False,False,0.0,1000.0,1000.0,CASH,no_eligible_candidates,0.0,1000.0,False
2022-01-25 00:00:00+00:00,1055.066,0.0,False,0.0,,0,1000.0,0.0,False,0.0,CASH,leveraged_contract,,,,False,False,0.0,1000.0,1000.0,CASH,no_eligible_candidates,0.0,1000.0,False
2022-01-26 00:00:00+00:00,1055.066,0.0,False,0.0,,0,1000.0,0.0,False,0.0,CASH,leveraged_contract,,,,False,False,0.0,1000.0,1000.0,CASH,no_eligible_candidates,0.0,1000.0,False
2022-01-27 00:00:00+00:00,1055.066,0.0,False,0.0,,0,1000.0,0.0,False,0.0,CASH,leveraged_contract,,,,False,False,0.0,1000.0,1000.0,CASH,no_eligible_candidates,0.0,1000.0,False
2022-01-28 00:00:00+00:00,1055.066,0.0,False,0.0,,0,1000.0,0.0,False,0.0,CASH,leveraged_contract,,,,False,False,0.0,1000.0,1000.0,CASH,no_eligible_candidates,0.0,1000.0,False
2022-01-31 00:00:00+00:00,1055.066,0.0,False,0.0,,0,1000.0,0.0,False,0.0,CASH,leveraged_contract,,,,False,False,0.0,1000.0,1000.0,CASH,no_eligible_candidates,0.0,1000.0,False
2022-02-01 00:00:00+00:00,1055.066,0.0,False,0.0,,0,1000.0,0.0,False,0.0,CASH,leveraged_contract,,,,False,False,0.0,1000.0,1000.0,CASH,no_eligible_candidates,0.0,1000.0,False
2022-02-02 00:00:00+00:00,1055.066,0.0,False,0.0,,0,1000.0,0.0,False,0.0,CASH,leveraged_contract,,,,False,False,0.0,1000.0,1000.0,CASH,no_eligible_candidates,0.0,1000.0,False
2022-02-03 00:00:00+00:00,1055.066,0.0,False,0.0,,0,1000.0,0.0,False,0.0,CASH,leveraged_contract,,,,False,False,0.0,1000.0,1000.0,CASH,no_eligible_candidates,0.0,1000.0,False
2022-02-04 00:00:00+00:00,1055.066,0.0,True,123.65,BULL,1,1000.0,0.0,False,0.0,CASH,leveraged_contract,,,,False,False,0.0,1000.0,1000.0,BTC,best_route_score,0.0,999.0,True
2022-02-07 00:00:00+00:00,1593.809114318519,0.35310700000000006,True,141.45,BULL,1,1000.0,0.0,False,0.0,CASH,leveraged_contract,,,,False,False,0.0,1353.107,1000.0,BTC,hold_current_no_challenger,0.35310700000000006,1351.753893,False
2022-02-08 00:00:00+00:00,1896.4511518000054,0.189886,True,118.95,BULL,1,1000.0,0.0,False,0.0,CASH,leveraged_contract,,,,False,False,0.0,1610.0430758020002,1000.0,BTC,hold_current_no_challenger,0.189886,1608.433032726198,False
2022-02-09 00:00:00+00:00,1896.4511518000054,0.0,True,135.45,BULL,1,1000.0,0.0,False,0.0,CASH,leveraged_contract,,,,False,False,0.0,1610.0430758020002,1000.0,BTC,hold_current_no_challenger,0.0,1608.433032726198,False
2022-02-10 00:00:00+00:00,1709.2865947265593,-0.098692,True,135.45,BULL,1,1000.0,0.0,False,0.0,CASH,leveraged_contract,,,,False,False,0.0,1451.144704564949,1000.0,BTC,hold_current_no_challenger,-0.098692,1449.693559860384,False
2022-02-11 00:00:00+00:00,1493.9557973826916,-0.125977,True,123.65,BULL,1,1000.0,0.0,False,0.0,CASH,leveraged_contract,,,,False,False,0.0,1268.3338481179705,1000.0,BTC,hold_current_no_challenger,-0.125977,1267.0655142698524,False
2022-02-14 00:00:00+00:00,1493.9557973826916,0.0,False,0.0,,0,1000.0,0.0,False,0.0,CASH,leveraged_contract,,,,False,False,0.0,1268.3338481179705,1000.0,CASH,no_eligible_candidates,0.0,1265.7984487555825,True
2022-02-15 00:00:00+00:00,1493.9557973826916,0.0,False,0.0,,0,1000.0,0.0,False,0.0,CASH,leveraged_contract,,,,False,False,0.0,1268.3338481179705,1000.0,CASH,no_eligible_candidates,0.0,1265.7984487555825,False
2022-02-16 00:00:00+00:00,1451.1748791688408,-0.028635999999999995,True,122.1,BULL,1,1000.0,0.0,False,0.0,CASH,leveraged_contract,,,,False,False,0.0,1232.0138400432643,1000.0,BTC,best_route_score,-0.028635999999999995,1228.3214933326408,True
2022-02-17 00:00:00+00:00,1409.819297462287,-0.028498000000000023,True,124.4,BULL,1,1000.0,0.0,False,0.0,CASH,leveraged_contract,,,,False,False,0.0,1196.9039096297113,1000.0,BTC,hold_current_no_challenger,-0.028498000000000023,1193.3167874156472,False
2022-02-18 00:00:00+00:00,1409.819297462287,0.0,False,0.0,,0,1000.0,0.0,False,0.0,CASH,leveraged_contract,,,,False,False,0.0,1196.9039096297113,1000.0,CASH,no_eligible_candidates,0.0,1192.1234706282316,True
2022-02-22 00:00:00+00:00,1409.819297462287,0.0,False,0.0,,0,1000.0,0.0,False,0.0,CASH,leveraged_contract,,,,False,False,0.0,1196.9039096297113,1000.0,CASH,no_eligible_candidates,0.0,1192.1234706282316,False
2022-02-23 00:00:00+00:00,1409.819297462287,0.0,False,0.0,,0,1000.0,0.0,False,0.0,CASH,leveraged_contract,,,,False,False,0.0,1196.9039096297113,1000.0,CASH,no_eligible_candidates,0.0,1192.1234706282316,False
2022-02-24 00:00:00+00:00,1409.819297462287,0.0,False,0.0,,0,1000.0,0.0,False,0.0,CASH,leveraged_contract,,,,False,False,0.0,1196.9039096297113,1000.0,CASH,no_eligible_candidates,0.0,1192.1234706282316,False
2022-02-25 00:00:00+00:00,1409.819297462287,0.0,False,0.0,,0,1000.0,0.0,False,0.0,CASH,leveraged_contract,,,,False,False,0.0,1196.9039096297113,1000.0,CASH,no_eligible_candidates,0.0,1192.1234706282316,False
2022-02-28 00:00:00+00:00,1409.819297462287,0.0,False,0.0,,0,1000.0,0.0,False,0.0,CASH,leveraged_contract,,,,False,False,0.0,1196.9039096297113,1000.0,CASH,no_eligible_candidates,0.0,1192.1234706282316,False
2022-03-01 00:00:00+00:00,1409.819297462287,0.0,False,0.0,,0,1000.0,0.0,False,0.0,CASH,leveraged_contract,,,,False,False,0.0,1196.9039096297113,1000.0,CASH,no_eligible_candidates,0.0,1192.1234706282316,False
2022-03-02 00:00:00+00:00,1409.819297462287,0.0,False,0.0,,0,1000.0,0.0,False,0.0,CASH,leveraged_contract,,,,False,False,0.0,1196.9039096297113,1000.0,CASH,no_eligible_candidates,0.0,1192.1234706282316,False
2022-03-03 00:00:00+00:00,1409.819297462287,0.0,False,0.0,,0,1000.0,0.0,False,0.0,CASH,leveraged_contract,,,,False,False,0.0,1196.9039096297113,1000.0,CASH,no_eligible_candidates,0.0,1192.1234706282316,False
2022-03-04 00:00:00+00:00,1699.7331279731345,0.20563900000000013,True,60.0,BEAR,1,1000.0,0.0,False,0.0,CASH,leveraged_contract,,,,False,False,0.0,1443.0340327020556,1000.0,BTC,best_route_score,0.20563900000000013,1435.8332784557458,True
2022-03-07 00:00:00+00:00,1699.7331279731345,0.0,False,0.0,,0,1000.0,0.0,False,0.0,CASH,leveraged_contract,,,,False,False,0.0,1443.0340327020556,1000.0,CASH,no_eligible_candidates,0.0,1434.3974451772901,True
2022-03-08 00:00:00+00:00,1699.7331279731345,0.0,False,0.0,,0,1000.0,0.0,False,0.0,CASH,leveraged_contract,,,,False,False,0.0,1443.0340327020556,1000.0,CASH,no_eligible_candidates,0.0,1434.3974451772901,False
2022-03-09 00:00:00+00:00,1699.7331279731345,0.0,True,108.1,BULL,1,1000.0,0.0,False,0.0,CASH,leveraged_contract,,,,False,False,0.0,1443.0340327020556,1000.0,BTC,best_route_score,0.0,1432.963047732113,True
2022-03-10 00:00:00+00:00,1648.9654989068329,-0.029868000000000006,True,108.1,BULL,1,1000.0,0.0,False,0.0,CASH,leveraged_contract,,,,False,False,0.0,1399.9334922133107,1000.0,BTC,hold_current_no_challenger,-0.029868000000000006,1390.16330742245,False
2022-03-11 00:00:00+00:00,1648.9654989068329,0.0,False,0.0,,0,1000.0,0.0,False,0.0,CASH,leveraged_contract,,,,False,False,0.0,1399.9334922133107,1000.0,CASH,no_eligible_candidates,0.0,1388.7731441150277,True
2022-03-14 00:00:00+00:00,1648.9654989068329,0.0,False,0.0,,0,1000.0,0.0,False,0.0,CASH,leveraged_contract,,,,False,False,0.0,1399.9334922133107,1000.0,CASH,no_eligible_candidates,0.0,1388.7731441150277,False
2022-03-15 00:00:00+00:00,1648.9654989068329,0.0,False,0.0,,0,1000.0,0.0,False,0.0,CASH,leveraged_contract,,,,False,False,0.0,1399.9334922133107,1000.0,CASH,no_eligible_candidates,0.0,1388.7731441150277,False
2022-03-16 00:00:00+00:00,1648.9654989068329,0.0,False,0.0,,0,1000.0,0.0,False,0.0,CASH,leveraged_contract,,,,False,False,0.0,1399.9334922133107,1000.0,CASH,no_eligible_candidates,0.0,1388.7731441150277,False
2022-03-17 00:00:00+00:00,1648.9654989068329,0.0,False,0.0,,0,1000.0,0.0,False,0.0,CASH,leveraged_contract,,,,False,False,0.0,1399.9334922133107,1000.0,CASH,no_eligible_candidates,0.0,1388.7731441150277,False
2022-03-18 00:00:00+00:00,1648.9654989068329,0.0,True,124.5,BULL,1,1000.0,0.0,False,0.0,CASH,leveraged_contract,,,,False,False,0.0,1399.9334922133107,1000.0,BTC,best_route_score,0.0,1387.3843709709126,True
2022-03-21 00:00:00+00:00,1603.3105911385994,0.0,False,0.0,,0,1000.0,0.0,False,0.0,CASH,leveraged_contract,,,,False,False,0.0,1399.9334922133107,1000.0,CASH,no_eligible_candidates,0.0,1385.9969865999417,True
2022-03-22 00:00:00+00:00,1603.3105911385994,0.0,True,109.0,BULL,1,1000.0,0.0,False,0.0,CASH,leveraged_contract,,,,False,False,0.0,1399.9334922133107,1000.0,BTC,best_route_score,0.0,1384.6109896133416,True
2022-03-23 00:00:00+00:00,1593.9985632252665,-0.005807999999999924,True,109.0,BULL,1,1000.0,0.0,False,0.0,CASH,leveraged_contract,,,,False,False,0.0,1391.8026784905358,1000.0,BTC,hold_current_no_challenger,-0.005807999999999924,1376.5691689856674,False
2022-03-24 00:00:00+00:00,1551.885121184855,-0.026419999999999888,True,122.2,BULL,1,1000.0,0.0,False,0.0,CASH,leveraged_contract,,,,False,False,0.0,1355.031251724816,1000.0,BTC,hold_current_no_challenger,-0.026419999999999888,1340.2002115410662,False
2022-03-25 00:00:00+00:00,1551.885121184855,0.0,True,113.7,BULL,1,1000.0,0.0,False,0.0,CASH,leveraged_contract,,,,False,False,0.0,1355.031251724816,1000.0,BTC,hold_current_no_challenger,0.0,1340.2002115410662,False
2022-03-28 00:00:00+00:00,1762.2916992237303,0.036891999999999925,True,103.4,BULL,1,1000.0,0.0,False,0.0,CASH,leveraged_contract,,,,False,False,0.0,1405.0210646634478,1000.0,BTC,hold_current_no_challenger,0.036891999999999925,1389.642877745239,False
2022-03-29 00:00:00+00:00,1721.9968995209797,-0.022865000000000024,True,92.3,BULL,1,1000.0,0.0,False,0.0,CASH,leveraged_contract,,,,False,False,0.0,1372.8952580199182,1000.0,BTC,hold_current_no_challenger,-0.022865000000000024,1357.868693345594,False
2022-03-30 00:00:00+00:00,1721.9968995209797,0.0,False,0.0,,0,1000.0,0.0,False,0.0,CASH,leveraged_contract,,,,False,False,0.0,1372.8952580199182,1000.0,CASH,no_eligible_candidates,0.0,1356.5108246522484,True
2022-03-31 00:00:00+00:00,1721.9968995209797,0.0,False,0.0,,0,1000.0,0.0,False,0.0,CASH,leveraged_contract,,,,False,False,0.0,1372.8952580199182,1000.0,CASH,no_eligible_candidates,0.0,1356.5108246522484,False
2022-04-01 00:00:00+00:00,1721.9968995209797,0.0,False,0.0,,0,1000.0,0.0,False,0.0,CASH,leveraged_contract,,,,False,False,0.0,1372.8952580199182,1000.0,CASH,no_eligible_candidates,0.0,1356.5108246522484,False
2022-04-04 00:00:00+00:00,1721.9968995209797,0.0,False,0.0,,0,1000.0,0.0,False,0.0,CASH,leveraged_contract,,,,False,False,0.0,1372.8952580199182,1000.0,CASH,no_eligible_candidates,0.0,1356.5108246522484,False
2022-04-05 00:00:00+00:00,1721.9968995209797,0.0,False,0.0,,0,1000.0,0.0,False,0.0,CASH,leveraged_contract,,,,False,False,0.0,1372.8952580199182,1000.0,CASH,no_eligible_candidates,0.0,1356.5108246522484,False
2022-04-06 00:00:00+00:00,1721.9968995209797,0.0,False,0.0,,0,1000.0,0.0,False,0.0,CASH,leveraged_contract,,,,False,False,0.0,1372.8952580199182,1000.0,CASH,no_eligible_candidates,0.0,1356.5108246522484,False
2022-04-07 00:00:00+00:00,1721.9968995209797,0.0,False,0.0,,0,1000.0,0.0,False,0.0,CASH,leveraged_contract,,,,False,False,0.0,1372.8952580199182,1000.0,CASH,no_eligible_candidates,0.0,1356.5108246522484,False
2022-04-08 00:00:00+00:00,1721.9968995209797,0.0,False,0.0,,0,1000.0,0.0,False,0.0,CASH,leveraged_contract,,,,False,False,0.0,1372.8952580199182,1000.0,CASH,no_eligible_candidates,0.0,1356.5108246522484,False
2022-04-11 00:00:00+00:00,1721.9968995209797,0.0,False,0.0,,0,1000.0,0.0,False,0.0,CASH,leveraged_contract,,,,False,False,0.0,1372.8952580199182,1000.0,CASH,no_eligible_candidates,0.0,1356.5108246522484,False
2022-04-12 00:00:00+00:00,1721.9968995209797,0.0,False,0.0,,0,1000.0,0.0,False,0.0,CASH,leveraged_contract,,,,False,False,0.0,1372.8952580199182,1000.0,CASH,no_eligible_candidates,0.0,1356.5108246522484,False
2022-04-13 00:00:00+00:00,1721.9968995209797,0.0,False,0.0,,0,1000.0,0.0,False,0.0,CASH,leveraged_contract,,,,False,False,0.0,1372.8952580199182,1000.0,CASH,no_eligible_candidates,0.0,1356.5108246522484,False
2022-04-14 00:00:00+00:00,1721.9968995209797,0.0,False,0.0,,0,1000.0,0.0,False,0.0,CASH,leveraged_contract,,,,False,False,0.0,1372.8952580199182,1000.0,CASH,no_eligible_candidates,0.0,1356.5108246522484,False
2022-04-18 00:00:00+00:00,1804.6062567816998,0.0,False,0.0,,0,1000.0,0.0,False,0.0,CASH,leveraged_contract,,,,False,False,0.0,1372.8952580199182,1000.0,CASH,no_eligible_candidates,0.0,1356.5108246522484,False
2022-04-19 00:00:00+00:00,1804.6062567816998,0.0,False,0.0,,0,1000.0,0.0,False,0.0,CASH,leveraged_contract,,,,False,False,0.0,1372.8952580199182,1000.0,CASH,no_eligible_candidates,0.0,1356.5108246522484,False
2022-04-20 00:00:00+00:00,1804.6062567816998,0.0,False,0.0,,0,1000.0,0.0,False,0.0,CASH,leveraged_contract,,,,False,False,0.0,1372.8952580199182,1000.0,CASH,no_eligible_candidates,0.0,1356.5108246522484,False
2022-04-21 00:00:00+00:00,1804.6062567816998,0.0,False,0.0,,0,1000.0,0.0,False,0.0,CASH,leveraged_contract,,,,False,False,0.0,1372.8952580199182,1000.0,CASH,no_eligible_candidates,0.0,1356.5108246522484,False
2022-04-22 00:00:00+00:00,1804.6062567816998,0.0,False,0.0,,0,1000.0,0.0,False,0.0,CASH,leveraged_contract,,,,False,False,0.0,1372.8952580199182,1000.0,CASH,no_eligible_candidates,0.0,1356.5108246522484,False
2022-04-25 00:00:00+00:00,1804.6062567816998,0.0,False,0.0,,0,1000.0,0.0,False,0.0,CASH,leveraged_contract,,,,False,False,0.0,1372.8952580199182,1000.0,CASH,no_eligible_candidates,0.0,1356.5108246522484,False
2022-04-26 00:00:00+00:00,1804.6062567816998,0.0,False,0.0,,0,1000.0,0.0,False,0.0,CASH,leveraged_contract,,,,False,False,0.0,1372.8952580199182,1000.0,CASH,no_eligible_candidates,0.0,1356.5108246522484,False
2022-04-27 00:00:00+00:00,1804.6062567816998,0.0,False,0.0,,0,1000.0,0.0,False,0.0,CASH,leveraged_contract,,,,False,False,0.0,1372.8952580199182,1000.0,CASH,no_eligible_candidates,0.0,1356.5108246522484,False
2022-04-28 00:00:00+00:00,1804.6062567816998,0.0,False,0.0,,0,1000.0,0.0,False,0.0,CASH,leveraged_contract,,,,False,False,0.0,1372.8952580199182,1000.0,CASH,no_eligible_candidates,0.0,1356.5108246522484,False
2022-04-29 00:00:00+00:00,1804.6062567816998,0.0,False,0.0,,0,1000.0,0.0,False,0.0,CASH,leveraged_contract,,,,False,False,0.0,1372.8952580199182,1000.0,CASH,no_eligible_candidates,0.0,1356.5108246522484,False
2022-05-02 00:00:00+00:00,1804.6062567816998,0.0,False,0.0,,0,1000.0,0.0,False,0.0,CASH,leveraged_contract,,,,False,False,0.0,1372.8952580199182,1000.0,CASH,no_eligible_candidates,0.0,1356.5108246522484,False
2022-05-03 00:00:00+00:00,1804.6062567816998,0.0,False,0.0,,0,1000.0,0.0,False,0.0,CASH,leveraged_contract,,,,False,False,0.0,1372.8952580199182,1000.0,CASH,no_eligible_candidates,0.0,1356.5108246522484,False
2022-05-04 00:00:00+00:00,1804.6062567816998,0.0,False,0.0,,0,1000.0,0.0,False,0.0,CASH,leveraged_contract,,,,False,False,0.0,1372.8952580199182,1000.0,CASH,no_eligible_candidates,0.0,1356.5108246522484,False
2022-05-05 00:00:00+00:00,1804.6062567816998,0.0,False,0.0,,0,1000.0,0.0,False,0.0,CASH,leveraged_contract,,,,False,False,0.0,1372.8952580199182,1000.0,CASH,no_eligible_candidates,0.0,1356.5108246522484,False
2022-05-06 00:00:00+00:00,1804.6062567816998,0.0,False,0.0,,0,1000.0,0.0,False,0.0,CASH,leveraged_contract,,,,False,False,0.0,1372.8952580199182,1000.0,CASH,no_eligible_candidates,0.0,1356.5108246522484,False
2022-05-09 00:00:00+00:00,1562.7655584916138,0.0,False,0.0,,0,1000.0,0.0,False,0.0,CASH,leveraged_contract,,,,False,False,0.0,1372.8952580199182,1000.0,CASH,no_eligible_candidates,0.0,1356.5108246522484,False
2022-05-10 00:00:00+00:00,1562.7655584916138,0.0,False,0.0,,0,1000.0,0.0,False,0.0,CASH,leveraged_contract,,,,False,False,0.0,1372.8952580199182,1000.0,CASH,no_eligible_candidates,0.0,1356.5108246522484,False
2022-05-11 00:00:00+00:00,1562.7655584916138,0.0,False,0.0,,0,1000.0,0.0,False,0.0,CASH,leveraged_contract,,,,False,False,0.0,1372.8952580199182,1000.0,CASH,no_eligible_candidates,0.0,1356.5108246522484,False
2022-05-12 00:00:00+00:00,1562.7655584916138,0.0,False,0.0,,0,1000.0,0.0,False,0.0,CASH,leveraged_contract,,,,False,False,0.0,1372.8952580199182,1000.0,CASH,no_eligible_candidates,0.0,1356.5108246522484,False
2022-05-13 00:00:00+00:00,1562.7655584916138,0.0,False,0.0,,0,1000.0,0.0,False,0.0,CASH,leveraged_contract,,,,False,False,0.0,1372.8952580199182,1000.0,CASH,no_eligible_candidates,0.0,1356.5108246522484,False
2022-05-16 00:00:00+00:00,1562.7655584916138,0.0,False,0.0,,0,1000.0,0.0,False,0.0,CASH,leveraged_contract,,,,False,False,0.0,1372.8952580199182,1000.0,CASH,no_eligible_candidates,0.0,1356.5108246522484,False
2022-05-17 00:00:00+00:00,1562.7655584916138,0.0,False,0.0,,0,1000.0,0.0,False,0.0,CASH,leveraged_contract,,,,False,False,0.0,1372.8952580199182,1000.0,CASH,no_eligible_candidates,0.0,1356.5108246522484,False
2022-05-18 00:00:00+00:00,1562.7655584916138,0.0,False,0.0,,0,1000.0,0.0,False,0.0,CASH,leveraged_contract,,,,False,False,0.0,1372.8952580199182,1000.0,CASH,no_eligible_candidates,0.0,1356.5108246522484,False
2022-05-19 00:00:00+00:00,1434.1015072954406,-0.08233100000000004,True,60.0,BEAR,1,1000.0,0.0,False,0.0,CASH,leveraged_contract,,,,False,False,0.0,1259.8634185318801,1000.0,BTC,best_route_score,-0.08233100000000004,1243.5831040158562,True
2022-05-20 00:00:00+00:00,1434.1015072954406,0.0,False,0.0,,0,1000.0,0.0,False,0.0,CASH,leveraged_contract,,,,False,False,0.0,1259.8634185318801,1000.0,CASH,no_eligible_candidates,0.0,1242.3395209118403,True
2022-05-23 00:00:00+00:00,1434.1015072954406,0.0,False,0.0,,0,1000.0,0.0,False,0.0,CASH,leveraged_contract,,,,False,False,0.0,1259.8634185318801,1000.0,CASH,no_eligible_candidates,0.0,1242.3395209118403,False
2022-05-24 00:00:00+00:00,1434.1015072954406,0.0,False,0.0,,0,1000.0,0.0,False,0.0,CASH,leveraged_contract,,,,False,False,0.0,1259.8634185318801,1000.0,CASH,no_eligible_candidates,0.0,1242.3395209118403,False
2022-05-25 00:00:00+00:00,1434.1015072954406,0.0,False,0.0,,0,1000.0,0.0,False,0.0,CASH,leveraged_contract,,,,False,False,0.0,1259.8634185318801,1000.0,CASH,no_eligible_candidates,0.0,1242.3395209118403,False
2022-05-26 00:00:00+00:00,1434.1015072954406,0.0,False,0.0,,0,1000.0,0.0,False,0.0,CASH,leveraged_contract,,,,False,False,0.0,1259.8634185318801,1000.0,CASH,no_eligible_candidates,0.0,1242.3395209118403,False
2022-05-27 00:00:00+00:00,1434.1015072954406,0.0,False,0.0,,0,1000.0,0.0,False,0.0,CASH,leveraged_contract,,,,False,False,0.0,1259.8634185318801,1000.0,CASH,no_eligible_candidates,0.0,1242.3395209118403,False
2022-05-31 00:00:00+00:00,1434.1015072954406,0.0,False,0.0,,0,1000.0,0.0,False,0.0,CASH,leveraged_contract,,,,False,False,0.0,1259.8634185318801,1000.0,CASH,no_eligible_candidates,0.0,1242.3395209118403,False
2022-06-01 00:00:00+00:00,1434.1015072954406,0.0,False,0.0,,0,1000.0,0.0,False,0.0,CASH,leveraged_contract,,,,False,False,0.0,1259.8634185318801,1000.0,CASH,no_eligible_candidates,0.0,1242.3395209118403,False
2022-06-02 00:00:00+00:00,1434.1015072954406,0.0,False,0.0,,0,1000.0,0.0,False,0.0,CASH,leveraged_contract,,,,False,False,0.0,1259.8634185318801,1000.0,CASH,no_eligible_candidates,0.0,1242.3395209118403,False
2022-06-03 00:00:00+00:00,1434.1015072954406,0.0,False,0.0,,0,1000.0,0.0,False,0.0,CASH,leveraged_contract,,,,False,False,0.0,1259.8634185318801,1000.0,CASH,no_eligible_candidates,0.0,1242.3395209118403,False
2022-06-06 00:00:00+00:00,1434.1015072954406,0.0,False,0.0,,0,1000.0,0.0,False,0.0,CASH,leveraged_contract,,,,False,False,0.0,1259.8634185318801,1000.0,CASH,no_eligible_candidates,0.0,1242.3395209118403,False
2022-06-07 00:00:00+00:00,1434.1015072954406,0.0,False,0.0,,0,1000.0,0.0,False,0.0,CASH,leveraged_contract,,,,False,False,0.0,1259.8634185318801,1000.0,CASH,no_eligible_candidates,0.0,1242.3395209118403,False
2022-06-08 00:00:00+00:00,1434.1015072954406,0.0,False,0.0,,0,1000.0,0.0,False,0.0,CASH,leveraged_contract,,,,False,False,0.0,1259.8634185318801,1000.0,CASH,no_eligible_candidates,0.0,1242.3395209118403,False
2022-06-09 00:00:00+00:00,1434.1015072954406,0.0,True,72.5,BEAR,1,1000.0,0.0,False,0.0,CASH,leveraged_contract,,,,False,False,0.0,1259.8634185318801,1000.0,BTC,best_route_score,0.0,1241.0971813909284,True
2022-06-10 00:00:00+00:00,1542.1280715354842,0.07532699999999992,True,72.5,BEAR,1,1000.0,0.0,False,0.0,CASH,leveraged_contract,,,,False,False,0.0,1354.765150259631,1000.0,BTC,hold_current_no_challenger,0.07532699999999992,1334.5853087735627,False
2022-06-13 00:00:00+00:00,2048.604567685669,0.0,False,0.0,,0,1000.0,0.0,False,0.0,CASH,leveraged_contract,,,,False,False,0.0,1354.765150259631,1000.0,CASH,no_eligible_candidates,0.0,1333.2507234647892,True
2022-06-14 00:00:00+00:00,2048.604567685669,0.0,False,0.0,,0,1000.0,0.0,False,0.0,CASH,leveraged_contract,,,,False,False,0.0,1354.765150259631,1000.0,CASH,no_eligible_candidates,0.0,1333.2507234647892,False
2022-06-15 00:00:00+00:00,2048.604567685669,0.0,False,0.0,,0,1000.0,0.0,False,0.0,CASH,leveraged_contract,,,,False,False,0.0,1354.765150259631,1000.0,CASH,no_eligible_candidates,0.0,1333.2507234647892,False
2022-06-16 00:00:00+00:00,2048.604567685669,0.0,False,0.0,,0,1000.0,0.0,False,0.0,CASH,leveraged_contract,,,,False,False,0.0,1354.765150259631,1000.0,CASH,no_eligible_candidates,0.0,1333.2507234647892,False
2022-06-17 00:00:00+00:00,2048.604567685669,0.0,False,0.0,,0,1000.0,0.0,False,0.0,CASH,leveraged_contract,,,,False,False,0.0,1354.765150259631,1000.0,CASH,no_eligible_candidates,0.0,1333.2507234647892,False
2022-06-21 00:00:00+00:00,2048.604567685669,0.0,False,0.0,,0,1000.0,0.0,False,0.0,CASH,leveraged_contract,,,,False,False,0.0,1354.765150259631,1000.0,CASH,no_eligible_candidates,0.0,1333.2507234647892,False
2022-06-22 00:00:00+00:00,2048.604567685669,0.0,False,0.0,,0,1000.0,0.0,False,0.0,CASH,leveraged_contract,,,,False,False,0.0,1354.765150259631,1000.0,CASH,no_eligible_candidates,0.0,1333.2507234647892,False
2022-06-23 00:00:00+00:00,2048.604567685669,0.0,False,0.0,,0,1000.0,0.0,False,0.0,CASH,leveraged_contract,,,,False,False,0.0,1354.765150259631,1000.0,CASH,no_eligible_candidates,0.0,1333.2507234647892,False
2022-06-24 00:00:00+00:00,2048.604567685669,0.0,False,0.0,,0,1000.0,0.0,False,0.0,CASH,leveraged_contract,,,,False,False,0.0,1354.765150259631,1000.0,CASH,no_eligible_candidates,0.0,1333.2507234647892,False
2022-06-27 00:00:00+00:00,2048.604567685669,0.0,False,0.0,,0,1000.0,0.0,False,0.0,CASH,leveraged_contract,,,,False,False,0.0,1354.765150259631,1000.0,CASH,no_eligible_candidates,0.0,1333.2507234647892,False
2022-06-28 00:00:00+00:00,2048.604567685669,0.0,False,0.0,,0,1000.0,0.0,False,0.0,CASH,leveraged_contract,,,,False,False,0.0,1354.765150259631,1000.0,CASH,no_eligible_candidates,0.0,1333.2507234647892,False
2022-06-29 00:00:00+00:00,2048.604567685669,0.0,False,0.0,,0,1000.0,0.0,False,0.0,CASH,leveraged_contract,,,,False,False,0.0,1354.765150259631,1000.0,CASH,no_eligible_candidates,0.0,1333.2507234647892,False
2022-06-30 00:00:00+00:00,2048.604567685669,0.0,False,0.0,,0,1000.0,0.0,False,0.0,CASH,leveraged_contract,,,,False,False,0.0,1354.765150259631,1000.0,CASH,no_eligible_candidates,0.0,1333.2507234647892,False
2022-07-01 00:00:00+00:00,2048.604567685669,0.0,False,0.0,,0,1000.0,0.0,False,0.0,CASH,leveraged_contract,,,,False,False,0.0,1354.765150259631,1000.0,CASH,no_eligible_candidates,0.0,1333.2507234647892,False
2022-07-05 00:00:00+00:00,2048.604567685669,0.0,False,0.0,,0,1000.0,0.0,False,0.0,CASH,leveraged_contract,,,,False,False,0.0,1354.765150259631,1000.0,CASH,no_eligible_candidates,0.0,1333.2507234647892,False
2022-07-06 00:00:00+00:00,2048.604567685669,0.0,False,0.0,,0,1000.0,0.0,False,0.0,CASH,leveraged_contract,,,,False,False,0.0,1354.765150259631,1000.0,CASH,no_eligible_candidates,0.0,1333.2507234647892,False
2022-07-07 00:00:00+00:00,2048.604567685669,0.0,False,0.0,,0,1000.0,0.0,False,0.0,CASH,leveraged_contract,,,,False,False,0.0,1354.765150259631,1000.0,CASH,no_eligible_candidates,0.0,1333.2507234647892,False
2022-07-08 00:00:00+00:00,2048.604567685669,0.0,True,72.5,BEAR,1,1000.0,0.0,False,0.0,CASH,leveraged_contract,,,,False,False,0.0,1354.765150259631,1000.0,BTC,best_route_score,0.0,1331.9174727413244,True
2022-07-11 00:00:00+00:00,2189.2248824207486,0.0,False,0.0,,0,1000.0,0.0,False,0.0,CASH,leveraged_contract,,,,False,False,0.0,1354.765150259631,1000.0,CASH,no_eligible_candidates,0.0,1330.5855552685832,True
2022-07-12 00:00:00+00:00,2189.2248824207486,0.0,False,0.0,,0,1000.0,0.0,False,0.0,CASH,leveraged_contract,,,,False,False,0.0,1354.765150259631,1000.0,CASH,no_eligible_candidates,0.0,1330.5855552685832,False
2022-07-13 00:00:00+00:00,2189.2248824207486,0.0,False,0.0,,0,1000.0,0.0,False,0.0,CASH,leveraged_contract,,,,False,False,0.0,1354.765150259631,1000.0,CASH,no_eligible_candidates,0.0,1330.5855552685832,False
2022-07-14 00:00:00+00:00,2189.2248824207486,0.0,False,0.0,,0,1000.0,0.0,False,0.0,CASH,leveraged_contract,,,,False,False,0.0,1354.765150259631,1000.0,CASH,no_eligible_candidates,0.0,1330.5855552685832,False
2022-07-15 00:00:00+00:00,2189.2248824207486,0.0,False,0.0,,0,1000.0,0.0,False,0.0,CASH,leveraged_contract,,,,False,False,0.0,1354.765150259631,1000.0,CASH,no_eligible_candidates,0.0,1330.5855552685832,False
2022-07-18 00:00:00+00:00,2129.4568539057796,-0.02730100000000013,True,106.7,BULL,1,1000.0,0.0,False,0.0,CASH,leveraged_contract,,,,False,False,0.0,1317.7787068923926,1000.0,BTC,best_route_score,-0.02730100000000013,1292.9649797851714,True
2022-07-19 00:00:00+00:00,2129.4568539057796,0.0,False,0.0,,0,1000.0,0.0,False,0.0,CASH,leveraged_contract,,,,False,False,0.0,1317.7787068923926,1000.0,CASH,no_eligible_candidates,0.0,1291.6720148053862,True
2022-07-20 00:00:00+00:00,2129.4568539057796,0.0,False,0.0,,0,1000.0,0.0,False,0.0,CASH,leveraged_contract,,,,False,False,0.0,1317.7787068923926,1000.0,CASH,no_eligible_candidates,0.0,1291.6720148053862,False
2022-07-21 00:00:00+00:00,2129.4568539057796,0.0,False,0.0,,0,1000.0,0.0,False,0.0,CASH,leveraged_contract,,,,False,False,0.0,1317.7787068923926,1000.0,CASH,no_eligible_candidates,0.0,1291.6720148053862,False
2022-07-22 00:00:00+00:00,2042.8518436574316,-0.040669999999999984,True,94.6,BULL,1,1000.0,0.0,False,0.0,CASH,leveraged_contract,,,,False,False,0.0,1264.1846468830788,1000.0,BTC,best_route_score,-0.040669999999999984,1237.9005742492877,True
2022-07-25 00:00:00+00:00,2042.8518436574316,0.0,False,0.0,,0,1000.0,0.0,False,0.0,CASH,leveraged_contract,,,,False,False,0.0,1264.1846468830788,1000.0,CASH,no_eligible_candidates,0.0,1236.6626736750384,True
2022-07-26 00:00:00+00:00,2042.8518436574316,0.0,False,0.0,,0,1000.0,0.0,False,0.0,CASH,leveraged_contract,,,,False,False,0.0,1264.1846468830788,1000.0,CASH,no_eligible_candidates,0.0,1236.6626736750384,False
2022-07-27 00:00:00+00:00,2042.8518436574316,0.0,True,110.4,BULL,1,1000.0,0.0,False,0.0,CASH,leveraged_contract,,,,False,False,0.0,1264.1846468830788,1000.0,BTC,best_route_score,0.0,1235.4260110013633,True
2022-07-28 00:00:00+00:00,2051.149907846368,0.00406200000000001,True,110.4,BULL,1,1000.0,0.0,False,0.0,CASH,leveraged_contract,,,,False,False,0.0,1269.319764918718,1000.0,BTC,hold_current_no_challenger,0.00406200000000001,1240.4443114580508,False
2022-07-29 00:00:00+00:00,1988.185759125208,-0.030696999999999974,True,118.1,BULL,1,1000.0,0.0,False,0.0,CASH,leveraged_contract,,,,False,False,0.0,1230.355456095008,1000.0,BTC,hold_current_no_challenger,-0.030696999999999974,1202.366392429223,False
2022-08-01 00:00:00+00:00,2026.811653773759,0.0,False,0.0,,0,1000.0,0.0,False,0.0,CASH,leveraged_contract,,,,False,False,0.0,1230.355456095008,1000.0,CASH,no_eligible_candidates,0.0,1201.1640260367938,True
2022-08-02 00:00:00+00:00,2026.811653773759,0.0,False,0.0,,0,1000.0,0.0,False,0.0,CASH,leveraged_contract,,,,False,False,0.0,1230.355456095008,1000.0,CASH,no_eligible_candidates,0.0,1201.1640260367938,False
2022-08-03 00:00:00+00:00,2026.811653773759,0.0,False,0.0,,0,1000.0,0.0,False,0.0,CASH,leveraged_contract,,,,False,False,0.0,1230.355456095008,1000.0,CASH,no_eligible_candidates,0.0,1201.1640260367938,False
2022-08-04 00:00:00+00:00,2026.811653773759,0.0,False,0.0,,0,1000.0,0.0,False,0.0,CASH,leveraged_contract,,,,False,False,0.0,1230.355456095008,1000.0,CASH,no_eligible_candidates,0.0,1201.1640260367938,False
2022-08-05 00:00:00+00:00,1967.3308121704604,-0.029347000000000012,True,97.3,BULL,1,1000.0,0.0,False,0.0,CASH,leveraged_contract,,,,False,False,0.0,1194.2482145249878,1000.0,BTC,best_route_score,-0.029347000000000012,1164.7475518993272,True
2022-08-08 00:00:00+00:00,1893.881618827848,0.011319111556999939,True,122.4,BULL,1,1000.0,0.0,False,0.0,CASH,leveraged_contract,,,,False,False,0.0,1207.7660432919442,1000.0,BTC,hold_current_no_challenger,0.011319111556999939,1177.9314593750182,False
2022-08-09 00:00:00+00:00,1893.881618827848,0.0,False,0.0,,0,1000.0,0.0,False,0.0,CASH,leveraged_contract,,,,False,False,0.0,1207.7660432919442,1000.0,CASH,no_eligible_candidates,0.0,1176.7535279156432,True
2022-08-10 00:00:00+00:00,1893.881618827848,0.0,False,0.0,,0,1000.0,0.0,False,0.0,CASH,leveraged_contract,,,,False,False,0.0,1207.7660432919442,1000.0,CASH,no_eligible_candidates,0.0,1176.7535279156432,False
2022-08-11 00:00:00+00:00,1805.397575714592,-0.04672100000000001,True,111.5,BULL,1,1000.0,0.0,False,0.0,CASH,leveraged_contract,,,,False,False,0.0,1151.3380059833012,1000.0,BTC,best_route_score,-0.04672100000000001,1120.6526519115585,True
2022-08-12 00:00:00+00:00,1805.397575714592,0.0,False,0.0,,0,1000.0,0.0,False,0.0,CASH,leveraged_contract,,,,False,False,0.0,1151.3380059833012,1000.0,CASH,no_eligible_candidates,0.0,1119.531999259647,True
2022-08-15 00:00:00+00:00,1761.7322299483587,0.0,False,0.0,,0,1000.0,0.0,False,0.0,CASH,leveraged_contract,,,,False,False,0.0,1151.3380059833012,1000.0,CASH,no_eligible_candidates,0.0,1119.531999259647,False
2022-08-16 00:00:00+00:00,1761.7322299483587,0.0,False,0.0,,0,1000.0,0.0,False,0.0,CASH,leveraged_contract,,,,False,False,0.0,1151.3380059833012,1000.0,CASH,no_eligible_candidates,0.0,1119.531999259647,False
2022-08-17 00:00:00+00:00,1761.7322299483587,0.0,False,0.0,,0,1000.0,0.0,False,0.0,CASH,leveraged_contract,,,,False,False,0.0,1151.3380059833012,1000.0,CASH,no_eligible_candidates,0.0,1119.531999259647,False
2022-08-18 00:00:00+00:00,1916.8967961010603,0.0880749999999999,True,60.0,BEAR,1,1000.0,0.0,False,0.0,CASH,leveraged_contract,,,,False,False,0.0,1252.7421008602803,1000.0,BTC,best_route_score,0.0880749999999999,1216.9166453143457,True
2022-08-19 00:00:00+00:00,1916.8967961010603,0.0,False,0.0,,0,1000.0,0.0,False,0.0,CASH,leveraged_contract,,,,False,False,0.0,1252.7421008602803,1000.0,CASH,no_eligible_candidates,0.0,1215.6997286690314,True
2022-08-22 00:00:00+00:00,1916.8967961010603,0.0,False,0.0,,0,1000.0,0.0,False,0.0,CASH,leveraged_contract,,,,False,False,0.0,1252.7421008602803,1000.0,CASH,no_eligible_candidates,0.0,1215.6997286690314,False
2022-08-23 00:00:00+00:00,1916.8967961010603,0.0,False,0.0,,0,1000.0,0.0,False,0.0,CASH,leveraged_contract,,,,False,False,0.0,1252.7421008602803,1000.0,CASH,no_eligible_candidates,0.0,1215.6997286690314,False
2022-08-24 00:00:00+00:00,1916.8967961010603,0.0,False,0.0,,0,1000.0,0.0,False,0.0,CASH,leveraged_contract,,,,False,False,0.0,1252.7421008602803,1000.0,CASH,no_eligible_candidates,0.0,1215.6997286690314,False
2022-08-25 00:00:00+00:00,1916.8967961010603,0.0,False,0.0,,0,1000.0,0.0,False,0.0,CASH,leveraged_contract,,,,False,False,0.0,1252.7421008602803,1000.0,CASH,no_eligible_candidates,0.0,1215.6997286690314,False
2022-08-26 00:00:00+00:00,1916.8967961010603,0.0,False,0.0,,0,1000.0,0.0,False,0.0,CASH,leveraged_contract,,,,False,False,0.0,1252.7421008602803,1000.0,CASH,no_eligible_candidates,0.0,1215.6997286690314,False
2022-08-29 00:00:00+00:00,1916.8967961010603,0.0,False,0.0,,0,1000.0,0.0,False,0.0,CASH,leveraged_contract,,,,False,False,0.0,1252.7421008602803,1000.0,CASH,no_eligible_candidates,0.0,1215.6997286690314,False
2022-08-30 00:00:00+00:00,1916.8967961010603,0.0,False,0.0,,0,1000.0,0.0,False,0.0,CASH,leveraged_contract,,,,False,False,0.0,1252.7421008602803,1000.0,CASH,no_eligible_candidates,0.0,1215.6997286690314,False
2022-08-31 00:00:00+00:00,1916.8967961010603,0.0,False,0.0,,0,1000.0,0.0,False,0.0,CASH,leveraged_contract,,,,False,False,0.0,1252.7421008602803,1000.0,CASH,no_eligible_candidates,0.0,1215.6997286690314,False
2022-09-01 00:00:00+00:00,1916.8967961010603,0.0,False,0.0,,0,1000.0,0.0,False,0.0,CASH,leveraged_contract,,,,False,False,0.0,1252.7421008602803,1000.0,CASH,no_eligible_candidates,0.0,1215.6997286690314,False
2022-09-02 00:00:00+00:00,1916.8967961010603,0.0,False,0.0,,0,1000.0,0.0,False,0.0,CASH,leveraged_contract,,,,False,False,0.0,1252.7421008602803,1000.0,CASH,no_eligible_candidates,0.0,1215.6997286690314,False
2022-09-06 00:00:00+00:00,1916.8967961010603,0.0,False,0.0,,0,1000.0,0.0,False,0.0,CASH,leveraged_contract,,,,False,False,0.0,1252.7421008602803,1000.0,CASH,no_eligible_candidates,0.0,1215.6997286690314,False
2022-09-07 00:00:00+00:00,1916.8967961010603,0.0,False,0.0,,0,1000.0,0.0,False,0.0,CASH,leveraged_contract,,,,False,False,0.0,1252.7421008602803,1000.0,CASH,no_eligible_candidates,0.0,1215.6997286690314,False
2022-09-08 00:00:00+00:00,1916.8967961010603,0.0,False,0.0,,0,1000.0,0.0,False,0.0,CASH,leveraged_contract,,,,False,False,0.0,1252.7421008602803,1000.0,CASH,no_eligible_candidates,0.0,1215.6997286690314,False
2022-09-09 00:00:00+00:00,1916.8967961010603,0.0,True,118.1,BULL,1,1000.0,0.0,False,0.0,CASH,leveraged_contract,,,,False,False,0.0,1252.7421008602803,1000.0,BTC,best_route_score,0.0,1214.4840289403624,True
2022-09-12 00:00:00+00:00,2764.8595972771227,0.4467023682869997,True,106.8,BULL,1,1000.0,0.0,False,0.0,CASH,leveraged_contract,,,,False,False,0.0,1812.344964167399,1000.0,BTC,hold_current_no_challenger,0.4467023682869997,1756.9969209147594,False
2022-09-13 00:00:00+00:00,2756.565018485291,-0.0030000000000001137,True,103.4,BULL,1,1000.0,0.0,False,0.0,CASH,leveraged_contract,,,,False,False,0.0,1806.9079292748966,1000.0,BTC,hold_current_no_challenger,-0.0030000000000001137,1751.7259301520148,False
2022-09-14 00:00:00+00:00,2756.565018485291,0.0,False,0.0,,0,1000.0,0.0,False,0.0,CASH,leveraged_contract,,,,False,False,0.0,1806.9079292748966,1000.0,CASH,no_eligible_candidates,0.0,1749.974204221863,True
2022-09-15 00:00:00+00:00,2756.565018485291,0.0,False,0.0,,0,1000.0,0.0,False,0.0,CASH,leveraged_contract,,,,False,False,0.0,1806.9079292748966,1000.0,CASH,no_eligible_candidates,0.0,1749.974204221863,False
2022-09-16 00:00:00+00:00,2756.565018485291,0.0,False,0.0,,0,1000.0,0.0,False,0.0,CASH,leveraged_contract,,,,False,False,0.0,1806.9079292748966,1000.0,CASH,no_eligible_candidates,0.0,1749.974204221863,False
2022-09-19 00:00:00+00:00,2756.565018485291,0.0,False,0.0,,0,1000.0,0.0,False,0.0,CASH,leveraged_contract,,,,False,False,0.0,1806.9079292748966,1000.0,CASH,no_eligible_candidates,0.0,1749.974204221863,False
2022-09-20 00:00:00+00:00,2756.565018485291,0.0,False,0.0,,0,1000.0,0.0,False,0.0,CASH,leveraged_contract,,,,False,False,0.0,1806.9079292748966,1000.0,CASH,no_eligible_candidates,0.0,1749.974204221863,False
2022-09-21 00:00:00+00:00,2756.565018485291,0.0,False,0.0,,0,1000.0,0.0,False,0.0,CASH,leveraged_contract,,,,False,False,0.0,1806.9079292748966,1000.0,CASH,no_eligible_candidates,0.0,1749.974204221863,False
2022-09-22 00:00:00+00:00,2756.565018485291,0.0,False,0.0,,0,1000.0,0.0,False,0.0,CASH,leveraged_contract,,,,False,False,0.0,1806.9079292748966,1000.0,CASH,no_eligible_candidates,0.0,1749.974204221863,False
2022-09-23 00:00:00+00:00,2756.565018485291,0.0,False,0.0,,0,1000.0,0.0,False,0.0,CASH,leveraged_contract,,,,False,False,0.0,1806.9079292748966,1000.0,CASH,no_eligible_candidates,0.0,1749.974204221863,False
2022-09-26 00:00:00+00:00,2756.565018485291,0.0,False,0.0,,0,1000.0,0.0,False,0.0,CASH,leveraged_contract,,,,False,False,0.0,1806.9079292748966,1000.0,CASH,no_eligible_candidates,0.0,1749.974204221863,False
2022-09-27 00:00:00+00:00,2674.2098819930247,-0.029875999999999903,True,112.1,BULL,1,1000.0,0.0,False,0.0,CASH,leveraged_contract,,,,False,False,0.0,1752.92474797988,1000.0,BTC,best_route_score,-0.029875999999999903,1695.994282921634,True
2022-09-28 00:00:00+00:00,2674.2098819930247,0.0,False,0.0,,0,1000.0,0.0,False,0.0,CASH,leveraged_contract,,,,False,False,0.0,1752.92474797988,1000.0,CASH,no_eligible_candidates,0.0,1694.2982886387124,True
2022-09-29 00:00:00+00:00,2674.2098819930247,0.0,False,0.0,,0,1000.0,0.0,False,0.0,CASH,leveraged_contract,,,,False,False,0.0,1752.92474797988,1000.0,CASH,no_eligible_candidates,0.0,1694.2982886387124,False
2022-09-30 00:00:00+00:00,2674.2098819930247,0.0,False,0.0,,0,1000.0,0.0,False,0.0,CASH,leveraged_contract,,,,False,False,0.0,1752.92474797988,1000.0,CASH,no_eligible_candidates,0.0,1694.2982886387124,False
2022-10-03 00:00:00+00:00,2674.2098819930247,0.0,False,0.0,,0,1000.0,0.0,False,0.0,CASH,leveraged_contract,,,,False,False,0.0,1752.92474797988,1000.0,CASH,no_eligible_candidates,0.0,1694.2982886387124,False
2022-10-04 00:00:00+00:00,2674.2098819930247,0.0,False,0.0,,0,1000.0,0.0,False,0.0,CASH,leveraged_contract,,,,False,False,0.0,1752.92474797988,1000.0,CASH,no_eligible_candidates,0.0,1694.2982886387124,False
2022-10-05 00:00:00+00:00,2674.2098819930247,0.0,False,0.0,,0,1000.0,0.0,False,0.0,CASH,leveraged_contract,,,,False,False,0.0,1752.92474797988,1000.0,CASH,no_eligible_candidates,0.0,1694.2982886387124,False
2022-10-06 00:00:00+00:00,2674.2098819930247,0.0,False,0.0,,0,1000.0,0.0,False,0.0,CASH,leveraged_contract,,,,False,False,0.0,1752.92474797988,1000.0,CASH,no_eligible_candidates,0.0,1694.2982886387124,False
2022-10-07 00:00:00+00:00,2674.2098819930247,0.0,False,0.0,,0,1000.0,0.0,False,0.0,CASH,leveraged_contract,,,,False,False,0.0,1752.92474797988,1000.0,CASH,no_eligible_candidates,0.0,1694.2982886387124,False
2022-10-10 00:00:00+00:00,2674.2098819930247,0.0,False,0.0,,0,1000.0,0.0,False,0.0,CASH,leveraged_contract,,,,False,False,0.0,1752.92474797988,1000.0,CASH,no_eligible_candidates,0.0,1694.2982886387124,False
2022-10-11 00:00:00+00:00,2674.2098819930247,0.0,False,0.0,,0,1000.0,0.0,False,0.0,CASH,leveraged_contract,,,,False,False,0.0,1752.92474797988,1000.0,CASH,no_eligible_candidates,0.0,1694.2982886387124,False
2022-10-12 00:00:00+00:00,2487.2719144021844,-0.06990399999999997,True,60.0,BEAR,1,1000.0,0.0,False,0.0,CASH,leveraged_contract,,,,False,False,0.0,1630.3882963970946,1000.0,BTC,best_route_score,-0.06990399999999997,1574.2842010086422,True
2022-10-13 00:00:00+00:00,2487.2719144021844,0.0,False,0.0,,0,1000.0,0.0,False,0.0,CASH,leveraged_contract,,,,False,False,0.0,1630.3882963970946,1000.0,CASH,no_eligible_candidates,0.0,1572.7099168076336,True
2022-10-14 00:00:00+00:00,2487.2719144021844,0.0,False,0.0,,0,1000.0,0.0,False,0.0,CASH,leveraged_contract,,,,False,False,0.0,1630.3882963970946,1000.0,CASH,no_eligible_candidates,0.0,1572.7099168076336,False
2022-10-17 00:00:00+00:00,2487.2719144021844,0.0,False,0.0,,0,1000.0,0.0,False,0.0,CASH,leveraged_contract,,,,False,False,0.0,1630.3882963970946,1000.0,CASH,no_eligible_candidates,0.0,1572.7099168076336,False
2022-10-18 00:00:00+00:00,2487.2719144021844,0.0,False,0.0,,0,1000.0,0.0,False,0.0,CASH,leveraged_contract,,,,False,False,0.0,1630.3882963970946,1000.0,CASH,no_eligible_candidates,0.0,1572.7099168076336,False
2022-10-19 00:00:00+00:00,2487.2719144021844,0.0,False,0.0,,0,1000.0,0.0,False,0.0,CASH,leveraged_contract,,,,False,False,0.0,1630.3882963970946,1000.0,CASH,no_eligible_candidates,0.0,1572.7099168076336,False
2022-10-20 00:00:00+00:00,2487.2719144021844,0.0,False,0.0,,0,1000.0,0.0,False,0.0,CASH,leveraged_contract,,,,False,False,0.0,1630.3882963970946,1000.0,CASH,no_eligible_candidates,0.0,1572.7099168076336,False
2022-10-21 00:00:00+00:00,2487.2719144021844,0.0,False,0.0,,0,1000.0,0.0,False,0.0,CASH,leveraged_contract,,,,False,False,0.0,1630.3882963970946,1000.0,CASH,no_eligible_candidates,0.0,1572.7099168076336,False
2022-10-24 00:00:00+00:00,2487.2719144021844,0.0,False,0.0,,0,1000.0,0.0,False,0.0,CASH,leveraged_contract,,,,False,False,0.0,1630.3882963970946,1000.0,CASH,no_eligible_candidates,0.0,1572.7099168076336,False
2022-10-25 00:00:00+00:00,2487.2719144021844,0.0,True,109.9,BULL,1,1000.0,0.0,False,0.0,CASH,leveraged_contract,,,,False,False,0.0,1630.3882963970946,1000.0,BTC,best_route_score,0.0,1571.137206890826,True
2022-10-26 00:00:00+00:00,2660.532788687526,0.06965899999999992,True,109.9,BULL,1,1000.0,0.0,False,0.0,CASH,leveraged_contract,,,,False,False,0.0,1743.9595147358195,1000.0,BTC,hold_current_no_challenger,0.06965899999999992,1680.581053585634,False
2022-10-27 00:00:00+00:00,2580.3097435102313,-0.030152999999999985,True,117.5,BULL,1,1000.0,0.0,False,0.0,CASH,leveraged_contract,,,,False,False,0.0,1691.3739034879904,1000.0,BTC,hold_current_no_challenger,-0.030152999999999985,1629.9064930768664,False
2022-10-28 00:00:00+00:00,2580.3097435102313,0.0,True,121.4,BULL,1,1000.0,0.0,False,0.0,CASH,leveraged_contract,,,,False,False,0.0,1691.3739034879904,1000.0,BTC,hold_current_no_challenger,0.0,1629.9064930768664,False
2022-10-31 00:00:00+00:00,2496.6277182184513,-0.03243099999999988,True,121.4,BULL,1,1000.0,0.0,False,0.0,CASH,leveraged_contract,,,,False,False,0.0,1636.5209564239715,1000.0,BTC,hold_current_no_challenger,-0.03243099999999988,1577.0469955998908,False
2022-11-01 00:00:00+00:00,2496.6277182184513,0.0,False,0.0,,0,1000.0,0.0,False,0.0,CASH,leveraged_contract,,,,False,False,0.0,1636.5209564239715,1000.0,CASH,no_eligible_candidates,0.0,1575.469948604291,True
2022-11-02 00:00:00+00:00,2496.6277182184513,0.0,False,0.0,,0,1000.0,0.0,False,0.0,CASH,leveraged_contract,,,,False,False,0.0,1636.5209564239715,1000.0,CASH,no_eligible_candidates,0.0,1575.469948604291,False
2022-11-03 00:00:00+00:00,2496.6277182184513,0.0,False,0.0,,0,1000.0,0.0,False,0.0,CASH,leveraged_contract,,,,False,False,0.0,1636.5209564239715,1000.0,CASH,no_eligible_candidates,0.0,1575.469948604291,False
2022-11-04 00:00:00+00:00,2496.6277182184513,0.0,False,0.0,,0,1000.0,0.0,False,0.0,CASH,leveraged_contract,,,,False,False,0.0,1636.5209564239715,1000.0,CASH,no_eligible_candidates,0.0,1575.469948604291,False
2022-11-07 00:00:00+00:00,2496.6277182184513,0.0,False,0.0,,0,1000.0,0.0,False,0.0,CASH,leveraged_contract,,,,False,False,0.0,1636.5209564239715,1000.0,CASH,no_eligible_candidates,0.0,1575.469948604291,False
2022-11-08 00:00:00+00:00,2496.6277182184513,0.0,False,0.0,,0,1000.0,0.0,False,0.0,CASH,leveraged_contract,,,,False,False,0.0,1636.5209564239715,1000.0,CASH,no_eligible_candidates,0.0,1575.469948604291,False
2022-11-09 00:00:00+00:00,2496.6277182184513,0.0,False,0.0,,0,1000.0,0.0,False,0.0,CASH,leveraged_contract,,,,False,False,0.0,1636.5209564239715,1000.0,CASH,no_eligible_candidates,0.0,1575.469948604291,False
2022-11-10 00:00:00+00:00,2496.6277182184513,0.0,False,0.0,,0,1000.0,0.0,False,0.0,CASH,leveraged_contract,,,,False,False,0.0,1636.5209564239715,1000.0,CASH,no_eligible_candidates,0.0,1575.469948604291,False
2022-11-11 00:00:00+00:00,2496.6277182184513,0.0,False,0.0,,0,1000.0,0.0,False,0.0,CASH,leveraged_contract,,,,False,False,0.0,1636.5209564239715,1000.0,CASH,no_eligible_candidates,0.0,1575.469948604291,False
2022-11-14 00:00:00+00:00,2496.6277182184513,0.0,False,0.0,,0,1000.0,0.0,False,0.0,CASH,leveraged_contract,,,,False,False,0.0,1636.5209564239715,1000.0,CASH,no_eligible_candidates,0.0,1575.469948604291,False
2022-11-15 00:00:00+00:00,2496.6277182184513,0.0,False,0.0,,0,1000.0,0.0,False,0.0,CASH,leveraged_contract,,,,False,False,0.0,1636.5209564239715,1000.0,CASH,no_eligible_candidates,0.0,1575.469948604291,False
2022-11-16 00:00:00+00:00,2496.6277182184513,0.0,False,0.0,,0,1000.0,0.0,False,0.0,CASH,leveraged_contract,,,,False,False,0.0,1636.5209564239715,1000.0,CASH,no_eligible_candidates,0.0,1575.469948604291,False
2022-11-17 00:00:00+00:00,2496.6277182184513,0.0,False,0.0,,0,1000.0,0.0,False,0.0,CASH,leveraged_contract,,,,False,False,0.0,1636.5209564239715,1000.0,CASH,no_eligible_candidates,0.0,1575.469948604291,False
2022-11-18 00:00:00+00:00,2496.6277182184513,0.0,False,0.0,,0,1000.0,0.0,False,0.0,CASH,leveraged_contract,,,,False,False,0.0,1636.5209564239715,1000.0,CASH,no_eligible_candidates,0.0,1575.469948604291,False
2022-11-21 00:00:00+00:00,2496.6277182184513,0.0,False,0.0,,0,1000.0,0.0,False,0.0,CASH,leveraged_contract,,,,False,False,0.0,1636.5209564239715,1000.0,CASH,no_eligible_candidates,0.0,1575.469948604291,False
2022-11-22 00:00:00+00:00,2496.6277182184513,0.0,False,0.0,,0,1000.0,0.0,False,0.0,CASH,leveraged_contract,,,,False,False,0.0,1636.5209564239715,1000.0,CASH,no_eligible_candidates,0.0,1575.469948604291,False
2022-11-23 00:00:00+00:00,2496.6277182184513,0.0,False,0.0,,0,1000.0,0.0,False,0.0,CASH,leveraged_contract,,,,False,False,0.0,1636.5209564239715,1000.0,CASH,no_eligible_candidates,0.0,1575.469948604291,False
2022-11-25 00:00:00+00:00,2496.6277182184513,0.0,False,0.0,,0,1000.0,0.0,False,0.0,CASH,leveraged_contract,,,,False,False,0.0,1636.5209564239715,1000.0,CASH,no_eligible_candidates,0.0,1575.469948604291,False
2022-11-28 00:00:00+00:00,2501.556061334214,0.0,False,0.0,,0,1000.0,0.0,False,0.0,CASH,leveraged_contract,,,,False,False,0.0,1636.5209564239715,1000.0,CASH,no_eligible_candidates,0.0,1575.469948604291,False
2022-11-29 00:00:00+00:00,2501.556061334214,0.0,False,0.0,,0,1000.0,0.0,False,0.0,CASH,leveraged_contract,,,,False,False,0.0,1636.5209564239715,1000.0,CASH,no_eligible_candidates,0.0,1575.469948604291,False
2022-11-30 00:00:00+00:00,2501.556061334214,0.0,False,0.0,,0,1000.0,0.0,False,0.0,CASH,leveraged_contract,,,,False,False,0.0,1636.5209564239715,1000.0,CASH,no_eligible_candidates,0.0,1575.469948604291,False
2022-12-01 00:00:00+00:00,2501.556061334214,0.0,False,0.0,,0,1000.0,0.0,False,0.0,CASH,leveraged_contract,,,,False,False,0.0,1636.5209564239715,1000.0,CASH,no_eligible_candidates,0.0,1575.469948604291,False
2022-12-02 00:00:00+00:00,2501.556061334214,0.0,False,0.0,,0,1000.0,0.0,False,0.0,CASH,leveraged_contract,,,,False,False,0.0,1636.5209564239715,1000.0,CASH,no_eligible_candidates,0.0,1575.469948604291,False
2022-12-05 00:00:00+00:00,2501.556061334214,0.0,False,0.0,,0,1000.0,0.0,False,0.0,CASH,leveraged_contract,,,,False,False,0.0,1636.5209564239715,1000.0,CASH,no_eligible_candidates,0.0,1575.469948604291,False
2022-12-06 00:00:00+00:00,2501.556061334214,0.0,False,0.0,,0,1000.0,0.0,False,0.0,CASH,leveraged_contract,,,,False,False,0.0,1636.5209564239715,1000.0,CASH,no_eligible_candidates,0.0,1575.469948604291,False
2022-12-07 00:00:00+00:00,2501.556061334214,0.0,False,0.0,,0,1000.0,0.0,False,0.0,CASH,leveraged_contract,,,,False,False,0.0,1636.5209564239715,1000.0,CASH,no_eligible_candidates,0.0,1575.469948604291,False
2022-12-08 00:00:00+00:00,2501.556061334214,0.0,False,0.0,,0,1000.0,0.0,False,0.0,CASH,leveraged_contract,,,,False,False,0.0,1636.5209564239715,1000.0,CASH,no_eligible_candidates,0.0,1575.469948604291,False
2022-12-09 00:00:00+00:00,2501.556061334214,0.0,False,0.0,,0,1000.0,0.0,False,0.0,CASH,leveraged_contract,,,,False,False,0.0,1636.5209564239715,1000.0,CASH,no_eligible_candidates,0.0,1575.469948604291,False
2022-12-12 00:00:00+00:00,2501.556061334214,0.0,False,0.0,,0,1000.0,0.0,False,0.0,CASH,leveraged_contract,,,,False,False,0.0,1636.5209564239715,1000.0,CASH,no_eligible_candidates,0.0,1575.469948604291,False
2022-12-13 00:00:00+00:00,2501.556061334214,0.0,True,102.1,BULL,1,1000.0,0.0,False,0.0,CASH,leveraged_contract,,,,False,False,0.0,1636.5209564239715,1000.0,BTC,best_route_score,0.0,1573.8944786556867,True
2022-12-14 00:00:00+00:00,2628.980323986456,0.05093799999999993,True,102.1,BULL,1,1000.0,0.0,False,0.0,CASH,leveraged_contract,,,,False,False,0.0,1719.8820609022957,1000.0,BTC,hold_current_no_challenger,0.05093799999999993,1654.06551560945,False
2022-12-15 00:00:00+00:00,2040.5934956356953,-0.223808,True,113.3,BULL,1,1000.0,0.0,False,0.0,CASH,leveraged_contract,,,,False,False,0.0,1334.958696615875,1000.0,BTC,hold_current_no_challenger,-0.223808,1283.87242069193,False
2022-12-16 00:00:00+00:00,2040.5934956356953,0.0,False,0.0,,0,1000.0,0.0,False,0.0,CASH,leveraged_contract,,,,False,False,0.0,1334.958696615875,1000.0,CASH,no_eligible_candidates,0.0,1282.588548271238,True
2022-12-19 00:00:00+00:00,2040.5934956356953,0.0,False,0.0,,0,1000.0,0.0,False,0.0,CASH,leveraged_contract,,,,False,False,0.0,1334.958696615875,1000.0,CASH,no_eligible_candidates,0.0,1282.588548271238,False
2022-12-20 00:00:00+00:00,2040.5934956356953,0.0,False,0.0,,0,1000.0,0.0,False,0.0,CASH,leveraged_contract,,,,False,False,0.0,1334.958696615875,1000.0,CASH,no_eligible_candidates,0.0,1282.588548271238,False
2022-12-21 00:00:00+00:00,2040.5934956356953,0.0,False,0.0,,0,1000.0,0.0,False,0.0,CASH,leveraged_contract,,,,False,False,0.0,1334.958696615875,1000.0,CASH,no_eligible_candidates,0.0,1282.588548271238,False
2022-12-22 00:00:00+00:00,2040.5934956356953,0.0,False,0.0,,0,1000.0,0.0,False,0.0,CASH,leveraged_contract,,,,False,False,0.0,1334.958696615875,1000.0,CASH,no_eligible_candidates,0.0,1282.588548271238,False
2022-12-23 00:00:00+00:00,2040.5934956356953,0.0,False,0.0,,0,1000.0,0.0,False,0.0,CASH,leveraged_contract,,,,False,False,0.0,1334.958696615875,1000.0,CASH,no_eligible_candidates,0.0,1282.588548271238,False
2022-12-27 00:00:00+00:00,2040.5934956356953,0.0,False,0.0,,0,1000.0,0.0,False,0.0,CASH,leveraged_contract,,,,False,False,0.0,1334.958696615875,1000.0,CASH,no_eligible_candidates,0.0,1282.588548271238,False
2022-12-28 00:00:00+00:00,2040.5934956356953,0.0,False,0.0,,0,1000.0,0.0,False,0.0,CASH,leveraged_contract,,,,False,False,0.0,1334.958696615875,1000.0,CASH,no_eligible_candidates,0.0,1282.588548271238,False
2022-12-29 00:00:00+00:00,2040.5934956356953,0.0,False,0.0,,0,1000.0,0.0,False,0.0,CASH,leveraged_contract,,,,False,False,0.0,1334.958696615875,1000.0,CASH,no_eligible_candidates,0.0,1282.588548271238,False
2022-12-30 00:00:00+00:00,2040.5934956356953,0.0,False,0.0,,0,1000.0,0.0,False,0.0,CASH,leveraged_contract,,,,False,False,0.0,1334.958696615875,1000.0,CASH,no_eligible_candidates,0.0,1282.588548271238,False
2023-01-03 00:00:00+00:00,2040.5934956356953,0.0,False,0.0,,0,1000.0,0.0,False,0.0,CASH,leveraged_contract,,,,False,False,0.0,1334.958696615875,1000.0,CASH,no_eligible_candidates,0.0,1282.588548271238,False
2023-01-04 00:00:00+00:00,2040.5934956356953,0.0,False,0.0,,0,1000.0,0.0,False,0.0,CASH,leveraged_contract,,,,False,False,0.0,1334.958696615875,1000.0,CASH,no_eligible_candidates,0.0,1282.588548271238,False
2023-01-05 00:00:00+00:00,2040.5934956356953,0.0,False,0.0,,0,1000.0,0.0,False,0.0,CASH,leveraged_contract,,,,False,False,0.0,1334.958696615875,1000.0,CASH,no_eligible_candidates,0.0,1282.588548271238,False
2023-01-06 00:00:00+00:00,2024.8482762233702,-0.007715999999999945,True,72.5,BEAR,1,1000.0,0.0,False,0.0,CASH,leveraged_contract,,,,False,False,0.0,1324.6581553127867,1000.0,BTC,best_route_score,-0.007715999999999945,1271.4194029377445,True
2023-01-09 00:00:00+00:00,2024.8482762233702,0.0,True,112.8,BULL,1,1000.0,0.0,False,0.0,CASH,leveraged_contract,,,,False,False,0.0,1324.6581553127867,1000.0,BTC,hold_current_no_challenger,0.0,1271.4194029377445,False
2023-01-10 00:00:00+00:00,2136.2918756501517,0.05503799999999992,True,112.8,BULL,1,1000.0,0.0,False,0.0,CASH,leveraged_contract,,,,False,False,0.0,1397.5646908648919,1000.0,BTC,hold_current_no_challenger,0.05503799999999992,1341.395784036632,False
2023-01-11 00:00:00+00:00,2136.2918756501517,0.0,True,111.4,BULL,1,1000.0,0.0,False,0.0,CASH,leveraged_contract,,,,False,False,0.0,1397.5646908648919,1000.0,BTC,hold_current_no_challenger,0.0,1341.395784036632,False
2023-01-12 00:00:00+00:00,2399.0292186373413,0.12298756831026614,True,109.1,BULL,1,1000.0,0.0,False,0.0,CASH,leveraged_contract,,,,False,False,0.0,1569.4477737506536,1000.0,BTC,hold_current_no_challenger,0.12298756831026614,1506.3707896569404,False
2023-01-13 00:00:00+00:00,2399.0292186373413,0.0,False,0.0,,0,1000.0,0.0,False,0.0,CASH,leveraged_contract,,,,False,False,0.0,1569.4477737506536,1000.0,CASH,no_eligible_candidates,0.0,1504.8644188672833,True
2023-01-17 00:00:00+00:00,2501.4457609857254,0.0,True,108.4,BULL,1,1000.0,0.0,False,0.0,CASH,leveraged_contract,,,,False,False,0.0,1569.4477737506536,1000.0,BTC,best_route_score,0.0,1503.359554448416,True
2023-01-18 00:00:00+00:00,2435.307535065263,-0.026439999999999908,True,108.4,BULL,1,1000.0,0.0,False,0.0,CASH,leveraged_contract,,,,False,False,0.0,1527.9515746126863,1000.0,BTC,hold_current_no_challenger,-0.026439999999999908,1463.6107278288,False
2023-01-19 00:00:00+00:00,2435.307535065263,0.0,True,114.5,BULL,1,1000.0,0.0,False,0.0,CASH,leveraged_contract,,,,False,False,0.0,1527.9515746126863,1000.0,BTC,hold_current_no_challenger,0.0,1463.6107278288,False
2023-01-20 00:00:00+00:00,2691.4556169109624,0.10518099999999997,True,114.5,BULL,1,1000.0,0.0,False,0.0,CASH,leveraged_contract,,,,False,False,0.0,1688.6630491820233,1000.0,BTC,hold_current_no_challenger,0.10518099999999997,1617.554767792561,False
2023-01-23 00:00:00+00:00,2729.1090193302985,-0.02366999999999997,True,96.9,BULL,1,1000.0,0.0,False,0.0,CASH,leveraged_contract,,,,False,False,0.0,1648.692394807885,1000.0,BTC,hold_current_no_challenger,-0.02366999999999997,1579.2672464389111,False
2023-01-24 00:00:00+00:00,2729.1090193302985,0.0,False,0.0,,0,1000.0,0.0,False,0.0,CASH,leveraged_contract,,,,False,False,0.0,1648.692394807885,1000.0,CASH,no_eligible_candidates,0.0,1577.6879791924723,True
2023-01-25 00:00:00+00:00,2729.1090193302985,0.0,False,0.0,,0,1000.0,0.0,False,0.0,CASH,leveraged_contract,,,,False,False,0.0,1648.692394807885,1000.0,CASH,no_eligible_candidates,0.0,1577.6879791924723,False
2023-01-26 00:00:00+00:00,2729.1090193302985,0.0,False,0.0,,0,1000.0,0.0,False,0.0,CASH,leveraged_contract,,,,False,False,0.0,1648.692394807885,1000.0,CASH,no_eligible_candidates,0.0,1577.6879791924723,False
2023-01-27 00:00:00+00:00,2926.0797336914434,0.07217399999999996,True,115.1,BULL,1,1000.0,0.0,False,0.0,CASH,leveraged_contract,,,,False,False,0.0,1767.685119710749,1000.0,BTC,best_route_score,0.07217399999999996,1689.864475371307,True
2023-01-30 00:00:00+00:00,3000.139910520448,-0.02752700000000008,True,119.8,BULL,1,1000.0,0.0,False,0.0,CASH,leveraged_contract,,,,False,False,0.0,1719.026051420471,1000.0,BTC,hold_current_no_challenger,-0.02752700000000008,1643.347575957761,False
2023-01-31 00:00:00+00:00,3000.139910520448,0.0,False,0.0,,0,1000.0,0.0,False,0.0,CASH,leveraged_contract,,,,False,False,0.0,1719.026051420471,1000.0,CASH,no_eligible_candidates,0.0,1641.7042283818032,True
2023-02-01 00:00:00+00:00,3000.139910520448,0.0,False,0.0,,0,1000.0,0.0,False,0.0,CASH,leveraged_contract,,,,False,False,0.0,1719.026051420471,1000.0,CASH,no_eligible_candidates,0.0,1641.7042283818032,False
2023-02-02 00:00:00+00:00,3000.139910520448,0.0,False,0.0,,0,1000.0,0.0,False,0.0,CASH,leveraged_contract,,,,False,False,0.0,1719.026051420471,1000.0,CASH,no_eligible_candidates,0.0,1641.7042283818032,False
2023-02-03 00:00:00+00:00,3000.139910520448,0.0,False,0.0,,0,1000.0,0.0,False,0.0,CASH,leveraged_contract,,,,False,False,0.0,1719.026051420471,1000.0,CASH,no_eligible_candidates,0.0,1641.7042283818032,False
2023-02-06 00:00:00+00:00,3143.9396165716034,0.0,False,0.0,,0,1000.0,0.0,False,0.0,CASH,leveraged_contract,,,,False,False,0.0,1719.026051420471,1000.0,CASH,no_eligible_candidates,0.0,1641.7042283818032,False
2023-02-07 00:00:00+00:00,3143.9396165716034,0.0,False,0.0,,0,1000.0,0.0,False,0.0,CASH,leveraged_contract,,,,False,False,0.0,1719.026051420471,1000.0,CASH,no_eligible_candidates,0.0,1641.7042283818032,False
2023-02-08 00:00:00+00:00,3143.9396165716034,0.0,False,0.0,,0,1000.0,0.0,False,0.0,CASH,leveraged_contract,,,,False,False,0.0,1719.026051420471,1000.0,CASH,no_eligible_candidates,0.0,1641.7042283818032,False
2023-02-09 00:00:00+00:00,3143.9396165716034,0.0,False,0.0,,0,1000.0,0.0,False,0.0,CASH,leveraged_contract,,,,False,False,0.0,1719.026051420471,1000.0,CASH,no_eligible_candidates,0.0,1641.7042283818032,False
2023-02-10 00:00:00+00:00,3143.9396165716034,0.0,False,0.0,,0,1000.0,0.0,False,0.0,CASH,leveraged_contract,,,,False,False,0.0,1719.026051420471,1000.0,CASH,no_eligible_candidates,0.0,1641.7042283818032,False
2023-02-13 00:00:00+00:00,3143.9396165716034,0.0,False,0.0,,0,1000.0,0.0,False,0.0,CASH,leveraged_contract,,,,False,False,0.0,1719.026051420471,1000.0,CASH,no_eligible_candidates,0.0,1641.7042283818032,False
2023-02-14 00:00:00+00:00,3143.9396165716034,0.0,True,105.8,BULL,1,1042.1853145111488,0.04218531451114882,True,102.0,QQQ_USDT_LONG,leveraged_contract,,,,False,True,7.5,1719.026051420471,1042.1853145111488,BTC,best_route_score,0.0,1640.0625241534215,True
2023-02-15 00:00:00+00:00,3303.969286994715,0.050901000000000085,True,105.8,BULL,1,1087.2930718196856,0.04328189687617612,True,92.0,QQQ_USDT_LONG,leveraged_contract,,,,False,True,5.0,1806.5261964638246,1087.2930718196856,BTC,hold_current_hysteresis,0.050901000000000085,1723.543346695355,False
2023-02-16 00:00:00+00:00,2981.5084925226047,-0.09759799999999996,True,129.55,BULL,1,977.4116094988192,-0.10105965463108268,True,92.0,QQQ_USDT_LONG,leveraged_contract,,,,False,True,5.0,1630.2128527413483,977.4116094988192,BTC,hold_current_hysteresis,-0.09759799999999996,1555.3289631445818,False
2023-02-17 00:00:00+00:00,2981.5084925226047,0.0,False,0.0,,0,948.9813821412808,-0.029087261785356033,True,92.0,QQQ_USDT_LONG,leveraged_contract,,,,False,True,5.0,1630.2128527413483,948.981382141281,QQQ_PROXY,best_route_score,-0.029087261785356033,1508.5786137288178,True
2023-02-21 00:00:00+00:00,2725.472312233078,-0.03425400000000001,True,124.5,BULL,1,851.0251169287247,-0.10322253634895096,True,96.0,QQQ_USDT_LONG,leveraged_contract,,,,False,True,7.5,1574.3715416835462,851.0251169287249,BTC,best_route_score,-0.03425400000000001,1455.4468581322567,True
2023-02-22 00:00:00+00:00,2725.472312233078,0.0,False,0.0,,0,851.0251169287247,0.0,True,66.0,QQQ_USDT_LONG,leveraged_contract,,,,False,False,0.0,1574.3715416835462,851.0251169287249,QQQ_PROXY,best_route_score,0.0,1453.9914112741244,True
2023-02-23 00:00:00+00:00,2725.472312233078,0.0,False,0.0,,0,851.0251169287247,0.0,True,66.0,QQQ_USDT_LONG,leveraged_contract,,,,False,True,0.0,1574.3715416835462,851.0251169287249,QQQ_PROXY,hold_current_no_challenger,0.0,1453.9914112741244,False
2023-02-24 00:00:00+00:00,2725.472312233078,0.0,False,0.0,,0,851.0251169287247,0.0,True,66.0,QQQ_USDT_LONG,leveraged_contract,,,,False,True,0.0,1574.3715416835462,851.0251169287249,QQQ_PROXY,hold_current_no_challenger,0.0,1453.9914112741244,False
2023-02-27 00:00:00+00:00,2725.472312233078,0.0,False,0.0,,0,851.0251169287247,0.0,True,66.0,QQQ_USDT_LONG,leveraged_contract,,,,False,True,0.0,1574.3715416835462,851.0251169287249,QQQ_PROXY,hold_current_no_challenger,0.0,1453.9914112741244,False
2023-02-28 00:00:00+00:00,2725.472312233078,0.0,False,0.0,,0,851.0251169287247,0.0,True,66.0,QQQ_USDT_LONG,leveraged_contract,,,,False,True,0.0,1574.3715416835462,851.0251169287249,QQQ_PROXY,hold_current_no_challenger,0.0,1453.9914112741244,False
2023-03-01 00:00:00+00:00,2725.472312233078,0.0,False,0.0,,0,851.0251169287247,0.0,False,0.0,CASH,leveraged_contract,,,,False,False,0.0,1574.3715416835462,851.0251169287249,CASH,no_eligible_candidates,0.0,1452.5374198628504,True
2023-03-02 00:00:00+00:00,2725.472312233078,0.0,False,0.0,,0,851.0251169287247,0.0,False,0.0,CASH,leveraged_contract,,,,False,False,0.0,1574.3715416835462,851.0251169287249,CASH,no_eligible_candidates,0.0,1452.5374198628504,False
2023-03-03 00:00:00+00:00,2725.472312233078,0.0,False,0.0,,0,851.0251169287247,0.0,False,0.0,CASH,leveraged_contract,,,,False,False,0.0,1574.3715416835462,851.0251169287249,CASH,no_eligible_candidates,0.0,1452.5374198628504,False
2023-03-06 00:00:00+00:00,2764.9207984803397,0.0,False,0.0,,0,851.0251169287247,0.0,False,0.0,CASH,leveraged_contract,,,,False,False,0.0,1574.3715416835462,851.0251169287249,CASH,no_eligible_candidates,0.0,1452.5374198628504,False
2023-03-07 00:00:00+00:00,2764.9207984803397,0.0,False,0.0,,0,851.0251169287247,0.0,False,0.0,CASH,leveraged_contract,,,,False,False,0.0,1574.3715416835462,851.0251169287249,CASH,no_eligible_candidates,0.0,1452.5374198628504,False
2023-03-08 00:00:00+00:00,2764.9207984803397,0.0,False,0.0,,0,851.0251169287247,0.0,False,0.0,CASH,leveraged_contract,,,,False,False,0.0,1574.3715416835462,851.0251169287249,CASH,no_eligible_candidates,0.0,1452.5374198628504,False
2023-03-09 00:00:00+00:00,2764.9207984803397,0.0,False,0.0,,0,851.0251169287247,0.0,False,0.0,CASH,leveraged_contract,,,,False,False,0.0,1574.3715416835462,851.0251169287249,CASH,no_eligible_candidates,0.0,1452.5374198628504,False
2023-03-10 00:00:00+00:00,2764.9207984803397,0.0,False,0.0,,0,851.0251169287247,0.0,False,0.0,CASH,leveraged_contract,,,,False,False,0.0,1574.3715416835462,851.0251169287249,CASH,no_eligible_candidates,0.0,1452.5374198628504,False
2023-03-13 00:00:00+00:00,2764.9207984803397,0.0,True,119.8,BULL,1,851.0251169287247,0.0,False,0.0,CASH,leveraged_contract,,,,False,False,0.0,1574.3715416835462,851.0251169287249,BTC,best_route_score,0.0,1451.0848824429875,True
2023-03-14 00:00:00+00:00,3187.346941483056,0.15278055821160996,True,125.8,BULL,1,851.0251169287247,0.0,False,0.0,CASH,leveraged_contract,,,,False,False,0.0,1814.9049046544314,851.0251169287249,BTC,hold_current_no_challenger,0.15278055821160996,1672.7824407950554,False
2023-03-15 00:00:00+00:00,3187.346941483056,0.0,False,0.0,,0,851.0251169287247,0.0,False,0.0,CASH,leveraged_contract,,,,False,False,0.0,1814.9049046544314,851.0251169287249,CASH,no_eligible_candidates,0.0,1671.1096583542603,True
2023-03-16 00:00:00+00:00,3187.346941483056,0.0,True,119.3,BULL,1,904.0106592349482,0.06226084430673873,True,92.0,QQQ_USDT_LONG,leveraged_contract,,,,False,True,2.5,1814.9049046544314,904.0106592349483,BTC,best_route_score,0.0,1669.438548695906,True
2023-03-17 00:00:00+00:00,5042.737824423636,0.582111366288,True,142.65,BULL,1,914.2006009414293,0.011271926500407314,True,96.0,QQQ_USDT_LONG,leveraged_contract,,,,False,True,7.5,2871.3816783856146,914.2006009414295,BTC,hold_current_hysteresis,0.582111366288,2641.237703211136,False
2023-03-20 00:00:00+00:00,4278.815580476366,-0.031540000000000123,True,121.9,BULL,1,913.1199855738861,-0.0011820330969268822,True,122.0,QQQ_USDT_LONG,leveraged_contract,,,,False,False,10.0,2780.818300249332,913.1199855738862,BTC,hold_current_hysteresis,-0.031540000000000123,2557.9330660518563,False
2023-03-21 00:00:00+00:00,4552.798279635294,0.06403236924,True,114.7,BULL,1,973.3367605433245,0.06594618004291397,True,102.0,QQQ_USDT_LONG,leveraged_contract,,,,False,True,5.0,2958.8806844402466,973.3367605433248,BTC,hold_current_hysteresis,0.06403236924,2721.723580628494,False
2023-03-22 00:00:00+00:00,4383.07906536705,-0.03727799999999992,True,119.8,BULL,1,847.6363846162454,-0.12914376711397624,True,106.0,QQQ_USDT_LONG,leveraged_contract,,,,False,False,10.0,2848.579530285683,847.6363846162456,BTC,hold_current_hysteresis,-0.03727799999999992,2620.2631689898253,False
2023-03-23 00:00:00+00:00,4383.07906536705,0.0,False,0.0,,0,953.7995867855899,0.12524615990547439,True,112.0,QQQ_USDT_LONG,leveraged_contract,,,,False,False,10.0,2848.579530285683,953.7995867855901,QQQ_PROXY,best_route_score,0.12524615990547439,2945.4926277787026,True
2023-03-24 00:00:00+00:00,4383.07906536705,0.0,False,0.0,,0,964.220133488906,0.010925300081576328,True,102.0,QQQ_USDT_LONG,leveraged_contract,,,,False,True,7.5,2848.579530285683,964.2201334889061,QQQ_PROXY,hold_current_no_challenger,0.010925300081576328,2977.6730186252557,False
2023-03-27 00:00:00+00:00,4383.07906536705,0.0,False,0.0,,0,869.03736249182,-0.09871477237534898,True,112.0,QQQ_USDT_LONG,leveraged_contract,,,,False,False,10.0,2848.579530285683,869.0373624918202,QQQ_PROXY,hold_current_no_challenger,-0.09871477237534898,2683.7327043834453,False
2023-03-28 00:00:00+00:00,4383.07906536705,0.0,False,0.0,,0,816.1238038685335,-0.06088755317903205,True,112.0,QQQ_USDT_LONG,leveraged_contract,,,,False,False,10.0,2848.579530285683,816.1238038685336,QQQ_PROXY,hold_current_no_challenger,-0.06088755317903205,2520.3267866269907,False
2023-03-29 00:00:00+00:00,4383.07906536705,0.0,True,98.0,BULL,1,921.5369937880018,0.12916323408261832,True,102.0,QQQ_USDT_LONG,leveraged_contract,,,,False,True,7.5,2848.579530285683,921.536993788002,QQQ_PROXY,hold_current_hysteresis,0.12916323408261832,2845.860345332786,False
2023-03-30 00:00:00+00:00,4538.020910327776,0.03534999999999999,True,98.0,BULL,1,985.2536788936924,0.06914175506268228,True,102.0,QQQ_USDT_LONG,leveraged_contract,,,,False,True,7.5,2949.2768166812825,985.2536788936925,QQQ_PROXY,hold_current_hysteresis,0.06914175506268228,3042.628124272386,False
2023-03-31 00:00:00+00:00,4538.020910327776,0.0,True,110.4,BULL,1,1108.088007471588,0.12467279362592398,True,112.0,QQQ_USDT_LONG,leveraged_contract,,,,False,True,7.5,2949.2768166812825,1108.0880074715883,QQQ_PROXY,hold_current_hysteresis,0.12467279362592398,3421.961072490229,False
2023-04-03 00:00:00+00:00,4373.643091349412,0.0,False,0.0,,0,1111.4301519670526,0.003016136329361263,True,92.0,QQQ_USDT_LONG,leveraged_contract,,,,False,True,5.0,2949.2768166812825,1111.4301519670528,QQQ_PROXY,hold_current_no_challenger,0.003016136329361263,3432.2821735986267,False
2023-04-04 00:00:00+00:00,4373.643091349412,0.0,False,0.0,,0,1086.2827769319726,-0.022626140734596012,True,96.0,QQQ_USDT_LONG,leveraged_contract,,,,False,True,7.5,2949.2768166812825,1086.2827769319729,QQQ_PROXY,hold_current_no_challenger,-0.022626140734596012,3354.622874097939,False
2023-04-05 00:00:00+00:00,4233.271016332553,-0.032094999999999985,True,114.4,BULL,1,993.7578408582593,-0.08517573696145198,True,102.0,QQQ_USDT_LONG,leveraged_contract,,,,False,True,7.5,2854.6197772498963,993.7578408582596,BTC,best_route_score,-0.032094999999999985,3243.709296700812,True
2023-04-06 00:00:00+00:00,4233.271016332553,0.0,False,0.0,,0,1068.2549959358903,0.07496509915664307,True,112.0,QQQ_USDT_LONG,leveraged_contract,,,,False,False,10.0,2854.6197772498963,1068.2549959358905,QQQ_PROXY,best_route_score,0.07496509915664307,3483.3874114775504,True
2023-04-10 00:00:00+00:00,4233.271016332553,0.0,False,0.0,,0,1050.6260225778167,-0.01650258919934089,True,112.0,QQQ_USDT_LONG,leveraged_contract,,,,False,False,10.0,2854.6197772498963,1050.6260225778167,QQQ_PROXY,hold_current_no_challenger,-0.01650258919934089,3425.902500003781,False
2023-04-11 00:00:00+00:00,4233.271016332553,0.0,True,118.1,BULL,1,979.9896652966468,-0.06723263631701837,True,112.0,QQQ_USDT_LONG,leveraged_contract,,,,False,False,10.0,2854.6197772498963,979.9896652966469,QQQ_PROXY,hold_current_hysteresis,-0.06723263631701837,3195.5700431634627,False
2023-04-12 00:00:00+00:00,4112.567759843862,-0.02851300000000012,True,118.1,BULL,1,888.9149971000379,-0.09293431494406645,True,112.0,QQQ_USDT_LONG,leveraged_contract,,,,False,False,10.0,2773.2260035411696,888.914997100038,QQQ_PROXY,hold_current_hysteresis,-0.09293431494406645,2898.5919303462856,False
2023-04-13 00:00:00+00:00,4112.567759843862,0.0,True,102.1,BULL,1,1062.314136960371,0.19506830284788057,True,112.0,QQQ_USDT_LONG,leveraged_contract,,,,False,False,10.0,2773.2260035411696,1062.3141369603713,QQQ_PROXY,hold_current_hysteresis,0.19506830284788057,3464.015338847498,False
2023-04-14 00:00:00+00:00,4197.548930592962,0.020663773999999968,True,119.7,BULL,1,1060.9039497953243,-0.0013274671925967985,True,112.0,QQQ_USDT_LONG,leveraged_contract,,,,False,False,10.0,2830.5313189292674,1060.9039497953245,QQQ_PROXY,hold_current_hysteresis,-0.0013274671925967985,3459.4169721305257,False
2023-04-17 00:00:00+00:00,4161.370256360181,0.0,False,0.0,,0,1040.027126563779,-0.019678334910123607,True,112.0,QQQ_USDT_LONG,leveraged_contract,,,,False,False,10.0,2830.5313189292674,1040.0271265637793,QQQ_PROXY,hold_current_no_challenger,-0.019678334910123607,3391.3414063591754,False
2023-04-18 00:00:00+00:00,4161.370256360181,0.0,False,0.0,,0,1047.1268263051886,0.006826456310680129,True,112.0,QQQ_USDT_LONG,leveraged_contract,,,,False,False,10.0,2830.5313189292674,1047.126826305189,QQQ_PROXY,hold_current_no_challenger,0.006826456310680129,3414.4922503042867,False
2023-04-19 00:00:00+00:00,4161.370256360181,0.0,False,0.0,,0,1057.0650103747503,0.009490907710414387,True,112.0,QQQ_USDT_LONG,leveraged_contract,,,,False,False,10.0,2830.5313189292674,1057.0650103747507,QQQ_PROXY,hold_current_no_challenger,0.009490907710414387,3446.89888112985,False
2023-04-20 00:00:00+00:00,4161.370256360181,0.0,False,0.0,,0,986.5913326203174,-0.06666919920984671,True,112.0,QQQ_USDT_LONG,leveraged_contract,,,,False,False,10.0,2830.5313189292674,986.5913326203179,QQQ_PROXY,hold_current_no_challenger,-0.06666919920984671,3217.0968929676064,False
2023-04-21 00:00:00+00:00,4161.370256360181,0.0,False,0.0,,0,987.7219667397545,0.0011460004584007422,True,112.0,QQQ_USDT_LONG,leveraged_contract,,,,False,False,10.0,2830.5313189292674,987.7219667397549,QQQ_PROXY,hold_current_no_challenger,0.0011460004584007422,3220.783687481667,False
2023-04-24 00:00:00+00:00,4161.370256360181,0.0,False,0.0,,0,977.5197888124491,-0.01032899770466833,True,112.0,QQQ_USDT_LONG,leveraged_contract,,,,False,False,10.0,2830.5313189292674,977.5197888124495,QQQ_PROXY,hold_current_no_challenger,-0.01032899770466833,3187.5162201664357,False
2023-04-25 00:00:00+00:00,4161.370256360181,0.0,False,0.0,,0,797.187696203804,-0.18447922453592835,True,106.0,QQQ_USDT_LONG,leveraged_contract,,,,False,False,10.0,2830.5313189292674,797.1876962038043,QQQ_PROXY,hold_current_no_challenger,-0.18447922453592835,2599.4856996744384,False
2023-04-26 00:00:00+00:00,4036.038106979125,-0.030117999999999978,True,99.7,BULL,1,764.9983166623451,-0.040378670788252524,True,106.0,QQQ_USDT_LONG,leveraged_contract,,,,False,False,10.0,2745.281376665756,764.9983166623455,QQQ_PROXY,hold_current_hysteresis,-0.040378670788252524,2494.5219223885138,False
2023-04-27 00:00:00+00:00,4036.038106979125,0.0,False,0.0,,0,922.0988194092392,0.20536058619359698,True,106.0,QQQ_USDT_LONG,leveraged_contract,,,,False,False,10.0,2745.281376665756,922.0988194092398,QQQ_PROXY,hold_current_no_challenger,0.20536058619359698,3006.798406642997,False
2023-04-28 00:00:00+00:00,4036.038106979125,0.0,False,0.0,,0,995.5387745683931,0.07964434354899685,True,106.0,QQQ_USDT_LONG,leveraged_contract,,,,False,False,10.0,2745.281376665756,995.5387745683937,QQQ_PROXY,hold_current_no_challenger,0.07964434354899685,3246.2728919242486,False
2023-05-01 00:00:00+00:00,4036.038106979125,0.0,False,0.0,,0,987.8761835649193,-0.007696928737703779,True,106.0,QQQ_USDT_LONG,leveraged_contract,,,,False,False,10.0,2745.281376665756,987.8761835649198,QQQ_PROXY,hold_current_no_challenger,-0.007696928737703779,3221.2865608119682,False
2023-05-02 00:00:00+00:00,4036.038106979125,0.0,False,0.0,,0,909.455613688245,-0.0793829947328828,True,112.0,QQQ_USDT_LONG,leveraged_contract,,,,False,False,10.0,2745.281376665756,909.4556136882454,QQQ_PROXY,hold_current_no_challenger,-0.0793829947328828,2965.5711867219256,False
2023-05-03 00:00:00+00:00,4036.038106979125,0.0,False,0.0,,0,867.1336593208206,-0.04653548092994897,True,112.0,QQQ_USDT_LONG,leveraged_contract,,,,False,False,10.0,2745.281376665756,867.133659320821,QQQ_PROXY,hold_current_no_challenger,-0.04653548092994897,2827.5669053158213,False
2023-05-04 00:00:00+00:00,4036.038106979125,0.0,False,0.0,,0,853.6925565948209,-0.015500612369870881,True,106.0,QQQ_USDT_LONG,leveraged_contract,,,,False,False,10.0,2745.281376665756,853.6925565948213,QQQ_PROXY,hold_current_no_challenger,-0.015500612369870881,2783.7378867666453,False
2023-05-05 00:00:00+00:00,3915.3080990850585,-0.029912999999999967,True,109.4,BULL,1,1022.1759076379416,0.19735834609494685,True,112.0,QQQ_USDT_LONG,leveraged_contract,,,,False,False,10.0,2663.1617748455533,1022.1759076379421,QQQ_PROXY,hold_current_hysteresis,0.19735834609494685,3333.131792060753,False
2023-05-08 00:00:00+00:00,4719.300955999779,0.20534600000000003,True,60.0,BEAR,1,1050.0024896835075,0.027222889756683966,True,112.0,QQQ_USDT_LONG,leveraged_contract,,,,False,False,10.0,3210.0313926629883,1050.0024896835082,QQQ_PROXY,hold_current_hysteresis,0.027222889756683966,3423.8692713805212,False
2023-05-09 00:00:00+00:00,4719.300955999779,0.0,False,0.0,,0,991.9467235822509,-0.05529107470855221,True,112.0,QQQ_USDT_LONG,leveraged_contract,,,,False,False,10.0,3210.0313926629883,991.9467235822516,QQQ_PROXY,hold_current_no_challenger,-0.05529107470855221,3234.5598597043045,False
2023-05-10 00:00:00+00:00,4719.300955999779,0.0,False,0.0,,0,1104.729579115407,0.11369850098991163,True,112.0,QQQ_USDT_LONG,leveraged_contract,,,,False,False,10.0,3210.0313926629883,1104.7295791154077,QQQ_PROXY,hold_current_no_challenger,0.11369850098991163,3602.3244671148227,False
2023-05-11 00:00:00+00:00,4719.300955999779,0.0,False,0.0,,0,1134.7986541621729,0.02721849366144724,True,106.0,QQQ_USDT_LONG,leveraged_contract,,,,False,False,10.0,3210.0313926629883,1134.7986541621738,QQQ_PROXY,hold_current_no_challenger,0.02721849366144724,3700.3743127894636,False
2023-05-12 00:00:00+00:00,5828.733101940032,0.23508400000000007,True,60.0,BEAR,1,1092.8112727516657,-0.03699985125687921,True,106.0,QQQ_USDT_LONG,leveraged_contract,,,,False,False,10.0,3964.6584125757745,1092.8112727516666,QQQ_PROXY,hold_current_hysteresis,-0.03699985125687921,3563.461013621477,False
2023-05-15 00:00:00+00:00,5828.733101940032,0.0,False,0.0,,0,1165.7130057933073,0.06671026814911718,True,112.0,QQQ_USDT_LONG,leveraged_contract,,,,False,False,10.0,3964.6584125757745,1165.7130057933082,QQQ_PROXY,hold_current_no_challenger,0.06671026814911718,3801.1804533790905,False
2023-05-16 00:00:00+00:00,5828.733101940032,0.0,False,0.0,,0,1184.981347208433,0.016529232597874977,True,106.0,QQQ_USDT_LONG,leveraged_contract,,,,False,False,10.0,3964.6584125757745,1184.9813472084338,QQQ_PROXY,hold_current_no_challenger,0.016529232597874977,3864.0110492394892,False
2023-05-17 00:00:00+00:00,6281.847155818647,0.07773800000000008,True,60.0,BEAR,1,1312.27126486241,0.10741934288994948,True,122.0,QQQ_USDT_LONG,leveraged_contract,,,,False,False,10.0,4272.863028252591,1312.2712648624108,QQQ_PROXY,hold_current_hysteresis,0.10741934288994948,4279.080577068299,False
2023-05-18 00:00:00+00:00,6281.847155818647,0.0,False,0.0,,0,1556.1485169005487,0.1858436274330133,True,122.0,QQQ_USDT_LONG,leveraged_contract,,,,False,False,10.0,4272.863028252591,1556.1485169005498,QQQ_PROXY,hold_current_no_challenger,0.1858436274330133,5074.320433588824,False
2023-05-19 00:00:00+00:00,6281.847155818647,0.0,False,0.0,,0,1499.646737338787,-0.03630873207031604,True,106.0,QQQ_USDT_LONG,leveraged_contract,,,,False,False,10.0,4272.863028252591,1499.6467373387882,QQQ_PROXY,hold_current_no_challenger,-0.03630873207031604,4890.078292526718,False
2023-05-22 00:00:00+00:00,6281.847155818647,0.0,False,0.0,,0,1605.0146946904683,0.07026185216037151,True,112.0,QQQ_USDT_LONG,leveraged_contract,,,,False,False,10.0,4272.863028252591,1605.0146946904695,QQQ_PROXY,hold_current_no_challenger,0.07026185216037151,5233.6642505688715,False
2023-05-23 00:00:00+00:00,6281.847155818647,0.0,False,0.0,,0,1392.177858458536,-0.13260740660880888,True,106.0,QQQ_USDT_LONG,leveraged_contract,,,,False,False,10.0,4272.863028252591,1392.1778584585372,QQQ_PROXY,hold_current_no_challenger,-0.13260740660880888,4539.641607239698,False
2023-05-24 00:00:00+00:00,6281.847155818647,0.0,False,0.0,,0,1312.3220740943345,-0.05736033214363889,True,112.0,QQQ_USDT_LONG,leveraged_contract,,,,False,False,10.0,4272.863028252591,1312.3220740943354,QQQ_PROXY,hold_current_no_challenger,-0.05736033214363889,4279.246256835346,False
2023-05-25 00:00:00+00:00,6281.847155818647,0.0,False,0.0,,0,1406.4173730583652,0.0717013763781793,True,106.0,QQQ_USDT_LONG,leveraged_contract,,,,False,False,10.0,4272.863028252591,1406.4173730583664,QQQ_PROXY,hold_current_no_challenger,0.0717013763781793,4586.074103311612,False
2023-05-26 00:00:00+00:00,6281.847155818647,0.0,False,0.0,,0,1763.3607746018588,0.2537962118366699,True,122.0,QQQ_USDT_LONG,leveraged_contract,,,,False,False,10.0,4272.863028252591,1763.3607746018604,QQQ_PROXY,hold_current_no_challenger,0.2537962118366699,5750.002337934352,False
2023-05-30 00:00:00+00:00,6077.674559560229,0.0,True,105.8,BULL,1,1713.5897258988123,-0.028225108225107265,True,122.0,QQQ_USDT_LONG,leveraged_contract,,,,False,False,10.0,4272.863028252591,1713.5897258988139,QQQ_PROXY,hold_current_hysteresis,-0.028225108225107265,5587.707899651535,False
2023-05-31 00:00:00+00:00,5897.465431194709,-0.029650999999999983,True,105.8,BULL,1,1598.4359250127354,-0.0672003333970016,True,112.0,QQQ_USDT_LONG,leveraged_contract,,,,False,False,10.0,4146.168366601873,1598.435925012737,QQQ_PROXY,hold_current_hysteresis,-0.0672003333970016,5212.212065869892,False
2023-06-01 00:00:00+00:00,5897.465431194709,0.0,False,0.0,,0,1802.8616678981248,0.12789110885615296,True,112.0,QQQ_USDT_LONG,leveraged_contract,,,,False,False,10.0,4146.168366601873,1802.8616678981266,QQQ_PROXY,hold_current_no_challenger,0.12789110885615296,5878.807646567412,False
2023-06-02 00:00:00+00:00,5897.465431194709,0.0,False,0.0,,0,1903.9259086299608,0.05605767903960279,True,112.0,QQQ_USDT_LONG,leveraged_contract,,,,False,False,10.0,4146.168366601873,1903.9259086299628,QQQ_PROXY,hold_current_no_challenger,0.05605767903960279,6208.35995875425,False
2023-06-05 00:00:00+00:00,5897.465431194709,0.0,False,0.0,,0,1919.27277659072,0.00806064347945279,True,106.0,QQQ_USDT_LONG,leveraged_contract,,,,False,False,10.0,4146.168366601873,1919.272776590722,QQQ_PROXY,hold_current_no_challenger,0.00806064347945279,6258.403334973878,False
2023-06-06 00:00:00+00:00,5897.465431194709,0.0,False,0.0,,0,1925.1956455350717,0.003085996433958016,True,112.0,QQQ_USDT_LONG,leveraged_contract,,,,False,False,10.0,4146.168366601873,1925.1956455350737,QQQ_PROXY,hold_current_no_challenger,0.003085996433958016,6277.716745347879,False
2023-06-07 00:00:00+00:00,5897.465431194709,0.0,False,0.0,,0,1578.26601123741,-0.18020487169824184,True,112.0,QQQ_USDT_LONG,leveraged_contract,,,,False,False,10.0,4146.168366601873,1578.266011237412,QQQ_PROXY,hold_current_no_challenger,-0.18020487169824184,5146.44160469456,False
2023-06-08 00:00:00+00:00,5897.465431194709,0.0,False,0.0,,0,1784.4239772205005,0.13062307907236503,True,112.0,QQQ_USDT_LONG,leveraged_contract,,,,False,False,10.0,4146.168366601873,1784.4239772205024,QQQ_PROXY,hold_current_no_challenger,0.13062307907236503,5818.6856533658865,False
2023-06-09 00:00:00+00:00,5897.465431194709,0.0,False,0.0,,0,1832.6699241144208,0.027037266652889524,True,112.0,QQQ_USDT_LONG,leveraged_contract,,,,False,False,10.0,4146.168366601873,1832.6699241144229,QQQ_PROXY,hold_current_no_challenger,0.027037266652889524,5976.007008945283,False
2023-06-12 00:00:00+00:00,5897.465431194709,0.0,False,0.0,,0,2135.067856339819,0.16500403495818938,True,122.0,QQQ_USDT_LONG,leveraged_contract,,,,False,False,10.0,4146.168366601873,2135.0678563398214,QQQ_PROXY,hold_current_no_challenger,0.16500403495818938,6962.072278359675,False
2023-06-13 00:00:00+00:00,5897.465431194709,0.0,False,0.0,,0,2232.5566620103536,0.04566075283324311,True,112.0,QQQ_USDT_LONG,leveraged_contract,,,,False,True,7.5,4146.168366601873,2232.5566620103564,QQQ_PROXY,hold_current_no_challenger,0.04566075283324311,7279.96573986903,False
2023-06-14 00:00:00+00:00,5897.465431194709,0.0,False,0.0,,0,2331.0023138150823,0.04409547738693509,True,112.0,QQQ_USDT_LONG,leveraged_contract,,,,False,True,7.5,4146.168366601873,2331.0023138150855,QQQ_PROXY,hold_current_no_challenger,0.04409547738693509,7600.979304529086,False
2023-06-15 00:00:00+00:00,5897.465431194709,0.0,False,0.0,,0,2447.2579153153683,0.04987365341135752,True,102.0,QQQ_USDT_LONG,leveraged_contract,,,,False,True,5.0,4146.168366601873,2447.257915315371,QQQ_PROXY,hold_current_no_challenger,0.04987365341135752,7980.067911950071,False
2023-06-16 00:00:00+00:00,5897.465431194709,0.0,False,0.0,,0,2501.8090378812312,0.022290712484561714,True,92.0,QQQ_USDT_LONG,leveraged_contract,,,,False,True,2.5,4146.168366601873,2501.809037881234,QQQ_PROXY,hold_current_no_challenger,0.022290712484561714,8157.949311382627,False
2023-06-20 00:00:00+00:00,5897.465431194709,0.0,True,123.5,BULL,1,2425.381107525948,-0.030549066374789935,True,112.0,QQQ_USDT_LONG,leveraged_contract,,,,False,False,10.0,4146.168366601873,2425.3811075259505,BTC,best_route_score,0.0,8149.791362071244,True
2023-06-21 00:00:00+00:00,7188.678691313924,0.21894376070257704,True,116.1,BULL,1,2182.604395582257,-0.10009837678307798,True,102.0,QQQ_USDT_LONG,leveraged_contract,,,,False,True,7.5,5053.946061291747,2182.604395582259,BTC,hold_current_hysteresis,0.21894376070257704,9934.1373318245,False
2023-06-22 00:00:00+00:00,7188.678691313924,0.0,False,0.0,,0,2374.178682153187,0.08777325243121914,True,102.0,QQQ_USDT_LONG,leveraged_contract,,,,False,True,7.5,5053.946061291747,2374.178682153189,QQQ_PROXY,best_route_score,0.08777325243121914,10795.282786661593,True
2023-06-23 00:00:00+00:00,7188.678691313924,0.0,False,0.0,,0,2235.6875228092877,-0.058332239432922095,True,92.0,QQQ_USDT_LONG,leveraged_contract,,,,False,True,5.0,5053.946061291747,2235.68752280929,QQQ_PROXY,hold_current_no_challenger,-0.058332239432922095,10165.569766403947,False
2023-06-26 00:00:00+00:00,7188.678691313924,0.0,False,0.0,,0,2086.2853498533786,-0.06682605302917077,True,92.0,QQQ_USDT_LONG,leveraged_contract,,,,False,True,5.0,5053.946061291747,2086.285349853381,QQQ_PROXY,hold_current_no_challenger,-0.06682605302917077,9486.244862122501,False
2023-06-27 00:00:00+00:00,7188.678691313924,0.0,False,0.0,,0,2417.987188670399,0.15899159663865348,True,112.0,QQQ_USDT_LONG,leveraged_contract,,,,False,False,10.0,5053.946061291747,2417.9871886704022,QQQ_PROXY,hold_current_no_challenger,0.15899159663865348,10994.47807885658,False
2023-06-28 00:00:00+00:00,7188.678691313924,0.0,False,0.0,,0,2484.8941958627447,0.02767053833280908,True,112.0,QQQ_USDT_LONG,leveraged_contract,,,,False,False,10.0,5053.946061291747,2484.8941958627474,QQQ_PROXY,hold_current_no_challenger,0.02767053833280908,11298.70120598681,False
2023-06-29 00:00:00+00:00,7188.678691313924,0.0,False,0.0,,0,2385.32469358805,-0.04006991623243916,True,112.0,QQQ_USDT_LONG,leveraged_contract,,,,False,False,10.0,5053.946061291747,2385.324693588053,QQQ_PROXY,hold_current_no_challenger,-0.04006991623243916,10845.963195127559,False
2023-06-30 00:00:00+00:00,7188.678691313924,0.0,False,0.0,,0,2750.08704246852,0.15291936978683918,True,112.0,QQQ_USDT_LONG,leveraged_contract,,,,False,False,10.0,5053.946061291747,2750.0870424685236,QQQ_PROXY,hold_current_no_challenger,0.15291936978683918,12504.521051657717,False
2023-07-03 00:00:00+00:00,7188.678691313924,0.0,True,108.8,BULL,1,2810.6280624171914,0.022014219555148706,True,106.0,QQQ_USDT_LONG,leveraged_contract,,,,False,False,10.0,5053.946061291747,2810.6280624171955,QQQ_PROXY,hold_current_hysteresis,0.022014219555148706,12779.798323520889,False
2023-07-05 00:00:00+00:00,7188.678691313924,0.0,True,108.8,BULL,1,2817.4912878089112,0.0024418831803085794,True,106.0,QQQ_USDT_LONG,leveraged_contract,,,,False,False,10.0,5053.946061291747,2817.4912878089153,QQQ_PROXY,hold_current_hysteresis,0.0024418831803085794,12811.00509809483,False
2023-07-06 00:00:00+00:00,7249.480389093521,0.008457979607999988,True,117.1,BULL,1,2605.0841452125546,-0.07538874867703316,True,112.0,QQQ_USDT_LONG,leveraged_contract,,,,False,False,10.0,5096.6922340180845,2605.0841452125587,QQQ_PROXY,hold_current_hysteresis,-0.07538874867703316,11845.199454454369,False
2023-07-07 00:00:00+00:00,7249.480389093521,0.0,False,0.0,,0,2553.7077260915635,-0.019721596791952845,True,112.0,QQQ_USDT_LONG,leveraged_contract,,,,False,False,10.0,5096.6922340180845,2553.7077260915676,QQQ_PROXY,hold_current_no_challenger,-0.019721596791952845,11611.59320689336,False
2023-07-10 00:00:00+00:00,7249.480389093521,0.0,False,0.0,,0,2534.385004211082,-0.00756653617133185,True,112.0,QQQ_USDT_LONG,leveraged_contract,,,,False,False,10.0,5096.6922340180845,2534.385004211086,QQQ_PROXY,hold_current_no_challenger,-0.00756653617133185,11523.73366688661,False
2023-07-11 00:00:00+00:00,7249.480389093521,0.0,False,0.0,,0,2641.542753266286,0.04228155898853281,True,112.0,QQQ_USDT_LONG,leveraged_contract,,,,False,False,10.0,5096.6922340180845,2641.54275326629,QQQ_PROXY,hold_current_no_challenger,0.04228155898853281,12010.975091691218,False
2023-07-12 00:00:00+00:00,7249.480389093521,0.0,False,0.0,,0,2964.853874758276,0.12239480928037727,True,122.0,QQQ_USDT_LONG,leveraged_contract,,,,False,False,10.0,5096.6922340180845,2964.85387475828,QQQ_PROXY,hold_current_no_challenger,0.12239480928037727,13481.056097310127,False
2023-07-13 00:00:00+00:00,7624.300273650823,0.051703000000000054,True,114.8,BULL,1,3451.555801442245,0.1641571380052076,True,122.0,QQQ_USDT_LONG,leveraged_contract,,,,False,False,10.0,5360.206512593522,3451.55580144225,QQQ_PROXY,hold_current_hysteresis,0.1641571380052076,15694.067683532212,False
2023-07-14 00:00:00+00:00,7396.204082364012,-0.02991699999999997,True,116.9,BULL,1,3441.1125311340406,-0.003025670424867677,True,106.0,QQQ_USDT_LONG,leveraged_contract,,,,False,False,10.0,5199.845214356262,3441.1125311340456,BTC,best_route_score,-0.02991699999999997,15209.323712383335,True
2023-07-17 00:00:00+00:00,7396.204082364012,0.0,False,0.0,,0,3771.7356758558167,0.09608030592734407,True,106.0,QQQ_USDT_LONG,leveraged_contract,,,,False,False,10.0,5199.845214356262,3771.735675855822,QQQ_PROXY,best_route_score,0.09608030592734407,16653.96954742952,True
2023-07-18 00:00:00+00:00,7396.204082364012,0.0,False,0.0,,0,4111.816062243148,0.09016548762001086,True,122.0,QQQ_USDT_LONG,leveraged_contract,,,,False,False,10.0,5199.845214356262,4111.816062243154,QQQ_PROXY,hold_current_no_challenger,0.09016548762001086,18155.582832482312,False
2023-07-19 00:00:00+00:00,7396.204082364012,0.0,False,0.0,,0,4131.151529720817,0.004702415474081567,True,96.0,QQQ_USDT_LONG,leveraged_contract,,,,False,True,7.5,5199.845214356262,4131.1515297208225,QQQ_PROXY,hold_current_no_challenger,0.004702415474081567,18240.957926134746,False
2023-07-20 00:00:00+00:00,7396.204082364012,0.0,False,0.0,,0,3273.670516345155,-0.20756464806644614,True,112.0,QQQ_USDT_LONG,leveraged_contract,,,,False,False,10.0,5199.845214356262,3273.6705163451597,QQQ_PROXY,hold_current_no_challenger,-0.20756464806644614,14454.779913801736,False
2023-07-21 00:00:00+00:00,7396.204082364012,0.0,False,0.0,,0,3167.10811318654,-0.032551352564822444,True,112.0,QQQ_USDT_LONG,leveraged_contract,,,,False,False,10.0,5199.845214356262,3167.108113186544,QQQ_PROXY,hold_current_no_challenger,-0.032551352564822444,13984.257276580662,False
2023-07-24 00:00:00+00:00,7396.204082364012,0.0,False,0.0,,0,3177.796797677556,0.003374903574182575,True,112.0,QQQ_USDT_LONG,leveraged_contract,,,,False,False,10.0,5199.845214356262,3177.79679767756,QQQ_PROXY,hold_current_no_challenger,0.003374903574182575,14031.452796445683,False
2023-07-25 00:00:00+00:00,7396.204082364012,0.0,False,0.0,,0,3388.0171381790274,0.06615285806037319,True,112.0,QQQ_USDT_LONG,leveraged_contract,,,,False,False,10.0,5199.845214356262,3388.017138179032,QQQ_PROXY,hold_current_no_challenger,0.06615285806037319,14959.67350166978,False
2023-07-26 00:00:00+00:00,7396.204082364012,0.0,False,0.0,,0,3354.136966797237,-0.010000000000000009,True,112.0,QQQ_USDT_LONG,leveraged_contract,,,,False,False,10.0,5199.845214356262,3354.1369667972413,QQQ_PROXY,hold_current_no_challenger,-0.010000000000000009,14810.076766653083,False
2023-07-27 00:00:00+00:00,7396.204082364012,0.0,False,0.0,,0,3354.136966797237,0.0,False,0.0,CASH,leveraged_contract,,,,False,False,0.0,5199.845214356262,3354.1369667972413,CASH,no_eligible_candidates,0.0,14795.26668988643,True
2023-07-28 00:00:00+00:00,7396.204082364012,0.0,False,0.0,,0,3354.136966797237,0.0,False,0.0,CASH,leveraged_contract,,,,False,False,0.0,5199.845214356262,3354.1369667972413,CASH,no_eligible_candidates,0.0,14795.26668988643,False
2023-07-31 00:00:00+00:00,7396.204082364012,0.0,False,0.0,,0,3354.136966797237,0.0,False,0.0,CASH,leveraged_contract,,,,False,False,0.0,5199.845214356262,3354.1369667972413,CASH,no_eligible_candidates,0.0,14795.26668988643,False
2023-08-01 00:00:00+00:00,7396.204082364012,0.0,False,0.0,,0,3354.136966797237,0.0,False,0.0,CASH,leveraged_contract,,,,False,False,0.0,5199.845214356262,3354.1369667972413,CASH,no_eligible_candidates,0.0,14795.26668988643,False
2023-08-02 00:00:00+00:00,7396.204082364012,0.0,False,0.0,,0,3354.136966797237,0.0,False,0.0,CASH,leveraged_contract,,,,False,False,0.0,5199.845214356262,3354.1369667972413,CASH,no_eligible_candidates,0.0,14795.26668988643,False
2023-08-03 00:00:00+00:00,7396.204082364012,0.0,False,0.0,,0,3354.136966797237,0.0,False,0.0,CASH,leveraged_contract,,,,False,False,0.0,5199.845214356262,3354.1369667972413,CASH,no_eligible_candidates,0.0,14795.26668988643,False
2023-08-04 00:00:00+00:00,7396.204082364012,0.0,False,0.0,,0,3354.136966797237,0.0,False,0.0,CASH,leveraged_contract,,,,False,False,0.0,5199.845214356262,3354.1369667972413,CASH,no_eligible_candidates,0.0,14795.26668988643,False
2023-08-07 00:00:00+00:00,7396.204082364012,0.0,False,0.0,,0,3354.136966797237,0.0,False,0.0,CASH,leveraged_contract,,,,False,False,0.0,5199.845214356262,3354.1369667972413,CASH,no_eligible_candidates,0.0,14795.26668988643,False
2023-08-08 00:00:00+00:00,7396.204082364012,0.0,False,0.0,,0,3354.136966797237,0.0,False,0.0,CASH,leveraged_contract,,,,False,False,0.0,5199.845214356262,3354.1369667972413,CASH,no_eligible_candidates,0.0,14795.26668988643,False
2023-08-09 00:00:00+00:00,7271.245214392472,-0.016894999999999993,True,72.5,BEAR,1,3354.136966797237,0.0,False,0.0,CASH,leveraged_contract,,,,False,False,0.0,5111.993829459712,3354.1369667972413,BTC,best_route_score,-0.016894999999999993,14530.755358501638,True
2023-08-10 00:00:00+00:00,7271.245214392472,0.0,False,0.0,,0,3354.136966797237,0.0,False,0.0,CASH,leveraged_contract,,,,False,False,0.0,5111.993829459712,3354.1369667972413,CASH,no_eligible_candidates,0.0,14516.224603143137,True
2023-08-11 00:00:00+00:00,7271.245214392472,0.0,False,0.0,,0,3354.136966797237,0.0,False,0.0,CASH,leveraged_contract,,,,False,False,0.0,5111.993829459712,3354.1369667972413,CASH,no_eligible_candidates,0.0,14516.224603143137,False
2023-08-14 00:00:00+00:00,7271.245214392472,0.0,False,0.0,,0,3686.0941524938935,0.09896947828389724,True,106.0,QQQ_USDT_LONG,leveraged_contract,,,,False,False,10.0,5111.993829459712,3686.0941524938976,QQQ_PROXY,best_route_score,0.09896947828389724,15936.934890989318,True
2023-08-15 00:00:00+00:00,7271.245214392472,0.0,False,0.0,,0,3269.9339055502446,-0.11290005890437937,True,106.0,QQQ_USDT_LONG,leveraged_contract,,,,False,False,10.0,5111.993829459712,3269.9339055502483,QQQ_PROXY,hold_current_no_challenger,-0.11290005890437937,14137.654003041365,False
2023-08-16 00:00:00+00:00,7271.245214392472,0.0,False,0.0,,0,2905.3035178559117,-0.11151001770262847,True,106.0,QQQ_USDT_LONG,leveraged_contract,,,,False,False,10.0,5111.993829459712,2905.303517855915,QQQ_PROXY,hold_current_no_challenger,-0.11151001770262847,12561.163954888587,False
2023-08-17 00:00:00+00:00,7271.245214392472,0.0,False,0.0,,0,2876.2504826773525,-0.010000000000000009,True,106.0,QQQ_USDT_LONG,leveraged_contract,,,,False,False,10.0,5111.993829459712,2876.2504826773556,QQQ_PROXY,hold_current_no_challenger,-0.010000000000000009,12435.5523153397,False
2023-08-18 00:00:00+00:00,7271.245214392472,0.0,False,0.0,,0,2876.2504826773525,0.0,False,0.0,CASH,leveraged_contract,,,,False,False,0.0,5111.993829459712,2876.2504826773556,CASH,no_eligible_candidates,0.0,12423.116763024362,True
2023-08-21 00:00:00+00:00,7271.245214392472,0.0,False,0.0,,0,2876.2504826773525,0.0,False,0.0,CASH,leveraged_contract,,,,False,False,0.0,5111.993829459712,2876.2504826773556,CASH,no_eligible_candidates,0.0,12423.116763024362,False
2023-08-22 00:00:00+00:00,7271.245214392472,0.0,False,0.0,,0,2876.2504826773525,0.0,False,0.0,CASH,leveraged_contract,,,,False,False,0.0,5111.993829459712,2876.2504826773556,CASH,no_eligible_candidates,0.0,12423.116763024362,False
2023-08-23 00:00:00+00:00,7271.245214392472,0.0,False,0.0,,0,2876.2504826773525,0.0,False,0.0,CASH,leveraged_contract,,,,False,False,0.0,5111.993829459712,2876.2504826773556,CASH,no_eligible_candidates,0.0,12423.116763024362,False
2023-08-24 00:00:00+00:00,7271.245214392472,0.0,False,0.0,,0,2876.2504826773525,0.0,False,0.0,CASH,leveraged_contract,,,,False,False,0.0,5111.993829459712,2876.2504826773556,CASH,no_eligible_candidates,0.0,12423.116763024362,False
2023-08-25 00:00:00+00:00,7271.245214392472,0.0,False,0.0,,0,2876.2504826773525,0.0,False,0.0,CASH,leveraged_contract,,,,False,False,0.0,5111.993829459712,2876.2504826773556,CASH,no_eligible_candidates,0.0,12423.116763024362,False
2023-08-28 00:00:00+00:00,7271.245214392472,0.0,False,0.0,,0,2876.2504826773525,0.0,False,0.0,CASH,leveraged_contract,,,,False,False,0.0,5111.993829459712,2876.2504826773556,CASH,no_eligible_candidates,0.0,12423.116763024362,False
2023-08-29 00:00:00+00:00,7271.245214392472,0.0,False,0.0,,0,3445.321367355426,0.19785164334795868,True,106.0,QQQ_USDT_LONG,leveraged_contract,,,,False,False,10.0,5111.993829459712,3445.32136735543,QQQ_PROXY,best_route_score,0.19785164334795868,14866.169779262213,True
2023-08-30 00:00:00+00:00,7271.245214392472,0.0,False,0.0,,0,3610.0223563960762,0.047804245665208356,True,122.0,QQQ_USDT_LONG,leveraged_contract,,,,False,False,10.0,5111.993829459712,3610.0223563960803,QQQ_PROXY,hold_current_no_challenger,0.047804245665208356,15576.83581149076,False
2023-08-31 00:00:00+00:00,7271.245214392472,0.0,False,0.0,,0,3667.615171363956,0.01595358955764903,True,122.0,QQQ_USDT_LONG,leveraged_contract,,,,False,False,10.0,5111.993829459712,3667.6151713639606,QQQ_PROXY,hold_current_no_challenger,0.01595358955764903,15825.342256634172,False
2023-09-01 00:00:00+00:00,7271.245214392472,0.0,False,0.0,,0,3625.706989767643,-0.011426548216815213,True,106.0,QQQ_USDT_LONG,leveraged_contract,,,,False,False,10.0,5111.993829459712,3625.706989767647,QQQ_PROXY,hold_current_no_challenger,-0.011426548216815213,15644.513220291139,False
2023-09-05 00:00:00+00:00,7271.245214392472,0.0,False,0.0,,0,3666.5975435608575,0.011277953212605052,True,112.0,QQQ_USDT_LONG,leveraged_contract,,,,False,False,10.0,5111.993829459712,3666.5975435608616,QQQ_PROXY,hold_current_no_challenger,0.011277953212605052,15820.951308423564,False
2023-09-06 00:00:00+00:00,7271.245214392472,0.0,False,0.0,,0,3402.4394160773036,-0.07204448384237283,True,112.0,QQQ_USDT_LONG,leveraged_contract,,,,False,False,10.0,5111.993829459712,3402.439416077307,QQQ_PROXY,hold_current_no_challenger,-0.07204448384237283,14681.139037512876,False
2023-09-07 00:00:00+00:00,7271.245214392472,0.0,False,0.0,,0,3175.204674444581,-0.06678583035424124,True,106.0,QQQ_USDT_LONG,leveraged_contract,,,,False,False,10.0,5111.993829459712,3175.2046744445847,QQQ_PROXY,hold_current_no_challenger,-0.06678583035424124,13700.646976346512,False
2023-09-08 00:00:00+00:00,7271.245214392472,0.0,False,0.0,,0,3198.572768377037,0.00735955515577702,True,112.0,QQQ_USDT_LONG,leveraged_contract,,,,False,False,10.0,5111.993829459712,3198.5727683770406,QQQ_PROXY,hold_current_no_challenger,0.00735955515577702,13801.477643438764,False
2023-09-11 00:00:00+00:00,7271.245214392472,0.0,False,0.0,,0,3166.5870406932663,-0.01000000000000012,True,112.0,QQQ_USDT_LONG,leveraged_contract,,,,False,False,10.0,5111.993829459712,3166.58704069327,QQQ_PROXY,hold_current_no_challenger,-0.01000000000000012,13663.462867004375,False
2023-09-12 00:00:00+00:00,7271.245214392472,0.0,False,0.0,,0,3166.5870406932663,0.0,False,0.0,CASH,leveraged_contract,,,,False,False,0.0,5111.993829459712,3166.58704069327,CASH,no_eligible_candidates,0.0,13649.799404137371,True
2023-09-13 00:00:00+00:00,7271.245214392472,0.0,False,0.0,,0,3232.705071962635,0.020879903321682658,True,112.0,QQQ_USDT_LONG,leveraged_contract,,,,False,False,10.0,5111.993829459712,3232.7050719626386,QQQ_PROXY,best_route_score,0.020879903321682658,13920.871090160066,True
2023-09-14 00:00:00+00:00,7271.245214392472,0.0,True,105.1,BULL,1,3200.378021243009,-0.009999999999999898,True,112.0,QQQ_USDT_LONG,leveraged_contract,,,,False,False,10.0,5111.993829459712,3200.3780212430124,QQQ_PROXY,hold_current_hysteresis,-0.009999999999999898,13781.662379258467,False
2023-09-15 00:00:00+00:00,7054.467580815789,-0.02981299999999998,True,105.1,BULL,1,3200.378021243009,0.0,False,0.0,CASH,leveraged_contract,,,,False,False,0.0,4959.58995742203,3200.3780212430124,BTC,best_route_score,-0.02981299999999998,13357.418889066888,True
2023-09-18 00:00:00+00:00,6843.299148251649,-0.029934000000000016,True,113.4,BULL,1,3234.8014992491308,0.010756066245184437,True,112.0,QQQ_USDT_LONG,leveraged_contract,,,,False,False,10.0,4811.129591636559,3234.8014992491344,BTC,hold_current_hysteresis,-0.029934000000000016,12957.57791204156,False
2023-09-19 00:00:00+00:00,6843.299148251649,0.0,True,119.8,BULL,1,3132.0378164358904,-0.031768157284795984,True,112.0,QQQ_USDT_LONG,leveraged_contract,,,,False,False,10.0,4811.129591636559,3132.037816435894,BTC,hold_current_hysteresis,0.0,12957.57791204156,False
2023-09-20 00:00:00+00:00,6843.299148251649,0.0,True,119.8,BULL,1,3100.7174382715316,-0.010000000000000009,True,106.0,QQQ_USDT_LONG,leveraged_contract,,,,False,False,10.0,4811.129591636559,3100.7174382715352,BTC,hold_current_hysteresis,0.0,12957.57791204156,False
2023-09-21 00:00:00+00:00,6619.701191881675,-0.03267399999999998,True,119.8,BULL,1,3100.7174382715316,0.0,False,0.0,CASH,leveraged_contract,,,,False,False,0.0,4653.930743359426,3100.7174382715352,BTC,hold_current_no_challenger,-0.03267399999999998,12534.202011343514,False
2023-09-22 00:00:00+00:00,6619.701191881675,0.0,False,0.0,,0,3100.7174382715316,0.0,False,0.0,CASH,leveraged_contract,,,,False,False,0.0,4653.930743359426,3100.7174382715352,CASH,no_eligible_candidates,0.0,12521.66780933217,True
2023-09-25 00:00:00+00:00,6619.701191881675,0.0,False,0.0,,0,3100.7174382715316,0.0,False,0.0,CASH,leveraged_contract,,,,False,False,0.0,4653.930743359426,3100.7174382715352,CASH,no_eligible_candidates,0.0,12521.66780933217,False
2023-09-26 00:00:00+00:00,6619.701191881675,0.0,False,0.0,,0,2589.201733719585,-0.16496688741721877,True,106.0,QQQ_USDT_LONG,leveraged_contract,,,,False,False,10.0,4653.930743359426,2589.201733719588,QQQ_PROXY,best_route_score,-0.16496688741721877,10445.551238308703,True
2023-09-27 00:00:00+00:00,6619.701191881675,0.0,False,0.0,,0,2613.378928564252,0.00933770224614161,True,106.0,QQQ_USDT_LONG,leveraged_contract,,,,False,False,10.0,4653.930743359426,2613.3789285642547,QQQ_PROXY,hold_current_no_challenger,0.00933770224614161,10543.088685568844,False
2023-09-28 00:00:00+00:00,6619.701191881675,0.0,True,106.4,BULL,1,2767.731483322917,0.05906244711457287,True,106.0,QQQ_USDT_LONG,leveraged_contract,,,,False,False,10.0,4653.930743359426,2767.73148332292,QQQ_PROXY,hold_current_hysteresis,0.05906244711457287,11165.789303484506,False
2023-09-29 00:00:00+00:00,6450.9914873053785,-0.02548600000000001,True,106.4,BULL,1,2749.126761222136,-0.006722011225758218,True,106.0,QQQ_USDT_LONG,leveraged_contract,,,,False,False,10.0,4535.320664434167,2749.126761222139,QQQ_PROXY,hold_current_hysteresis,-0.006722011225758218,11090.732742442031,False
2023-10-02 00:00:00+00:00,6758.2701610909,-0.04521700000000006,True,115.2,BULL,1,2785.408253727403,0.01319746074172956,True,106.0,QQQ_USDT_LONG,leveraged_contract,,,,False,False,10.0,4330.247069950447,2785.4082537274066,BTC,best_route_score,-0.04521700000000006,10578.653836947002,True
2023-10-03 00:00:00+00:00,6758.2701610909,0.0,False,0.0,,0,2274.3923627536983,-0.18346175656292707,True,106.0,QQQ_USDT_LONG,leveraged_contract,,,,False,False,10.0,4330.247069950447,2274.3923627537015,QQQ_PROXY,best_route_score,-0.18346175656292707,8629.237546527607,True
2023-10-04 00:00:00+00:00,6758.2701610909,0.0,False,0.0,,0,2599.0019260385643,0.14272364285107253,True,106.0,QQQ_USDT_LONG,leveraged_contract,,,,False,False,10.0,4330.247069950447,2599.001926038568,QQQ_PROXY,hold_current_no_challenger,0.14272364285107253,9860.833764195278,False
2023-10-05 00:00:00+00:00,6758.2701610909,0.0,False,0.0,,0,2527.064175619797,-0.027678990807219583,True,106.0,QQQ_USDT_LONG,leveraged_contract,,,,False,False,10.0,4330.247069950447,2527.0641756198,QQQ_PROXY,hold_current_no_challenger,-0.027678990807219583,9587.895837084598,False
2023-10-06 00:00:00+00:00,6758.2701610909,0.0,False,0.0,,0,2966.4241509484596,0.17386181940587386,True,112.0,QQQ_USDT_LONG,leveraged_contract,,,,False,False,10.0,4330.247069950447,2966.4241509484636,QQQ_PROXY,hold_current_no_challenger,0.17386181940587386,11254.86485159413,False
2023-10-09 00:00:00+00:00,6758.2701610909,0.0,False,0.0,,0,3255.862653733775,0.09757151643090989,True,112.0,QQQ_USDT_LONG,leveraged_contract,,,,False,False,10.0,4330.247069950447,3255.8626537337796,QQQ_PROXY,hold_current_no_challenger,0.09757151643090989,12353.019082389117,False
2023-10-10 00:00:00+00:00,6758.2701610909,0.0,False,0.0,,0,3414.943890886891,0.04885993485342022,True,112.0,QQQ_USDT_LONG,leveraged_contract,,,,False,False,10.0,4330.247069950447,3414.943890886896,QQQ_PROXY,hold_current_no_challenger,0.04885993485342022,12956.586789997706,False
2023-10-11 00:00:00+00:00,6758.2701610909,0.0,False,0.0,,0,3633.374269485718,0.06396309443962744,True,106.0,QQQ_USDT_LONG,leveraged_contract,,,,False,False,10.0,4330.247069950447,3633.3742694857233,QQQ_PROXY,hold_current_no_challenger,0.06396309443962744,13785.330174461558,False
2023-10-12 00:00:00+00:00,6758.2701610909,0.0,False,0.0,,0,3415.2421131154906,-0.06003569690085975,True,106.0,QQQ_USDT_LONG,leveraged_contract,,,,False,False,10.0,4330.247069950447,3415.2421131154956,QQQ_PROXY,hold_current_no_challenger,-0.06003569690085975,12957.718270429308,False
2023-10-13 00:00:00+00:00,6758.2701610909,0.0,False,0.0,,0,2961.1468504247546,-0.1329613677890895,True,112.0,QQQ_USDT_LONG,leveraged_contract,,,,False,False,10.0,4330.247069950447,2961.1468504247587,QQQ_PROXY,hold_current_no_challenger,-0.1329613677890895,11234.842325767351,False
2023-10-16 00:00:00+00:00,7441.828638264277,0.1011439999999999,True,98.1,BULL,1,2931.535381920507,-0.010000000000000009,True,112.0,QQQ_USDT_LONG,leveraged_contract,,,,False,False,10.0,4768.225579593514,2931.5353819205116,QQQ_PROXY,hold_current_hysteresis,-0.010000000000000009,11122.493902509677,False
2023-10-17 00:00:00+00:00,7441.828638264277,0.0,True,110.3,BULL,1,2931.535381920507,0.0,False,0.0,CASH,leveraged_contract,,,,False,False,0.0,4768.225579593514,2931.5353819205116,BTC,best_route_score,0.0,11111.371408607167,True
2023-10-18 00:00:00+00:00,7441.828638264277,0.0,True,110.3,BULL,1,2931.535381920507,0.0,False,0.0,CASH,leveraged_contract,,,,False,False,0.0,4768.225579593514,2931.5353819205116,BTC,hold_current_no_challenger,0.0,11111.371408607167,False
2023-10-19 00:00:00+00:00,7441.828638264277,0.0,True,110.3,BULL,1,2931.535381920507,0.0,False,0.0,CASH,leveraged_contract,,,,False,False,0.0,4768.225579593514,2931.5353819205116,BTC,hold_current_no_challenger,0.0,11111.371408607167,False
2023-10-20 00:00:00+00:00,7916.587538070985,0.06379599999999996,True,110.3,BULL,1,2931.535381920507,0.0,False,0.0,CASH,leveraged_contract,,,,False,False,0.0,5072.419298669262,2931.5353819205116,BTC,hold_current_no_challenger,0.06379599999999996,11820.23245899067,False
2023-10-23 00:00:00+00:00,15704.243708204207,0.715329833308,True,134.35,BULL,1,2931.535381920507,0.0,False,0.0,CASH,leveraged_contract,,,,False,False,0.0,8700.872150054629,2931.5353819205116,BTC,hold_current_no_challenger,0.715329833308,20275.597373542278,False
2023-10-24 00:00:00+00:00,15704.243708204207,0.0,False,0.0,,0,2931.535381920507,0.0,False,0.0,CASH,leveraged_contract,,,,False,False,0.0,8700.872150054629,2931.5353819205116,CASH,no_eligible_candidates,0.0,20255.321776168734,True
2023-10-25 00:00:00+00:00,14070.703981920515,-0.10401899999999997,True,134.25,BULL,1,2931.535381920507,0.0,False,0.0,CASH,leveraged_contract,,,,False,False,0.0,7795.816129878096,2931.5353819205116,BTC,best_route_score,-0.10401899999999997,18130.23507687311,True
2023-10-26 00:00:00+00:00,14070.703981920515,0.0,False,0.0,,0,2931.535381920507,0.0,False,0.0,CASH,leveraged_contract,,,,False,False,0.0,7795.816129878096,2931.5353819205116,CASH,no_eligible_candidates,0.0,18112.104841796234,True
2023-10-27 00:00:00+00:00,14070.703981920515,0.0,False,0.0,,0,2931.535381920507,0.0,False,0.0,CASH,leveraged_contract,,,,False,False,0.0,7795.816129878096,2931.5353819205116,CASH,no_eligible_candidates,0.0,18112.104841796234,False
2023-10-30 00:00:00+00:00,14070.703981920515,0.0,True,121.4,BULL,1,2931.535381920507,0.0,False,0.0,CASH,leveraged_contract,,,,False,False,0.0,7795.816129878096,2931.5353819205116,BTC,best_route_score,0.0,18093.99273695444,True
2023-10-31 00:00:00+00:00,14070.703981920515,0.0,True,121.4,BULL,1,2931.535381920507,0.0,False,0.0,CASH,leveraged_contract,,,,False,False,0.0,7795.816129878096,2931.5353819205116,BTC,hold_current_no_challenger,0.0,18093.99273695444,False
2023-11-01 00:00:00+00:00,14744.254510831068,0.04786899999999994,True,121.4,BULL,1,2931.535381920507,0.0,False,0.0,CASH,leveraged_contract,,,,False,False,0.0,8168.994052199229,2931.5353819205116,BTC,hold_current_no_challenger,0.04786899999999994,18960.134075279708,False
2023-11-02 00:00:00+00:00,12481.306328508716,-0.15347999999999995,True,147.15,BULL,1,2931.535381920507,0.0,False,0.0,CASH,leveraged_contract,,,,False,False,0.0,6915.216845067693,2931.5353819205116,BTC,hold_current_no_challenger,-0.15347999999999995,16050.13269740578,False
2023-11-03 00:00:00+00:00,12481.306328508716,0.0,False,0.0,,0,2931.535381920507,0.0,False,0.0,CASH,leveraged_contract,,,,False,False,0.0,6915.216845067693,2931.5353819205116,CASH,no_eligible_candidates,0.0,16034.082564708373,True
2023-11-06 00:00:00+00:00,12481.306328508716,0.0,True,108.3,BULL,1,2931.535381920507,0.0,False,0.0,CASH,leveraged_contract,,,,False,False,0.0,6915.216845067693,2931.5353819205116,BTC,best_route_score,0.0,16018.048482143664,True
2023-11-07 00:00:00+00:00,12481.306328508716,0.0,True,108.3,BULL,1,3205.9850885516025,0.09361978310877417,True,112.0,QQQ_USDT_LONG,leveraged_contract,,,,False,False,10.0,6915.216845067693,3205.985088551607,BTC,hold_current_hysteresis,0.0,16018.048482143664,False
2023-11-08 00:00:00+00:00,12481.306328508716,0.0,True,108.3,BULL,1,3234.1388638039616,0.008781630130749729,True,106.0,QQQ_USDT_LONG,leveraged_contract,,,,False,False,10.0,6915.216845067693,3234.138863803966,BTC,hold_current_hysteresis,0.0,16018.048482143664,False
2023-11-09 00:00:00+00:00,15324.761246771572,0.227817092492,True,119.7,BULL,1,3023.0050120521687,-0.0652828652828652,True,106.0,QQQ_USDT_LONG,leveraged_contract,,,,False,False,10.0,8490.621440662715,3023.0050120521732,BTC,hold_current_hysteresis,0.227817092492,19667.233714741527,False
2023-11-10 00:00:00+00:00,15324.761246771572,0.0,True,116.2,BULL,1,3699.7491157679424,0.22386469788098884,True,112.0,QQQ_USDT_LONG,leveraged_contract,,,,False,False,10.0,8490.621440662715,3699.7491157679483,BTC,hold_current_hysteresis,0.0,19667.233714741527,False
2023-11-13 00:00:00+00:00,15324.761246771572,0.0,True,116.2,BULL,1,3606.5803594642157,-0.025182452482156448,True,112.0,QQQ_USDT_LONG,leveraged_contract,,,,False,False,10.0,8490.621440662715,3606.5803594642216,BTC,hold_current_hysteresis,0.0,19667.233714741527,False
2023-11-14 00:00:00+00:00,14602.520573972475,-0.047128999999999976,True,116.2,BULL,1,4352.445657482992,0.20680678750482073,True,122.0,QQQ_USDT_LONG,leveraged_contract,,,,False,False,10.0,8090.466942785721,4352.445657482999,BTC,hold_current_hysteresis,-0.047128999999999976,18740.336656999476,False
2023-11-15 00:00:00+00:00,16546.04304976534,0.13309499999999996,True,108.6,BULL,1,4336.700729813581,-0.0036174897766594327,True,106.0,QQQ_USDT_LONG,leveraged_contract,,,,False,False,10.0,9167.267640535785,4336.700729813589,BTC,hold_current_hysteresis,0.13309499999999996,21234.58176436282,False
2023-11-16 00:00:00+00:00,16546.04304976534,0.0,False,0.0,,0,4475.585713824838,0.03202549418650502,True,112.0,QQQ_USDT_LONG,leveraged_contract,,,,False,False,10.0,9167.267640535785,4475.585713824846,QQQ_PROXY,best_route_score,0.03202549418650502,21892.71510947108,True
2023-11-17 00:00:00+00:00,16546.04304976534,0.0,False,0.0,,0,4469.955249496457,-0.001258039659700616,True,112.0,QQQ_USDT_LONG,leveraged_contract,,,,False,False,10.0,9167.267640535785,4469.955249496465,QQQ_PROXY,hold_current_no_challenger,-0.001258039659700616,21865.17320560484,False
2023-11-20 00:00:00+00:00,16546.04304976534,0.0,True,113.35,BULL,1,5008.487133912045,0.12047813777917638,True,112.0,QQQ_USDT_LONG,leveraged_contract,,,,False,False,10.0,9167.267640535785,5008.487133912053,QQQ_PROXY,hold_current_hysteresis,0.12047813777917638,24499.448555635256,False
2023-11-21 00:00:00+00:00,16017.13223763654,-0.03196600000000005,True,113.35,BULL,1,4705.7207788084315,-0.06045066045065939,True,106.0,QQQ_USDT_LONG,leveraged_contract,,,,False,False,10.0,8874.226763138418,4705.72077880844,QQQ_PROXY,hold_current_hysteresis,-0.06045066045065939,23018.44070977015,False
2023-11-22 00:00:00+00:00,16017.13223763654,0.0,False,0.0,,0,4947.383622355254,0.05135511750614663,True,106.0,QQQ_USDT_LONG,leveraged_contract,,,,False,False,10.0,8874.226763138418,4947.383622355263,QQQ_PROXY,hold_current_no_challenger,0.05135511750614663,24200.555437228668,False
2023-11-23 00:00:00+00:00,16017.13223763654,0.0,False,0.0,,0,5026.823114942997,0.0160568693781471,True,112.0,QQQ_USDT_LONG,leveraged_contract,,,,False,False,10.0,8874.226763138418,5026.823114943006,QQQ_PROXY,hold_current_no_challenger,0.0160568693781471,24589.140594762855,False
2023-11-24 00:00:00+00:00,16017.13223763654,0.0,False,0.0,,0,4977.45372023375,-0.009821191949740404,True,112.0,QQQ_USDT_LONG,leveraged_contract,,,,False,False,10.0,8874.226763138418,4977.453720233759,QQQ_PROXY,hold_current_no_challenger,-0.009821191949740404,24347.645925102537,False
2023-11-27 00:00:00+00:00,16017.13223763654,0.0,False,0.0,,0,4979.785735657399,0.0004685157421291386,True,112.0,QQQ_USDT_LONG,leveraged_contract,,,,False,False,10.0,8874.226763138418,4979.785735657408,QQQ_PROXY,hold_current_no_challenger,0.0004685157421291386,24359.053180502233,False
2023-11-28 00:00:00+00:00,16017.13223763654,0.0,False,0.0,,0,5112.795741873701,0.026709985785913215,True,112.0,QQQ_USDT_LONG,leveraged_contract,,,,False,False,10.0,8874.226763138418,5112.7957418737105,QQQ_PROXY,hold_current_no_challenger,0.026709985785913215,25009.68314471175,False
2023-11-29 00:00:00+00:00,16017.13223763654,0.0,False,0.0,,0,5011.689413945889,-0.019775154931333083,True,106.0,QQQ_USDT_LONG,leveraged_contract,,,,False,False,10.0,8874.226763138418,5011.689413945897,QQQ_PROXY,hold_current_no_challenger,-0.019775154931333083,24515.112785741527,False
2023-11-30 00:00:00+00:00,16017.13223763654,0.0,False,0.0,,0,4840.625998217623,-0.03413288446252316,True,112.0,QQQ_USDT_LONG,leveraged_contract,,,,False,False,10.0,8874.226763138418,4840.6259982176325,QQQ_PROXY,hold_current_no_challenger,-0.03413288446252316,23678.341273440088,False
2023-12-01 00:00:00+00:00,16017.13223763654,0.0,True,103.4,BULL,1,5049.208284258026,0.04308994045753689,True,112.0,QQQ_USDT_LONG,leveraged_contract,,,,False,False,10.0,8874.226763138418,5049.208284258035,QQQ_PROXY,hold_current_hysteresis,0.04308994045753689,24698.63958904586,False
2023-12-04 00:00:00+00:00,24139.841152953555,0.43009562352999997,True,147.15,BULL,1,4567.040722473309,-0.0954936961677687,True,112.0,QQQ_USDT_LONG,leveraged_contract,,,,False,False,10.0,12690.99285617705,4567.040722473317,BTC,best_route_score,0.43009562352999997,35286.09496705584,True
2023-12-05 00:00:00+00:00,24139.841152953555,0.0,False,0.0,,0,4698.035539344085,0.02868264699856571,True,112.0,QQQ_USDT_LONG,leveraged_contract,,,,False,False,10.0,12690.99285617705,4698.035539344094,QQQ_PROXY,best_route_score,0.02868264699856571,36261.89537938081,True
2023-12-06 00:00:00+00:00,24139.841152953555,0.0,False,0.0,,0,4456.440014816573,-0.05142479713153514,True,112.0,QQQ_USDT_LONG,leveraged_contract,,,,False,False,10.0,12690.99285617705,4456.440014816581,QQQ_PROXY,hold_current_no_challenger,-0.05142479713153514,34397.1347658912,False
2023-12-07 00:00:00+00:00,24139.841152953555,0.0,False,0.0,,0,5088.364307916337,0.14180024660912505,True,112.0,QQQ_USDT_LONG,leveraged_contract,,,,False,False,10.0,12690.99285617705,5088.364307916345,QQQ_PROXY,hold_current_no_challenger,0.14180024660912505,39274.65695834188,False
2023-12-08 00:00:00+00:00,24139.841152953555,0.0,False,0.0,,0,5344.887122253306,0.05041361011393741,True,112.0,QQQ_USDT_LONG,leveraged_contract,,,,False,False,10.0,12690.99285617705,5344.887122253315,QQQ_PROXY,hold_current_no_challenger,0.05041361011393741,41254.63420159837,False
2023-12-11 00:00:00+00:00,24139.841152953555,0.0,False,0.0,,0,5823.1470772675775,0.08947989809233725,True,122.0,QQQ_USDT_LONG,leveraged_contract,,,,False,False,10.0,12690.99285617705,5823.1470772675875,QQQ_PROXY,hold_current_no_challenger,0.08947989809233725,44946.094665794044,False
2023-12-12 00:00:00+00:00,24139.841152953555,0.0,False,0.0,,0,6263.28950567558,0.07558497536945818,True,122.0,QQQ_USDT_LONG,leveraged_contract,,,,False,False,10.0,12690.99285617705,6263.289505675591,QQQ_PROXY,hold_current_no_challenger,0.07558497536945818,48343.34412406142,False
2023-12-13 00:00:00+00:00,26010.12362596094,0.07747700000000002,True,115.1,BULL,1,6954.304324787375,0.11032777879509181,True,122.0,QQQ_USDT_LONG,leveraged_contract,,,,False,False,10.0,13674.25290969508,6954.304324787387,QQQ_PROXY,hold_current_hysteresis,0.11032777879509181,53676.95790079587,False
2023-12-14 00:00:00+00:00,24490.11801138341,-0.05843900000000002,True,119.7,BULL,1,6891.318143057571,-0.009057150620415122,True,96.0,QQQ_USDT_LONG,leveraged_contract,,,,False,True,7.5,12875.14324390541,6891.318143057582,BTC,best_route_score,-0.05843900000000002,50489.59002787322,True
2023-12-15 00:00:00+00:00,23835.84001859129,-0.026715999999999962,True,87.6,BULL,1,6884.222999304647,-0.0010295771586271707,True,102.0,QQQ_USDT_LONG,leveraged_contract,,,,False,True,7.5,12531.170917001233,6884.222999304658,QQQ_PROXY,best_route_score,-0.0010295771586271707,50387.169492132845,True
2023-12-18 00:00:00+00:00,23835.84001859129,0.0,True,125.8,BULL,1,7373.314807343698,0.07104531740015574,True,122.0,QQQ_USDT_LONG,leveraged_contract,,,,False,False,10.0,12531.170917001233,7373.31480734371,QQQ_PROXY,hold_current_hysteresis,0.07104531740015574,53966.941941596866,False
2023-12-19 00:00:00+00:00,23549.809938368195,-0.01200000000000001,True,125.8,BULL,1,7719.817453902685,0.04699414789856471,True,112.0,QQQ_USDT_LONG,leveraged_contract,,,,False,True,7.5,12380.79686599722,7719.817453902698,BTC,best_route_score,-0.01200000000000001,53266.019299659405,True
2023-12-20 00:00:00+00:00,23760.75217380999,0.008957279739999935,True,122.8,BULL,1,6551.0069811915655,-0.15140390037593932,True,106.0,QQQ_USDT_LONG,leveraged_contract,,,,False,False,10.0,12491.69512693007,6551.006981191576,BTC,hold_current_hysteresis,0.008957279739999935,53743.13793516269,False
2023-12-21 00:00:00+00:00,23760.75217380999,0.0,True,104.0,BULL,1,7199.66016421332,0.09901579785887682,True,112.0,QQQ_USDT_LONG,leveraged_contract,,,,False,False,10.0,12491.69512693007,7199.660164213333,QQQ_PROXY,best_route_score,0.09901579785887682,59005.49305963524,True
2023-12-22 00:00:00+00:00,23760.75217380999,0.0,True,104.0,BULL,1,7276.089677633839,0.01061571125265326,True,102.0,QQQ_USDT_LONG,leveraged_contract,,,,False,True,7.5,12491.69512693007,7276.089677633851,QQQ_PROXY,hold_current_hysteresis,0.01061571125265326,59631.878336276764,False
2023-12-26 00:00:00+00:00,25276.797564296627,0.10257899999999998,True,60.0,BEAR,1,7658.883749801495,0.05260986177016713,True,112.0,QQQ_USDT_LONG,leveraged_contract,,,,False,True,7.5,13773.080721355429,7658.883749801508,QQQ_PROXY,hold_current_hysteresis,0.05260986177016713,62769.103212643706,False
2023-12-27 00:00:00+00:00,25276.797564296627,0.0,False,0.0,,0,7761.95674536647,0.013457965799212879,True,112.0,QQQ_USDT_LONG,leveraged_contract,,,,False,False,10.0,13773.080721355429,7761.956745366485,QQQ_PROXY,hold_current_no_challenger,0.013457965799212879,63613.84765692673,False
2023-12-28 00:00:00+00:00,25276.797564296627,0.0,False,0.0,,0,7596.538738006229,-0.021311379692883214,True,106.0,QQQ_USDT_LONG,leveraged_contract,,,,False,False,10.0,13773.080721355429,7596.538738006244,QQQ_PROXY,hold_current_no_challenger,-0.021311379692883214,62258.148795784735,False
2023-12-29 00:00:00+00:00,25276.797564296627,0.0,False,0.0,,0,7299.838010537682,-0.03905735726510873,True,112.0,QQQ_USDT_LONG,leveraged_contract,,,,False,False,10.0,13773.080721355429,7299.8380105376955,QQQ_PROXY,hold_current_no_challenger,-0.03905735726510873,59826.510035603475,False
2024-01-02 00:00:00+00:00,25276.797564296627,0.0,False,0.0,,0,6017.3586844017345,-0.17568599800223295,True,112.0,QQQ_USDT_LONG,leveraged_contract,,,,False,False,10.0,13773.080721355429,6017.358684401745,QQQ_PROXY,hold_current_no_challenger,-0.17568599800223295,49315.829913007874,False
2024-01-03 00:00:00+00:00,25276.797564296627,0.0,False,0.0,,0,5302.7934082729535,-0.1187506535020233,True,106.0,QQQ_USDT_LONG,leveraged_contract,,,,False,False,10.0,13773.080721355429,5302.7934082729635,QQQ_PROXY,hold_current_no_challenger,-0.1187506535020233,43459.54288284356,False
2024-01-04 00:00:00+00:00,25276.797564296627,0.0,False,0.0,,0,4981.489687157012,-0.060591408410267666,True,106.0,QQQ_USDT_LONG,leveraged_contract,,,,False,False,10.0,13773.080721355429,4981.489687157021,QQQ_PROXY,hold_current_no_challenger,-0.060591408410267666,40826.267970705645,False
2024-01-05 00:00:00+00:00,25276.797564296627,0.0,False,0.0,,0,4852.911852887259,-0.025811121239745827,True,106.0,QQQ_USDT_LONG,leveraged_contract,,,,False,False,10.0,13773.080721355429,4852.911852887267,QQQ_PROXY,hold_current_no_challenger,-0.025811121239745827,39772.49621834741,False
2024-01-08 00:00:00+00:00,25276.797564296627,0.0,True,107.4,BULL,1,4852.911852887259,0.0,True,72.0,QQQ_USDT_LONG,leveraged_contract,,,,False,False,0.0,13773.080721355429,4852.911852887267,BTC,best_route_score,0.0,39732.72372212906,True
2024-01-09 00:00:00+00:00,24388.3181299116,-0.035150000000000015,True,107.4,BULL,1,4852.911852887259,0.0,True,72.0,QQQ_USDT_LONG,leveraged_contract,,,,False,False,0.0,13288.956933999785,4852.911852887267,BTC,hold_current_hysteresis,-0.035150000000000015,38336.118483296224,False
2024-01-10 00:00:00+00:00,24388.3181299116,0.0,False,0.0,,0,4852.911852887259,0.0,True,72.0,QQQ_USDT_LONG,leveraged_contract,,,,False,False,0.0,13288.956933999785,4852.911852887267,QQQ_PROXY,best_route_score,0.0,38297.78236481293,True
2024-01-11 00:00:00+00:00,24388.3181299116,0.0,False,0.0,,0,4852.911852887259,0.0,True,72.0,QQQ_USDT_LONG,leveraged_contract,,,,False,False,0.0,13288.956933999785,4852.911852887267,QQQ_PROXY,hold_current_no_challenger,0.0,38297.78236481293,False
2024-01-12 00:00:00+00:00,24388.3181299116,0.0,False,0.0,,0,4852.911852887259,0.0,True,72.0,QQQ_USDT_LONG,leveraged_contract,,,,False,False,0.0,13288.956933999785,4852.911852887267,QQQ_PROXY,hold_current_no_challenger,0.0,38297.78236481293,False
2024-01-16 00:00:00+00:00,24388.3181299116,0.0,True,80.7,BULL,1,4852.911852887259,0.0,True,72.0,QQQ_USDT_LONG,leveraged_contract,,,,False,False,0.0,13288.956933999785,4852.911852887267,BTC,best_route_score,0.0,38259.484582448116,True
2024-01-17 00:00:00+00:00,23649.035042439587,-0.030313000000000145,True,80.7,BULL,1,4852.911852887259,0.0,True,72.0,QQQ_USDT_LONG,leveraged_contract,,,,False,False,0.0,12886.128782459447,4852.911852887267,BTC,hold_current_hysteresis,-0.030313000000000145,37099.724826300364,False
2024-01-18 00:00:00+00:00,23649.035042439587,0.0,False,0.0,,0,4852.911852887259,0.0,True,72.0,QQQ_USDT_LONG,leveraged_contract,,,,False,False,0.0,12886.128782459447,4852.911852887267,QQQ_PROXY,best_route_score,0.0,37062.62510147406,True
2024-01-19 00:00:00+00:00,25831.88827492685,0.0923020000000001,True,60.0,BEAR,1,4852.911852887259,0.0,True,82.0,QQQ_USDT_LONG,leveraged_contract,,,,False,False,0.0,14075.54424133802,4852.911852887267,QQQ_PROXY,hold_current_hysteresis,0.0,37062.62510147406,False
2024-01-22 00:00:00+00:00,25831.88827492685,0.0,False,0.0,,0,4852.911852887259,0.0,True,66.0,QQQ_USDT_LONG,leveraged_contract,,,,False,False,0.0,14075.54424133802,4852.911852887267,QQQ_PROXY,hold_current_no_challenger,0.0,37062.62510147406,False
2024-01-23 00:00:00+00:00,25831.88827492685,0.0,False,0.0,,0,4852.911852887259,0.0,True,72.0,QQQ_USDT_LONG,leveraged_contract,,,,False,False,0.0,14075.54424133802,4852.911852887267,QQQ_PROXY,hold_current_no_challenger,0.0,37062.62510147406,False
2024-01-24 00:00:00+00:00,25831.88827492685,0.0,False,0.0,,0,4852.911852887259,0.0,True,72.0,QQQ_USDT_LONG,leveraged_contract,,,,False,False,0.0,14075.54424133802,4852.911852887267,QQQ_PROXY,hold_current_no_challenger,0.0,37062.62510147406,False
2024-01-25 00:00:00+00:00,25831.88827492685,0.0,False,0.0,,0,4852.911852887259,0.0,True,72.0,QQQ_USDT_LONG,leveraged_contract,,,,False,False,0.0,14075.54424133802,4852.911852887267,QQQ_PROXY,hold_current_no_challenger,0.0,37062.62510147406,False
2024-01-26 00:00:00+00:00,25831.88827492685,0.0,False,0.0,,0,4852.911852887259,0.0,True,72.0,QQQ_USDT_LONG,leveraged_contract,,,,False,False,0.0,14075.54424133802,4852.911852887267,QQQ_PROXY,hold_current_no_challenger,0.0,37062.62510147406,False
2024-01-29 00:00:00+00:00,25079.741184025806,0.0,True,115.3,BULL,1,4852.911852887259,0.0,True,72.0,QQQ_USDT_LONG,leveraged_contract,,,,False,False,0.0,14075.54424133802,4852.911852887267,BTC,best_route_score,0.0,37025.56247637259,True
2024-01-30 00:00:00+00:00,35612.25022462574,0.419960834656,True,114.7,BULL,1,4852.911852887259,0.0,True,72.0,QQQ_USDT_LONG,leveraged_contract,,,,False,False,0.0,19986.72154916779,4852.911852887267,BTC,hold_current_hysteresis,0.419960834656,52574.84859755789,False
2024-01-31 00:00:00+00:00,35612.25022462574,0.0,False,0.0,,0,4852.911852887259,0.0,True,72.0,QQQ_USDT_LONG,leveraged_contract,,,,False,False,0.0,19986.72154916779,4852.911852887267,QQQ_PROXY,best_route_score,0.0,52522.27374896033,True
2024-02-01 00:00:00+00:00,35612.25022462574,0.0,False,0.0,,0,4852.911852887259,0.0,True,72.0,QQQ_USDT_LONG,leveraged_contract,,,,False,False,0.0,19986.72154916779,4852.911852887267,QQQ_PROXY,hold_current_no_challenger,0.0,52522.27374896033,False
2024-02-02 00:00:00+00:00,34174.40562180648,-0.04037499999999994,True,113.2,BULL,1,4852.911852887259,0.0,True,72.0,QQQ_USDT_LONG,leveraged_contract,,,,False,False,0.0,19179.757666620142,4852.911852887267,BTC,best_route_score,-0.04037499999999994,50351.285259399716,True
2024-02-05 00:00:00+00:00,34013.06825286593,0.0,True,113.2,BULL,1,4852.911852887259,0.0,True,72.0,QQQ_USDT_LONG,leveraged_contract,,,,False,True,0.0,19179.757666620142,4852.911852887267,BTC,hold_current_hysteresis,0.0,50351.285259399716,False
2024-02-06 00:00:00+00:00,34966.99876508581,0.028046000000000015,True,113.2,BULL,1,4852.911852887259,0.0,True,72.0,QQQ_USDT_LONG,leveraged_contract,,,,False,True,0.0,19717.67315013817,4852.911852887267,BTC,hold_current_hysteresis,0.028046000000000015,51763.43740578484,False
2024-02-07 00:00:00+00:00,34966.99876508581,0.0,True,114.4,BULL,1,4852.911852887259,0.0,True,72.0,QQQ_USDT_LONG,leveraged_contract,,,,False,False,0.0,19717.67315013817,4852.911852887267,BTC,hold_current_hysteresis,0.0,51763.43740578484,False
2024-02-08 00:00:00+00:00,37101.52423770171,0.0610440000000001,True,114.4,BULL,1,4852.911852887259,0.0,True,66.0,QQQ_USDT_LONG,leveraged_contract,,,,False,False,0.0,20921.318789915204,4852.911852887267,BTC,hold_current_hysteresis,0.0610440000000001,54923.28467878357,False
2024-02-09 00:00:00+00:00,47820.84562233575,0.28891862544400015,True,149.65,BULL,1,4852.911852887259,0.0,True,82.0,QQQ_USDT_LONG,leveraged_contract,,,,False,False,0.0,26965.87745717324,4852.911852887267,BTC,hold_current_hysteresis,0.28891862544400015,70791.64459304724,False
2024-02-12 00:00:00+00:00,47820.84562233575,0.0,False,0.0,,0,4852.911852887259,0.0,True,66.0,QQQ_USDT_LONG,leveraged_contract,,,,False,False,0.0,26965.87745717324,4852.911852887267,QQQ_PROXY,best_route_score,0.0,70720.8529484542,True
2024-02-13 00:00:00+00:00,47820.84562233575,0.0,False,0.0,,0,4852.911852887259,0.0,True,72.0,QQQ_USDT_LONG,leveraged_contract,,,,False,False,0.0,26965.87745717324,4852.911852887267,QQQ_PROXY,hold_current_no_challenger,0.0,70720.8529484542,False
2024-02-14 00:00:00+00:00,47820.84562233575,0.0,True,143.65,BULL,1,4852.911852887259,0.0,True,72.0,QQQ_USDT_LONG,leveraged_contract,,,,False,False,0.0,26965.87745717324,4852.911852887267,BTC,best_route_score,0.0,70650.13209550575,True
2024-02-15 00:00:00+00:00,47820.84562233575,0.0,True,143.65,BULL,1,4852.911852887259,0.0,True,72.0,QQQ_USDT_LONG,leveraged_contract,,,,False,True,0.0,26965.87745717324,4852.911852887267,BTC,hold_current_hysteresis,0.0,70650.13209550575,False
2024-02-16 00:00:00+00:00,47820.84562233575,0.0,True,143.65,BULL,1,4852.911852887259,0.0,True,72.0,QQQ_USDT_LONG,leveraged_contract,,,,False,True,0.0,26965.87745717324,4852.911852887267,BTC,hold_current_hysteresis,0.0,70650.13209550575,False
2024-02-20 00:00:00+00:00,41645.59636458667,0.0,False,0.0,,0,4852.911852887259,0.0,True,66.0,QQQ_USDT_LONG,leveraged_contract,,,,False,False,0.0,26965.87745717324,4852.911852887267,QQQ_PROXY,best_route_score,0.0,70579.48196341025,True
2024-02-21 00:00:00+00:00,41645.59636458667,0.0,False,0.0,,0,4852.911852887259,0.0,True,66.0,QQQ_USDT_LONG,leveraged_contract,,,,False,True,0.0,26965.87745717324,4852.911852887267,QQQ_PROXY,hold_current_no_challenger,0.0,70579.48196341025,False
2024-02-22 00:00:00+00:00,41645.59636458667,0.0,False,0.0,,0,4852.911852887259,0.0,True,72.0,QQQ_USDT_LONG,leveraged_contract,,,,False,False,0.0,26965.87745717324,4852.911852887267,QQQ_PROXY,hold_current_no_challenger,0.0,70579.48196341025,False
2024-02-23 00:00:00+00:00,41645.59636458667,0.0,False,0.0,,0,4852.911852887259,0.0,True,66.0,QQQ_USDT_LONG,leveraged_contract,,,,False,False,0.0,26965.87745717324,4852.911852887267,QQQ_PROXY,hold_current_no_challenger,0.0,70579.48196341025,False
2024-02-26 00:00:00+00:00,41645.59636458667,0.0,False,0.0,,0,4852.911852887259,0.0,True,72.0,QQQ_USDT_LONG,leveraged_contract,,,,False,False,0.0,26965.87745717324,4852.911852887267,QQQ_PROXY,hold_current_no_challenger,0.0,70579.48196341025,False
2024-02-27 00:00:00+00:00,52344.80817220901,0.2569110000000001,True,134.95,BULL,1,4852.911852887259,0.0,True,72.0,QQQ_USDT_LONG,leveraged_contract,,,,False,False,0.0,33893.708000573075,4852.911852887267,BTC,best_route_score,0.2569110000000001,88623.41512685783,True
2024-02-28 00:00:00+00:00,69689.62677372768,0.33135700000000035,True,143.75,BULL,1,4852.911852887259,0.0,True,72.0,QQQ_USDT_LONG,leveraged_contract,,,,False,False,0.0,45124.62540251898,4852.911852887267,BTC,hold_current_hysteresis,0.33135700000000035,117989.40409304808,False
2024-02-29 00:00:00+00:00,61057.31208451958,-0.12386799999999998,True,136.65,BULL,1,4852.911852887259,0.0,True,72.0,QQQ_USDT_LONG,leveraged_contract,,,,False,False,0.0,39535.128303159756,4852.911852887267,BTC,hold_current_hysteresis,-0.12386799999999998,103374.29258685041,False
2024-03-01 00:00:00+00:00,61057.31208451958,0.0,False,0.0,,0,4852.911852887259,0.0,True,82.0,QQQ_USDT_LONG,leveraged_contract,,,,False,False,0.0,39535.128303159756,4852.911852887267,QQQ_PROXY,best_route_score,0.0,103270.91829426355,True
2024-03-04 00:00:00+00:00,95337.28238812566,0.5614392303439999,True,133.75,BULL,1,4852.911852887259,0.0,True,66.0,QQQ_USDT_LONG,leveraged_contract,,,,False,False,0.0,61731.700309237065,4852.911852887267,BTC,best_route_score,0.5614392303439999,161090.01191513467,True
2024-03-05 00:00:00+00:00,95337.28238812566,0.0,False,0.0,,0,4852.911852887259,0.0,True,72.0,QQQ_USDT_LONG,leveraged_contract,,,,False,False,0.0,61731.700309237065,4852.911852887267,QQQ_PROXY,best_route_score,0.0,160928.92190321954,True
2024-03-06 00:00:00+00:00,95337.28238812566,0.0,False,0.0,,0,4852.911852887259,0.0,True,72.0,QQQ_USDT_LONG,leveraged_contract,,,,False,False,0.0,61731.700309237065,4852.911852887267,QQQ_PROXY,hold_current_no_challenger,0.0,160928.92190321954,False
2024-03-07 00:00:00+00:00,95337.28238812566,0.0,False,0.0,,0,4852.911852887259,0.0,True,72.0,QQQ_USDT_LONG,leveraged_contract,,,,False,False,0.0,61731.700309237065,4852.911852887267,QQQ_PROXY,hold_current_no_challenger,0.0,160928.92190321954,False
2024-03-08 00:00:00+00:00,95337.28238812566,0.0,False,0.0,,0,4852.911852887259,0.0,True,66.0,QQQ_USDT_LONG,leveraged_contract,,,,False,False,0.0,61731.700309237065,4852.911852887267,QQQ_PROXY,hold_current_no_challenger,0.0,160928.92190321954,False
2024-03-11 00:00:00+00:00,95337.28238812566,0.0,False,0.0,,0,4852.911852887259,0.0,True,72.0,QQQ_USDT_LONG,leveraged_contract,,,,False,False,0.0,61731.700309237065,4852.911852887267,QQQ_PROXY,hold_current_no_challenger,0.0,160928.92190321954,False
2024-03-12 00:00:00+00:00,95337.28238812566,0.0,False,0.0,,0,4852.911852887259,0.0,True,72.0,QQQ_USDT_LONG,leveraged_contract,,,,False,False,0.0,61731.700309237065,4852.911852887267,QQQ_PROXY,hold_current_no_challenger,0.0,160928.92190321954,False
2024-03-13 00:00:00+00:00,95337.28238812566,0.0,True,116.6,BULL,1,4852.911852887259,0.0,True,72.0,QQQ_USDT_LONG,leveraged_contract,,,,False,False,0.0,61731.700309237065,4852.911852887267,BTC,best_route_score,0.0,160767.99298131632,True
2024-03-14 00:00:00+00:00,86425.725254178,-0.09347400000000006,True,116.6,BULL,1,4852.911852887259,0.0,True,72.0,QQQ_USDT_LONG,leveraged_contract,,,,False,False,0.0,55961.391354531435,4852.911852887267,BTC,hold_current_hysteresis,-0.09347400000000006,145740.36560538074,False
2024-03-15 00:00:00+00:00,86425.725254178,0.0,False,0.0,,0,4852.911852887259,0.0,True,66.0,QQQ_USDT_LONG,leveraged_contract,,,,False,False,0.0,55961.391354531435,4852.911852887267,QQQ_PROXY,best_route_score,0.0,145594.62523977534,True
2024-03-18 00:00:00+00:00,96538.9179205209,0.0,False,0.0,,0,4852.911852887259,0.0,True,72.0,QQQ_USDT_LONG,leveraged_contract,,,,False,False,0.0,55961.391354531435,4852.911852887267,QQQ_PROXY,hold_current_no_challenger,0.0,145594.62523977534,False
2024-03-19 00:00:00+00:00,96538.9179205209,0.0,False,0.0,,0,4852.911852887259,0.0,False,0.0,CASH,leveraged_contract,,,,False,False,0.0,55961.391354531435,4852.911852887267,CASH,no_eligible_candidates,0.0,145449.03061453556,True
2024-03-20 00:00:00+00:00,96538.9179205209,0.0,False,0.0,,0,4852.911852887259,0.0,False,0.0,CASH,leveraged_contract,,,,False,False,0.0,55961.391354531435,4852.911852887267,CASH,no_eligible_candidates,0.0,145449.03061453556,False
2024-03-21 00:00:00+00:00,96538.9179205209,0.0,False,0.0,,0,4852.911852887259,0.0,False,0.0,CASH,leveraged_contract,,,,False,False,0.0,55961.391354531435,4852.911852887267,CASH,no_eligible_candidates,0.0,145449.03061453556,False
2024-03-22 00:00:00+00:00,96538.9179205209,0.0,False,0.0,,0,4852.911852887259,0.0,False,0.0,CASH,leveraged_contract,,,,False,False,0.0,55961.391354531435,4852.911852887267,CASH,no_eligible_candidates,0.0,145449.03061453556,False
2024-03-25 00:00:00+00:00,93596.50824122134,0.0,False,0.0,,0,4852.911852887259,0.0,False,0.0,CASH,leveraged_contract,,,,False,False,0.0,55961.391354531435,4852.911852887267,CASH,no_eligible_candidates,0.0,145449.03061453556,False
2024-03-26 00:00:00+00:00,93596.50824122134,0.0,False,0.0,,0,4852.911852887259,0.0,False,0.0,CASH,leveraged_contract,,,,False,False,0.0,55961.391354531435,4852.911852887267,CASH,no_eligible_candidates,0.0,145449.03061453556,False
2024-03-27 00:00:00+00:00,93596.50824122134,0.0,True,109.1,BULL,1,4852.911852887259,0.0,False,0.0,CASH,leveraged_contract,,,,False,False,0.0,55961.391354531435,4852.911852887267,BTC,best_route_score,0.0,145303.581583921,True
2024-03-28 00:00:00+00:00,97534.20693943776,0.04207099999999997,True,109.1,BULL,1,4852.911852887259,0.0,False,0.0,CASH,leveraged_contract,,,,False,False,0.0,58315.74305020793,4852.911852887267,BTC,hold_current_no_challenger,0.04207099999999997,151416.64856473813,False
2024-04-01 00:00:00+00:00,94516.88871355932,-0.030935999999999853,True,116.8,BULL,1,4852.911852887259,0.0,False,0.0,CASH,leveraged_contract,,,,False,False,0.0,56511.6872232067,4852.911852887267,BTC,hold_current_no_challenger,-0.030935999999999853,146732.4231247394,False
2024-04-02 00:00:00+00:00,94516.88871355932,0.0,False,0.0,,0,4852.911852887259,0.0,False,0.0,CASH,leveraged_contract,,,,False,False,0.0,56511.6872232067,4852.911852887267,CASH,no_eligible_candidates,0.0,146585.69070161466,True
2024-04-03 00:00:00+00:00,94516.88871355932,0.0,False,0.0,,0,4852.911852887259,0.0,False,0.0,CASH,leveraged_contract,,,,False,False,0.0,56511.6872232067,4852.911852887267,CASH,no_eligible_candidates,0.0,146585.69070161466,False
2024-04-04 00:00:00+00:00,94516.88871355932,0.0,False,0.0,,0,4852.911852887259,0.0,False,0.0,CASH,leveraged_contract,,,,False,False,0.0,56511.6872232067,4852.911852887267,CASH,no_eligible_candidates,0.0,146585.69070161466,False
2024-04-05 00:00:00+00:00,94516.88871355932,0.0,False,0.0,,0,4852.911852887259,0.0,False,0.0,CASH,leveraged_contract,,,,False,False,0.0,56511.6872232067,4852.911852887267,CASH,no_eligible_candidates,0.0,146585.69070161466,False
2024-04-08 00:00:00+00:00,100874.37819909948,0.06726300000000007,True,101.7,BULL,1,4852.911852887259,0.0,False,0.0,CASH,leveraged_contract,,,,False,False,0.0,60312.83284090127,4852.911852887267,BTC,best_route_score,0.06726300000000007,156289.0385312621,True
2024-04-09 00:00:00+00:00,100874.37819909948,0.0,False,0.0,,0,4852.911852887259,0.0,False,0.0,CASH,leveraged_contract,,,,False,False,0.0,60312.83284090127,4852.911852887267,CASH,no_eligible_candidates,0.0,156132.74949273086,True
2024-04-10 00:00:00+00:00,100874.37819909948,0.0,False,0.0,,0,4852.911852887259,0.0,False,0.0,CASH,leveraged_contract,,,,False,False,0.0,60312.83284090127,4852.911852887267,CASH,no_eligible_candidates,0.0,156132.74949273086,False
2024-04-11 00:00:00+00:00,100874.37819909948,0.0,False,0.0,,0,4852.911852887259,0.0,False,0.0,CASH,leveraged_contract,,,,False,False,0.0,60312.83284090127,4852.911852887267,CASH,no_eligible_candidates,0.0,156132.74949273086,False
2024-04-12 00:00:00+00:00,100874.37819909948,0.0,False,0.0,,0,4852.911852887259,0.0,False,0.0,CASH,leveraged_contract,,,,False,False,0.0,60312.83284090127,4852.911852887267,CASH,no_eligible_candidates,0.0,156132.74949273086,False
2024-04-15 00:00:00+00:00,100874.37819909948,0.0,False,0.0,,0,4852.911852887259,0.0,False,0.0,CASH,leveraged_contract,,,,False,False,0.0,60312.83284090127,4852.911852887267,CASH,no_eligible_candidates,0.0,156132.74949273086,False
2024-04-16 00:00:00+00:00,100874.37819909948,0.0,False,0.0,,0,4852.911852887259,0.0,False,0.0,CASH,leveraged_contract,,,,False,False,0.0,60312.83284090127,4852.911852887267,CASH,no_eligible_candidates,0.0,156132.74949273086,False
2024-04-17 00:00:00+00:00,100874.37819909948,0.0,False,0.0,,0,4852.911852887259,0.0,False,0.0,CASH,leveraged_contract,,,,False,False,0.0,60312.83284090127,4852.911852887267,CASH,no_eligible_candidates,0.0,156132.74949273086,False
2024-04-18 00:00:00+00:00,100874.37819909948,0.0,False,0.0,,0,4471.3067797133535,-0.07863424779637562,True,106.0,QQQ_USDT_LONG,leveraged_contract,,,,False,False,10.0,60312.83284090127,4471.306779713362,QQQ_PROXY,best_route_score,-0.07863424779637562,143711.51281181,True
2024-04-19 00:00:00+00:00,100874.37819909948,0.0,False,0.0,,0,3578.6140124902277,-0.19964918785562613,True,106.0,QQQ_USDT_LONG,leveraged_contract,,,,False,False,10.0,60312.83284090127,3578.614012490234,QQQ_PROXY,hold_current_no_challenger,-0.19964918785562613,115019.62599342874,False
2024-04-22 00:00:00+00:00,100874.37819909948,0.0,True,112.2,BULL,1,3831.5104215977667,0.07066881430209282,True,106.0,QQQ_USDT_LONG,leveraged_contract,,,,False,False,10.0,60312.83284090127,3831.510421597774,QQQ_PROXY,hold_current_hysteresis,0.07066881430209282,123147.92658385453,False
2024-04-23 00:00:00+00:00,100420.44349720354,-0.0044999999999999485,True,112.2,BULL,1,4393.466019457778,0.14666685876471464,True,106.0,QQQ_USDT_LONG,leveraged_contract,,,,False,False,10.0,60041.425093117214,4393.466019457786,QQQ_PROXY,hold_current_hysteresis,0.14666685876471464,141209.64613929615,False
2024-04-24 00:00:00+00:00,100420.44349720354,0.0,False,0.0,,0,4349.983576668211,-0.009897070467141944,True,106.0,QQQ_USDT_LONG,leveraged_contract,,,,False,False,10.0,60041.425093117214,4349.983576668219,QQQ_PROXY,hold_current_no_challenger,-0.009897070467141944,139812.08432081537,False
2024-04-25 00:00:00+00:00,100420.44349720354,0.0,False,0.0,,0,4642.890780254751,0.06733524355300835,True,106.0,QQQ_USDT_LONG,leveraged_contract,,,,False,False,10.0,60041.425093117214,4642.89078025476,QQQ_PROXY,hold_current_no_challenger,0.06733524355300835,149226.3650702112,False
2024-04-26 00:00:00+00:00,100420.44349720354,0.0,False,0.0,,0,4740.659176509054,0.021057655861751456,True,106.0,QQQ_USDT_LONG,leveraged_contract,,,,False,False,10.0,60041.425093117214,4740.659176509063,QQQ_PROXY,hold_current_no_challenger,0.021057655861751456,152368.7225113598,False
2024-04-29 00:00:00+00:00,100420.44349720354,0.0,False,0.0,,0,4845.4779047152215,0.022110580892540366,True,112.0,QQQ_USDT_LONG,leveraged_contract,,,,False,False,10.0,60041.425093117214,4845.477904715231,QQQ_PROXY,hold_current_no_challenger,0.022110580892540366,155737.68347594026,False
2024-04-30 00:00:00+00:00,100420.44349720354,0.0,False,0.0,,0,3906.45276175551,-0.19379412339202484,True,106.0,QQQ_USDT_LONG,leveraged_contract,,,,False,False,10.0,60041.425093117214,3906.4527617555173,QQQ_PROXY,hold_current_no_challenger,-0.19379412339202484,125556.63562761577,False
2024-05-01 00:00:00+00:00,100420.44349720354,0.0,False,0.0,,0,3852.204240940868,-0.01388690050107333,True,106.0,QQQ_USDT_LONG,leveraged_contract,,,,False,False,10.0,60041.425093117214,3852.204240940875,QQQ_PROXY,hold_current_no_challenger,-0.01388690050107333,123813.04312140556,False
2024-05-02 00:00:00+00:00,100420.44349720354,0.0,False,0.0,,0,4210.7255654751725,0.09306913707325615,True,106.0,QQQ_USDT_LONG,leveraged_contract,,,,False,False,10.0,60041.425093117214,4210.725565475181,QQQ_PROXY,hold_current_no_challenger,0.09306913707325615,135336.21620312863,False
2024-05-03 00:00:00+00:00,100420.44349720354,0.0,False,0.0,,0,4819.402239634059,0.14455386956337968,True,112.0,QQQ_USDT_LONG,leveraged_contract,,,,False,False,10.0,60041.425093117214,4819.402239634068,QQQ_PROXY,hold_current_no_challenger,0.14455386956337968,154899.58994735705,False
2024-05-06 00:00:00+00:00,100420.44349720354,0.0,False,0.0,,0,5214.621262471487,0.08200581798033069,True,112.0,QQQ_USDT_LONG,leveraged_contract,,,,False,False,10.0,60041.425093117214,5214.621262471498,QQQ_PROXY,hold_current_no_challenger,0.08200581798033069,167602.25752580786,False
2024-05-07 00:00:00+00:00,100420.44349720354,0.0,False,0.0,,0,5243.289567056393,0.005497677231369735,True,106.0,QQQ_USDT_LONG,leveraged_contract,,,,False,False,10.0,60041.425093117214,5243.289567056404,QQQ_PROXY,hold_current_no_challenger,0.005497677231369735,168523.68064093366,False
2024-05-08 00:00:00+00:00,100420.44349720354,0.0,False,0.0,,0,5221.675479031263,-0.0041222381004724085,True,112.0,QQQ_USDT_LONG,leveraged_contract,,,,False,False,10.0,60041.425093117214,5221.675479031275,QQQ_PROXY,hold_current_no_challenger,-0.0041222381004724085,167828.98590376377,False
2024-05-09 00:00:00+00:00,100420.44349720354,0.0,False,0.0,,0,5376.220339236883,0.029596795286537247,True,112.0,QQQ_USDT_LONG,leveraged_contract,,,,False,False,10.0,60041.425093117214,5376.220339236896,QQQ_PROXY,hold_current_no_challenger,0.029596795286537247,172796.18604270462,False
2024-05-10 00:00:00+00:00,100420.44349720354,0.0,False,0.0,,0,5461.763184533634,0.015911335454843467,True,106.0,QQQ_USDT_LONG,leveraged_contract,,,,False,False,10.0,60041.425093117214,5461.7631845336455,QQQ_PROXY,hold_current_no_challenger,0.015911335454843467,175545.60412414762,False
2024-05-13 00:00:00+00:00,100420.44349720354,0.0,False,0.0,,0,5633.959359065199,0.031527579778483084,True,112.0,QQQ_USDT_LONG,leveraged_contract,,,,False,False,10.0,60041.425093117214,5633.959359065212,QQQ_PROXY,hold_current_no_challenger,0.031527579778483084,181080.1321629337,False
2024-05-14 00:00:00+00:00,100420.44349720354,0.0,False,0.0,,0,6043.8251258060845,0.07274915217153621,True,112.0,QQQ_USDT_LONG,leveraged_contract,,,,False,False,10.0,60041.425093117214,6043.825125806098,QQQ_PROXY,hold_current_no_challenger,0.07274915217153621,194253.55825289685,False
2024-05-15 00:00:00+00:00,100420.44349720354,0.0,True,120.5,BULL,1,6969.6164513142085,0.15317970097366906,True,122.0,QQQ_USDT_LONG,leveraged_contract,,,,False,False,10.0,60041.425093117214,6969.616451314224,QQQ_PROXY,hold_current_hysteresis,0.15317970097366906,224009.2602191468,False
2024-05-16 00:00:00+00:00,97605.15636375944,-0.028035000000000032,True,120.5,BULL,1,6808.362570090052,-0.023136693726345636,True,106.0,QQQ_USDT_LONG,leveraged_contract,,,,False,False,10.0,58358.163740631666,6808.362570090067,BTC,best_route_score,-0.028035000000000032,217511.4314482941,True
2024-05-17 00:00:00+00:00,111750.87646524636,0.14492799999999995,True,119.3,BULL,1,6783.710468733914,-0.0036208561313166854,True,112.0,QQQ_USDT_LONG,leveraged_contract,,,,False,False,10.0,66815.89569523394,6783.710468733929,BTC,hold_current_hysteresis,0.14492799999999995,249034.92818523248,False
2024-05-20 00:00:00+00:00,168116.81214772977,0.5535000000000001,True,119.3,BULL,1,7255.168061618257,0.06949848391338165,True,112.0,QQQ_USDT_LONG,leveraged_contract,,,,False,False,10.0,103798.49396254592,7255.168061618273,BTC,hold_current_hysteresis,0.5535000000000001,386875.7609357587,False
2024-05-21 00:00:00+00:00,168116.81214772977,0.0,False,0.0,,0,7461.258800592531,0.02840605995945822,True,112.0,QQQ_USDT_LONG,leveraged_contract,,,,False,False,10.0,103798.49396254592,7461.258800592548,QQQ_PROXY,best_route_score,0.02840605995945822,397467.5116207631,True
2024-05-22 00:00:00+00:00,168116.81214772977,0.0,False,0.0,,0,7415.613872896168,-0.006117590733180078,True,106.0,QQQ_USDT_LONG,leveraged_contract,,,,False,False,10.0,103798.49396254592,7415.613872896184,QQQ_PROXY,hold_current_no_challenger,-0.006117590733180078,395035.9680549318,False
2024-05-23 00:00:00+00:00,168116.81214772977,0.0,False,0.0,,0,6769.812023198014,-0.08708676864346176,True,106.0,QQQ_USDT_LONG,leveraged_contract,,,,False,False,10.0,103798.49396254592,6769.812023198028,QQQ_PROXY,hold_current_no_challenger,-0.08708676864346176,360633.562099086,False
2024-05-24 00:00:00+00:00,168116.81214772977,0.0,False,0.0,,0,7465.489559300568,0.10276172125883054,True,112.0,QQQ_USDT_LONG,leveraged_contract,,,,False,False,10.0,103798.49396254592,7465.489559300583,QQQ_PROXY,hold_current_no_challenger,0.10276172125883054,397692.88768409146,False
2024-05-28 00:00:00+00:00,168116.81214772977,0.0,False,0.0,,0,7725.549130168541,0.034834898475477605,True,112.0,QQQ_USDT_LONG,leveraged_contract,,,,False,False,10.0,103798.49396254592,7725.549130168558,QQQ_PROXY,hold_current_no_challenger,0.034834898475477605,411546.4790509863,False
2024-05-29 00:00:00+00:00,168116.81214772977,0.0,False,0.0,,0,7127.261927417953,-0.07744267658777226,True,112.0,QQQ_USDT_LONG,leveraged_contract,,,,False,False,10.0,103798.49396254592,7127.261927417969,QQQ_PROXY,hold_current_no_challenger,-0.07744267658777226,379675.2181730044,False
2024-05-30 00:00:00+00:00,168116.81214772977,0.0,False,0.0,,0,6570.474281512386,-0.07812083399989178,True,112.0,QQQ_USDT_LONG,leveraged_contract,,,,False,False,10.0,103798.49396254592,6570.474281512401,QQQ_PROXY,hold_current_no_challenger,-0.07812083399989178,350014.6734802384,False
2024-05-31 00:00:00+00:00,168116.81214772977,0.0,False,0.0,,0,6571.357849184689,0.000134475478397178,True,112.0,QQQ_USDT_LONG,leveraged_contract,,,,False,False,10.0,103798.49396254592,6571.357849184704,QQQ_PROXY,hold_current_no_challenger,0.000134475478397178,350061.7418709007,False
2024-06-03 00:00:00+00:00,168116.81214772977,0.0,True,120.4,BULL,1,6769.30894696678,0.030123317330321697,True,112.0,QQQ_USDT_LONG,leveraged_contract,,,,False,False,10.0,103798.49396254592,6769.308946966796,BTC,best_route_score,0.0,349711.6801290298,True
2024-06-04 00:00:00+00:00,168116.81214772977,0.0,True,120.4,BULL,1,6908.957115464161,0.02062960482250631,True,112.0,QQQ_USDT_LONG,leveraged_contract,,,,False,False,10.0,103798.49396254592,6908.957115464177,BTC,hold_current_hysteresis,0.0,349711.6801290298,False
2024-06-05 00:00:00+00:00,177479.23741623684,0.05569000000000002,True,120.4,BULL,1,8250.242280443239,0.19413713858158288,True,122.0,QQQ_USDT_LONG,leveraged_contract,,,,False,False,10.0,109579.0320913201,8250.242280443259,BTC,hold_current_hysteresis,0.05569000000000002,369187.12359541544,False
2024-06-06 00:00:00+00:00,177479.23741623684,0.0,True,120.4,BULL,1,8123.827452028159,-0.01532255952225059,True,106.0,QQQ_USDT_LONG,leveraged_contract,,,,False,False,10.0,109579.0320913201,8123.827452028178,BTC,hold_current_hysteresis,0.0,369187.12359541544,False
2024-06-07 00:00:00+00:00,165395.56353675236,-0.06808499999999995,True,120.4,BULL,1,8011.967154810502,-0.013769408308854647,True,106.0,QQQ_USDT_LONG,leveraged_contract,,,,False,False,10.0,102118.34369138257,8011.96715481052,BTC,hold_current_hysteresis,-0.06808499999999995,344051.0182854216,False
2024-06-10 00:00:00+00:00,165395.56353675236,0.0,False,0.0,,0,8368.873444624,0.04454664914586015,True,112.0,QQQ_USDT_LONG,leveraged_contract,,,,False,False,10.0,102118.34369138257,8368.87344462402,QQQ_PROXY,best_route_score,0.04454664914586015,359017.9609469729,True
2024-06-11 00:00:00+00:00,165395.56353675236,0.0,False,0.0,,0,8960.166234022912,0.07065380941789101,True,112.0,QQQ_USDT_LONG,leveraged_contract,,,,False,False,10.0,102118.34369138257,8960.166234022936,QQQ_PROXY,hold_current_no_challenger,0.07065380941789101,384383.94753732014,False
2024-06-12 00:00:00+00:00,165395.56353675236,0.0,False,0.0,,0,10116.962425395885,0.1291043225270161,True,122.0,QQQ_USDT_LONG,leveraged_contract,,,,False,False,10.0,102118.34369138257,10116.962425395912,QQQ_PROXY,hold_current_no_challenger,0.1291043225270161,434009.5766743859,False
2024-06-13 00:00:00+00:00,165395.56353675236,0.0,False,0.0,,0,10119.543019831503,0.00025507601265184476,True,106.0,QQQ_USDT_LONG,leveraged_contract,,,,False,False,10.0,102118.34369138257,10119.54301983153,QQQ_PROXY,hold_current_no_challenger,0.00025507601265184476,434120.28210665676,False
2024-06-14 00:00:00+00:00,165395.56353675236,0.0,False,0.0,,0,10546.723994384083,0.04221346494752032,True,106.0,QQQ_USDT_LONG,leveraged_contract,,,,False,False,10.0,102118.34369138257,10546.723994384112,QQQ_PROXY,hold_current_no_challenger,0.04221346494752032,452446.00341837376,False
2024-06-17 00:00:00+00:00,165395.56353675236,0.0,False,0.0,,0,11758.29865989788,0.11487687230261612,True,122.0,QQQ_USDT_LONG,leveraged_contract,,,,False,False,10.0,102118.34369138257,11758.298659897913,QQQ_PROXY,hold_current_no_challenger,0.11487687230261612,504421.5851768953,False
2024-06-18 00:00:00+00:00,165395.56353675236,0.0,False,0.0,,0,11762.726063565286,0.00037653437758855546,True,112.0,QQQ_USDT_LONG,leveraged_contract,,,,False,False,10.0,102118.34369138257,11762.726063565318,QQQ_PROXY,hold_current_no_challenger,0.00037653437758855546,504611.51724451216,False
2024-06-20 00:00:00+00:00,165395.56353675236,0.0,False,0.0,,0,10777.101070092853,-0.08379222538603348,True,106.0,QQQ_USDT_LONG,leveraged_contract,,,,False,False,10.0,102118.34369138257,10777.101070092882,QQQ_PROXY,hold_current_no_challenger,-0.08379222538603348,462328.9952591717,False
2024-06-21 00:00:00+00:00,165395.56353675236,0.0,False,0.0,,0,10592.077142953469,-0.017168246445497082,True,112.0,QQQ_USDT_LONG,leveraged_contract,,,,False,False,10.0,102118.34369138257,10592.077142953498,QQQ_PROXY,hold_current_no_challenger,-0.017168246445497082,454391.6171296632,False
2024-06-24 00:00:00+00:00,165395.56353675236,0.0,False,0.0,,0,9194.95333888912,-0.13190272174271367,True,112.0,QQQ_USDT_LONG,leveraged_contract,,,,False,False,10.0,102118.34369138257,9194.953338889145,QQQ_PROXY,hold_current_no_challenger,-0.13190272174271367,394456.12609318754,False
2024-06-25 00:00:00+00:00,165395.56353675236,0.0,False,0.0,,0,10201.436766473018,0.10946041708847831,True,112.0,QQQ_USDT_LONG,leveraged_contract,,,,False,False,10.0,102118.34369138257,10201.436766473045,QQQ_PROXY,hold_current_no_challenger,0.10946041708847831,437633.45817845326,False
2024-06-26 00:00:00+00:00,165395.56353675236,0.0,False,0.0,,0,10403.187506109363,0.019776698543032545,True,112.0,QQQ_USDT_LONG,leveraged_contract,,,,False,False,10.0,102118.34369138257,10403.187506109392,QQQ_PROXY,hold_current_no_challenger,0.019776698543032545,446288.40315319336,False
2024-06-27 00:00:00+00:00,165395.56353675236,0.0,False,0.0,,0,10890.85321944599,0.04687656673017182,True,106.0,QQQ_USDT_LONG,leveraged_contract,,,,False,False,10.0,102118.34369138257,10890.853219446019,QQQ_PROXY,hold_current_no_challenger,0.04687656673017182,467208.87126450584,False
2024-06-28 00:00:00+00:00,165395.56353675236,0.0,False,0.0,,0,10152.609895037105,-0.06778562795160303,True,106.0,QQQ_USDT_LONG,leveraged_contract,,,,False,False,10.0,102118.34369138257,10152.609895037132,QQQ_PROXY,hold_current_no_challenger,-0.06778562795160303,435538.8245412817,False
2024-07-01 00:00:00+00:00,165395.56353675236,0.0,False,0.0,,0,10569.49222422741,0.041061592388582646,True,112.0,QQQ_USDT_LONG,leveraged_contract,,,,False,False,10.0,102118.34369138257,10569.492224227439,QQQ_PROXY,hold_current_no_challenger,0.041061592388582646,453422.7422239982,False
2024-07-02 00:00:00+00:00,165395.56353675236,0.0,False,0.0,,0,11674.119699365867,0.10451093124477895,True,112.0,QQQ_USDT_LONG,leveraged_contract,,,,False,False,10.0,102118.34369138257,11674.119699365898,QQQ_PROXY,hold_current_no_challenger,0.10451093124477895,500810.3752613896,False
2024-07-03 00:00:00+00:00,165395.56353675236,0.0,True,72.5,BEAR,1,12657.48880600184,0.08423496862803193,True,122.0,QQQ_USDT_LONG,leveraged_contract,,,,False,False,10.0,102118.34369138257,12657.488806001875,QQQ_PROXY,hold_current_hysteresis,0.08423496862803193,542996.1215101257,False
2024-07-05 00:00:00+00:00,171543.6474245405,0.0,False,0.0,,0,13906.547412174643,0.09868139133415887,True,122.0,QQQ_USDT_LONG,leveraged_contract,,,,False,False,10.0,102118.34369138257,13906.54741217468,QQQ_PROXY,hold_current_no_challenger,0.09868139133415887,596579.7342697969,False
2024-07-08 00:00:00+00:00,171543.6474245405,0.0,False,0.0,,0,14252.244129587514,0.024858558142923926,True,112.0,QQQ_USDT_LONG,leveraged_contract,,,,False,True,7.5,102118.34369138257,14252.244129587552,QQQ_PROXY,hold_current_no_challenger,0.024858558142923926,611409.8462810328,False
2024-07-09 00:00:00+00:00,171543.6474245405,0.0,False,0.0,,0,14235.015460604414,-0.0012088390309940023,True,106.0,QQQ_USDT_LONG,leveraged_contract,,,,False,False,10.0,102118.34369138257,14235.01546060445,QQQ_PROXY,hold_current_no_challenger,-0.0012088390309940023,610670.7501949142,False
2024-07-10 00:00:00+00:00,171543.6474245405,0.0,False,0.0,,0,15705.930357009816,0.1033307551000684,True,112.0,QQQ_USDT_LONG,leveraged_contract,,,,False,False,10.0,102118.34369138257,15705.930357009856,QQQ_PROXY,hold_current_no_challenger,0.1033307551000684,673771.8199300799,False
2024-07-11 00:00:00+00:00,171543.6474245405,0.0,False,0.0,,0,12295.355879493969,-0.21715201837716358,True,106.0,QQQ_USDT_LONG,leveraged_contract,,,,False,False,10.0,102118.34369138257,12295.355879494,QQQ_PROXY,hold_current_no_challenger,-0.21715201837716358,527460.9093066083,False
2024-07-12 00:00:00+00:00,171543.6474245405,0.0,False,0.0,,0,12569.903168528439,0.02232934871713277,True,92.0,QQQ_USDT_LONG,leveraged_contract,,,,False,True,5.0,102118.34369138257,12569.90316852847,QQQ_PROXY,hold_current_no_challenger,0.02232934871713277,539238.7678851715,False
2024-07-15 00:00:00+00:00,247688.7847306404,0.4438819999999999,True,121.6,BULL,1,12587.081425409637,0.001366618075802517,True,102.0,QQQ_USDT_LONG,leveraged_contract,,,,False,True,7.5,147446.83832580084,12587.081425409668,BTC,best_route_score,0.4438819999999999,777818.5535009255,True
2024-07-16 00:00:00+00:00,247688.7847306404,0.0,True,133.05,BULL,1,12404.023231322806,-0.014543339150669965,True,112.0,QQQ_USDT_LONG,leveraged_contract,,,,False,False,10.0,147446.83832580084,12404.023231322837,BTC,hold_current_hysteresis,0.0,777818.5535009255,False
2024-07-17 00:00:00+00:00,244902.2859024207,-0.011249999999999982,True,133.05,BULL,1,9946.787343638185,-0.19809991015492268,True,96.0,QQQ_USDT_LONG,leveraged_contract,,,,False,True,7.5,145788.06139463562,9946.78734363821,BTC,hold_current_hysteresis,-0.011249999999999982,769068.0947740402,False
2024-07-18 00:00:00+00:00,236211.68338488738,-0.03548600000000013,True,111.5,BULL,1,9946.787343638185,0.0,True,66.0,QQQ_USDT_LONG,leveraged_contract,,,,False,False,0.0,140614.62624798555,9946.78734363821,BTC,hold_current_hysteresis,-0.03548600000000013,741776.9443628885,False
2024-07-19 00:00:00+00:00,283721.17547577317,0.20113099999999995,True,121.6,BULL,1,9946.787343638185,0.0,False,0.0,CASH,leveraged_contract,,,,False,False,0.0,168896.5866398691,9946.78734363821,BTC,hold_current_no_challenger,0.20113099999999995,890971.2829595405,False
2024-07-22 00:00:00+00:00,283721.17547577317,0.0,False,0.0,,0,9946.787343638185,0.0,False,0.0,CASH,leveraged_contract,,,,False,False,0.0,168896.5866398691,9946.78734363821,CASH,no_eligible_candidates,0.0,890080.3116765809,True
2024-07-23 00:00:00+00:00,283721.17547577317,0.0,False,0.0,,0,9946.787343638185,0.0,False,0.0,CASH,leveraged_contract,,,,False,False,0.0,168896.5866398691,9946.78734363821,CASH,no_eligible_candidates,0.0,890080.3116765809,False
2024-07-24 00:00:00+00:00,283721.17547577317,0.0,True,116.3,BULL,1,9946.787343638185,0.0,False,0.0,CASH,leveraged_contract,,,,False,False,0.0,168896.5866398691,9946.78734363821,BTC,best_route_score,0.0,889190.2313649043,True
2024-07-25 00:00:00+00:00,246635.12946580845,-0.13071299999999997,True,116.3,BULL,1,9946.787343638185,0.0,False,0.0,CASH,leveraged_contract,,,,False,False,0.0,146819.60711041192,9946.78734363821,BTC,hold_current_no_challenger,-0.13071299999999997,772961.5086525036,False
2024-07-26 00:00:00+00:00,246635.12946580845,0.0,True,124.4,BULL,1,9946.787343638185,0.0,False,0.0,CASH,leveraged_contract,,,,False,False,0.0,146819.60711041192,9946.78734363821,BTC,hold_current_no_challenger,0.0,772961.5086525036,False
2024-07-29 00:00:00+00:00,274773.01948512363,0.025232313916000004,True,110.3,BULL,1,9946.787343638185,0.0,False,0.0,CASH,leveraged_contract,,,,False,False,0.0,150524.2055260456,9946.78734363821,BTC,hold_current_no_challenger,0.025232313916000004,792465.1160838085,False
2024-07-30 00:00:00+00:00,274773.01948512363,0.0,False,0.0,,0,9946.787343638185,0.0,False,0.0,CASH,leveraged_contract,,,,False,False,0.0,150524.2055260456,9946.78734363821,CASH,no_eligible_candidates,0.0,791672.6509677246,True
2024-07-31 00:00:00+00:00,274773.01948512363,0.0,False,0.0,,0,9946.787343638185,0.0,False,0.0,CASH,leveraged_contract,,,,False,False,0.0,150524.2055260456,9946.78734363821,CASH,no_eligible_candidates,0.0,791672.6509677246,False
2024-08-01 00:00:00+00:00,274773.01948512363,0.0,False,0.0,,0,9946.787343638185,0.0,False,0.0,CASH,leveraged_contract,,,,True,False,0.0,150524.2055260456,9946.78734363821,CASH,no_eligible_candidates,0.0,791672.6509677246,False
2024-08-02 00:00:00+00:00,274773.01948512363,0.0,False,0.0,,0,7768.143663513722,-0.21902988420858227,True,106.0,QQQ_USDT_LONG,leveraged_contract,,,,False,False,10.0,150524.2055260456,7768.143663513741,QQQ_PROXY,best_route_score,-0.21902988420858227,617654.4092132674,True
2024-08-05 00:00:00+00:00,274773.01948512363,0.0,False,0.0,,0,7690.462226878584,-0.010000000000000009,True,106.0,QQQ_USDT_LONG,leveraged_contract,,,,False,False,10.0,150524.2055260456,7690.462226878604,QQQ_PROXY,hold_current_no_challenger,-0.010000000000000009,611477.8651211347,False
2024-08-06 00:00:00+00:00,274773.01948512363,0.0,False,0.0,,0,7690.462226878584,0.0,False,0.0,CASH,leveraged_contract,,,,False,False,0.0,150524.2055260456,7690.462226878604,CASH,no_eligible_candidates,0.0,610866.3872560136,True
2024-08-07 00:00:00+00:00,274773.01948512363,0.0,False,0.0,,0,7690.462226878584,0.0,False,0.0,CASH,leveraged_contract,,,,True,False,0.0,150524.2055260456,7690.462226878604,CASH,no_eligible_candidates,0.0,610866.3872560136,False
2024-08-08 00:00:00+00:00,274773.01948512363,0.0,False,0.0,,0,7690.462226878584,0.0,False,0.0,CASH,leveraged_contract,,,,False,False,0.0,150524.2055260456,7690.462226878604,CASH,no_eligible_candidates,0.0,610866.3872560136,False
2024-08-09 00:00:00+00:00,274773.01948512363,0.0,False,0.0,,0,7690.462226878584,0.0,False,0.0,CASH,leveraged_contract,,,,False,False,0.0,150524.2055260456,7690.462226878604,CASH,no_eligible_candidates,0.0,610866.3872560136,False
2024-08-12 00:00:00+00:00,274773.01948512363,0.0,False,0.0,,0,7690.462226878584,0.0,False,0.0,CASH,leveraged_contract,,,,True,False,0.0,150524.2055260456,7690.462226878604,CASH,no_eligible_candidates,0.0,610866.3872560136,False
2024-08-13 00:00:00+00:00,274773.01948512363,0.0,False,0.0,,0,7690.462226878584,0.0,False,0.0,CASH,leveraged_contract,,,,True,False,0.0,150524.2055260456,7690.462226878604,CASH,no_eligible_candidates,0.0,610866.3872560136,False
2024-08-14 00:00:00+00:00,274773.01948512363,0.0,False,0.0,,0,7690.462226878584,0.0,False,0.0,CASH,leveraged_contract,,,,True,False,0.0,150524.2055260456,7690.462226878604,CASH,no_eligible_candidates,0.0,610866.3872560136,False
2024-08-15 00:00:00+00:00,274773.01948512363,0.0,False,0.0,,0,7690.462226878584,0.0,False,0.0,CASH,leveraged_contract,,,,True,False,0.0,150524.2055260456,7690.462226878604,CASH,no_eligible_candidates,0.0,610866.3872560136,False
2024-08-16 00:00:00+00:00,274773.01948512363,0.0,False,0.0,,0,7690.462226878584,0.0,False,0.0,CASH,leveraged_contract,,,,True,False,0.0,150524.2055260456,7690.462226878604,CASH,no_eligible_candidates,0.0,610866.3872560136,False
2024-08-19 00:00:00+00:00,274773.01948512363,0.0,False,0.0,,0,8500.81691586076,0.105371389270978,True,112.0,QQQ_USDT_LONG,leveraged_contract,,,,False,False,10.0,150524.2055260456,8500.816915860782,QQQ_PROXY,best_route_score,0.105371389270978,674558.9929129828,True
2024-08-20 00:00:00+00:00,266848.5656031727,-0.028839999999999866,True,109.4,BULL,1,8294.265611614166,-0.02429781823217625,True,106.0,QQQ_USDT_LONG,leveraged_contract,,,,False,False,10.0,146183.08743867447,8294.265611614186,QQQ_PROXY,hold_current_hysteresis,-0.02429781823217625,658168.6811163033,False
2024-08-21 00:00:00+00:00,266848.5656031727,0.0,True,111.5,BULL,1,8740.32897960736,0.053779730343888055,True,106.0,QQQ_USDT_LONG,leveraged_contract,,,,False,False,10.0,146183.08743867447,8740.32897960738,QQQ_PROXY,hold_current_hysteresis,0.053779730343888055,693564.8153075306,False
2024-08-22 00:00:00+00:00,258698.7435610862,-0.03054100000000004,True,111.5,BULL,1,7235.437047622502,-0.17217795068080632,True,106.0,QQQ_USDT_LONG,leveraged_contract,,,,False,False,10.0,141718.50976520992,7235.437047622519,QQQ_PROXY,hold_current_hysteresis,-0.17217795068080632,574148.246743568,False
2024-08-23 00:00:00+00:00,258698.7435610862,0.0,False,0.0,,0,7859.547192264916,0.0862574217057821,True,112.0,QQQ_USDT_LONG,leveraged_contract,,,,False,False,10.0,141718.50976520992,7859.547192264933,QQQ_PROXY,hold_current_no_challenger,0.0862574217057821,623672.7941845633,False
2024-08-26 00:00:00+00:00,257922.64733040292,-0.0030000000000000027,True,102.8,BULL,1,7780.9517203422665,-0.010000000000000009,True,112.0,QQQ_USDT_LONG,leveraged_contract,,,,False,False,10.0,141293.35423591427,7780.951720342284,QQQ_PROXY,hold_current_hysteresis,-0.010000000000000009,617436.0662427177,False
2024-08-27 00:00:00+00:00,257922.64733040292,0.0,False,0.0,,0,8077.29623102825,0.038085895059756014,True,112.0,QQQ_USDT_LONG,leveraged_contract,,,,False,False,10.0,141293.35423591427,8077.296231028267,QQQ_PROXY,hold_current_no_challenger,0.038085895059756014,640951.6714677464,False
2024-08-28 00:00:00+00:00,257922.64733040292,0.0,False,0.0,,0,7399.320429507354,-0.0839359832955624,True,96.0,QQQ_USDT_LONG,leveraged_contract,,,,False,True,7.5,141293.35423591427,7399.320429507369,QQQ_PROXY,hold_current_no_challenger,-0.0839359832955624,587152.7626781669,False
2024-08-29 00:00:00+00:00,257922.64733040292,0.0,False,0.0,,0,8077.95404854292,0.09171566841858603,True,106.0,QQQ_USDT_LONG,leveraged_contract,,,,False,False,10.0,141293.35423591427,8077.954048542937,QQQ_PROXY,hold_current_no_challenger,0.09171566841858603,641003.8707710144,False
2024-08-30 00:00:00+00:00,257922.64733040292,0.0,False,0.0,,0,7997.17450805749,-0.010000000000000009,True,112.0,QQQ_USDT_LONG,leveraged_contract,,,,False,False,10.0,141293.35423591427,7997.174508057507,QQQ_PROXY,hold_current_no_challenger,-0.010000000000000009,634593.8320633043,False
2024-09-03 00:00:00+00:00,257922.64733040292,0.0,False,0.0,,0,7997.17450805749,0.0,False,0.0,CASH,leveraged_contract,,,,False,False,0.0,141293.35423591427,7997.174508057507,CASH,no_eligible_candidates,0.0,633959.238231241,True
2024-09-04 00:00:00+00:00,257922.64733040292,0.0,False,0.0,,0,7891.729696429368,-0.013185258308654135,True,86.0,QQQ_USDT_LONG,leveraged_contract,,,,False,True,5.0,141293.35423591427,7891.729696429385,QQQ_PROXY,best_route_score,-0.013185258308654135,624974.7215960864,True
2024-09-05 00:00:00+00:00,257922.64733040292,0.0,False,0.0,,0,7852.271047947222,-0.0050000000000000044,True,86.0,QQQ_USDT_LONG,leveraged_contract,,,,False,False,5.0,141293.35423591427,7852.271047947238,QQQ_PROXY,hold_current_no_challenger,-0.0050000000000000044,621849.847988106,False
2024-09-06 00:00:00+00:00,257922.64733040292,0.0,False,0.0,,0,7852.271047947222,0.0,False,0.0,CASH,leveraged_contract,,,,False,False,0.0,141293.35423591427,7852.271047947238,CASH,no_eligible_candidates,0.0,621227.9981401179,True
2024-09-09 00:00:00+00:00,257922.64733040292,0.0,False,0.0,,0,7852.271047947222,0.0,False,0.0,CASH,leveraged_contract,,,,False,False,0.0,141293.35423591427,7852.271047947238,CASH,no_eligible_candidates,0.0,621227.9981401179,False
2024-09-10 00:00:00+00:00,257922.64733040292,0.0,False,0.0,,0,7852.271047947222,0.0,False,0.0,CASH,leveraged_contract,,,,False,False,0.0,141293.35423591427,7852.271047947238,CASH,no_eligible_candidates,0.0,621227.9981401179,False
2024-09-11 00:00:00+00:00,257922.64733040292,0.0,False,0.0,,0,7852.271047947222,0.0,False,0.0,CASH,leveraged_contract,,,,False,False,0.0,141293.35423591427,7852.271047947238,CASH,no_eligible_candidates,0.0,621227.9981401179,False
2024-09-12 00:00:00+00:00,257922.64733040292,0.0,False,0.0,,0,7852.271047947222,0.0,False,0.0,CASH,leveraged_contract,,,,False,False,0.0,141293.35423591427,7852.271047947238,CASH,no_eligible_candidates,0.0,621227.9981401179,False
2024-09-13 00:00:00+00:00,257922.64733040292,0.0,True,133.9,BULL,1,7852.271047947222,0.0,False,0.0,CASH,leveraged_contract,,,,True,False,0.0,141293.35423591427,7852.271047947238,BTC,best_route_score,0.0,620606.7701419777,True
2024-09-16 00:00:00+00:00,247751.98357822312,0.0,False,0.0,,0,7852.271047947222,0.0,False,0.0,CASH,leveraged_contract,,,,True,False,0.0,141293.35423591427,7852.271047947238,CASH,no_eligible_candidates,0.0,619986.1633718357,True
2024-09-17 00:00:00+00:00,240249.06250754022,-0.030283999999999978,True,115.1,BULL,1,7852.271047947222,0.0,False,0.0,CASH,leveraged_contract,,,,True,False,0.0,137014.42629623387,7852.271047947238,BTC,best_route_score,-0.030283999999999978,600609.2918978828,True
2024-09-18 00:00:00+00:00,229126.49190969113,-0.046296000000000004,True,110.9,BULL,1,7487.619806774996,-0.04643895236748796,True,102.0,QQQ_USDT_LONG,leveraged_contract,,,,False,True,7.5,130671.20641642342,7487.619806775012,BTC,hold_current_hysteresis,-0.046296000000000004,572803.4841201784,False
2024-09-19 00:00:00+00:00,239041.02434111538,0.04327100000000006,True,110.4,BULL,1,9144.531117998473,0.2212867845833011,True,112.0,QQQ_USDT_LONG,leveraged_contract,,,,False,False,10.0,136325.48018926848,9144.531117998491,BTC,hold_current_hysteresis,0.04327100000000006,597589.2636815427,False
2024-09-20 00:00:00+00:00,250851.56327176117,0.049407999999999896,True,116.1,BULL,1,9037.366392410446,-0.011718996218089583,True,112.0,QQQ_USDT_LONG,leveraged_contract,,,,False,False,10.0,143061.04951445985,9037.366392410466,BTC,hold_current_hysteresis,0.049407999999999896,627114.9540215203,False
2024-09-23 00:00:00+00:00,250851.56327176117,0.0,False,0.0,,0,9217.752947149162,0.019960079840317668,True,112.0,QQQ_USDT_LONG,leveraged_contract,,,,False,False,10.0,143061.04951445985,9217.752947149182,QQQ_PROXY,best_route_score,0.019960079840317668,638992.5863542742,True
2024-09-24 00:00:00+00:00,250851.56327176117,0.0,False,0.0,,0,9697.862193147243,0.05208528030104853,True,122.0,QQQ_USDT_LONG,leveraged_contract,,,,False,False,10.0,143061.04951445985,9697.862193147263,QQQ_PROXY,hold_current_no_challenger,0.05208528030104853,672274.6943248286,False
2024-09-25 00:00:00+00:00,250851.56327176117,0.0,False,0.0,,0,9737.501686845615,0.004087446584504217,True,106.0,QQQ_USDT_LONG,leveraged_contract,,,,False,False,10.0,143061.04951445985,9737.501686845635,QQQ_PROXY,hold_current_no_challenger,0.004087446584504217,675022.5812279952,False
2024-09-26 00:00:00+00:00,250851.56327176117,0.0,False,0.0,,0,10239.000822728267,0.0515018278826207,True,112.0,QQQ_USDT_LONG,leveraged_contract,,,,False,False,10.0,143061.04951445985,10239.000822728287,QQQ_PROXY,hold_current_no_challenger,0.0515018278826207,709787.4780232818,False
2024-09-27 00:00:00+00:00,250851.56327176117,0.0,False,0.0,,0,9617.464031572237,-0.060702875399361145,True,112.0,QQQ_USDT_LONG,leveraged_contract,,,,False,False,10.0,143061.04951445985,9617.464031572254,QQQ_PROXY,hold_current_no_challenger,-0.060702875399361145,666701.3371848078,False
2024-09-30 00:00:00+00:00,250851.56327176117,0.0,False,0.0,,0,9916.246549076575,0.03106666336609054,True,112.0,QQQ_USDT_LONG,leveraged_contract,,,,False,False,10.0,143061.04951445985,9916.246549076594,QQQ_PROXY,hold_current_no_challenger,0.03106666336609054,687413.5231928506,False
2024-10-01 00:00:00+00:00,250851.56327176117,0.0,False,0.0,,0,8645.733968749593,-0.1281243436252899,True,112.0,QQQ_USDT_LONG,leveraged_contract,,,,False,False,10.0,143061.04951445985,8645.733968749608,QQQ_PROXY,hold_current_no_challenger,-0.1281243436252899,599339.1167346187,False
2024-10-02 00:00:00+00:00,250851.56327176117,0.0,False,0.0,,0,8795.057667788093,0.017271373324490025,True,112.0,QQQ_USDT_LONG,leveraged_contract,,,,False,False,10.0,143061.04951445985,8795.057667788107,QQQ_PROXY,hold_current_no_challenger,0.017271373324490025,609690.5263677124,False
2024-10-03 00:00:00+00:00,250851.56327176117,0.0,False,0.0,,0,8508.91296293248,-0.03253471616264869,True,112.0,QQQ_USDT_LONG,leveraged_contract,,,,False,False,10.0,143061.04951445985,8508.912962932494,QQQ_PROXY,hold_current_no_challenger,-0.03253471616264869,589854.418145283,False
2024-10-04 00:00:00+00:00,250851.56327176117,0.0,False,0.0,,0,9624.441233222513,0.13110114948285734,True,112.0,QQQ_USDT_LONG,leveraged_contract,,,,False,False,10.0,143061.04951445985,9624.441233222531,QQQ_PROXY,hold_current_no_challenger,0.13110114948285734,667185.0103916716,False
2024-10-07 00:00:00+00:00,250851.56327176117,0.0,False,0.0,,0,8542.762563464941,-0.11238872403560796,True,112.0,QQQ_USDT_LONG,leveraged_contract,,,,False,False,10.0,143061.04951445985,8542.762563464956,QQQ_PROXY,hold_current_no_challenger,-0.11238872403560796,592200.9383780678,False
2024-10-08 00:00:00+00:00,250851.56327176117,0.0,False,0.0,,0,9706.283774498264,0.136199642959689,True,112.0,QQQ_USDT_LONG,leveraged_contract,,,,False,False,10.0,143061.04951445985,9706.28377449828,QQQ_PROXY,hold_current_no_challenger,0.136199642959689,672858.4947455535,False
2024-10-09 00:00:00+00:00,234731.59096435452,-0.06426100000000001,True,60.0,BEAR,1,10515.768494965308,0.0833980068245932,True,112.0,QQQ_USDT_LONG,leveraged_contract,,,,False,False,10.0,133867.80341161112,10515.768494965327,QQQ_PROXY,hold_current_hysteresis,0.0833980068245932,728973.5520823286,False
2024-10-10 00:00:00+00:00,234731.59096435452,0.0,False,0.0,,0,10436.04610875239,-0.007581223022462558,True,112.0,QQQ_USDT_LONG,leveraged_contract,,,,False,False,10.0,133867.80341161112,10436.046108752409,QQQ_PROXY,hold_current_no_challenger,-0.007581223022462558,723447.0410065157,False
2024-10-11 00:00:00+00:00,234731.59096435452,0.0,False,0.0,,0,10512.650313122973,0.007340347443112183,True,112.0,QQQ_USDT_LONG,leveraged_contract,,,,False,False,10.0,133867.80341161112,10512.650313122991,QQQ_PROXY,hold_current_no_challenger,0.007340347443112183,728757.3936441949,False
2024-10-14 00:00:00+00:00,340435.355219785,0.4503175896399998,True,124.8,BULL,1,11473.490859299744,0.09139850728006715,True,112.0,QQQ_USDT_LONG,leveraged_contract,,,,False,False,10.0,194150.82997432922,11473.490859299764,BTC,best_route_score,0.4503175896399998,1055872.736915795,True
2024-10-15 00:00:00+00:00,396328.71271047974,0.16418200000000005,True,129.55,BULL,1,9823.798696500535,-0.1437829325903951,True,112.0,QQQ_USDT_LONG,leveraged_contract,,,,False,False,10.0,226026.90154117453,9823.798696500551,BTC,hold_current_hysteresis,0.16418200000000005,1229228.034608104,False
2024-10-16 00:00:00+00:00,396328.71271047974,0.0,True,143.75,BULL,1,9896.265184709002,0.007376625931299063,True,112.0,QQQ_USDT_LONG,leveraged_contract,,,,False,False,10.0,226026.90154117453,9896.26518470902,BTC,hold_current_hysteresis,0.0,1229228.034608104,False
2024-10-17 00:00:00+00:00,396328.71271047974,0.0,True,143.75,BULL,1,10090.99688846164,0.019677292404565172,True,112.0,QQQ_USDT_LONG,leveraged_contract,,,,False,False,10.0,226026.90154117453,10090.996888461657,BTC,hold_current_hysteresis,0.0,1229228.034608104,False
2024-10-18 00:00:00+00:00,465214.6062666882,0.17381000000000002,True,143.75,BULL,1,10583.566644349567,0.04881279434850949,True,112.0,QQQ_USDT_LONG,leveraged_contract,,,,False,False,10.0,265312.6372980461,10583.566644349585,BTC,hold_current_hysteresis,0.17381000000000002,1442880.1593033387,False
2024-10-21 00:00:00+00:00,416209.36485716153,-0.10533899999999996,True,113.85,BULL,1,10703.621739540695,0.01134353845215541,True,112.0,QQQ_USDT_LONG,leveraged_contract,,,,False,False,10.0,237364.8693977072,10703.621739540713,BTC,hold_current_hysteresis,-0.10533899999999996,1290888.6062024843,False
2024-10-22 00:00:00+00:00,416209.36485716153,0.0,False,0.0,,0,10732.287734022471,0.002678158400897246,True,112.0,QQQ_USDT_LONG,leveraged_contract,,,,False,False,10.0,237364.8693977072,10732.28773402249,QQQ_PROXY,best_route_score,0.002678158400897246,1293051.4645574403,True
2024-10-23 00:00:00+00:00,416209.36485716153,0.0,False,0.0,,0,9160.70132786597,-0.14643535890063852,True,106.0,QQQ_USDT_LONG,leveraged_contract,,,,False,False,10.0,237364.8693977072,9160.701327865987,QQQ_PROXY,hold_current_no_challenger,-0.14643535890063852,1103703.009267975,False
2024-10-24 00:00:00+00:00,416209.36485716153,0.0,False,0.0,,0,9548.900110376519,0.04237653522549456,True,112.0,QQQ_USDT_LONG,leveraged_contract,,,,False,False,10.0,237364.8693977072,9548.900110376535,QQQ_PROXY,hold_current_no_challenger,0.04237653522549456,1150474.1187187037,False
2024-10-25 00:00:00+00:00,416209.36485716153,0.0,False,0.0,,0,10065.253072668513,0.05407460087794691,True,106.0,QQQ_USDT_LONG,leveraged_contract,,,,False,False,10.0,237364.8693977072,10065.253072668529,QQQ_PROXY,hold_current_no_challenger,0.05407460087794691,1212685.5475088253,False
2024-10-28 00:00:00+00:00,461389.7238311361,0.10855199999999998,True,109.7,BULL,1,9925.495350532115,-0.013885167231005746,True,112.0,QQQ_USDT_LONG,leveraged_contract,,,,False,False,10.0,263131.30070056714,9925.495350532134,QQQ_PROXY,hold_current_hysteresis,-0.013885167231005746,1195847.2058830415,False
2024-10-29 00:00:00+00:00,478784.5778092938,0.037700999999999985,True,120.35,BULL,1,10813.385174947183,0.0894554672646608,True,106.0,QQQ_USDT_LONG,leveraged_contract,,,,False,False,10.0,273051.6138682792,10813.385174947203,BTC,best_route_score,0.037700999999999985,1239690.9095506459,True
2024-10-30 00:00:00+00:00,478784.5778092938,0.0,True,127.25,BULL,1,9774.238364824572,-0.0960981961994789,True,106.0,QQQ_USDT_LONG,leveraged_contract,,,,False,False,10.0,273051.6138682792,9774.23836482459,BTC,hold_current_hysteresis,0.0,1239690.9095506459,False
2024-10-31 00:00:00+00:00,413016.3342785202,-0.13736499999999996,True,127.25,BULL,1,7577.8741389625875,-0.22470950102529086,True,106.0,QQQ_USDT_LONG,leveraged_contract,,,,False,False,10.0,235543.87892926307,7577.874138962602,BTC,hold_current_hysteresis,-0.13736499999999996,1069400.7677602214,False
2024-11-01 00:00:00+00:00,413016.3342785202,0.0,False,0.0,,0,7888.41180421578,0.04097952269443539,True,106.0,QQQ_USDT_LONG,leveraged_contract,,,,False,False,10.0,235543.87892926307,7888.411804215795,QQQ_PROXY,best_route_score,0.04097952269443539,1112111.076491306,True
2024-11-04 00:00:00+00:00,413016.3342785202,0.0,False,0.0,,0,7684.718580549463,-0.025821829377297156,True,106.0,QQQ_USDT_LONG,leveraged_contract,,,,False,False,10.0,235543.87892926307,7684.718580549478,QQQ_PROXY,hold_current_no_challenger,-0.025821829377297156,1083394.3340255453,False
2024-11-05 00:00:00+00:00,413016.3342785202,0.0,True,108.0,BULL,1,8490.190617356791,0.10481477341877321,True,112.0,QQQ_USDT_LONG,leveraged_contract,,,,False,False,10.0,235543.87892926307,8490.190617356808,QQQ_PROXY,hold_current_hysteresis,0.10481477341877321,1196950.0656696155,False
2024-11-06 00:00:00+00:00,506971.7680982037,0.22748600000000008,True,108.0,BULL,1,10714.849488386408,0.2620269639743622,True,122.0,QQQ_USDT_LONG,leveraged_contract,,,,False,False,10.0,289126.8137713654,10714.849488386428,QQQ_PROXY,hold_current_hysteresis,0.2620269639743622,1510583.2574059383,False
2024-11-07 00:00:00+00:00,559648.6696624475,0.10390499999999991,True,112.7,BULL,1,12257.539960045764,0.14397686811480126,True,122.0,QQQ_USDT_LONG,leveraged_contract,,,,False,False,10.0,319168.5353562791,12257.539960045786,QQQ_PROXY,hold_current_hysteresis,0.14397686811480126,1728072.3038339,False
2024-11-08 00:00:00+00:00,559648.6696624475,0.0,True,126.05,BULL,1,12297.96672646639,0.003298114185423806,True,106.0,QQQ_USDT_LONG,leveraged_contract,,,,False,False,10.0,319168.5353562791,12297.966726466413,BTC,best_route_score,0.0,1726344.231530066,True
2024-11-11 00:00:00+00:00,868560.0919060839,0.1951369999999999,True,139.05,BULL,1,12112.771636996215,-0.015059000694124247,True,106.0,QQQ_USDT_LONG,leveraged_contract,,,,False,False,10.0,381450.1258400973,12112.771636996238,BTC,hold_current_hysteresis,0.1951369999999999,2063217.8658381484,False
2024-11-12 00:00:00+00:00,775479.1125367846,-0.10716700000000001,True,139.95,BULL,1,11932.972237078498,-0.01484378681494758,True,112.0,QQQ_USDT_LONG,leveraged_contract,,,,False,False,10.0,340571.2602041916,11932.972237078522,BTC,hold_current_hysteresis,-0.10716700000000001,1842108.9968098716,False
2024-11-13 00:00:00+00:00,1373572.030955455,0.7712560000000002,True,121.6,BULL,1,11828.731994191583,-0.008735480215316116,True,112.0,QQQ_USDT_LONG,leveraged_contract,,,,False,False,10.0,603238.8880642357,11828.731994191605,BTC,hold_current_hysteresis,0.7712560000000002,3262846.6132534663,False
2024-11-14 00:00:00+00:00,1373572.030955455,0.0,False,0.0,,0,10961.150077954888,-0.07334530164879172,True,112.0,QQQ_USDT_LONG,leveraged_contract,,,,False,False,10.0,603238.8880642357,10961.150077954908,QQQ_PROXY,best_route_score,-0.07334530164879172,3020508.612026482,True
2024-11-15 00:00:00+00:00,1373572.030955455,0.0,False,0.0,,0,8433.462627014274,-0.23060421880586324,True,106.0,QQQ_USDT_LONG,leveraged_contract,,,,False,False,10.0,603238.8880642357,8433.462627014289,QQQ_PROXY,hold_current_no_challenger,-0.23060421880586324,2323966.5831537326,False
2024-11-18 00:00:00+00:00,1329590.2545242612,-0.03202000000000005,True,117.5,BULL,1,8832.945682832042,0.047368806086616644,True,96.0,QQQ_USDT_LONG,leveraged_contract,,,,False,True,7.5,583923.1788684188,8832.945682832058,BTC,best_route_score,-0.03202000000000005,2247303.619987989,True
2024-11-19 00:00:00+00:00,1329590.2545242612,0.0,False,0.0,,0,9408.730493436728,0.065186046793404,True,112.0,QQQ_USDT_LONG,leveraged_contract,,,,False,False,10.0,583923.1788684188,9408.730493436744,QQQ_PROXY,best_route_score,0.065186046793404,2391402.6624605926,True
2024-11-20 00:00:00+00:00,1329590.2545242612,0.0,False,0.0,,0,9348.686096014466,-0.006381774614986235,True,112.0,QQQ_USDT_LONG,leveraged_contract,,,,False,False,10.0,583923.1788684188,9348.686096014482,QQQ_PROXY,hold_current_no_challenger,-0.006381774614986235,2376141.269655091,False
2024-11-21 00:00:00+00:00,1278065.972980937,-0.03875200000000001,True,126.8,BULL,1,9761.167906114431,0.04412190182274012,True,112.0,QQQ_USDT_LONG,leveraged_contract,,,,False,False,10.0,561294.9878409099,9761.16790611445,BTC,best_route_score,-0.03875200000000001,2281776.982130244,True
2024-11-22 00:00:00+00:00,1278065.972980937,0.0,True,137.75,BULL,1,10022.870854448498,0.026810618447628,True,112.0,QQQ_USDT_LONG,leveraged_contract,,,,False,False,10.0,561294.9878409099,10022.870854448516,BTC,hold_current_hysteresis,0.0,2281776.982130244,False
2024-11-25 00:00:00+00:00,1135203.9658988344,0.0,False,0.0,,0,9760.748963222764,-0.026152376403153488,True,112.0,QQQ_USDT_LONG,leveraged_contract,,,,False,False,10.0,561294.9878409099,9760.748963222783,QQQ_PROXY,best_route_score,-0.026152376403153488,2219880.988533897,True
2024-11-26 00:00:00+00:00,1135203.9658988344,0.0,False,0.0,,0,10168.103389311242,0.041733931240659494,True,112.0,QQQ_USDT_LONG,leveraged_contract,,,,False,False,10.0,561294.9878409099,10168.103389311262,QQQ_PROXY,hold_current_no_challenger,0.041733931240659494,2312525.349071818,False
2024-11-27 00:00:00+00:00,1135203.9658988344,0.0,False,0.0,,0,9307.066800599516,-0.08468015673570473,True,112.0,QQQ_USDT_LONG,leveraged_contract,,,,False,False,10.0,561294.9878409099,9307.066800599532,QQQ_PROXY,hold_current_no_challenger,-0.08468015673570473,2116700.3400571262,False
2024-11-29 00:00:00+00:00,1135203.9658988344,0.0,False,0.0,,0,10114.218848602313,0.08672464325181428,True,112.0,QQQ_USDT_LONG,leveraged_contract,,,,False,False,10.0,561294.9878409099,10114.218848602331,QQQ_PROXY,hold_current_no_challenger,0.08672464325181428,2300270.4219195745,False
2024-12-02 00:00:00+00:00,1099893.446539551,-0.03110500000000016,True,123.5,BULL,1,11187.291209505927,0.10609542634643532,True,112.0,QQQ_USDT_LONG,leveraged_contract,,,,False,False,10.0,543835.9072441182,11187.291209505947,BTC,best_route_score,-0.03110500000000016,2226491.78993532,True
2024-12-03 00:00:00+00:00,1099893.446539551,0.0,False,0.0,,0,11511.522316661727,0.02898209236569249,True,122.0,QQQ_USDT_LONG,leveraged_contract,,,,False,False,10.0,543835.9072441182,11511.522316661749,QQQ_PROXY,best_route_score,0.02898209236569249,2288729.160462039,True
2024-12-04 00:00:00+00:00,1099893.446539551,0.0,False,0.0,,0,12664.13218141212,0.10012662383341864,True,122.0,QQQ_USDT_LONG,leveraged_contract,,,,False,False,10.0,543835.9072441182,12664.132181412142,QQQ_PROXY,hold_current_no_challenger,0.10012662383341864,2517891.884168198,False
2024-12-05 00:00:00+00:00,1099893.446539551,0.0,False,0.0,,0,12428.66553306447,-0.01859319256737213,True,106.0,QQQ_USDT_LONG,leveraged_contract,,,,False,False,10.0,543835.9072441182,12428.665533064494,QQQ_PROXY,hold_current_no_challenger,-0.01859319256737213,2471076.235502035,False
2024-12-06 00:00:00+00:00,1099893.446539551,0.0,False,0.0,,0,13626.626651461238,0.096386946386946,True,122.0,QQQ_USDT_LONG,leveraged_contract,,,,False,False,10.0,543835.9072441182,13626.626651461263,QQQ_PROXY,hold_current_no_challenger,0.096386946386946,2709255.728131426,False
2024-12-09 00:00:00+00:00,1099893.446539551,0.0,False,0.0,,0,12586.4862042563,-0.07633147027576337,True,106.0,QQQ_USDT_LONG,leveraged_contract,,,,False,False,10.0,543835.9072441182,12586.486204256324,QQQ_PROXY,hold_current_no_challenger,-0.07633147027576337,2502454.2550501204,False
2024-12-10 00:00:00+00:00,1099893.446539551,0.0,False,0.0,,0,12152.858410401765,-0.034451854696976314,True,112.0,QQQ_USDT_LONG,leveraged_contract,,,,False,False,10.0,543835.9072441182,12152.858410401788,QQQ_PROXY,hold_current_no_challenger,-0.034451854696976314,2416240.0646693036,False
2024-12-11 00:00:00+00:00,1099893.446539551,0.0,False,0.0,,0,14179.657664795588,0.16677551782048772,True,112.0,QQQ_USDT_LONG,leveraged_contract,,,,False,False,10.0,543835.9072441182,14179.657664795615,QQQ_PROXY,hold_current_no_challenger,0.16677551782048772,2819209.7526331353,False
2024-12-12 00:00:00+00:00,1099893.446539551,0.0,False,0.0,,0,13492.076163130161,-0.048490698289036516,True,112.0,QQQ_USDT_LONG,leveraged_contract,,,,False,False,10.0,543835.9072441182,13492.076163130187,QQQ_PROXY,hold_current_no_challenger,-0.048490698289036516,2682504.3031046926,False
2024-12-13 00:00:00+00:00,1099893.446539551,0.0,True,111.9,BULL,1,13957.946684283794,0.03452919443389435,True,106.0,QQQ_USDT_LONG,leveraged_contract,,,,False,False,10.0,543835.9072441182,13957.94668428382,QQQ_PROXY,hold_current_hysteresis,0.03452919443389435,2775129.015756353,False
2024-12-16 00:00:00+00:00,1169104.2416630522,0.0,False,0.0,,0,16072.762816244462,0.15151341238048177,True,112.0,QQQ_USDT_LONG,leveraged_contract,,,,False,False,10.0,543835.9072441182,16072.76281624449,QQQ_PROXY,hold_current_no_challenger,0.15151341238048177,3195598.282729686,False
2024-12-17 00:00:00+00:00,1169104.2416630522,0.0,True,92.2,BULL,1,15708.463817300637,-0.022665611575853895,True,92.0,QQQ_USDT_LONG,leveraged_contract,,,,False,True,5.0,543835.9072441182,15708.463817300666,QQQ_PROXY,hold_current_hysteresis,-0.022665611575853895,3123168.0933008688,False
2024-12-18 00:00:00+00:00,1127984.5072752794,-0.03517199999999998,True,92.2,BULL,1,10010.820570720227,-0.36271167651067615,True,106.0,QQQ_USDT_LONG,leveraged_contract,,,,False,False,10.0,524708.110714528,10010.820570720247,QQQ_PROXY,hold_current_hysteresis,-0.36271167651067615,1990358.5581550589,False
2024-12-19 00:00:00+00:00,1127984.5072752794,0.0,False,0.0,,0,10010.820570720227,0.0,True,66.0,QQQ_USDT_LONG,leveraged_contract,,,,False,False,0.0,524708.110714528,10010.820570720247,QQQ_PROXY,hold_current_no_challenger,0.0,1990358.5581550589,False
2024-12-20 00:00:00+00:00,1127984.5072752794,0.0,False,0.0,,0,10010.820570720227,0.0,False,0.0,CASH,leveraged_contract,,,,False,False,0.0,524708.110714528,10010.820570720247,CASH,no_eligible_candidates,0.0,1988368.1995969038,True
2024-12-23 00:00:00+00:00,1127984.5072752794,0.0,False,0.0,,0,10010.820570720227,0.0,False,0.0,CASH,leveraged_contract,,,,False,False,0.0,524708.110714528,10010.820570720247,CASH,no_eligible_candidates,0.0,1988368.1995969038,False
2024-12-24 00:00:00+00:00,1127984.5072752794,0.0,False,0.0,,0,10010.820570720227,0.0,False,0.0,CASH,leveraged_contract,,,,False,False,0.0,524708.110714528,10010.820570720247,CASH,no_eligible_candidates,0.0,1988368.1995969038,False
2024-12-26 00:00:00+00:00,1100491.0128949517,-0.024374000000000007,True,101.0,BULL,1,10010.820570720227,0.0,False,0.0,CASH,leveraged_contract,,,,True,False,0.0,511918.87522397214,10010.820570720247,BTC,best_route_score,-0.024374000000000007,1937963.809386829,True
2024-12-27 00:00:00+00:00,1100491.0128949517,0.0,False,0.0,,0,10010.820570720227,0.0,False,0.0,CASH,leveraged_contract,,,,False,False,0.0,511918.87522397214,10010.820570720247,CASH,no_eligible_candidates,0.0,1936025.845577442,True
2024-12-30 00:00:00+00:00,1100491.0128949517,0.0,False,0.0,,0,10010.820570720227,0.0,False,0.0,CASH,leveraged_contract,,,,False,False,0.0,511918.87522397214,10010.820570720247,CASH,no_eligible_candidates,0.0,1936025.845577442,False
2024-12-31 00:00:00+00:00,1100491.0128949517,0.0,False,0.0,,0,10010.820570720227,0.0,False,0.0,CASH,leveraged_contract,,,,False,False,0.0,511918.87522397214,10010.820570720247,CASH,no_eligible_candidates,0.0,1936025.845577442,False
2025-01-02 00:00:00+00:00,1100491.0128949517,0.0,False,0.0,,0,10010.820570720227,0.0,False,0.0,CASH,leveraged_contract,,,,False,False,0.0,511918.87522397214,10010.820570720247,CASH,no_eligible_candidates,0.0,1936025.845577442,False
2025-01-03 00:00:00+00:00,1100491.0128949517,0.0,False,0.0,,0,10010.820570720227,0.0,False,0.0,CASH,leveraged_contract,,,,False,False,0.0,511918.87522397214,10010.820570720247,CASH,no_eligible_candidates,0.0,1936025.845577442,False
2025-01-06 00:00:00+00:00,1100491.0128949517,0.0,True,130.4,BULL,1,10010.820570720227,0.0,False,0.0,CASH,leveraged_contract,,,,False,False,0.0,511918.87522397214,10010.820570720247,BTC,best_route_score,0.0,1934089.8197318646,True
2025-01-07 00:00:00+00:00,1068374.2831746254,-0.0291840000000001,True,130.4,BULL,1,10010.820570720227,0.0,False,0.0,CASH,leveraged_contract,,,,False,False,0.0,496979.03476943565,10010.820570720247,BTC,hold_current_no_challenger,-0.0291840000000001,1877645.3424328098,False
2025-01-08 00:00:00+00:00,1068374.2831746254,0.0,False,0.0,,0,10010.820570720227,0.0,False,0.0,CASH,leveraged_contract,,,,False,False,0.0,496979.03476943565,10010.820570720247,CASH,no_eligible_candidates,0.0,1875767.6970903769,True
2025-01-09 00:00:00+00:00,1068374.2831746254,0.0,False,0.0,,0,10010.820570720227,0.0,False,0.0,CASH,leveraged_contract,,,,False,False,0.0,496979.03476943565,10010.820570720247,CASH,no_eligible_candidates,0.0,1875767.6970903769,False
2025-01-10 00:00:00+00:00,1068374.2831746254,0.0,False,0.0,,0,10010.820570720227,0.0,False,0.0,CASH,leveraged_contract,,,,False,False,0.0,496979.03476943565,10010.820570720247,CASH,no_eligible_candidates,0.0,1875767.6970903769,False
2025-01-13 00:00:00+00:00,1068374.2831746254,0.0,False,0.0,,0,10010.820570720227,0.0,False,0.0,CASH,leveraged_contract,,,,False,False,0.0,496979.03476943565,10010.820570720247,CASH,no_eligible_candidates,0.0,1875767.6970903769,False
2025-01-14 00:00:00+00:00,1037482.240776631,-0.028915000000000024,True,116.5,BULL,1,10010.820570720227,0.0,False,0.0,CASH,leveraged_contract,,,,False,False,0.0,482608.8859790774,10010.820570720247,BTC,best_route_score,-0.028915000000000024,1819708.3442548797,True
2025-01-15 00:00:00+00:00,1092158.5923478005,0.05270100000000011,True,103.4,BULL,1,10010.820570720227,0.0,False,0.0,CASH,leveraged_contract,,,,False,False,0.0,508042.8568790608,10010.820570720247,BTC,hold_current_no_challenger,0.05270100000000011,1915608.7937054564,False
2025-01-16 00:00:00+00:00,1053392.4231124152,-0.035495000000000054,True,126.5,BULL,1,10010.820570720227,0.0,False,0.0,CASH,leveraged_contract,,,,False,False,0.0,490009.87567413854,10010.820570720247,BTC,hold_current_no_challenger,-0.035495000000000054,1847614.259572881,False
2025-01-17 00:00:00+00:00,1685189.810292241,0.599774,True,126.2,BULL,1,11625.332134675504,0.16127664586032253,True,112.0,QQQ_USDT_LONG,leveraged_contract,,,,False,False,10.0,783905.0588467192,11625.332134675527,BTC,hold_current_hysteresis,0.599774,2955765.254493946,False
2025-01-21 00:00:00+00:00,1566310.344139051,0.0,False,0.0,,0,11509.078813328748,-0.01000000000000012,True,112.0,QQQ_USDT_LONG,leveraged_contract,,,,False,False,10.0,783905.0588467192,11509.078813328772,QQQ_PROXY,best_route_score,-0.01000000000000012,2923281.3943470577,True
2025-01-22 00:00:00+00:00,1566310.344139051,0.0,False,0.0,,0,12393.151320503017,0.07681522748375125,True,122.0,QQQ_USDT_LONG,leveraged_contract,,,,False,False,10.0,783905.0588467192,12393.151320503044,QQQ_PROXY,hold_current_no_challenger,0.07681522748375125,3147833.9196528443,False
2025-01-23 00:00:00+00:00,1566310.344139051,0.0,False,0.0,,0,12711.69422523461,0.02570314010485797,True,112.0,QQQ_USDT_LONG,leveraged_contract,,,,False,False,10.0,783905.0588467192,12711.69422523464,QQQ_PROXY,hold_current_no_challenger,0.02570314010485797,3228743.1359165055,False
2025-01-24 00:00:00+00:00,1566310.344139051,0.0,False,0.0,,0,12092.51980115648,-0.04870904012534982,True,112.0,QQQ_USDT_LONG,leveraged_contract,,,,False,False,10.0,783905.0588467192,12092.519801156508,QQQ_PROXY,hold_current_no_challenger,-0.04870904012534982,3071474.1569547006,False
2025-01-27 00:00:00+00:00,1566310.344139051,0.0,False,0.0,,0,8593.747406038725,-0.2893336089293107,True,106.0,QQQ_USDT_LONG,leveraged_contract,,,,False,False,10.0,783905.0588467192,8593.747406038745,QQQ_PROXY,hold_current_no_challenger,-0.2893336089293107,2182793.454389885,False
2025-01-28 00:00:00+00:00,1566310.344139051,0.0,False,0.0,,0,8593.747406038725,0.0,True,72.0,QQQ_USDT_LONG,leveraged_contract,,,,False,False,0.0,783905.0588467192,8593.747406038745,QQQ_PROXY,hold_current_no_challenger,0.0,2182793.454389885,False
2025-01-29 00:00:00+00:00,1566310.344139051,0.0,True,98.7,BULL,1,8593.747406038725,0.0,False,0.0,CASH,leveraged_contract,,,,False,False,0.0,783905.0588467192,8593.747406038745,BTC,best_route_score,0.0,2180610.660935495,True
2025-01-30 00:00:00+00:00,1631793.0806964722,0.04180699999999993,True,98.7,BULL,1,8811.83302708678,0.02537724356371096,True,112.0,QQQ_USDT_LONG,leveraged_contract,,,,False,False,10.0,816677.777641924,8811.8330270868,QQQ_PROXY,best_route_score,0.02537724356371096,2233712.6002468844,True
2025-01-31 00:00:00+00:00,1560645.2705850254,-0.04360099999999989,True,116.2,BULL,1,8442.97977652954,-0.041858856088559215,True,112.0,QQQ_USDT_LONG,leveraged_contract,,,,False,False,10.0,781069.8098589585,8442.97977652956,QQQ_PROXY,hold_current_hysteresis,-0.041858856088559215,2140211.9459699485,False
2025-02-03 00:00:00+00:00,1560645.2705850254,0.0,False,0.0,,0,9259.399990769427,0.09669811320754729,True,106.0,QQQ_USDT_LONG,leveraged_contract,,,,False,False,10.0,781069.8098589585,9259.399990769447,QQQ_PROXY,hold_current_no_challenger,0.09669811320754729,2347166.4030094957,False
2025-02-04 00:00:00+00:00,1560645.2705850254,0.0,False,0.0,,0,9594.96318513665,0.0362402741756207,True,112.0,QQQ_USDT_LONG,leveraged_contract,,,,False,False,10.0,781069.8098589585,9594.963185136672,QQQ_PROXY,hold_current_no_challenger,0.0362402741756207,2432228.3569903653,False
2025-02-05 00:00:00+00:00,1560645.2705850254,0.0,False,0.0,,0,9499.013553285284,-0.010000000000000009,True,112.0,QQQ_USDT_LONG,leveraged_contract,,,,False,False,10.0,781069.8098589585,9499.013553285306,QQQ_PROXY,hold_current_no_challenger,-0.010000000000000009,2407906.0734204617,False
2025-02-06 00:00:00+00:00,1560645.2705850254,0.0,False,0.0,,0,9867.430117448703,0.038784718233821236,True,112.0,QQQ_USDT_LONG,leveraged_contract,,,,False,False,10.0,781069.8098589585,9867.430117448725,QQQ_PROXY,hold_current_no_challenger,0.038784718233821236,2501296.032011581,False
2025-02-07 00:00:00+00:00,1560645.2705850254,0.0,False,0.0,,0,8840.785923312798,-0.10404372586540811,True,112.0,QQQ_USDT_LONG,leveraged_contract,,,,False,False,10.0,781069.8098589585,8840.785923312818,QQQ_PROXY,hold_current_no_challenger,-0.10404372586540811,2241051.8733487353,False
2025-02-10 00:00:00+00:00,1560645.2705850254,0.0,False,0.0,,0,10419.405752606894,0.17856102873516466,True,112.0,QQQ_USDT_LONG,leveraged_contract,,,,False,False,10.0,781069.8098589585,10419.40575260692,QQQ_PROXY,hold_current_no_challenger,0.17856102873516466,2641216.4013027535,False
2025-02-11 00:00:00+00:00,1560645.2705850254,0.0,False,0.0,,0,10315.211695080825,-0.010000000000000009,True,112.0,QQQ_USDT_LONG,leveraged_contract,,,,False,False,10.0,781069.8098589585,10315.211695080849,QQQ_PROXY,hold_current_no_challenger,-0.010000000000000009,2614804.237289726,False
2025-02-12 00:00:00+00:00,1560645.2705850254,0.0,False,0.0,,0,10261.259080554,-0.005230393337691153,True,112.0,QQQ_USDT_LONG,leveraged_contract,,,,False,False,10.0,781069.8098589585,10261.259080554024,QQQ_PROXY,hold_current_no_challenger,-0.005230393337691153,2601127.782627639,False
2025-02-13 00:00:00+00:00,1560645.2705850254,0.0,False,0.0,,0,11444.09962640548,0.11527245697295241,True,112.0,QQQ_USDT_LONG,leveraged_contract,,,,False,False,10.0,781069.8098589585,11444.099626405505,QQQ_PROXY,hold_current_no_challenger,0.11527245697295241,2900966.1730317343,False
2025-02-14 00:00:00+00:00,1560645.2705850254,0.0,False,0.0,,0,12093.537113699771,0.05674867473154599,True,122.0,QQQ_USDT_LONG,leveraged_contract,,,,False,False,10.0,781069.8098589585,12093.537113699798,QQQ_PROXY,hold_current_no_challenger,0.05674867473154599,3065592.15879233,False
2025-02-18 00:00:00+00:00,1560645.2705850254,0.0,False,0.0,,0,12074.501380748132,-0.0015740418020526725,True,122.0,QQQ_USDT_LONG,leveraged_contract,,,,False,False,10.0,781069.8098589585,12074.501380748157,QQQ_PROXY,hold_current_no_challenger,-0.0015740418020526725,3060766.788586346,False
2025-02-19 00:00:00+00:00,1560645.2705850254,0.0,False,0.0,,0,12215.75856804121,0.011698800872912418,True,112.0,QQQ_USDT_LONG,leveraged_contract,,,,False,False,10.0,781069.8098589585,12215.758568041236,QQQ_PROXY,hold_current_no_challenger,0.011698800872912418,3096574.0897644414,False
2025-02-20 00:00:00+00:00,1560645.2705850254,0.0,True,117.4,BULL,1,11823.928199350365,-0.032075811461758086,True,112.0,QQQ_USDT_LONG,leveraged_contract,,,,False,False,10.0,781069.8098589585,11823.928199350388,QQQ_PROXY,hold_current_hysteresis,-0.032075811461758086,2997248.963083792,False
2025-02-21 00:00:00+00:00,1516898.8230052565,-0.028031000000000028,True,117.4,BULL,1,9384.201417161501,-0.2063380917961687,True,106.0,QQQ_USDT_LONG,leveraged_contract,,,,False,False,10.0,759175.642018802,9384.201417161521,BTC,best_route_score,-0.028031000000000028,2910319.8443221906,True
2025-02-24 00:00:00+00:00,1516898.8230052565,0.0,False,0.0,,0,8171.216383227757,-0.1292582053615643,True,106.0,QQQ_USDT_LONG,leveraged_contract,,,,False,False,10.0,759175.642018802,8171.216383227774,QQQ_PROXY,best_route_score,-0.1292582053615643,2531602.98709274,True
2025-02-25 00:00:00+00:00,1516898.8230052565,0.0,False,0.0,,0,8089.50421939548,-0.010000000000000009,True,106.0,QQQ_USDT_LONG,leveraged_contract,,,,True,False,10.0,759175.642018802,8089.504219395497,QQQ_PROXY,hold_current_no_challenger,-0.010000000000000009,2506286.9572218126,False
2025-02-26 00:00:00+00:00,1516898.8230052565,0.0,False,0.0,,0,8089.50421939548,0.0,False,0.0,CASH,leveraged_contract,,,,False,False,0.0,759175.642018802,8089.504219395497,CASH,no_eligible_candidates,0.0,2503780.6702645905,True
2025-02-27 00:00:00+00:00,1516898.8230052565,0.0,False,0.0,,0,8089.50421939548,0.0,False,0.0,CASH,leveraged_contract,,,,False,False,0.0,759175.642018802,8089.504219395497,CASH,no_eligible_candidates,0.0,2503780.6702645905,False
2025-02-28 00:00:00+00:00,1516898.8230052565,0.0,False,0.0,,0,8089.50421939548,0.0,False,0.0,CASH,leveraged_contract,,,,False,False,0.0,759175.642018802,8089.504219395497,CASH,no_eligible_candidates,0.0,2503780.6702645905,False
2025-03-03 00:00:00+00:00,1516898.8230052565,0.0,False,0.0,,0,8089.50421939548,0.0,False,0.0,CASH,leveraged_contract,,,,True,False,0.0,759175.642018802,8089.504219395497,CASH,no_eligible_candidates,0.0,2503780.6702645905,False
2025-03-04 00:00:00+00:00,1516898.8230052565,0.0,False,0.0,,0,8089.50421939548,0.0,False,0.0,CASH,leveraged_contract,,,,False,False,0.0,759175.642018802,8089.504219395497,CASH,no_eligible_candidates,0.0,2503780.6702645905,False
2025-03-05 00:00:00+00:00,1516898.8230052565,0.0,False,0.0,,0,8089.50421939548,0.0,False,0.0,CASH,leveraged_contract,,,,False,False,0.0,759175.642018802,8089.504219395497,CASH,no_eligible_candidates,0.0,2503780.6702645905,False
2025-03-06 00:00:00+00:00,1516898.8230052565,0.0,False,0.0,,0,8089.50421939548,0.0,False,0.0,CASH,leveraged_contract,,,,True,False,0.0,759175.642018802,8089.504219395497,CASH,no_eligible_candidates,0.0,2503780.6702645905,False
2025-03-07 00:00:00+00:00,1793288.4068485752,0.182207,True,60.0,BEAR,1,8089.50421939548,0.0,False,0.0,CASH,leveraged_contract,,,,False,False,0.0,897502.7582241219,8089.504219395497,BTC,best_route_score,0.182207,2957027.0478166393,True
2025-03-10 00:00:00+00:00,1793288.4068485752,0.0,False,0.0,,0,8089.50421939548,0.0,False,0.0,CASH,leveraged_contract,,,,True,False,0.0,897502.7582241219,8089.504219395497,CASH,no_eligible_candidates,0.0,2954070.0207688226,True
2025-03-11 00:00:00+00:00,1793288.4068485752,0.0,False,0.0,,0,8089.50421939548,0.0,False,0.0,CASH,leveraged_contract,,,,False,False,0.0,897502.7582241219,8089.504219395497,CASH,no_eligible_candidates,0.0,2954070.0207688226,False
2025-03-12 00:00:00+00:00,1793288.4068485752,0.0,False,0.0,,0,8089.50421939548,0.0,False,0.0,CASH,leveraged_contract,,,,False,False,0.0,897502.7582241219,8089.504219395497,CASH,no_eligible_candidates,0.0,2954070.0207688226,False
2025-03-13 00:00:00+00:00,1793288.4068485752,0.0,False,0.0,,0,8089.50421939548,0.0,False,0.0,CASH,leveraged_contract,,,,False,False,0.0,897502.7582241219,8089.504219395497,CASH,no_eligible_candidates,0.0,2954070.0207688226,False
2025-03-14 00:00:00+00:00,1793288.4068485752,0.0,False,0.0,,0,8089.50421939548,0.0,False,0.0,CASH,leveraged_contract,,,,False,False,0.0,897502.7582241219,8089.504219395497,CASH,no_eligible_candidates,0.0,2954070.0207688226,False
2025-03-17 00:00:00+00:00,1793288.4068485752,0.0,False,0.0,,0,8089.50421939548,0.0,False,0.0,CASH,leveraged_contract,,,,True,False,0.0,897502.7582241219,8089.504219395497,CASH,no_eligible_candidates,0.0,2954070.0207688226,False
2025-03-18 00:00:00+00:00,1793288.4068485752,0.0,False,0.0,,0,8089.50421939548,0.0,False,0.0,CASH,leveraged_contract,,,,True,False,0.0,897502.7582241219,8089.504219395497,CASH,no_eligible_candidates,0.0,2954070.0207688226,False
2025-03-19 00:00:00+00:00,1793288.4068485752,0.0,False,0.0,,0,8089.50421939548,0.0,False,0.0,CASH,leveraged_contract,,,,True,False,0.0,897502.7582241219,8089.504219395497,CASH,no_eligible_candidates,0.0,2954070.0207688226,False
2025-03-20 00:00:00+00:00,1793288.4068485752,0.0,False,0.0,,0,8089.50421939548,0.0,False,0.0,CASH,leveraged_contract,,,,True,False,0.0,897502.7582241219,8089.504219395497,CASH,no_eligible_candidates,0.0,2954070.0207688226,False
2025-03-21 00:00:00+00:00,1793288.4068485752,0.0,False,0.0,,0,8089.50421939548,0.0,False,0.0,CASH,leveraged_contract,,,,True,False,0.0,897502.7582241219,8089.504219395497,CASH,no_eligible_candidates,0.0,2954070.0207688226,False
2025-03-24 00:00:00+00:00,1793288.4068485752,0.0,True,116.4,BULL,1,8089.50421939548,0.0,False,0.0,CASH,leveraged_contract,,,,True,False,0.0,897502.7582241219,8089.504219395497,BTC,best_route_score,0.0,2951115.950748054,True
2025-03-25 00:00:00+00:00,1741300.9759340351,-0.02898999999999996,True,116.4,BULL,1,8089.50421939548,0.0,False,0.0,CASH,leveraged_contract,,,,False,False,0.0,871484.1532632046,8089.504219395497,BTC,hold_current_no_challenger,-0.02898999999999996,2865563.099335868,False
2025-03-26 00:00:00+00:00,1741300.9759340351,0.0,False,0.0,,0,8089.50421939548,0.0,False,0.0,CASH,leveraged_contract,,,,True,False,0.0,871484.1532632046,8089.504219395497,CASH,no_eligible_candidates,0.0,2862697.536236532,True
2025-03-27 00:00:00+00:00,1690406.2310094351,-0.02922800000000003,True,114.6,BULL,1,8089.50421939548,0.0,False,0.0,CASH,leveraged_contract,,,,True,False,0.0,846012.4144316276,8089.504219395497,BTC,best_route_score,-0.02922800000000003,2776247.586034763,True
2025-03-28 00:00:00+00:00,1690406.2310094351,0.0,False,0.0,,0,8089.50421939548,0.0,False,0.0,CASH,leveraged_contract,,,,True,False,0.0,846012.4144316276,8089.504219395497,CASH,no_eligible_candidates,0.0,2773471.3384487284,True
2025-03-31 00:00:00+00:00,1690406.2310094351,0.0,False,0.0,,0,8089.50421939548,0.0,False,0.0,CASH,leveraged_contract,,,,False,False,0.0,846012.4144316276,8089.504219395497,CASH,no_eligible_candidates,0.0,2773471.3384487284,False
2025-04-01 00:00:00+00:00,1690406.2310094351,0.0,False,0.0,,0,8089.50421939548,0.0,False,0.0,CASH,leveraged_contract,,,,False,False,0.0,846012.4144316276,8089.504219395497,CASH,no_eligible_candidates,0.0,2773471.3384487284,False
2025-04-02 00:00:00+00:00,1690406.2310094351,0.0,False,0.0,,0,8089.50421939548,0.0,False,0.0,CASH,leveraged_contract,,,,True,False,0.0,846012.4144316276,8089.504219395497,CASH,no_eligible_candidates,0.0,2773471.3384487284,False
2025-04-03 00:00:00+00:00,1690406.2310094351,0.0,False,0.0,,0,8089.50421939548,0.0,False,0.0,CASH,leveraged_contract,,,,True,False,0.0,846012.4144316276,8089.504219395497,CASH,no_eligible_candidates,0.0,2773471.3384487284,False
2025-04-04 00:00:00+00:00,1690406.2310094351,0.0,False,0.0,,0,8089.50421939548,0.0,False,0.0,CASH,leveraged_contract,,,,True,False,0.0,846012.4144316276,8089.504219395497,CASH,no_eligible_candidates,0.0,2773471.3384487284,False
2025-04-07 00:00:00+00:00,1690406.2310094351,0.0,False,0.0,,0,8089.50421939548,0.0,False,0.0,CASH,leveraged_contract,,,,False,False,0.0,846012.4144316276,8089.504219395497,CASH,no_eligible_candidates,0.0,2773471.3384487284,False
2025-04-08 00:00:00+00:00,1690406.2310094351,0.0,False,0.0,,0,8089.50421939548,0.0,False,0.0,CASH,leveraged_contract,,,,False,False,0.0,846012.4144316276,8089.504219395497,CASH,no_eligible_candidates,0.0,2773471.3384487284,False
2025-04-09 00:00:00+00:00,1690406.2310094351,0.0,False,0.0,,0,8089.50421939548,0.0,False,0.0,CASH,leveraged_contract,,,,False,False,0.0,846012.4144316276,8089.504219395497,CASH,no_eligible_candidates,0.0,2773471.3384487284,False
2025-04-10 00:00:00+00:00,1690406.2310094351,0.0,False,0.0,,0,8089.50421939548,0.0,False,0.0,CASH,leveraged_contract,,,,False,False,0.0,846012.4144316276,8089.504219395497,CASH,no_eligible_candidates,0.0,2773471.3384487284,False
2025-04-11 00:00:00+00:00,1690406.2310094351,0.0,False,0.0,,0,8089.50421939548,0.0,False,0.0,CASH,leveraged_contract,,,,False,False,0.0,846012.4144316276,8089.504219395497,CASH,no_eligible_candidates,0.0,2773471.3384487284,False
2025-04-14 00:00:00+00:00,1586992.7909304718,-0.033497,True,119.8,BULL,1,8089.50421939548,0.0,False,0.0,CASH,leveraged_contract,,,,False,False,0.0,817673.5365854114,8089.504219395497,BTC,best_route_score,-0.033497,2677887.8006556868,True
2025-04-15 00:00:00+00:00,1586992.7909304718,0.0,False,0.0,,0,8089.50421939548,0.0,False,0.0,CASH,leveraged_contract,,,,False,False,0.0,817673.5365854114,8089.504219395497,CASH,no_eligible_candidates,0.0,2675209.912855031,True
2025-04-16 00:00:00+00:00,1586992.7909304718,0.0,True,117.5,BULL,1,8089.50421939548,0.0,False,0.0,CASH,leveraged_contract,,,,False,False,0.0,817673.5365854114,8089.504219395497,BTC,best_route_score,0.0,2672534.702942176,True
2025-04-17 00:00:00+00:00,1586992.7909304718,0.0,True,117.5,BULL,1,8089.50421939548,0.0,False,0.0,CASH,leveraged_contract,,,,False,False,0.0,817673.5365854114,8089.504219395497,BTC,hold_current_no_challenger,0.0,2672534.702942176,False
2025-04-21 00:00:00+00:00,1582231.8125576805,0.0,False,0.0,,0,8089.50421939548,0.0,False,0.0,CASH,leveraged_contract,,,,False,False,0.0,817673.5365854114,8089.504219395497,CASH,no_eligible_candidates,0.0,2669862.1682392335,True
2025-04-22 00:00:00+00:00,1654367.3431239976,0.04559099999999994,True,115.1,BULL,1,8089.50421939548,0.0,False,0.0,CASH,leveraged_contract,,,,False,False,0.0,854952.0907918768,8089.504219395497,BTC,best_route_score,0.04559099999999994,2788792.2704970767,True
2025-04-23 00:00:00+00:00,1654367.3431239976,0.0,True,123.5,BULL,1,8089.50421939548,0.0,False,0.0,CASH,leveraged_contract,,,,False,False,0.0,854952.0907918768,8089.504219395497,BTC,hold_current_no_challenger,0.0,2788792.2704970767,False
2025-04-24 00:00:00+00:00,1602810.6392428814,-0.03116399999999997,True,123.5,BULL,1,8089.50421939548,0.0,False,0.0,CASH,leveraged_contract,,,,False,False,0.0,828308.3638344387,8089.504219395497,BTC,hold_current_no_challenger,-0.03116399999999997,2701882.348179306,False
2025-04-25 00:00:00+00:00,1602810.6392428814,0.0,False,0.0,,0,8089.50421939548,0.0,False,0.0,CASH,leveraged_contract,,,,False,False,0.0,828308.3638344387,8089.504219395497,CASH,no_eligible_candidates,0.0,2699180.4658311266,True
2025-04-28 00:00:00+00:00,1602810.6392428814,0.0,True,122.3,BULL,1,8089.50421939548,0.0,False,0.0,CASH,leveraged_contract,,,,False,False,0.0,828308.3638344387,8089.504219395497,BTC,best_route_score,0.0,2696481.2853652956,True
2025-04-29 00:00:00+00:00,1602810.6392428814,0.0,True,122.3,BULL,1,8089.50421939548,0.0,False,0.0,CASH,leveraged_contract,,,,False,False,0.0,828308.3638344387,8089.504219395497,BTC,hold_current_no_challenger,0.0,2696481.2853652956,False
2025-04-30 00:00:00+00:00,1570446.6868152893,-0.020191999999999877,True,122.3,BULL,1,8089.50421939548,0.0,False,0.0,CASH,leveraged_contract,,,,False,False,0.0,811583.1613518939,8089.504219395497,BTC,hold_current_no_challenger,-0.020191999999999877,2642033.9352512,False
2025-05-01 00:00:00+00:00,1570446.6868152893,0.0,True,114.4,BULL,1,8089.50421939548,0.0,False,0.0,CASH,leveraged_contract,,,,False,False,0.0,811583.1613518939,8089.504219395497,BTC,hold_current_no_challenger,0.0,2642033.9352512,False
2025-05-02 00:00:00+00:00,1649177.8905654002,0.05013299999999998,True,114.4,BULL,1,8089.50421939548,0.0,False,0.0,CASH,leveraged_contract,,,,False,False,0.0,852270.2599799484,8089.504219395497,BTC,hold_current_no_challenger,0.05013299999999998,2774487.0225271485,False
2025-05-05 00:00:00+00:00,1585979.7446210436,0.0,False,0.0,,0,8089.50421939548,0.0,False,0.0,CASH,leveraged_contract,,,,False,False,0.0,852270.2599799484,8089.504219395497,CASH,no_eligible_candidates,0.0,2771712.5355046215,True
2025-05-06 00:00:00+00:00,1585979.7446210436,0.0,False,0.0,,0,8089.50421939548,0.0,False,0.0,CASH,leveraged_contract,,,,False,False,0.0,852270.2599799484,8089.504219395497,CASH,no_eligible_candidates,0.0,2771712.5355046215,False
2025-05-07 00:00:00+00:00,1585979.7446210436,0.0,False,0.0,,0,8089.50421939548,0.0,False,0.0,CASH,leveraged_contract,,,,False,False,0.0,852270.2599799484,8089.504219395497,CASH,no_eligible_candidates,0.0,2771712.5355046215,False
2025-05-08 00:00:00+00:00,1585979.7446210436,0.0,True,120.8,BULL,1,8089.50421939548,0.0,False,0.0,CASH,leveraged_contract,,,,False,False,0.0,852270.2599799484,8089.504219395497,BTC,best_route_score,0.0,2768940.8229691167,True
2025-05-09 00:00:00+00:00,1585979.7446210436,0.0,True,120.8,BULL,1,8089.50421939548,0.0,False,0.0,CASH,leveraged_contract,,,,False,False,0.0,852270.2599799484,8089.504219395497,BTC,hold_current_no_challenger,0.0,2768940.8229691167,False
2025-05-12 00:00:00+00:00,1628528.4330422545,-0.02985099999999996,True,110.3,BULL,1,8089.50421939548,0.0,False,0.0,CASH,leveraged_contract,,,,False,False,0.0,826829.140449287,8089.504219395497,BTC,hold_current_no_challenger,-0.02985099999999996,2686285.1704626656,False
2025-05-13 00:00:00+00:00,1628528.4330422545,0.0,False,0.0,,0,8089.50421939548,0.0,False,0.0,CASH,leveraged_contract,,,,False,False,0.0,826829.140449287,8089.504219395497,CASH,no_eligible_candidates,0.0,2683598.885292203,True
2025-05-14 00:00:00+00:00,1628528.4330422545,0.0,False,0.0,,0,8089.50421939548,0.0,False,0.0,CASH,leveraged_contract,,,,False,False,0.0,826829.140449287,8089.504219395497,CASH,no_eligible_candidates,0.0,2683598.885292203,False
2025-05-15 00:00:00+00:00,1628528.4330422545,0.0,False,0.0,,0,8089.50421939548,0.0,False,0.0,CASH,leveraged_contract,,,,False,False,0.0,826829.140449287,8089.504219395497,CASH,no_eligible_candidates,0.0,2683598.885292203,False
2025-05-16 00:00:00+00:00,1628528.4330422545,0.0,False,0.0,,0,8089.50421939548,0.0,False,0.0,CASH,leveraged_contract,,,,False,False,0.0,826829.140449287,8089.504219395497,CASH,no_eligible_candidates,0.0,2683598.885292203,False
2025-05-19 00:00:00+00:00,1628528.4330422545,0.0,True,110.4,BULL,1,8089.50421939548,0.0,False,0.0,CASH,leveraged_contract,,,,False,False,0.0,826829.140449287,8089.504219395497,BTC,best_route_score,0.0,2680915.286406911,True
2025-05-20 00:00:00+00:00,1628528.4330422545,0.0,True,110.4,BULL,1,8089.50421939548,0.0,False,0.0,CASH,leveraged_contract,,,,False,False,0.0,826829.140449287,8089.504219395497,BTC,hold_current_no_challenger,0.0,2680915.286406911,False
2025-05-21 00:00:00+00:00,1800464.7831720328,0.10557773916699986,True,90.0,BULL,1,8089.50421939548,0.0,False,0.0,CASH,leveraged_contract,,,,False,False,0.0,914123.8917753166,8089.504219395497,BTC,hold_current_no_challenger,0.10557773916699986,2963960.2612440027,False
2025-05-22 00:00:00+00:00,1800464.7831720328,0.0,True,130.4,BULL,1,8089.50421939548,0.0,False,0.0,CASH,leveraged_contract,,,,False,False,0.0,914123.8917753166,8089.504219395497,BTC,hold_current_no_challenger,0.0,2963960.2612440027,False
2025-05-23 00:00:00+00:00,1753303.4086416245,-0.02619400000000005,True,130.4,BULL,1,8089.50421939548,0.0,False,0.0,CASH,leveraged_contract,,,,False,False,0.0,890179.3305541539,8089.504219395497,BTC,hold_current_no_challenger,-0.02619400000000005,2886322.286160977,False
2025-05-27 00:00:00+00:00,1695467.1891007633,0.0,False,0.0,,0,8089.50421939548,0.0,False,0.0,CASH,leveraged_contract,,,,False,False,0.0,890179.3305541539,8089.504219395497,CASH,no_eligible_candidates,0.0,2883435.963874816,True
2025-05-28 00:00:00+00:00,1695467.1891007633,0.0,False,0.0,,0,8089.50421939548,0.0,False,0.0,CASH,leveraged_contract,,,,False,False,0.0,890179.3305541539,8089.504219395497,CASH,no_eligible_candidates,0.0,2883435.963874816,False
2025-05-29 00:00:00+00:00,1695467.1891007633,0.0,False,0.0,,0,8089.50421939548,0.0,False,0.0,CASH,leveraged_contract,,,,False,False,0.0,890179.3305541539,8089.504219395497,CASH,no_eligible_candidates,0.0,2883435.963874816,False
2025-05-30 00:00:00+00:00,1695467.1891007633,0.0,False,0.0,,0,8089.50421939548,0.0,False,0.0,CASH,leveraged_contract,,,,False,False,0.0,890179.3305541539,8089.504219395497,CASH,no_eligible_candidates,0.0,2883435.963874816,False
2025-06-02 00:00:00+00:00,1695467.1891007633,0.0,False,0.0,,0,8089.50421939548,0.0,False,0.0,CASH,leveraged_contract,,,,False,False,0.0,890179.3305541539,8089.504219395497,CASH,no_eligible_candidates,0.0,2883435.963874816,False
2025-06-03 00:00:00+00:00,1695467.1891007633,0.0,True,111.1,BULL,1,8569.639094045617,0.05935281837160811,True,112.0,QQQ_USDT_LONG,leveraged_contract,,,,False,False,10.0,890179.3305541539,8569.639094045635,QQQ_PROXY,best_route_score,0.05935281837160811,3051521.4389099157,True
2025-06-04 00:00:00+00:00,1645374.6109987812,-0.029545000000000043,True,111.1,BULL,1,8878.82690731273,0.036079443938537015,True,112.0,QQQ_USDT_LONG,leveraged_contract,,,,False,False,10.0,863878.9822329314,8878.826907312752,QQQ_PROXY,hold_current_hysteresis,0.036079443938537015,3161618.6355923098,False
2025-06-05 00:00:00+00:00,1645374.6109987812,0.0,False,0.0,,0,8215.30611611562,-0.07473068211867318,True,106.0,QQQ_USDT_LONG,leveraged_contract,,,,False,False,10.0,863878.9822329314,8215.30611611564,QQQ_PROXY,hold_current_no_challenger,-0.07473068211867318,2925348.7183553874,False
2025-06-06 00:00:00+00:00,1645374.6109987812,0.0,False,0.0,,0,9433.961510826084,0.14833962088398378,True,112.0,QQQ_USDT_LONG,leveraged_contract,,,,False,False,10.0,863878.9822329314,9433.961510826106,QQQ_PROXY,hold_current_no_challenger,0.14833962088398378,3359293.8381896736,False
2025-06-09 00:00:00+00:00,2095088.399676968,0.27332,True,118.5,BULL,1,9530.251816050291,0.010206773168801586,True,112.0,QQQ_USDT_LONG,leveraged_contract,,,,False,False,10.0,1099994.3856568364,9530.251816050313,QQQ_PROXY,hold_current_hysteresis,0.010206773168801586,3393581.3884034283,False
2025-06-10 00:00:00+00:00,2095088.399676968,0.0,True,119.8,BULL,1,10135.062976480514,0.06346224340175732,True,122.0,QQQ_USDT_LONG,leveraged_contract,,,,False,False,10.0,1099994.3856568364,10135.062976480538,QQQ_PROXY,hold_current_hysteresis,0.06346224340175732,3608945.6764779603,False
2025-06-11 00:00:00+00:00,2095088.399676968,0.0,True,119.8,BULL,1,9866.050790348812,-0.026542724673341733,True,106.0,QQQ_USDT_LONG,leveraged_contract,,,,False,False,10.0,1099994.3856568364,9866.050790348836,BTC,best_route_score,0.0,3605336.730801482,True
2025-06-12 00:00:00+00:00,2027079.7351350542,-0.03246099999999996,True,119.8,BULL,1,10143.47849077698,0.028119427552466547,True,112.0,QQQ_USDT_LONG,leveraged_contract,,,,False,False,10.0,1064287.4679040299,10143.478490777006,BTC,hold_current_hysteresis,-0.03246099999999996,3488303.8951829355,False
2025-06-13 00:00:00+00:00,2027079.7351350542,0.0,False,0.0,,0,8917.73293852302,-0.1208407503765574,True,112.0,QQQ_USDT_LONG,leveraged_contract,,,,False,False,10.0,1064287.4679040299,8917.732938523044,QQQ_PROXY,best_route_score,-0.1208407503765574,3063707.860312614,True
2025-06-16 00:00:00+00:00,2525972.437068083,0.24611399999999994,True,105.4,BULL,1,10520.972018822577,0.1797810151248025,True,112.0,QQQ_USDT_LONG,leveraged_contract,,,,False,False,10.0,1326223.5137797622,10520.972018822604,QQQ_PROXY,hold_current_hysteresis,0.1797810151248025,3614504.3694854523,False
2025-06-17 00:00:00+00:00,2525972.437068083,0.0,False,0.0,,0,9468.87481694033,-0.09999999999999898,True,112.0,QQQ_USDT_LONG,leveraged_contract,,,,False,False,10.0,1326223.5137797622,9468.874816940355,QQQ_PROXY,hold_current_no_challenger,-0.09999999999999898,3253053.9325369108,False
2025-06-18 00:00:00+00:00,2525972.437068083,0.0,False,0.0,,0,9535.403423693779,0.007026030868464428,True,112.0,QQQ_USDT_LONG,leveraged_contract,,,,False,False,10.0,1326223.5137797622,9535.403423693804,QQQ_PROXY,hold_current_no_challenger,0.007026030868464428,3275909.989883695,False
2025-06-20 00:00:00+00:00,2445699.558990496,-0.031779,True,110.5,BULL,1,10232.603833071085,0.07311703327044228,True,112.0,QQQ_USDT_LONG,leveraged_contract,,,,False,False,10.0,1284077.456735355,10232.603833071114,QQQ_PROXY,hold_current_hysteresis,0.07311703327044228,3515434.809604995,False
2025-06-23 00:00:00+00:00,2445699.558990496,0.0,False,0.0,,0,12242.657661908735,0.19643620154053965,True,112.0,QQQ_USDT_LONG,leveraged_contract,,,,False,False,10.0,1284077.456735355,12242.657661908768,QQQ_PROXY,hold_current_no_challenger,0.19643620154053965,4205993.47036719,False
2025-06-24 00:00:00+00:00,2445699.558990496,0.0,False,0.0,,0,14093.279064446007,0.15116173739752714,True,122.0,QQQ_USDT_LONG,leveraged_contract,,,,False,False,10.0,1284077.456735355,14093.279064446046,QQQ_PROXY,hold_current_no_challenger,0.15116173739752714,4841778.75083055,False
2025-06-25 00:00:00+00:00,2445699.558990496,0.0,False,0.0,,0,14401.404476795564,0.021863287524539476,True,122.0,QQQ_USDT_LONG,leveraged_contract,,,,False,False,10.0,1284077.456735355,14401.404476795602,QQQ_PROXY,hold_current_no_challenger,0.021863287524539476,4947635.951790163,False
2025-06-26 00:00:00+00:00,2445699.558990496,0.0,False,0.0,,0,15735.03111430394,0.09260392898881475,True,122.0,QQQ_USDT_LONG,leveraged_contract,,,,False,False,10.0,1284077.456735355,15735.03111430398,QQQ_PROXY,hold_current_no_challenger,0.09260392898881475,5405806.480132246,False
2025-06-27 00:00:00+00:00,2445699.558990496,0.0,False,0.0,,0,16257.190241739621,0.033184499200704654,True,122.0,QQQ_USDT_LONG,leveraged_contract,,,,False,False,10.0,1284077.456735355,16257.190241739665,QQQ_PROXY,hold_current_no_challenger,0.033184499200704654,5585195.460951359,False
2025-06-30 00:00:00+00:00,2445699.558990496,0.0,False,0.0,,0,17270.071465732166,0.062303584379053145,True,122.0,QQQ_USDT_LONG,leveraged_contract,,,,False,False,10.0,1284077.456735355,17270.071465732213,QQQ_PROXY,hold_current_no_challenger,0.062303584379053145,5933173.157626247,False
2025-07-01 00:00:00+00:00,2445699.558990496,0.0,False,0.0,,0,15950.31854624527,-0.07641849786815258,True,112.0,QQQ_USDT_LONG,leveraged_contract,,,,False,False,10.0,1284077.456735355,15950.318546245311,QQQ_PROXY,hold_current_no_challenger,-0.07641849786815258,5479768.977328805,False
2025-07-02 00:00:00+00:00,2445699.558990496,0.0,False,0.0,,0,16994.017373766183,0.06543435634184247,True,112.0,QQQ_USDT_LONG,leveraged_contract,,,,False,False,10.0,1284077.456735355,16994.017373766226,QQQ_PROXY,hold_current_no_challenger,0.06543435634184247,5838334.133262312,False
2025-07-03 00:00:00+00:00,2445699.558990496,0.0,False,0.0,,0,18611.96387356666,0.09520682862770968,True,112.0,QQQ_USDT_LONG,leveraged_contract,,,,False,False,10.0,1284077.456735355,18611.963873566707,QQQ_PROXY,hold_current_no_challenger,0.09520682862770968,6394183.410559125,False
2025-07-04 00:00:00+00:00,2445699.558990496,0.0,False,0.0,,0,17381.08060948872,-0.06613398094040368,True,112.0,QQQ_USDT_LONG,leveraged_contract,,,,False,False,10.0,1284077.456735355,17381.080609488767,QQQ_PROXY,hold_current_no_challenger,-0.06613398094040368,5971310.606755762,False
2025-07-07 00:00:00+00:00,2445699.558990496,0.0,False,0.0,,0,16736.005676115197,-0.03711362646930949,True,112.0,QQQ_USDT_LONG,leveraged_contract,,,,False,False,10.0,1284077.456735355,16736.00567611524,QQQ_PROXY,hold_current_no_challenger,-0.03711362646930949,5749693.615364403,False
2025-07-08 00:00:00+00:00,2445699.558990496,0.0,False,0.0,,0,17168.37065729363,0.025834418889776334,True,112.0,QQQ_USDT_LONG,leveraged_contract,,,,False,False,10.0,1284077.456735355,17168.370657293675,QQQ_PROXY,hold_current_no_challenger,0.025834418889776334,5898233.6087116,False
2025-07-09 00:00:00+00:00,2445699.558990496,0.0,True,121.1,BULL,1,18264.511145202854,0.0638465064501359,True,106.0,QQQ_USDT_LONG,leveraged_contract,,,,False,False,10.0,1284077.456735355,18264.511145202898,BTC,best_route_score,0.0,5892335.375102889,True
2025-07-10 00:00:00+00:00,2651678.821548235,0.0842210000000001,True,121.1,BULL,1,18044.53797377826,-0.01204374810121156,True,112.0,QQQ_USDT_LONG,leveraged_contract,,,,False,False,10.0,1392223.7442190635,18044.537973778304,BTC,hold_current_hysteresis,0.0842210000000001,6388593.75272943,False
2025-07-11 00:00:00+00:00,2651678.821548235,0.0,True,147.35,BULL,1,17630.9017322422,-0.022923071908914627,True,112.0,QQQ_USDT_LONG,leveraged_contract,,,,False,False,10.0,1392223.7442190635,17630.901732242244,BTC,hold_current_hysteresis,0.0,6388593.75272943,False
2025-07-14 00:00:00+00:00,2814818.519667135,0.061523174222000154,True,121.25,BULL,1,18978.62657841277,0.07644106164496067,True,112.0,QQQ_USDT_LONG,leveraged_contract,,,,False,False,10.0,1477877.7681906584,18978.62657841282,BTC,hold_current_hysteresis,0.061523174222000154,6781640.319212184,False
2025-07-15 00:00:00+00:00,2438055.060809689,-0.13385000000000002,True,136.65,BULL,1,19164.010994234548,0.00976806277608322,True,106.0,QQQ_USDT_LONG,leveraged_contract,,,,False,False,10.0,1280063.8289183388,19164.010994234595,BTC,hold_current_hysteresis,-0.13385000000000002,5873917.762485634,False
2025-07-16 00:00:00+00:00,2438055.060809689,0.0,False,0.0,,0,19644.80236427727,0.025088243279935973,True,112.0,QQQ_USDT_LONG,leveraged_contract,,,,False,False,10.0,1280063.8289183388,19644.80236427732,QQQ_PROXY,best_route_score,0.025088243279935973,6015262.756276893,True
2025-07-17 00:00:00+00:00,2438055.060809689,0.0,False,0.0,,0,21224.699109881512,0.08042314278901452,True,112.0,QQQ_USDT_LONG,leveraged_contract,,,,False,False,10.0,1280063.8289183388,21224.699109881563,QQQ_PROXY,hold_current_no_challenger,0.08042314278901452,6499029.0918383915,False
2025-07-18 00:00:00+00:00,2438055.060809689,0.0,False,0.0,,0,20887.093062456897,-0.015906281906603703,True,106.0,QQQ_USDT_LONG,leveraged_contract,,,,False,False,10.0,1280063.8289183388,20887.093062456945,QQQ_PROXY,hold_current_no_challenger,-0.015906281906603703,6395653.702984392,False
2025-07-21 00:00:00+00:00,2438055.060809689,0.0,False,0.0,,0,21871.54875613564,0.047132250080708094,True,112.0,QQQ_USDT_LONG,leveraged_contract,,,,False,False,10.0,1280063.8289183388,21871.54875613569,QQQ_PROXY,hold_current_no_challenger,0.047132250080708094,6697095.252743059,False
2025-07-22 00:00:00+00:00,2438055.060809689,0.0,False,0.0,,0,20810.27799342334,-0.048522890378971395,True,112.0,QQQ_USDT_LONG,leveraged_contract,,,,False,False,10.0,1280063.8289183388,20810.277993423388,QQQ_PROXY,hold_current_no_challenger,-0.048522890378971395,6372132.833936677,False
2025-07-23 00:00:00+00:00,2438055.060809689,0.0,False,0.0,,0,21882.591137481642,0.05152805476203559,True,112.0,QQQ_USDT_LONG,leveraged_contract,,,,False,False,10.0,1280063.8289183388,21882.591137481693,QQQ_PROXY,hold_current_no_challenger,0.05152805476203559,6700476.443554731,False
2025-07-24 00:00:00+00:00,2438055.060809689,0.0,False,0.0,,0,21651.162907011192,-0.010575906162869742,True,112.0,QQQ_USDT_LONG,leveraged_contract,,,,False,False,10.0,1280063.8289183388,21651.16290701124,QQQ_PROXY,hold_current_no_challenger,-0.010575906162869742,6629612.833441177,False
2025-07-25 00:00:00+00:00,2438055.060809689,0.0,False,0.0,,0,21926.528786276554,0.012718295107196909,True,106.0,QQQ_USDT_LONG,leveraged_contract,,,,False,False,10.0,1280063.8289183388,21926.528786276605,QQQ_PROXY,hold_current_no_challenger,0.012718295107196909,6713930.205903342,False
2025-07-28 00:00:00+00:00,2438055.060809689,0.0,True,79.6,BULL,1,21658.506803876266,-0.012223639455782864,True,112.0,QQQ_USDT_LONG,leveraged_contract,,,,False,False,10.0,1280063.8289183388,21658.506803876317,QQQ_PROXY,hold_current_hysteresis,-0.012223639455782864,6631861.54373509,False
2025-07-29 00:00:00+00:00,2363660.2486841423,-0.03051400000000004,True,79.6,BULL,1,21177.037716157036,-0.022230022230021018,True,106.0,QQQ_USDT_LONG,leveraged_contract,,,,False,False,10.0,1241003.9612427244,21177.037716157083,QQQ_PROXY,hold_current_hysteresis,-0.022230022230021018,6484435.114191437,False
2025-07-30 00:00:00+00:00,2363660.2486841423,0.0,False,0.0,,0,21434.39127871478,0.01215248166467564,True,106.0,QQQ_USDT_LONG,leveraged_contract,,,,False,False,10.0,1241003.9612427244,21434.391278714826,QQQ_PROXY,hold_current_no_challenger,0.01215248166467564,6563237.0930224275,False
2025-07-31 00:00:00+00:00,2363660.2486841423,0.0,False,0.0,,0,18360.063906952277,-0.14342965619067682,True,106.0,QQQ_USDT_LONG,leveraged_contract,,,,False,False,10.0,1241003.9612427244,18360.063906952317,QQQ_PROXY,hold_current_no_challenger,-0.14342965619067682,5621874.253272324,False
2025-08-01 00:00:00+00:00,2363660.2486841423,0.0,False,0.0,,0,15014.315727327712,-0.18222965870819507,True,106.0,QQQ_USDT_LONG,leveraged_contract,,,,False,False,10.0,1241003.9612427244,15014.315727327745,QQQ_PROXY,hold_current_no_challenger,-0.18222965870819507,4597402.026798119,False
2025-08-04 00:00:00+00:00,2363660.2486841423,0.0,False,0.0,,0,17948.1852994292,0.19540481400437848,True,112.0,QQQ_USDT_LONG,leveraged_contract,,,,False,False,10.0,1241003.9612427244,17948.18529942924,QQQ_PROXY,hold_current_no_challenger,0.19540481400437848,5495756.514747958,False
2025-08-05 00:00:00+00:00,2363660.2486841423,0.0,False,0.0,,0,16242.054813656636,-0.0950586623276517,True,106.0,QQQ_USDT_LONG,leveraged_contract,,,,False,False,10.0,1241003.9612427244,16242.054813656672,QQQ_PROXY,hold_current_no_challenger,-0.0950586623276517,4973337.25197754,False
2025-08-06 00:00:00+00:00,2363660.2486841423,0.0,True,112.3,BULL,1,18570.21103538966,0.14334123658882536,True,112.0,QQQ_USDT_LONG,leveraged_contract,,,,False,False,10.0,1241003.9612427244,18570.211035389704,QQQ_PROXY,hold_current_hysteresis,0.14334123658882536,5686221.563649271,False
2025-08-07 00:00:00+00:00,2363660.2486841423,0.0,True,112.3,BULL,1,19186.746641001304,0.03320024766744423,True,112.0,QQQ_USDT_LONG,leveraged_contract,,,,False,False,10.0,1241003.9612427244,19186.746641001348,QQQ_PROXY,hold_current_hysteresis,0.03320024766744423,5875005.527854389,False
2025-08-08 00:00:00+00:00,2363660.2486841423,0.0,True,112.3,BULL,1,20781.682050020176,0.0831269333390039,True,112.0,QQQ_USDT_LONG,leveraged_contract,,,,False,False,10.0,1241003.9612427244,20781.682050020227,QQQ_PROXY,hold_current_hysteresis,0.0831269333390039,6363376.72073462,False
2025-08-11 00:00:00+00:00,3233446.8569193035,0.05444399999999994,True,116.8,BULL,1,19675.436140523663,-0.053231779161756476,True,112.0,QQQ_USDT_LONG,leveraged_contract,,,,False,False,10.0,1308569.1809086234,19675.43614052371,QQQ_PROXY,hold_current_hysteresis,-0.053231779161756476,6024642.856413412,False
2025-08-12 00:00:00+00:00,3233446.8569193035,0.0,True,111.4,BULL,1,22197.8212264465,0.1281997038290661,True,122.0,QQQ_USDT_LONG,leveraged_contract,,,,False,False,10.0,1308569.1809086234,22197.821226446555,QQQ_PROXY,hold_current_hysteresis,0.1281997038290661,6797000.28628151,False
2025-08-13 00:00:00+00:00,3334728.1128185866,0.03132299999999999,True,111.4,BULL,1,22211.726731495433,0.0006264355815410738,True,106.0,QQQ_USDT_LONG,leveraged_contract,,,,False,False,10.0,1349557.4933622242,22211.726731495488,QQQ_PROXY,hold_current_hysteresis,0.0006264355815410738,6801258.169108582,False
2025-08-14 00:00:00+00:00,3238334.4619894526,-0.028905999999999987,True,116.35,BULL,1,22237.25451764819,0.0011492931846923682,True,112.0,QQQ_USDT_LONG,leveraged_contract,,,,False,False,10.0,1310547.1844590958,22237.254517648245,QQQ_PROXY,hold_current_hysteresis,0.0011492931846923682,6809074.808769671,False
2025-08-15 00:00:00+00:00,3238334.4619894526,0.0,False,0.0,,0,21448.344541039645,-0.03547695044738741,True,112.0,QQQ_USDT_LONG,leveraged_contract,,,,False,False,10.0,1310547.1844590958,21448.3445410397,QQQ_PROXY,hold_current_no_challenger,-0.03547695044738741,6567509.599186395,False
2025-08-18 00:00:00+00:00,3238334.4619894526,0.0,False,0.0,,0,21473.132499639298,0.0011557049800381414,True,112.0,QQQ_USDT_LONG,leveraged_contract,,,,False,False,10.0,1310547.1844590958,21473.132499639352,QQQ_PROXY,hold_current_no_challenger,0.0011557049800381414,6575099.702736624,False
2025-08-19 00:00:00+00:00,3238334.4619894526,0.0,False,0.0,,0,18484.581659642423,-0.139176286461562,True,106.0,QQQ_USDT_LONG,leveraged_contract,,,,False,False,10.0,1310547.1844590958,18484.58165964247,QQQ_PROXY,hold_current_no_challenger,-0.139176286461562,5660001.74299522,False
2025-08-20 00:00:00+00:00,3238334.4619894526,0.0,False,0.0,,0,17405.17852790423,-0.05839478283108046,True,106.0,QQQ_USDT_LONG,leveraged_contract,,,,False,False,10.0,1310547.1844590958,17405.178527904274,QQQ_PROXY,hold_current_no_challenger,-0.05839478283108046,5329487.170389477,False
2025-08-21 00:00:00+00:00,3238334.4619894526,0.0,False,0.0,,0,16634.65814759033,-0.044269605110834775,True,106.0,QQQ_USDT_LONG,leveraged_contract,,,,False,False,10.0,1310547.1844590958,16634.65814759037,QQQ_PROXY,hold_current_no_challenger,-0.044269605110834775,5093552.877913075,False
2025-08-22 00:00:00+00:00,3238334.4619894526,0.0,False,0.0,,0,19102.076036243772,0.14832994262709676,True,112.0,QQQ_USDT_LONG,leveraged_contract,,,,False,False,10.0,1310547.1844590958,19102.076036243816,QQQ_PROXY,hold_current_no_challenger,0.14832994262709676,5849079.284062005,False
2025-08-25 00:00:00+00:00,3238334.4619894526,0.0,False,0.0,,0,18262.38431996537,-0.04395813914075053,True,112.0,QQQ_USDT_LONG,leveraged_contract,,,,False,False,10.0,1310547.1844590958,18262.384319965415,QQQ_PROXY,hold_current_no_challenger,-0.04395813914075053,5591964.643047926,False
2025-08-26 00:00:00+00:00,3238334.4619894526,0.0,False,0.0,,0,18928.60405574791,0.03648043563808878,True,112.0,QQQ_USDT_LONG,leveraged_contract,,,,False,False,10.0,1310547.1844590958,18928.604055747954,QQQ_PROXY,hold_current_no_challenger,0.03648043563808878,5795961.949299104,False
2025-08-27 00:00:00+00:00,3238334.4619894526,0.0,False,0.0,,0,19127.08014047075,0.010485510930351438,True,112.0,QQQ_USDT_LONG,leveraged_contract,,,,False,False,10.0,1310547.1844590958,19127.080140470796,QQQ_PROXY,hold_current_no_challenger,0.010485510930351438,5856735.57167038,False
2025-08-28 00:00:00+00:00,3238334.4619894526,0.0,False,0.0,,0,20969.327768395753,0.09631619747475284,True,112.0,QQQ_USDT_LONG,leveraged_contract,,,,False,False,10.0,1310547.1844590958,20969.327768395804,QQQ_PROXY,hold_current_no_challenger,0.09631619747475284,6420834.071548794,False
2025-08-29 00:00:00+00:00,3238334.4619894526,0.0,False,0.0,,0,18332.77269977,-0.12573388607142078,True,106.0,QQQ_USDT_LONG,leveraged_contract,,,,False,False,10.0,1310547.1844590958,18332.77269977005,QQQ_PROXY,hold_current_no_challenger,-0.12573388607142078,5613517.651913182,False
2025-09-02 00:00:00+00:00,3238334.4619894526,0.0,False,0.0,,0,16739.908595356217,-0.08688615358405483,True,106.0,QQQ_USDT_LONG,leveraged_contract,,,,False,False,10.0,1310547.1844590958,16739.908595356257,QQQ_PROXY,hold_current_no_challenger,-0.08688615358405483,5125780.69506225,False
2025-09-03 00:00:00+00:00,3238334.4619894526,0.0,False,0.0,,0,17217.79282200064,0.028547600718500377,True,106.0,QQQ_USDT_LONG,leveraged_contract,,,,False,False,10.0,1310547.1844590958,17217.792822000683,QQQ_PROXY,hold_current_no_challenger,0.028547600718500377,5272109.435715484,False
2025-09-04 00:00:00+00:00,3238334.4619894526,0.0,False,0.0,,0,18768.416302937974,0.09005936457523012,True,112.0,QQQ_USDT_LONG,leveraged_contract,,,,False,False,10.0,1310547.1844590958,18768.41630293802,QQQ_PROXY,hold_current_no_challenger,0.09005936457523012,5746912.261467096,False
2025-09-05 00:00:00+00:00,3238334.4619894526,0.0,False,0.0,,0,18641.709694985628,-0.006751054852321858,True,106.0,QQQ_USDT_LONG,leveraged_contract,,,,False,False,10.0,1310547.1844590958,18641.709694985675,QQQ_PROXY,hold_current_no_challenger,-0.006751054852321858,5708114.541558451,False
2025-09-08 00:00:00+00:00,3223891.4902889794,0.0,False,0.0,,0,19635.865966340538,0.053329672418529483,True,112.0,QQQ_USDT_LONG,leveraged_contract,,,,False,False,10.0,1310547.1844590958,19635.865966340585,QQQ_PROXY,hold_current_no_challenger,0.053329672418529483,6012526.420187208,False
2025-09-09 00:00:00+00:00,3223891.4902889794,0.0,False,0.0,,0,20254.669255334014,0.031513929156687936,True,106.0,QQQ_USDT_LONG,leveraged_contract,,,,False,False,10.0,1310547.1844590958,20254.66925533406,QQQ_PROXY,hold_current_no_challenger,0.031513929156687936,6202004.7518457025,False
2025-09-10 00:00:00+00:00,3223891.4902889794,0.0,True,113.9,BULL,1,20078.80700998466,-0.00868255329832368,True,106.0,QQQ_USDT_LONG,leveraged_contract,,,,False,False,10.0,1310547.1844590958,20078.807009984703,QQQ_PROXY,hold_current_hysteresis,-0.00868255329832368,6148155.515031345,False
2025-09-11 00:00:00+00:00,3223891.4902889794,0.0,True,113.9,BULL,1,21459.271024924656,0.0687522926164652,True,106.0,QQQ_USDT_LONG,leveraged_contract,,,,False,False,10.0,1310547.1844590958,21459.271024924707,QQQ_PROXY,hold_current_hysteresis,0.0687522926164652,6570855.302052314,False
2025-09-12 00:00:00+00:00,3223891.4902889794,0.0,True,113.9,BULL,1,22218.393323518427,0.03537502731160158,True,112.0,QQQ_USDT_LONG,leveraged_contract,,,,False,False,10.0,1310547.1844590958,22218.39332351848,QQQ_PROXY,hold_current_hysteresis,0.03537502731160158,6803299.487822997,False
2025-09-15 00:00:00+00:00,3223891.4902889794,0.0,True,113.9,BULL,1,24005.796856454006,0.08044702003918491,True,122.0,QQQ_USDT_LONG,leveraged_contract,,,,False,False,10.0,1310547.1844590958,24005.796856454064,QQQ_PROXY,hold_current_hysteresis,0.08044702003918491,7350604.658052471,False
2025-09-16 00:00:00+00:00,3223891.4902889794,0.0,True,113.9,BULL,1,23946.498881510124,-0.002470152326059516,True,106.0,QQQ_USDT_LONG,leveraged_contract,,,,False,False,10.0,1310547.1844590958,23946.498881510182,QQQ_PROXY,hold_current_hysteresis,-0.002470152326059516,7332447.544858438,False
2025-09-17 00:00:00+00:00,3223891.4902889794,0.0,True,113.9,BULL,1,23281.04450748711,-0.02778921366817566,True,112.0,QQQ_USDT_LONG,leveraged_contract,,,,False,False,10.0,1310547.1844590958,23281.044507487168,QQQ_PROXY,hold_current_hysteresis,-0.02778921366817566,7128684.593323677,False
2025-09-18 00:00:00+00:00,3509309.0517072435,0.08853200000000006,True,113.9,BULL,1,25297.11417545851,0.08659704539128565,True,112.0,QQQ_USDT_LONG,leveraged_contract,,,,False,False,10.0,1426572.5477936286,25297.114175458573,QQQ_PROXY,hold_current_hysteresis,0.08659704539128565,7746007.616631886,False
2025-09-19 00:00:00+00:00,3406591.5757637722,-0.02927000000000013,True,113.2,BULL,1,26329.131521342482,0.0407958527888197,True,106.0,QQQ_USDT_LONG,leveraged_contract,,,,False,False,10.0,1384816.769319709,26329.131521342548,QQQ_PROXY,hold_current_hysteresis,0.0407958527888197,8062012.603061076,False
2025-09-22 00:00:00+00:00,3406591.5757637722,0.0,False,0.0,,0,27950.200786036818,0.06156941649899439,True,122.0,QQQ_USDT_LONG,leveraged_contract,,,,False,False,10.0,1384816.769319709,27950.200786036887,QQQ_PROXY,hold_current_no_challenger,0.06156941649899439,8558386.014839085,False
2025-09-23 00:00:00+00:00,3406591.5757637722,0.0,False,0.0,,0,26074.367146565877,-0.06711342268453602,True,112.0,QQQ_USDT_LONG,leveraged_contract,,,,False,False,10.0,1384816.769319709,26074.367146565943,QQQ_PROXY,hold_current_no_challenger,-0.06711342268453602,7984003.436727768,False
2025-09-24 00:00:00+00:00,3406591.5757637722,0.0,False,0.0,,0,25022.029013172232,-0.04035910545703281,True,112.0,QQQ_USDT_LONG,leveraged_contract,,,,False,False,10.0,1384816.769319709,25022.029013172298,QQQ_PROXY,hold_current_no_challenger,-0.04035910545703281,7661776.200055559,False
2025-09-25 00:00:00+00:00,3406591.5757637722,0.0,False,0.0,,0,23841.506145925872,-0.04717934211589725,True,112.0,QQQ_USDT_LONG,leveraged_contract,,,,False,False,10.0,1384816.769319709,23841.506145925934,QQQ_PROXY,hold_current_no_challenger,-0.04717934211589725,7300298.639497698,False
2025-09-26 00:00:00+00:00,3406591.5757637722,0.0,False,0.0,,0,24656.62104611627,0.034188901288423335,True,112.0,QQQ_USDT_LONG,leveraged_contract,,,,False,False,10.0,1384816.769319709,24656.621046116335,QQQ_PROXY,hold_current_no_challenger,0.034188901288423335,7549887.8290594965,False
2025-09-29 00:00:00+00:00,3406591.5757637722,0.0,True,112.1,BULL,1,25765.977037211047,0.04499221483024396,True,112.0,QQQ_USDT_LONG,leveraged_contract,,,,False,False,10.0,1384816.769319709,25765.977037211116,QQQ_PROXY,hold_current_hysteresis,0.04499221483024396,7889574.0042087855,False
2025-09-30 00:00:00+00:00,3308062.7276179567,-0.028923000000000032,True,112.1,BULL,1,26420.047834662146,0.025385057066009686,True,102.0,QQQ_USDT_LONG,leveraged_contract,,,,False,True,7.5,1344763.7139006748,26420.047834662215,BTC,best_route_score,-0.028923000000000032,7653722.47142977,True
2025-10-01 00:00:00+00:00,3492897.4244608823,0.05587399999999998,True,122.1,BULL,1,27347.934633186618,0.035120557098580196,True,86.0,QQQ_USDT_LONG,leveraged_contract,,,,False,True,5.0,1419901.0416511612,27347.93463318669,BTC,hold_current_hysteresis,0.05587399999999998,8081366.560798436,False
2025-10-02 00:00:00+00:00,3645278.5675004125,0.04362599999999994,True,124.5,BULL,1,27898.791698930996,0.02014254725751452,True,92.0,QQQ_USDT_LONG,leveraged_contract,,,,False,True,5.0,1481845.6444942346,27898.79169893107,BTC,hold_current_hysteresis,0.04362599999999994,8433924.258379828,False
2025-10-03 00:00:00+00:00,5163846.939542572,0.416585,True,126.3,BULL,1,26681.76574787909,-0.04362289106228712,True,106.0,QQQ_USDT_LONG,leveraged_contract,,,,False,False,10.0,2099160.3123058653,26681.765747879163,BTC,hold_current_hysteresis,0.416585,11947370.59555699,False
2025-10-06 00:00:00+00:00,5163846.939542572,0.0,True,135.35,BULL,1,28160.60261445529,0.05542500000000006,True,96.0,QQQ_USDT_LONG,leveraged_contract,,,,False,True,7.5,2099160.3123058653,28160.60261445537,BTC,hold_current_hysteresis,0.0,11947370.59555699,False
2025-10-07 00:00:00+00:00,4556005.352442076,-0.11771100000000001,True,135.35,BULL,1,26942.49399712627,-0.04325577239969092,True,96.0,QQQ_USDT_LONG,leveraged_contract,,,,False,True,7.5,1852066.0527840296,26942.493997126345,BTC,hold_current_hysteresis,-0.11771100000000001,10541033.65538338,False
2025-10-08 00:00:00+00:00,4556005.352442076,0.0,False,0.0,,0,28400.639329126912,0.05412065164257518,True,92.0,QQQ_USDT_LONG,leveraged_contract,,,,False,True,5.0,1852066.0527840296,28400.639329126992,QQQ_PROXY,best_route_score,0.05412065164257518,11100409.744533246,True
2025-10-09 00:00:00+00:00,4556005.352442076,0.0,False,0.0,,0,28051.95388679842,-0.012277380036684327,True,86.0,QQQ_USDT_LONG,leveraged_contract,,,,False,True,5.0,1852066.0527840296,28051.953886798496,QQQ_PROXY,hold_current_no_challenger,-0.012277380036684327,10964125.795536697,False
2025-10-10 00:00:00+00:00,4556005.352442076,0.0,False,0.0,,0,27911.694117364426,-0.0050000000000000044,True,86.0,QQQ_USDT_LONG,leveraged_contract,,,,False,False,5.0,1852066.0527840296,27911.694117364503,QQQ_PROXY,hold_current_no_challenger,-0.0050000000000000044,10909305.166559013,False
2025-10-13 00:00:00+00:00,4556005.352442076,0.0,False,0.0,,0,27911.694117364426,0.0,False,0.0,CASH,leveraged_contract,,,,False,False,0.0,1852066.0527840296,27911.694117364503,CASH,no_eligible_candidates,0.0,10898395.861392453,True
2025-10-14 00:00:00+00:00,4556005.352442076,0.0,False,0.0,,0,27911.694117364426,0.0,False,0.0,CASH,leveraged_contract,,,,False,False,0.0,1852066.0527840296,27911.694117364503,CASH,no_eligible_candidates,0.0,10898395.861392453,False
2025-10-15 00:00:00+00:00,4556005.352442076,0.0,False,0.0,,0,27911.694117364426,0.0,False,0.0,CASH,leveraged_contract,,,,False,False,0.0,1852066.0527840296,27911.694117364503,CASH,no_eligible_candidates,0.0,10898395.861392453,False
2025-10-16 00:00:00+00:00,4556005.352442076,0.0,False,0.0,,0,27911.694117364426,0.0,False,0.0,CASH,leveraged_contract,,,,False,False,0.0,1852066.0527840296,27911.694117364503,CASH,no_eligible_candidates,0.0,10898395.861392453,False
2025-10-17 00:00:00+00:00,4556005.352442076,0.0,False,0.0,,0,27911.694117364426,0.0,False,0.0,CASH,leveraged_contract,,,,False,False,0.0,1852066.0527840296,27911.694117364503,CASH,no_eligible_candidates,0.0,10898395.861392453,False
2025-10-20 00:00:00+00:00,4556005.352442076,0.0,False,0.0,,0,27911.694117364426,0.0,False,0.0,CASH,leveraged_contract,,,,False,False,0.0,1852066.0527840296,27911.694117364503,CASH,no_eligible_candidates,0.0,10898395.861392453,False
2025-10-21 00:00:00+00:00,4556005.352442076,0.0,False,0.0,,0,27911.694117364426,0.0,False,0.0,CASH,leveraged_contract,,,,True,False,0.0,1852066.0527840296,27911.694117364503,CASH,no_eligible_candidates,0.0,10898395.861392453,False
2025-10-22 00:00:00+00:00,4556005.352442076,0.0,False,0.0,,0,27911.694117364426,0.0,False,0.0,CASH,leveraged_contract,,,,False,False,0.0,1852066.0527840296,27911.694117364503,CASH,no_eligible_candidates,0.0,10898395.861392453,False
2025-10-23 00:00:00+00:00,4556005.352442076,0.0,False,0.0,,0,27911.694117364426,0.0,False,0.0,CASH,leveraged_contract,,,,False,False,0.0,1852066.0527840296,27911.694117364503,CASH,no_eligible_candidates,0.0,10898395.861392453,False
2025-10-24 00:00:00+00:00,4556005.352442076,0.0,False,0.0,,0,27911.694117364426,0.0,False,0.0,CASH,leveraged_contract,,,,True,False,0.0,1852066.0527840296,27911.694117364503,CASH,no_eligible_candidates,0.0,10898395.861392453,False
2025-10-27 00:00:00+00:00,4556005.352442076,0.0,True,109.4,BULL,1,27911.694117364426,0.0,False,0.0,CASH,leveraged_contract,,,,True,False,0.0,1852066.0527840296,27911.694117364503,BTC,best_route_score,0.0,10887497.46553106,True
2025-10-28 00:00:00+00:00,4381974.659061023,-0.03819808800000002,True,130.5,BULL,1,27911.694117364426,0.0,False,0.0,CASH,leveraged_contract,,,,False,False,0.0,1781320.6707179726,27911.694117364503,BTC,hold_current_no_challenger,-0.03819808800000002,10471615.879242929,False
2025-10-29 00:00:00+00:00,4381974.659061023,0.0,False,0.0,,0,27911.694117364426,0.0,False,0.0,CASH,leveraged_contract,,,,False,False,0.0,1781320.6707179726,27911.694117364503,CASH,no_eligible_candidates,0.0,10461144.263363685,True
2025-10-30 00:00:00+00:00,4381974.659061023,0.0,False,0.0,,0,27911.694117364426,0.0,False,0.0,CASH,leveraged_contract,,,,False,False,0.0,1781320.6707179726,27911.694117364503,CASH,no_eligible_candidates,0.0,10461144.263363685,False
2025-10-31 00:00:00+00:00,4381974.659061023,0.0,False,0.0,,0,27911.694117364426,0.0,False,0.0,CASH,leveraged_contract,,,,False,False,0.0,1781320.6707179726,27911.694117364503,CASH,no_eligible_candidates,0.0,10461144.263363685,False
2025-11-03 00:00:00+00:00,4381974.659061023,0.0,False,0.0,,0,27911.694117364426,0.0,False,0.0,CASH,leveraged_contract,,,,False,False,0.0,1781320.6707179726,27911.694117364503,CASH,no_eligible_candidates,0.0,10461144.263363685,False
2025-11-04 00:00:00+00:00,4381974.659061023,0.0,False,0.0,,0,27911.694117364426,0.0,False,0.0,CASH,leveraged_contract,,,,False,False,0.0,1781320.6707179726,27911.694117364503,CASH,no_eligible_candidates,0.0,10461144.263363685,False
2025-11-05 00:00:00+00:00,4381974.659061023,0.0,False,0.0,,0,27911.694117364426,0.0,False,0.0,CASH,leveraged_contract,,,,True,False,0.0,1781320.6707179726,27911.694117364503,CASH,no_eligible_candidates,0.0,10461144.263363685,False
2025-11-06 00:00:00+00:00,4381974.659061023,0.0,False,0.0,,0,27911.694117364426,0.0,False,0.0,CASH,leveraged_contract,,,,True,False,0.0,1781320.6707179726,27911.694117364503,CASH,no_eligible_candidates,0.0,10461144.263363685,False
2025-11-07 00:00:00+00:00,4381974.659061023,0.0,False,0.0,,0,27911.694117364426,0.0,False,0.0,CASH,leveraged_contract,,,,False,False,0.0,1781320.6707179726,27911.694117364503,CASH,no_eligible_candidates,0.0,10461144.263363685,False
2025-11-10 00:00:00+00:00,4381974.659061023,0.0,False,0.0,,0,27911.694117364426,0.0,False,0.0,CASH,leveraged_contract,,,,False,False,0.0,1781320.6707179726,27911.694117364503,CASH,no_eligible_candidates,0.0,10461144.263363685,False
2025-11-11 00:00:00+00:00,4381974.659061023,0.0,False,0.0,,0,27911.694117364426,0.0,False,0.0,CASH,leveraged_contract,,,,False,False,0.0,1781320.6707179726,27911.694117364503,CASH,no_eligible_candidates,0.0,10461144.263363685,False
2025-11-12 00:00:00+00:00,4381974.659061023,0.0,False,0.0,,0,27911.694117364426,0.0,False,0.0,CASH,leveraged_contract,,,,False,False,0.0,1781320.6707179726,27911.694117364503,CASH,no_eligible_candidates,0.0,10461144.263363685,False
2025-11-13 00:00:00+00:00,4381974.659061023,0.0,False,0.0,,0,27911.694117364426,0.0,False,0.0,CASH,leveraged_contract,,,,False,False,0.0,1781320.6707179726,27911.694117364503,CASH,no_eligible_candidates,0.0,10461144.263363685,False
2025-11-14 00:00:00+00:00,4381974.659061023,0.0,False,0.0,,0,27911.694117364426,0.0,False,0.0,CASH,leveraged_contract,,,,False,False,0.0,1781320.6707179726,27911.694117364503,CASH,no_eligible_candidates,0.0,10461144.263363685,False
2025-11-17 00:00:00+00:00,4381974.659061023,0.0,False,0.0,,0,27911.694117364426,0.0,False,0.0,CASH,leveraged_contract,,,,False,False,0.0,1781320.6707179726,27911.694117364503,CASH,no_eligible_candidates,0.0,10461144.263363685,False
2025-11-18 00:00:00+00:00,4381974.659061023,0.0,False,0.0,,0,27911.694117364426,0.0,False,0.0,CASH,leveraged_contract,,,,False,False,0.0,1781320.6707179726,27911.694117364503,CASH,no_eligible_candidates,0.0,10461144.263363685,False
2025-11-19 00:00:00+00:00,4587072.982978374,0.046804999999999986,True,72.5,BEAR,1,27911.694117364426,0.0,False,0.0,CASH,leveraged_contract,,,,False,False,0.0,1864695.384710927,27911.694117364503,BTC,best_route_score,0.046804999999999986,10939827.34248981,True
2025-11-20 00:00:00+00:00,4587072.982978374,0.0,False,0.0,,0,27911.694117364426,0.0,False,0.0,CASH,leveraged_contract,,,,False,False,0.0,1864695.384710927,27911.694117364503,CASH,no_eligible_candidates,0.0,10928887.51514732,True
2025-11-21 00:00:00+00:00,4587072.982978374,0.0,False,0.0,,0,27911.694117364426,0.0,False,0.0,CASH,leveraged_contract,,,,False,False,0.0,1864695.384710927,27911.694117364503,CASH,no_eligible_candidates,0.0,10928887.51514732,False
2025-11-24 00:00:00+00:00,4587072.982978374,0.0,False,0.0,,0,27911.694117364426,0.0,False,0.0,CASH,leveraged_contract,,,,False,False,0.0,1864695.384710927,27911.694117364503,CASH,no_eligible_candidates,0.0,10928887.51514732,False
2025-11-25 00:00:00+00:00,4587072.982978374,0.0,False,0.0,,0,28952.432912739387,0.037286837230259495,True,112.0,QQQ_USDT_LONG,leveraged_contract,,,,False,False,10.0,1864695.384710927,28952.432912739467,QQQ_PROXY,best_route_score,0.037286837230259495,11325054.7738674,True
2025-11-26 00:00:00+00:00,4587072.982978374,0.0,False,0.0,,0,31620.035047791596,0.0921374083860993,True,112.0,QQQ_USDT_LONG,leveraged_contract,,,,False,False,10.0,1864695.384710927,31620.035047791684,QQQ_PROXY,hold_current_no_challenger,0.0921374083860993,12368515.970562164,False
2025-11-28 00:00:00+00:00,4587072.982978374,0.0,False,0.0,,0,33731.118650318655,0.06676411330146514,True,112.0,QQQ_USDT_LONG,leveraged_contract,,,,False,False,10.0,1864695.384710927,33731.11865031875,QQQ_PROXY,hold_current_no_challenger,0.06676411330146514,13194288.972191757,False
2025-12-01 00:00:00+00:00,4587072.982978374,0.0,False,0.0,,0,32523.244785179184,-0.03580888845286068,True,112.0,QQQ_USDT_LONG,leveraged_contract,,,,False,False,10.0,1864695.384710927,32523.24478517927,QQQ_PROXY,hold_current_no_challenger,-0.03580888845286068,12721816.150171733,False
2025-12-02 00:00:00+00:00,4587072.982978374,0.0,False,0.0,,0,35012.57879171849,0.07654014914507234,True,112.0,QQQ_USDT_LONG,leveraged_contract,,,,False,False,10.0,1864695.384710927,35012.57879171859,QQQ_PROXY,hold_current_no_challenger,0.07654014914507234,13695545.855702067,False
2025-12-03 00:00:00+00:00,4587072.982978374,0.0,False,0.0,,0,35648.27630990012,0.01815626098160994,True,106.0,QQQ_USDT_LONG,leveraged_contract,,,,False,False,10.0,1864695.384710927,35648.27630990021,QQQ_PROXY,hold_current_no_challenger,0.01815626098160994,13944205.760543799,False
2025-12-04 00:00:00+00:00,4587072.982978374,0.0,False,0.0,,0,35266.08603942623,-0.010721143068781358,True,106.0,QQQ_USDT_LONG,leveraged_contract,,,,False,False,10.0,1864695.384710927,35266.08603942632,QQQ_PROXY,hold_current_no_challenger,-0.010721143068781358,13794707.935604483,False
2025-12-05 00:00:00+00:00,4587072.982978374,0.0,False,0.0,,0,36673.02808822938,0.03989504384553033,True,106.0,QQQ_USDT_LONG,leveraged_contract,,,,False,False,10.0,1864695.384710927,36673.02808822948,QQQ_PROXY,hold_current_no_challenger,0.03989504384553033,14345048.41353171,False
2025-12-08 00:00:00+00:00,4587072.982978374,0.0,False,0.0,,0,35448.22015984579,-0.033398058252427365,True,112.0,QQQ_USDT_LONG,leveraged_contract,,,,False,False,10.0,1864695.384710927,35448.220159845885,QQQ_PROXY,hold_current_no_challenger,-0.033398058252427365,13865951.650982687,False
2025-12-09 00:00:00+00:00,4587072.982978374,0.0,False,0.0,,0,35265.554225447646,-0.0051530354295491465,True,112.0,QQQ_USDT_LONG,leveraged_contract,,,,False,False,10.0,1864695.384710927,35265.55422544774,QQQ_PROXY,hold_current_no_challenger,-0.0051530354295491465,13794499.910860758,False
2025-12-10 00:00:00+00:00,4587072.982978374,0.0,False,0.0,,0,36886.011935184,0.04595015576324135,True,106.0,QQQ_USDT_LONG,leveraged_contract,,,,False,False,10.0,1864695.384710927,36886.0119351841,QQQ_PROXY,hold_current_no_challenger,0.04595015576324135,14428359.330440829,False
2025-12-11 00:00:00+00:00,4587072.982978374,0.0,False,0.0,,0,36084.43772211423,-0.02173111624206736,True,112.0,QQQ_USDT_LONG,leveraged_contract,,,,False,False,10.0,1864695.384710927,36084.43772211433,QQQ_PROXY,hold_current_no_challenger,-0.02173111624206736,14114814.976648701,False
2025-12-12 00:00:00+00:00,4587072.982978374,0.0,False,0.0,,0,29239.893389391505,-0.1896813353566007,True,106.0,QQQ_USDT_LONG,leveraged_contract,,,,False,False,10.0,1864695.384710927,29239.89338939159,QQQ_PROXY,hold_current_no_challenger,-0.1896813353566007,11437498.02356663,False
2025-12-15 00:00:00+00:00,5259533.29521002,0.14659899999999992,True,60.0,BEAR,1,27729.99344926892,-0.05163835312307907,True,106.0,QQQ_USDT_LONG,leveraged_contract,,,,False,False,10.0,2138057.863414164,27729.993449269004,QQQ_PROXY,hold_current_hysteresis,-0.05163835312307907,10846884.461781178,False
2025-12-16 00:00:00+00:00,5259533.29521002,0.0,False,0.0,,0,28147.027363002264,0.015039091678701322,True,106.0,QQQ_USDT_LONG,leveraged_contract,,,,False,False,10.0,2138057.863414164,28147.027363002348,QQQ_PROXY,hold_current_no_challenger,0.015039091678701322,11010011.751630185,False
2025-12-17 00:00:00+00:00,5259533.29521002,0.0,False,0.0,,0,27865.55708937224,-0.010000000000000009,True,106.0,QQQ_USDT_LONG,leveraged_contract,,,,False,False,10.0,2138057.863414164,27865.557089372323,QQQ_PROXY,hold_current_no_challenger,-0.010000000000000009,10899911.634113884,False
2025-12-18 00:00:00+00:00,5259533.29521002,0.0,False,0.0,,0,27865.55708937224,0.0,False,0.0,CASH,leveraged_contract,,,,False,False,0.0,2138057.863414164,27865.557089372323,CASH,no_eligible_candidates,0.0,10889011.72247977,True
2025-12-19 00:00:00+00:00,5259533.29521002,0.0,False,0.0,,0,27865.55708937224,0.0,False,0.0,CASH,leveraged_contract,,,,False,False,0.0,2138057.863414164,27865.557089372323,CASH,no_eligible_candidates,0.0,10889011.72247977,False
2025-12-22 00:00:00+00:00,5259533.29521002,0.0,False,0.0,,0,27865.55708937224,0.0,False,0.0,CASH,leveraged_contract,,,,False,False,0.0,2138057.863414164,27865.557089372323,CASH,no_eligible_candidates,0.0,10889011.72247977,False
2025-12-23 00:00:00+00:00,5259533.29521002,0.0,False,0.0,,0,28781.035129595133,0.03285339091864237,True,112.0,QQQ_USDT_LONG,leveraged_contract,,,,False,False,10.0,2138057.863414164,28781.035129595217,QQQ_PROXY,best_route_score,0.03285339091864237,11235505.92863476,True
2025-12-24 00:00:00+00:00,5259533.29521002,0.0,False,0.0,,0,29502.90918889662,0.025081587790398707,True,122.0,QQQ_USDT_LONG,leveraged_contract,,,,False,False,10.0,2138057.863414164,29502.90918889671,QQQ_PROXY,hold_current_no_challenger,0.025081587790398707,11517310.256953359,False
2025-12-26 00:00:00+00:00,5259533.29521002,0.0,False,0.0,,0,29448.73460305803,-0.001836245554353022,True,106.0,QQQ_USDT_LONG,leveraged_contract,,,,False,False,10.0,2138057.863414164,29448.734603058118,QQQ_PROXY,hold_current_no_challenger,-0.001836245554353022,11496161.647195924,False
2025-12-29 00:00:00+00:00,5259533.29521002,0.0,False,0.0,,0,28042.523580283392,-0.04775115269735952,True,112.0,QQQ_USDT_LONG,leveraged_contract,,,,False,False,10.0,2138057.863414164,28042.523580283476,QQQ_PROXY,hold_current_no_challenger,-0.04775115269735952,10947206.676947143,False
2025-12-30 00:00:00+00:00,5259533.29521002,0.0,False,0.0,,0,27337.102678254123,-0.025155400155399965,True,112.0,QQQ_USDT_LONG,leveraged_contract,,,,False,False,10.0,2138057.863414164,27337.102678254203,QQQ_PROXY,hold_current_no_challenger,-0.025155400155399965,10671825.312404672,False
2025-12-31 00:00:00+00:00,5259533.29521002,0.0,False,0.0,,0,24926.249785172226,-0.08818977349050461,True,106.0,QQQ_USDT_LONG,leveraged_contract,,,,False,False,10.0,2138057.863414164,24926.2497851723,QQQ_PROXY,hold_current_no_challenger,-0.08818977349050461,9730679.45537347,False
2026-01-02 00:00:00+00:00,5259533.29521002,0.0,True,112.8,BULL,1,24013.961859090497,-0.036599485841003476,True,106.0,QQQ_USDT_LONG,leveraged_contract,,,,False,False,10.0,2138057.863414164,24013.96185909057,QQQ_PROXY,hold_current_hysteresis,-0.036599485841003476,9374541.590423185,False
2026-01-05 00:00:00+00:00,5561824.971352215,0.05747499999999994,True,112.8,BULL,1,23773.822240499594,-0.009999999999999898,True,112.0,QQQ_USDT_LONG,leveraged_contract,,,,False,False,10.0,2260942.7391138934,23773.82224049967,QQQ_PROXY,hold_current_hysteresis,-0.009999999999999898,9280796.174518954,False
2026-01-06 00:00:00+00:00,5545139.496438159,-0.0029999999999998916,True,115.0,BULL,1,25734.85823547512,0.08248719853027375,True,112.0,QQQ_USDT_LONG,leveraged_contract,,,,False,False,10.0,2254159.910896552,25734.8582354752,QQQ_PROXY,hold_current_hysteresis,0.08248719853027375,10046343.051085504,False
2026-01-07 00:00:00+00:00,5545139.496438159,0.0,True,60.0,BEAR,1,25809.57836584672,0.0029034599564492503,True,106.0,QQQ_USDT_LONG,leveraged_contract,,,,False,False,10.0,2254159.910896552,25809.5783658468,QQQ_PROXY,hold_current_hysteresis,0.0029034599564492503,10075512.205843084,False
2026-01-08 00:00:00+00:00,6329449.571953868,0.14144099999999993,True,60.0,BEAR,1,24298.785959931443,-0.058536113395578626,True,112.0,QQQ_USDT_LONG,leveraged_contract,,,,False,False,10.0,2572990.5428536707,24298.785959931516,QQQ_PROXY,hold_current_hysteresis,-0.058536113395578626,9485730.880843317,False
2026-01-09 00:00:00+00:00,6329449.571953868,0.0,False,0.0,,0,26313.058498689603,0.08289601554907655,True,112.0,QQQ_USDT_LONG,leveraged_contract,,,,False,False,10.0,2572990.5428536707,26313.058498689687,QQQ_PROXY,hold_current_no_challenger,0.08289601554907655,10272060.17543606,False
2026-01-12 00:00:00+00:00,6121141.057091294,0.0,False,0.0,,0,26391.645805855547,0.00298662761570867,True,106.0,QQQ_USDT_LONG,leveraged_contract,,,,False,False,10.0,2572990.5428536707,26391.645805855627,QQQ_PROXY,hold_current_no_challenger,0.00298662761570867,10302738.99402624,False
2026-01-13 00:00:00+00:00,6121141.057091294,0.0,False,0.0,,0,25908.626877472816,-0.018301963126360343,True,106.0,QQQ_USDT_LONG,leveraged_contract,,,,False,False,10.0,2572990.5428536707,25908.626877472896,QQQ_PROXY,hold_current_no_challenger,-0.018301963126360343,10114178.644857056,False
2026-01-14 00:00:00+00:00,6547631.560244129,0.06967499999999993,True,112.0,BULL,1,23210.306519877635,-0.10414756329449992,True,106.0,QQQ_USDT_LONG,leveraged_contract,,,,False,False,10.0,2752263.658927,23210.306519877704,QQQ_PROXY,hold_current_hysteresis,-0.10414756329449992,9060811.584269926,False
2026-01-15 00:00:00+00:00,6547631.560244129,0.0,False,0.0,,0,24232.836922767576,0.044055015043176216,True,112.0,QQQ_USDT_LONG,leveraged_contract,,,,False,False,10.0,2752263.658927,24232.836922767645,QQQ_PROXY,hold_current_no_challenger,0.044055015043176216,9459985.774918323,False
2026-01-16 00:00:00+00:00,6359825.844201647,-0.028683000000000014,True,90.0,BULL,1,23936.05639242521,-0.012247040298593026,True,112.0,QQQ_USDT_LONG,leveraged_contract,,,,False,False,10.0,2673320.480397997,23936.05639242528,QQQ_PROXY,hold_current_hysteresis,-0.012247040298593026,9344128.947908781,False
2026-01-20 00:00:00+00:00,6175079.263253433,0.0,False,0.0,,0,20724.503146729574,-0.13417219583055295,True,106.0,QQQ_USDT_LONG,leveraged_contract,,,,False,False,10.0,2673320.480397997,20724.503146729636,QQQ_PROXY,hold_current_no_challenger,-0.13417219583055295,8090406.648844026,False
2026-01-21 00:00:00+00:00,6175079.263253433,0.0,False,0.0,,0,23373.83126922646,0.12783554345016768,True,106.0,QQQ_USDT_LONG,leveraged_contract,,,,False,False,10.0,2673320.480397997,23373.831269226528,QQQ_PROXY,hold_current_no_challenger,0.12783554345016768,9124648.179531852,False
2026-01-22 00:00:00+00:00,6175079.263253433,0.0,False,0.0,,0,23140.092956534194,-0.010000000000000009,True,112.0,QQQ_USDT_LONG,leveraged_contract,,,,False,False,10.0,2673320.480397997,23140.092956534263,QQQ_PROXY,hold_current_no_challenger,-0.010000000000000009,9033401.697736533,False
2026-01-23 00:00:00+00:00,6175079.263253433,0.0,False,0.0,,0,23140.092956534194,0.0,False,0.0,CASH,leveraged_contract,,,,False,False,0.0,2673320.480397997,23140.092956534263,CASH,no_eligible_candidates,0.0,9024368.296038797,True
2026-01-26 00:00:00+00:00,6175079.263253433,0.0,False,0.0,,0,25263.5359827613,0.09176467139590705,True,112.0,QQQ_USDT_LONG,leveraged_contract,,,,False,False,10.0,2673320.480397997,25263.535982761376,QQQ_PROXY,best_route_score,0.09176467139590705,9842634.000793159,True
2026-01-27 00:00:00+00:00,6175079.263253433,0.0,False,0.0,,0,27332.09560163107,0.08187925950988273,True,122.0,QQQ_USDT_LONG,leveraged_contract,,,,False,False,10.0,2673320.480397997,27332.095601631154,QQQ_PROXY,hold_current_no_challenger,0.08187925950988273,10648541.584404897,False
2026-01-28 00:00:00+00:00,6175079.263253433,0.0,False,0.0,,0,27803.135594765594,0.017233950883239757,True,122.0,QQQ_USDT_LONG,leveraged_contract,,,,False,False,10.0,2673320.480397997,27803.135594765678,QQQ_PROXY,hold_current_no_challenger,0.017233950883239757,10832058.027048668,False
2026-01-29 00:00:00+00:00,6175079.263253433,0.0,False,0.0,,0,24806.75467315721,-0.10777133073337608,True,112.0,QQQ_USDT_LONG,leveraged_contract,,,,False,False,10.0,2673320.480397997,24806.754673157287,QQQ_PROXY,hold_current_no_challenger,-0.10777133073337608,9664672.718892485,False
2026-01-30 00:00:00+00:00,6175079.263253433,0.0,False,0.0,,0,21672.335798940534,-0.12635344346789368,True,106.0,QQQ_USDT_LONG,leveraged_contract,,,,False,False,10.0,2673320.480397997,21672.3357989406,QQQ_PROXY,hold_current_no_challenger,-0.12635344346789368,8443508.040870208,False
2026-02-02 00:00:00+00:00,6175079.263253433,0.0,False,0.0,,0,24388.805620977757,0.12534273403838725,True,112.0,QQQ_USDT_LONG,leveraged_contract,,,,False,False,10.0,2673320.480397997,24388.80562097783,QQQ_PROXY,hold_current_no_challenger,0.12534273403838725,9501840.423587987,False
2026-02-03 00:00:00+00:00,6175079.263253433,0.0,False,0.0,,0,20387.859594233378,-0.16404846095878556,True,106.0,QQQ_USDT_LONG,leveraged_contract,,,,False,False,10.0,2673320.480397997,20387.85959423344,QQQ_PROXY,hold_current_no_challenger,-0.16404846095878556,7943078.125822403,False
2026-02-04 00:00:00+00:00,6175079.263253433,0.0,False,0.0,,0,17977.755601136643,-0.11821270310191967,True,106.0,QQQ_USDT_LONG,leveraged_contract,,,,False,False,10.0,2673320.480397997,17977.755601136698,QQQ_PROXY,hold_current_no_challenger,-0.11821270310191967,7004105.389619206,False
2026-02-05 00:00:00+00:00,6175079.263253433,0.0,False,0.0,,0,17977.755601136643,0.0,False,0.0,CASH,leveraged_contract,,,,False,False,0.0,2673320.480397997,17977.755601136698,CASH,no_eligible_candidates,0.0,6997101.284229587,True
2026-02-06 00:00:00+00:00,6175079.263253433,0.0,False,0.0,,0,17977.755601136643,0.0,False,0.0,CASH,leveraged_contract,,,,False,False,0.0,2673320.480397997,17977.755601136698,CASH,no_eligible_candidates,0.0,6997101.284229587,False
2026-02-09 00:00:00+00:00,6175079.263253433,0.0,True,72.5,BEAR,1,17977.755601136643,0.0,False,0.0,CASH,leveraged_contract,,,,False,False,0.0,2673320.480397997,17977.755601136698,BTC,best_route_score,0.0,6990104.182945358,True
2026-02-10 00:00:00+00:00,6507242.951903097,0.05379099999999992,True,72.5,BEAR,1,17977.755601136643,0.0,False,0.0,CASH,leveraged_contract,,,,False,False,0.0,2817121.0623590853,17977.755601136698,BTC,hold_current_no_challenger,0.05379099999999992,7366108.877050171,False
2026-02-11 00:00:00+00:00,6507242.951903097,0.0,False,0.0,,0,17977.755601136643,0.0,False,0.0,CASH,leveraged_contract,,,,False,False,0.0,2817121.0623590853,17977.755601136698,CASH,no_eligible_candidates,0.0,7358742.768173121,True
2026-02-12 00:00:00+00:00,6507242.951903097,0.0,False,0.0,,0,17977.755601136643,0.0,False,0.0,CASH,leveraged_contract,,,,False,False,0.0,2817121.0623590853,17977.755601136698,CASH,no_eligible_candidates,0.0,7358742.768173121,False
2026-02-13 00:00:00+00:00,6507242.951903097,0.0,False,0.0,,0,17977.755601136643,0.0,False,0.0,CASH,leveraged_contract,,,,False,False,0.0,2817121.0623590853,17977.755601136698,CASH,no_eligible_candidates,0.0,7358742.768173121,False
2026-02-17 00:00:00+00:00,6507242.951903097,0.0,False,0.0,,0,17977.755601136643,0.0,False,0.0,CASH,leveraged_contract,,,,False,False,0.0,2817121.0623590853,17977.755601136698,CASH,no_eligible_candidates,0.0,7358742.768173121,False
2026-02-18 00:00:00+00:00,6507242.951903097,0.0,False,0.0,,0,17977.755601136643,0.0,False,0.0,CASH,leveraged_contract,,,,False,False,0.0,2817121.0623590853,17977.755601136698,CASH,no_eligible_candidates,0.0,7358742.768173121,False
2026-02-19 00:00:00+00:00,6507242.951903097,0.0,False,0.0,,0,17977.755601136643,0.0,False,0.0,CASH,leveraged_contract,,,,False,False,0.0,2817121.0623590853,17977.755601136698,CASH,no_eligible_candidates,0.0,7358742.768173121,False
2026-02-20 00:00:00+00:00,6507242.951903097,0.0,False,0.0,,0,17977.755601136643,0.0,False,0.0,CASH,leveraged_contract,,,,False,False,0.0,2817121.0623590853,17977.755601136698,CASH,no_eligible_candidates,0.0,7358742.768173121,False
2026-02-23 00:00:00+00:00,7787926.9300241945,0.196809,True,60.0,BEAR,1,17977.755601136643,0.0,False,0.0,CASH,leveraged_contract,,,,False,False,0.0,3371555.841520915,17977.755601136698,BTC,best_route_score,0.196809,8798202.56406087,True
2026-02-24 00:00:00+00:00,7787926.9300241945,0.0,False,0.0,,0,17977.755601136643,0.0,False,0.0,CASH,leveraged_contract,,,,False,False,0.0,3371555.841520915,17977.755601136698,CASH,no_eligible_candidates,0.0,8789404.36149681,True
2026-02-25 00:00:00+00:00,7787926.9300241945,0.0,False,0.0,,0,17977.755601136643,0.0,False,0.0,CASH,leveraged_contract,,,,False,False,0.0,3371555.841520915,17977.755601136698,CASH,no_eligible_candidates,0.0,8789404.36149681,False
2026-02-26 00:00:00+00:00,7787926.9300241945,0.0,False,0.0,,0,17977.755601136643,0.0,False,0.0,CASH,leveraged_contract,,,,False,False,0.0,3371555.841520915,17977.755601136698,CASH,no_eligible_candidates,0.0,8789404.36149681,False
2026-02-27 00:00:00+00:00,7787926.9300241945,0.0,False,0.0,,0,17977.755601136643,0.0,False,0.0,CASH,leveraged_contract,,,,False,False,0.0,3371555.841520915,17977.755601136698,CASH,no_eligible_candidates,0.0,8789404.36149681,False
2026-03-02 00:00:00+00:00,7787926.9300241945,0.0,False,0.0,,0,17977.755601136643,0.0,False,0.0,CASH,leveraged_contract,,,,False,False,0.0,3371555.841520915,17977.755601136698,CASH,no_eligible_candidates,0.0,8789404.36149681,False
2026-03-03 00:00:00+00:00,7787926.9300241945,0.0,False,0.0,,0,17977.755601136643,0.0,False,0.0,CASH,leveraged_contract,,,,False,False,0.0,3371555.841520915,17977.755601136698,CASH,no_eligible_candidates,0.0,8789404.36149681,False
2026-03-04 00:00:00+00:00,7787926.9300241945,0.0,True,98.0,BULL,1,17977.755601136643,0.0,False,0.0,CASH,leveraged_contract,,,,False,False,0.0,3371555.841520915,17977.755601136698,BTC,best_route_score,0.0,8780614.957135312,True
2026-03-05 00:00:00+00:00,7519383.6336231,-0.03448200000000001,True,98.0,BULL,1,17977.755601136643,0.0,False,0.0,CASH,leveraged_contract,,,,False,False,0.0,3255297.8529935903,17977.755601136698,BTC,hold_current_no_challenger,-0.03448200000000001,8477841.792183373,False
2026-03-06 00:00:00+00:00,7519383.6336231,0.0,False,0.0,,0,17977.755601136643,0.0,False,0.0,CASH,leveraged_contract,,,,False,False,0.0,3255297.8529935903,17977.755601136698,CASH,no_eligible_candidates,0.0,8469363.95039119,True
2026-03-09 00:00:00+00:00,7519383.6336231,0.0,False,0.0,,0,17977.755601136643,0.0,False,0.0,CASH,leveraged_contract,,,,False,False,0.0,3255297.8529935903,17977.755601136698,CASH,no_eligible_candidates,0.0,8469363.95039119,False
2026-03-10 00:00:00+00:00,7519383.6336231,0.0,False,0.0,,0,17977.755601136643,0.0,False,0.0,CASH,leveraged_contract,,,,False,False,0.0,3255297.8529935903,17977.755601136698,CASH,no_eligible_candidates,0.0,8469363.95039119,False
2026-03-11 00:00:00+00:00,7519383.6336231,0.0,True,112.2,BULL,1,17977.755601136643,0.0,False,0.0,CASH,leveraged_contract,,,,False,False,0.0,3255297.8529935903,17977.755601136698,BTC,best_route_score,0.0,8460894.5864408,True
2026-03-12 00:00:00+00:00,7284981.887612167,-0.031173000000000006,True,112.2,BULL,1,17977.755601136643,0.0,False,0.0,CASH,leveraged_contract,,,,False,False,0.0,3153820.453022221,17977.755601136698,BTC,hold_current_no_challenger,-0.031173000000000006,8197143.119497681,False
2026-03-13 00:00:00+00:00,7619012.87712296,0.045852000000000004,True,119.8,BULL,1,17977.755601136643,0.0,False,0.0,CASH,leveraged_contract,,,,False,False,0.0,3298429.428434196,17977.755601136698,BTC,hold_current_no_challenger,0.045852000000000004,8572998.525812889,False
2026-03-16 00:00:00+00:00,8171245.604712113,0.07248087599999997,True,97.4,BULL,1,17977.755601136643,0.0,False,0.0,CASH,leveraged_contract,,,,False,False,0.0,3537502.482831286,17977.755601136698,BTC,hold_current_no_challenger,0.07248087599999997,9194376.968910515,False
2026-03-17 00:00:00+00:00,8533248.12749207,0.044302000000000064,True,126.8,BULL,1,17977.755601136643,0.0,False,0.0,CASH,leveraged_contract,,,,False,False,0.0,3694220.9178256774,17977.755601136698,BTC,hold_current_no_challenger,0.044302000000000064,9601706.25738719,False
2026-03-18 00:00:00+00:00,8214403.311208329,-0.03736499999999998,True,115.2,BULL,1,17977.755601136643,0.0,False,0.0,CASH,leveraged_contract,,,,False,False,0.0,3556186.3532311213,17977.755601136698,BTC,hold_current_no_challenger,-0.03736499999999998,9242938.503079917,False
2026-03-19 00:00:00+00:00,8214403.311208329,0.0,False,0.0,,0,17977.755601136643,0.0,False,0.0,CASH,leveraged_contract,,,,False,False,0.0,3556186.3532311213,17977.755601136698,CASH,no_eligible_candidates,0.0,9233695.564576838,True
2026-03-20 00:00:00+00:00,8214403.311208329,0.0,False,0.0,,0,17977.755601136643,0.0,False,0.0,CASH,leveraged_contract,,,,False,False,0.0,3556186.3532311213,17977.755601136698,CASH,no_eligible_candidates,0.0,9233695.564576838,False
2026-03-23 00:00:00+00:00,8214403.311208329,0.0,False,0.0,,0,17977.755601136643,0.0,False,0.0,CASH,leveraged_contract,,,,False,False,0.0,3556186.3532311213,17977.755601136698,CASH,no_eligible_candidates,0.0,9233695.564576838,False
2026-03-24 00:00:00+00:00,8214403.311208329,0.0,False,0.0,,0,17977.755601136643,0.0,False,0.0,CASH,leveraged_contract,,,,False,False,0.0,3556186.3532311213,17977.755601136698,CASH,no_eligible_candidates,0.0,9233695.564576838,False
2026-03-25 00:00:00+00:00,8214403.311208329,0.0,False,0.0,,0,17977.755601136643,0.0,False,0.0,CASH,leveraged_contract,,,,False,False,0.0,3556186.3532311213,17977.755601136698,CASH,no_eligible_candidates,0.0,9233695.564576838,False
2026-03-26 00:00:00+00:00,8214403.311208329,0.0,False,0.0,,0,17977.755601136643,0.0,False,0.0,CASH,leveraged_contract,,,,False,False,0.0,3556186.3532311213,17977.755601136698,CASH,no_eligible_candidates,0.0,9233695.564576838,False
2026-03-27 00:00:00+00:00,8214403.311208329,0.0,False,0.0,,0,17977.755601136643,0.0,False,0.0,CASH,leveraged_contract,,,,False,False,0.0,3556186.3532311213,17977.755601136698,CASH,no_eligible_candidates,0.0,9233695.564576838,False
2026-03-30 00:00:00+00:00,8214403.311208329,0.0,False,0.0,,0,17977.755601136643,0.0,False,0.0,CASH,leveraged_contract,,,,False,False,0.0,3556186.3532311213,17977.755601136698,CASH,no_eligible_candidates,0.0,9233695.564576838,False
2026-03-31 00:00:00+00:00,8214403.311208329,0.0,False,0.0,,0,17977.755601136643,0.0,False,0.0,CASH,leveraged_contract,,,,False,False,0.0,3556186.3532311213,17977.755601136698,CASH,no_eligible_candidates,0.0,9233695.564576838,False
2026-04-01 00:00:00+00:00,8214403.311208329,0.0,False,0.0,,0,17977.755601136643,0.0,False,0.0,CASH,leveraged_contract,,,,False,False,0.0,3556186.3532311213,17977.755601136698,CASH,no_eligible_candidates,0.0,9233695.564576838,False
2026-04-02 00:00:00+00:00,8214403.311208329,0.0,False,0.0,,0,17977.755601136643,0.0,False,0.0,CASH,leveraged_contract,,,,False,False,0.0,3556186.3532311213,17977.755601136698,CASH,no_eligible_candidates,0.0,9233695.564576838,False
2026-04-06 00:00:00+00:00,7993452.2909434475,-0.026897999999999977,True,97.7,BULL,1,17977.755601136643,0.0,False,0.0,CASH,leveraged_contract,,,,False,False,0.0,3460532.052701911,17977.755601136698,BTC,best_route_score,-0.026897999999999977,8976342.29365957,True
2026-04-07 00:00:00+00:00,7253586.340346012,-0.09255900000000006,True,60.0,BEAR,1,17977.755601136643,0.0,False,0.0,CASH,leveraged_contract,,,,False,False,0.0,3140228.6664358745,17977.755601136698,BTC,hold_current_no_challenger,-0.09255900000000006,8145501.027300733,False
2026-04-08 00:00:00+00:00,7231825.581324974,-0.0030000000000000027,True,107.5,BULL,1,17977.755601136643,0.0,False,0.0,CASH,leveraged_contract,,,,False,False,0.0,3130807.9804365668,17977.755601136698,BTC,hold_current_no_challenger,-0.0030000000000000027,8121064.524218831,False
2026-04-09 00:00:00+00:00,9909018.484229155,0.3701960000000002,True,121.6,BULL,1,17977.755601136643,0.0,False,0.0,CASH,leveraged_contract,,,,False,False,0.0,4289820.571562262,17977.755601136698,BTC,hold_current_no_challenger,0.3701960000000002,11127450.126826547,False
2026-04-10 00:00:00+00:00,9909018.484229155,0.0,True,124.5,BULL,1,17977.755601136643,0.0,False,0.0,CASH,leveraged_contract,,,,False,False,0.0,4289820.571562262,17977.755601136698,BTC,hold_current_no_challenger,0.0,11127450.126826547,False
2026-04-13 00:00:00+00:00,9634954.850992346,0.0,False,0.0,,0,17977.755601136643,0.0,False,0.0,CASH,leveraged_contract,,,,False,False,0.0,4289820.571562262,17977.755601136698,CASH,no_eligible_candidates,0.0,11116322.67669972,True
2026-04-14 00:00:00+00:00,9634954.850992346,0.0,True,113.4,BULL,1,17977.755601136643,0.0,False,0.0,CASH,leveraged_contract,,,,False,False,0.0,4289820.571562262,17977.755601136698,BTC,best_route_score,0.0,11105206.35402302,True
2026-04-15 00:00:00+00:00,9349172.455157062,-0.02966100000000005,True,113.4,BULL,1,17977.755601136643,0.0,False,0.0,CASH,leveraged_contract,,,,False,False,0.0,4162580.203589154,17977.755601136698,BTC,hold_current_no_challenger,-0.02966100000000005,10775814.828356344,False
2026-04-16 00:00:00+00:00,10094712.863421107,0.07974400000000004,True,121.6,BULL,1,17977.755601136643,0.0,False,0.0,CASH,leveraged_contract,,,,False,False,0.0,4494520.999344167,17977.755601136698,BTC,hold_current_no_challenger,0.07974400000000004,11635121.406028792,False
2026-04-17 00:00:00+00:00,14370944.274207784,0.42361099999999996,True,110.3,BULL,1,17977.755601136643,0.0,False,0.0,CASH,leveraged_contract,,,,False,False,0.0,6398449.53439735,17977.755601136698,BTC,hold_current_no_challenger,0.42361099999999996,16563886.819958055,False
2026-04-20 00:00:00+00:00,15226504.07062847,0.0,False,0.0,,0,17977.755601136643,0.0,False,0.0,CASH,leveraged_contract,,,,False,False,0.0,6398449.53439735,17977.755601136698,CASH,no_eligible_candidates,0.0,16547322.933138097,True
2026-04-21 00:00:00+00:00,15226504.07062847,0.0,False,0.0,,0,17977.755601136643,0.0,False,0.0,CASH,leveraged_contract,,,,False,False,0.0,6398449.53439735,17977.755601136698,CASH,no_eligible_candidates,0.0,16547322.933138097,False
2026-04-22 00:00:00+00:00,15226504.07062847,0.0,True,114.5,BULL,1,17977.755601136643,0.0,False,0.0,CASH,leveraged_contract,,,,False,False,0.0,6398449.53439735,17977.755601136698,BTC,best_route_score,0.0,16530775.61020496,True
2026-04-23 00:00:00+00:00,14727059.510607786,-0.03280099999999997,True,114.5,BULL,1,17977.755601136643,0.0,False,0.0,CASH,leveraged_contract,,,,False,False,0.0,6188573.991219582,17977.755601136698,BTC,hold_current_no_challenger,-0.03280099999999997,15988549.639414627,False
2026-04-24 00:00:00+00:00,14727059.510607786,0.0,False,0.0,,0,17977.755601136643,0.0,False,0.0,CASH,leveraged_contract,,,,False,False,0.0,6188573.991219582,17977.755601136698,CASH,no_eligible_candidates,0.0,15972561.089775212,True
2026-04-27 00:00:00+00:00,14309223.378172822,-0.028371999999999953,True,105.1,BULL,1,17977.755601136643,0.0,False,0.0,CASH,leveraged_contract,,,,False,False,0.0,6012991.7699407,17977.755601136698,BTC,best_route_score,-0.028371999999999953,15503868.198949575,True
2026-04-28 00:00:00+00:00,14309223.378172822,0.0,False,0.0,,0,17977.755601136643,0.0,False,0.0,CASH,leveraged_contract,,,,False,False,0.0,6012991.7699407,17977.755601136698,CASH,no_eligible_candidates,0.0,15488364.330750626,True
2026-04-29 00:00:00+00:00,14309223.378172822,0.0,False,0.0,,0,18526.842592589415,0.03054257737367716,True,112.0,QQQ_USDT_LONG,leveraged_contract,,,,False,False,10.0,6012991.7699407,18526.84259258947,QQQ_PROXY,best_route_score,0.03054257737367716,15945457.477817565,True
2026-04-30 00:00:00+00:00,14309223.378172822,0.0,False,0.0,,0,21175.77182716776,0.1429779100966666,True,112.0,QQQ_USDT_LONG,leveraged_contract,,,,False,False,10.0,6012991.7699407,21175.77182716782,QQQ_PROXY,hold_current_no_challenger,0.1429779100966666,18225305.663531184,False
2026-05-01 00:00:00+00:00,14309223.378172822,0.0,False,0.0,,0,22739.13913207687,0.07382811439738735,True,122.0,QQQ_USDT_LONG,leveraged_contract,,,,False,False,10.0,6012991.7699407,22739.13913207694,QQQ_PROXY,hold_current_no_challenger,0.07382811439738735,19570845.614985716,False
2026-05-04 00:00:00+00:00,14764685.958300063,0.031830000000000025,True,111.1,BULL,1,21809.679877484985,-0.04087486554320552,True,106.0,QQQ_USDT_LONG,leveraged_contract,,,,False,False,10.0,6204385.297977913,21809.679877485054,QQQ_PROXY,hold_current_hysteresis,-0.04087486554320552,18770889.931906343,False
2026-05-05 00:00:00+00:00,14764685.958300063,0.0,True,116.2,BULL,1,24763.72873697145,0.1354466858789638,True,122.0,QQQ_USDT_LONG,leveraged_contract,,,,False,False,10.0,6204385.297977913,24763.72873697153,QQQ_PROXY,hold_current_hysteresis,0.1354466858789638,21313344.764181864,False
2026-05-06 00:00:00+00:00,15900090.308493339,0.07689999999999997,True,116.2,BULL,1,28855.2226796197,0.1652212389380514,True,122.0,QQQ_USDT_LONG,leveraged_contract,,,,False,False,10.0,6681502.527392414,28855.222679619794,QQQ_PROXY,hold_current_hysteresis,0.1652212389380514,24834761.99203382,False
2026-05-07 00:00:00+00:00,15900090.308493339,0.0,False,0.0,,0,29090.337161047708,0.008148073714020265,True,106.0,QQQ_USDT_LONG,leveraged_contract,,,,False,False,10.0,6681502.527392414,29090.337161047803,QQQ_PROXY,hold_current_no_challenger,0.008148073714020265,25037117.46341506,False
2026-05-08 00:00:00+00:00,15900090.308493339,0.0,False,0.0,,0,36728.81523793747,0.2625778461969075,True,122.0,QQQ_USDT_LONG,leveraged_contract,,,,False,False,10.0,6681502.527392414,36728.8152379376,QQQ_PROXY,hold_current_no_challenger,0.2625778461969075,31611309.841937568,False
2026-05-11 00:00:00+00:00,15900090.308493339,0.0,False,0.0,,0,38358.75515086575,0.04437768826381028,True,122.0,QQQ_USDT_LONG,leveraged_contract,,,,False,False,10.0,6681502.527392414,38358.75515086587,QQQ_PROXY,hold_current_no_challenger,0.04437768826381028,33014146.695713792,False
2026-05-12 00:00:00+00:00,15900090.308493339,0.0,False,0.0,,0,35370.84572212725,-0.07789380591176631,True,112.0,QQQ_USDT_LONG,leveraged_contract,,,,False,False,10.0,6681502.527392414,35370.845722127364,QQQ_PROXY,hold_current_no_challenger,-0.07789380591176631,30442549.160655282,False
2026-05-13 00:00:00+00:00,15900090.308493339,0.0,False,0.0,,0,39394.278249355586,0.1137499668183326,True,106.0,QQQ_USDT_LONG,leveraged_contract,,,,False,False,10.0,6681502.527392414,39394.27824935572,QQQ_PROXY,hold_current_no_challenger,0.1137499668183326,33905388.11754528,False
2026-05-14 00:00:00+00:00,15900090.308493339,0.0,False,0.0,,0,41404.87087761514,0.051037681551950875,True,112.0,QQQ_USDT_LONG,leveraged_contract,,,,False,False,10.0,6681502.527392414,41404.87087761527,QQQ_PROXY,hold_current_no_challenger,0.051037681551950875,35635840.51918385,False
2026-05-15 00:00:00+00:00,15900090.308493339,0.0,False,0.0,,0,35077.44825680842,-0.15281831549503844,True,112.0,QQQ_USDT_LONG,leveraged_contract,,,,False,False,10.0,6681502.527392414,35077.44825680853,QQQ_PROXY,hold_current_no_challenger,-0.15281831549503844,30190031.39979234,False
2026-05-18 00:00:00+00:00,15900090.308493339,0.0,False,0.0,,0,34607.90287084123,-0.013385961901491883,True,112.0,QQQ_USDT_LONG,leveraged_contract,,,,False,False,10.0,6681502.527392414,34607.90287084134,QQQ_PROXY,hold_current_no_challenger,-0.013385961901491883,29785908.789669875,False
2026-05-19 00:00:00+00:00,15900090.308493339,0.0,False,0.0,,0,32887.19194867638,-0.04972017312307675,True,102.0,QQQ_USDT_LONG,leveraged_contract,,,,False,True,7.5,6681502.527392414,32887.19194867648,QQQ_PROXY,hold_current_no_challenger,-0.04972017312307675,28304948.248019315,False
2026-05-20 00:00:00+00:00,15900090.308493339,0.0,False,0.0,,0,36805.18644636852,0.11913435795328908,True,102.0,QQQ_USDT_LONG,leveraged_contract,,,,False,True,7.5,6681502.527392414,36805.18644636863,QQQ_PROXY,hold_current_no_challenger,0.11913435795328908,31677040.08444817,False
2026-05-21 00:00:00+00:00,15900090.308493339,0.0,False,0.0,,0,38638.179848893174,0.04980258435032359,True,102.0,QQQ_USDT_LONG,leveraged_contract,,,,False,True,7.5,6681502.527392414,38638.17984889328,QQQ_PROXY,hold_current_no_challenger,0.04980258435032359,33254638.54522248,False
2026-05-22 00:00:00+00:00,15900090.308493339,0.0,False,0.0,,0,39767.5435064279,0.029229214780599477,True,102.0,QQQ_USDT_LONG,leveraged_contract,,,,False,True,7.5,6681502.527392414,39767.54350642802,QQQ_PROXY,hold_current_no_challenger,0.029229214780599477,34226645.51771199,False
2026-05-26 00:00:00+00:00,15900090.308493339,0.0,False,0.0,,0,45090.87669641264,0.13386125268522786,True,122.0,QQQ_USDT_LONG,leveraged_contract,,,,False,False,10.0,6681502.527392414,45090.87669641277,QQQ_PROXY,hold_current_no_challenger,0.13386125268522786,38808267.16192616,False
2026-05-27 00:00:00+00:00,15900090.308493339,0.0,False,0.0,,0,45049.61216698992,-0.0009151414309493955,True,106.0,QQQ_USDT_LONG,leveraged_contract,,,,False,False,10.0,6681502.527392414,45049.61216699005,QQQ_PROXY,hold_current_no_challenger,-0.0009151414309493955,38772752.108782925,False
2026-05-28 00:00:00+00:00,15900090.308493339,0.0,False,0.0,,0,47846.51703924331,0.06208499335989437,True,112.0,QQQ_USDT_LONG,leveraged_contract,,,,False,False,10.0,6681502.527392414,47846.517039243445,QQQ_PROXY,hold_current_no_challenger,0.06208499335989437,41179958.16600154,False
2026-05-29 00:00:00+00:00,15900090.308493339,0.0,False,0.0,,0,49357.830196044444,0.03158669116001844,True,112.0,QQQ_USDT_LONG,leveraged_contract,,,,False,False,10.0,6681502.527392414,49357.83019604459,QQQ_PROXY,hold_current_no_challenger,0.03158669116001844,42480696.786573514,False
