session,date,qqq_close,breadth_proxy,credit,cross_asset,fragility,trend,volatility,composite_z,risk_score,future_dd_5d,label_dd_5d,future_dd_10d,label_dd_10d,future_dd_20d,label_dd_20d,model_probability
2016-01-04,2016-01-04 00:00:00+00:00,109.5,-1.1287298506430465,1.0932729622080402,0.3651228646388131,-0.6482009035561735,0.9738396407645656,0.590492344995651,0.19039352228509532,52.85590283427643,-0.05013696679241586,True,-0.0790867914347888,True,-0.08146117049265122,True,
2016-01-05,2016-01-05 00:00:00+00:00,109.30999755859375,-1.4760317822297964,0.9548650950980432,0.4356523525722451,-0.6164630757282982,1.1637479685521261,0.22096263890506354,0.07606130320816495,51.140919548122476,-0.048485916574303345,True,-0.07830937471209176,True,-0.07986456794914387,False,
2016-01-06,2016-01-06 00:00:00+00:00,108.26000213623047,-0.9763522741972386,1.0521344341217678,0.14877676611696916,-0.7371810336600125,1.4102874708527209,0.458869611128634,0.24068164823778349,53.61022472356675,-0.058747464297556284,True,-0.06937005346425318,True,-0.07094033025707447,False,
2016-01-07,2016-01-07 00:00:00+00:00,104.87000274658203,-1.407963120938562,1.2484226547150434,-0.09835216293167551,-1.2576123655901679,2.2577994453071346,1.1133432903423455,0.38142225001774743,55.72133375026621,-0.02832078900465107,False,-0.039286761120222335,False,-0.0643654031011266,False,
2016-01-08,2016-01-08 00:00:00+00:00,104.01000213623047,-1.0600229358595843,1.4883628788542642,0.0026273911391022763,-1.2393356741031425,2.3492559954270997,1.3424065623983343,0.5639447442197485,58.459171163296226,-0.030477893791289623,True,-0.03134315997763926,False,-0.07105085316669013,False,
2016-01-11,2016-01-11 00:00:00+00:00,104.33000183105469,-0.5450323068252901,1.300359101370563,0.1574379973950504,-1.0654428864108811,2.2627940355703466,0.86993138387329,0.5685198545071266,58.527797817606896,-0.03345160003749981,True,-0.0343142122900747,False,-0.07677563496261941,False,
2016-01-12,2016-01-12 00:00:00+00:00,105.54000091552734,-0.2636332153615338,0.7975116398677476,-0.1392742193098143,-1.0370808834652854,1.7790785739344517,0.7022682271592054,0.3936799086758126,55.90519863013719,-0.04538564405889278,True,-0.04699639038702086,False,-0.08736025337049858,True,
2016-01-13,2016-01-13 00:00:00+00:00,101.9000015258789,-0.47797190548753204,1.5668768571617537,-0.012450017822074139,-1.3191339441135503,2.68533919699521,1.1703612395322358,0.7114621413830059,60.67193212074509,-0.011285588897531507,False,-0.012953873160531648,False,-0.054759585353269746,False,
2016-01-14,2016-01-14 00:00:00+00:00,104.06999969482422,0.07536222479668091,1.5115290597492883,-0.10110420540843305,-0.9652298659984235,2.1182171653003765,0.9706852245771422,0.7046873814566263,60.570310721849395,-0.03190160185029134,True,-0.033535100163386455,False,-0.0744691075499776,False,
2016-01-15,2016-01-15 00:00:00+00:00,100.83999633789062,-0.2555701794213005,2.5012578374929855,0.8862237004083078,-1.0955839152448488,2.8953441775728557,1.3162063252048628,1.090669523049335,66.36004284574003,-0.0008924666913817658,False,-0.0025782875473810973,False,-0.04482345108305019,False,
2016-01-19,2016-01-19 00:00:00+00:00,101.05999755859375,0.0039039616720799586,2.082381926190368,0.8191098086896006,-1.083956929949469,2.705398173022127,1.286213916817136,1.0307779406073636,65.46166910911046,-0.00306746057869256,False,-0.004749611509348828,False,-0.046902809996817174,False,
2016-01-20,2016-01-20 00:00:00+00:00,100.75,0.22433777837891702,2.220276421720745,0.6055709437788142,-1.0388155045210048,2.567067766964896,1.5893370465519667,1.1139247503369984,66.70887125505497,-0.0016873267389112545,False,-0.0016873267389112545,False,-0.04397022635410208,False,
2016-01-21,2016-01-21 00:00:00+00:00,100.8499984741211,-0.09785709259214431,1.8126471149476704,0.6644161084536084,-1.0511416237733548,2.529490673838613,1.3509862806994117,0.9371914069106844,64.05787110366026,-0.0026772101849430463,False,-0.0026772101849430463,False,-0.04491818391508762,False,
2016-01-22,2016-01-22 00:00:00+00:00,103.7699966430664,0.42976747811888066,1.3944905413167223,1.2238110919973457,-0.6927783898090841,1.8307161547561523,0.8929497060101518,0.8583245997029172,62.87486899554376,-0.030741012963354075,True,-0.05444727839703456,True,-0.0717933621398067,False,
2016-01-25,2016-01-25 00:00:00+00:00,102.2300033569336,0.8692873857489664,2.11911636460353,1.125741089313502,-0.6845206545078453,2.1895183178154993,0.9736662916044623,1.1342578644794885,67.01386796719233,-0.01614009069448985,False,-0.054876263583445106,True,-0.057810852665970636,False,
2016-01-26,2016-01-26 00:00:00+00:00,103.1500015258789,0.46336241178815357,1.6620617952037058,1.0846001067512812,-0.6303974250263393,1.9124281725346062,0.7824581093069585,0.8948594049276767,63.42289107391515,-0.024915168752367323,False,-0.06621426786252771,True,-0.06621426786252771,False,
2016-01-27,2016-01-27 00:00:00+00:00,100.58000183105469,-0.31304790921514897,1.6416198037716285,0.9078893035966475,-0.9205186129318226,2.4327303211522007,0.8450829761366929,0.7919071866003846,61.87860779900577,0.010737739226419851,False,-0.04235436526821745,False,-0.04235436526821745,False,
2016-01-28,2016-01-28 00:00:00+00:00,102.0,0.7950554960598133,1.7863750151851876,1.0344540318708915,-0.6414786797968371,2.1656457522740338,0.6995227536445088,1.0072246538910128,65.1083698083652,-0.003431357589422479,False,-0.05568627750172339,True,-0.05568627750172339,False,
2016-01-29,2016-01-29 00:00:00+00:00,104.12999725341797,0.31783020906310727,1.6672573429135602,1.0382354118495887,-0.4197019016866041,1.5761945204226862,0.5422861092566155,0.7782190251174841,61.673285376762266,-0.057716264912689885,True,-0.07500237937764276,True,-0.07500237937764276,False,
2016-02-01,2016-02-01 00:00:00+00:00,104.41000366210938,0.04770208161936179,1.7057314323692416,0.4717700061867435,-0.35448518207951096,1.4271427941033596,0.42827967139710943,0.6304888475861002,59.4573327137915,-0.07460971786513171,True,-0.07748303499218279,True,-0.07748303499218279,False,
2016-02-02,2016-02-02 00:00:00+00:00,102.1500015258789,0.8492003086098857,2.0369189472838376,0.6453909773619242,-0.5083913318938141,1.801121114638534,0.7011383089479568,0.9641101864839713,64.46165279725957,-0.05707294903542126,True,-0.05707294903542126,True,-0.05707294903542126,False,
2016-02-03,2016-02-03 00:00:00+00:00,101.66000366210938,0.37569986727014726,1.7905097846410991,1.086526345838732,-0.567134118094609,1.845263096662995,0.5837612586555329,0.8531038290835817,62.79655743625373,-0.05252807175803276,True,-0.05252807175803276,True,-0.05252807175803276,False,
2016-02-04,2016-02-04 00:00:00+00:00,101.6500015258789,-0.41390440922099936,1.6866140499332707,0.8727285898886917,-0.5930193589286467,1.74228820782334,0.605981792948888,0.6381851809498085,59.572777714247124,-0.05243484260743203,True,-0.05243484260743203,True,-0.05243484260743203,False,
2016-02-05,2016-02-05 00:00:00+00:00,98.12000274658203,-0.40646404439930994,1.7499694930880862,0.5576255037890305,-0.7991814499288408,2.3072514408349205,0.9573797131021132,0.7700141787603346,61.55021268140502,-0.018344914404525126,False,-0.018344914404525126,False,-0.018344914404525126,False,
2016-02-08,2016-02-08 00:00:00+00:00,96.62000274658203,0.4557018020967443,2.2710205573237876,0.8228070052167282,-0.7978998113492292,2.5402018724268043,1.304507093159518,1.16333096595447,67.44996448931705,-0.0031049787127895856,False,-0.0031049787127895856,False,-0.0031049787127895856,False,
2016-02-09,2016-02-09 00:00:00+00:00,96.31999969482422,0.456190067740664,2.403582302206526,0.8289860077505878,-0.7698317198373461,2.538501078222635,1.2786016693945208,1.1826197512019998,67.73929626802999,0.0023879086136038286,False,0.0023879086136038286,False,0.0023879086136038286,False,
2016-02-10,2016-02-10 00:00:00+00:00,96.69000244140625,0.00011908448077616966,2.4234465639213716,0.8231715083044124,-0.7084127806145348,2.4341187258112185,1.2134265225667693,1.0691050848982195,66.03657627347329,-0.0014479200135844028,False,-0.0014479200135844028,False,-0.0014479200135844028,False,
2016-02-11,2016-02-11 00:00:00+00:00,96.55000305175781,0.2981082707875105,2.3707716944498833,0.7096119130817697,-0.7131068540957125,2.2275125928943913,1.3454255514684266,1.0938202003913682,66.40730300587052,0.015225205021698107,False,0.015225205021698107,False,0.015225205021698107,False,
2016-02-12,2016-02-12 00:00:00+00:00,98.0199966430664,-0.394601045385625,1.7306267638237536,0.664871846557511,-0.6351426742045279,1.9392300622345804,0.9096261602262793,0.7216608335136818,60.82491250270523,0.022546488365172923,False,0.022546488365172923,False,0.022546488365172923,False,
2016-02-16,2016-02-16 00:00:00+00:00,100.2300033569336,-0.6050209308803316,0.9915832158686467,-0.09349433712402885,-0.5601376306018627,1.2420070306265871,0.6507693909253343,0.3129185022119327,54.69377753317899,0.010974742465126308,False,0.010974742465126308,False,0.010974742465126308,False,
2016-02-17,2016-02-17 00:00:00+00:00,102.5,-1.0544195229007103,0.5347839449360315,-0.19812134393299224,-0.2858544324468943,0.724544896122665,0.4669504121690934,0.04494244955828102,50.67413674337421,-0.011414616282393264,False,-0.011414616282393264,False,-0.011414616282393264,False,
2016-02-18,2016-02-18 00:00:00+00:00,101.33000183105469,-1.1467116505593162,0.41033261303379204,-0.613099735459638,-0.5228462317865168,0.9206507798470503,0.37860294748702955,-0.04767860100391978,49.284820984941206,0.002467186376023278,False,0.002467186376023278,False,0.002467186376023278,False,
2016-02-19,2016-02-19 00:00:00+00:00,101.62999725341797,-0.9155134939615911,0.5174647494933706,-0.37486041714254204,-0.3805237392193073,0.8183208269700759,0.20186043856815766,0.003988664142183795,50.05982996213276,-0.0004919356854710122,False,-0.0004919356854710122,False,-0.0004919356854710122,False,
2016-02-22,2016-02-22 00:00:00+00:00,103.27999877929688,-1.325787511184787,0.5010207669843936,-0.7280877399377206,-0.24953508337552743,0.5874395519904336,0.022237061582849372,-0.17830810097474292,47.325378485378856,-0.016460079089223978,False,-0.016460079089223978,False,-0.016460079089223978,False,
2016-02-23,2016-02-23 00:00:00+00:00,101.58000183105469,-1.7034743580044562,0.39017925502442713,-0.6387641242151718,-0.5170975894338434,0.8396688846845307,0.2234311056840085,-0.21098903611011305,46.8351644583483,0.009056882775759556,False,0.009056882775759556,False,0.009056882775759556,False,
2016-02-24,2016-02-24 00:00:00+00:00,102.55000305175781,-1.4838794502063324,0.4603025463827885,-0.6492651262702176,-0.36167679296934,0.6484051081429252,0.253232457437905,-0.1665810265401049,47.501284601898426,-0.0004875967846883489,False,-0.0004875967846883489,False,-0.0004875967846883489,False,
2016-02-25,2016-02-25 00:00:00+00:00,103.55999755859375,-1.1448881954230095,0.23559396193138793,-0.5732522535475789,0.17374230915105984,0.2690057101596793,0.03203432377605429,-0.1646944169898459,47.52958374515231,-0.010235588871987056,False,-0.010235588871987056,False,-0.010235588871987056,False,
2016-02-26,2016-02-26 00:00:00+00:00,103.43000030517578,-2.12770193541267,-0.08189676254694184,-0.7399600323104922,-0.19092585748710933,0.3346351860366832,0.11696356488144136,-0.45014003313506606,43.24789950297401,-0.00899159143799444,False,-0.00899159143799444,False,-0.00899159143799444,False,
2016-02-29,2016-02-29 00:00:00+00:00,102.5,-1.882821068398501,-0.22893642785818194,-0.7440261490360023,-0.4938122557061009,0.6165032163988802,0.2267757074351228,-0.39072334635114225,44.13914980473287,0.02458533310308697,False,0.01609757586223326,False,0.01609757586223326,False,
2016-03-01,2016-03-01 00:00:00+00:00,105.79000091552734,-1.3859018179626599,-1.1522120241070926,-0.46797294445065246,-0.17244178701770466,-0.10661354407820003,-0.07823701485634839,-0.5596458414932265,41.60531237760161,-0.015502404532144465,False,-0.015502404532144465,False,-0.015502404532144465,False,
2016-03-02,2016-03-02 00:00:00+00:00,105.83000183105469,-1.7809008413562541,-1.4249148206350395,-0.22347028289431936,0.06502427458245985,-0.2751364266553358,-0.2067380469302706,-0.678885673185691,39.816714902214635,-0.01587451834176201,False,-0.01587451834176201,False,-0.01587451834176201,False,
2016-03-03,2016-03-03 00:00:00+00:00,105.62999725341797,-1.9002416456252142,-1.3292983919548824,-0.14895227211095202,0.14030518686106383,-0.3110117947031853,-0.21603010591023047,-0.678700917222894,39.81948624165659,-0.01401113098572171,False,-0.01401113098572171,False,-0.01401113098572171,False,
2016-03-04,2016-03-04 00:00:00+00:00,105.66999816894531,-1.7079530082381875,-1.6697381706568528,-0.11542520314400037,0.0691437980601712,-0.3455299905813106,-0.21296934646486715,-0.7049221452607753,39.42616782108837,-0.014384372758635133,False,-0.014384372758635133,False,-0.014384372758635133,False,
2016-03-07,2016-03-07 00:00:00+00:00,105.0199966430664,-2.226324677799249,-2.011182270978741,0.004047710303005492,0.343139647192427,-0.46428783414296904,-0.26165118784621805,-0.8402543624953339,37.39618456256999,-0.008284090125658339,False,-0.008284090125658339,False,-0.008284090125658339,False,
2016-03-08,2016-03-08 00:00:00+00:00,104.1500015258789,-2.068341109623632,-1.962212702524739,-0.21341365976411572,0.27064720121669117,-0.3478452594534973,0.007906116054259399,-0.7567322417771929,38.64901637334211,0.004896803924709925,False,0.004896803924709925,False,0.004896803924709925,False,
2016-03-09,2016-03-09 00:00:00+00:00,104.81999969482422,-2.241305572979661,-2.2500791507235687,-0.1820737802558211,0.36185405879392524,-0.5305663081400221,-0.04937711633423782,-0.8656909413058129,37.014635880412804,-0.0015263884104241843,False,-0.0015263884104241843,False,-0.0015263884104241843,False,
2016-03-10,2016-03-10 00:00:00+00:00,104.66000366210938,-2.0300678319809866,-2.6501859236616068,-0.21398465515653925,0.178103787116377,-0.47914145271912734,-0.027647017735805225,-0.8995820464846223,36.506269302730665,0.017485134126004942,False,0.017485134126004942,False,0.017485134126004942,False,
2016-03-11,2016-03-11 00:00:00+00:00,106.48999786376953,-2.507217846065632,-3.3829352147585023,-0.1897973622225662,0.3578136201945326,-0.9272102700720877,-0.21648957644997,-1.20293151392439,31.956027291134152,0.0013146717293348598,False,0.0013146717293348598,False,0.0013146717293348598,False,
2016-03-14,2016-03-14 00:00:00+00:00,106.66999816894531,-2.19294280513107,-2.711104993002405,-0.07603528999957382,0.4147924780543218,-0.879566996512908,-0.19301689661396726,-1.005155745893759,34.922663811593615,-0.0003749968708538498,False,-0.0003749968708538498,False,-0.0003749968708538498,False,
2016-03-15,2016-03-15 00:00:00+00:00,106.62999725341797,-1.3334323816881406,-2.2178889928626813,-0.2620344944851878,0.29204326742506925,-0.7241288290947597,-0.324052401552818,-0.7914030307313044,38.12895453903043,0.0069399372805512005,False,0.004501579004947409,False,0.004501579004947409,False,
2016-03-16,2016-03-16 00:00:00+00:00,107.58000183105469,-1.3434504736404265,-1.9935335871068458,-0.39152251135329325,0.3701715513669235,-0.8057292689168218,-0.5669712093033391,-0.8258867468684352,37.61169879697347,-0.003253378584904043,False,-0.004368853064728673,False,-0.004368853064728673,False,
2016-03-17,2016-03-17 00:00:00+00:00,107.5199966430664,-1.4425430098789978,-2.2467687657974333,-0.45311611692973924,0.46847793339856586,-0.8783676401970087,-0.637805109948215,-0.9037983885576485,36.44302417163527,-0.0026971102602941777,False,-0.003813207268559604,False,-0.003813207268559604,False,
2016-03-18,2016-03-18 00:00:00+00:00,107.37000274658203,-2.06727637750604,-2.1925483726221593,-0.40856155362880864,0.37973671154149097,-0.8642809878109128,-0.6353678124218656,-1.0261629400727448,34.60755589890883,-0.0024215528506983386,False,-0.0024215528506983386,False,-0.0024215528506983386,False,
2016-03-21,2016-03-21 00:00:00+00:00,107.79000091552734,-1.8209027668392406,-2.0608011169572267,-0.5023077809849495,0.34329571796608005,-0.8513275130296286,-0.713521153263972,-0.9850068745737353,35.224896881393974,-0.006308565724094217,False,-0.006308565724094217,False,-0.006308565724094217,False,
2016-03-22,2016-03-22 00:00:00+00:00,108.12000274658203,-1.6319551933961602,-2.1429392535768446,-0.6294931485715197,0.6134633488662381,-1.0010810226794318,-0.6877896881154563,-0.9565358814019527,35.65196177897071,-0.009341491958687498,False,-0.009341491958687498,False,-0.009341491958687498,False,
2016-03-23,2016-03-23 00:00:00+00:00,107.2300033569336,-0.8544914472710606,-1.7347248761709393,-0.6187518456719349,0.3918263450509027,-0.7186733201554925,-0.4637613933010093,-0.6706951963807114,39.93957205428933,-0.001119115385855074,False,-0.001119115385855074,False,-0.001119115385855074,False,
2016-03-24,2016-03-24 00:00:00+00:00,107.26000213623047,-0.7380314571613679,-1.5538528851818911,-0.5683389829888761,0.33447739514581426,-0.6667400472070067,-0.5065059605124181,-0.6219957147804577,40.67006427829313,-0.0013984852031644346,False,-0.0013984852031644346,False,-0.0013984852031644346,False,
2016-03-28,2016-03-28 00:00:00+00:00,107.11000061035156,-0.630413022722085,-1.2152895699815007,-0.5904149438208708,0.41504949554136333,-0.6727287065290164,-0.4002249742075815,-0.5197508462398442,42.20373730640234,0.016058269170963868,False,0.013910912662487007,False,0.013910912662487007,False,
2016-03-29,2016-03-29 00:00:00+00:00,108.83000183105469,-0.4094201825666944,-1.0921451056950149,-0.552044531257138,1.0127714658282125,-1.1652908028441198,-0.5507600231108519,-0.4922047008100674,42.61692948784899,0.0004593900718745658,False,-0.002113418662719968,False,-0.003491729085904227,False,
2016-03-30,2016-03-30 00:00:00+00:00,109.36000061035156,-0.40099631148078857,-0.8373179687514231,-0.522531458965972,0.9097367824970232,-1.2043812543262213,-0.7307182550168625,-0.5086094879995318,42.37085768000702,-0.004389204044025541,False,-0.006949544001360719,False,-0.016276506669371638,False,
2016-03-31,2016-03-31 00:00:00+00:00,109.19999694824219,-0.6317493985831782,-0.7682220689873821,-0.5722211514966106,0.7919768571064049,-1.1548022582190072,-0.7193180679789588,-0.5548328418880366,41.677507371679454,-0.0029304002176473443,False,-0.0054944916748072,False,-0.026739910719313587,False,
2016-04-01,2016-04-01 00:00:00+00:00,110.36000061035156,-0.09490513347515216,-0.7093681231680856,-0.5420999689239866,1.1079556506221568,-1.324585342268093,-0.791976901382936,-0.4367153431995242,43.449269852007134,-0.013410686378654946,False,-0.015947826445240065,False,-0.042044213156820276,False,
2016-04-04,2016-04-04 00:00:00+00:00,109.94000244140625,0.1667998694535917,-0.46853864584782157,-0.7397698816045869,1.022149203709305,-1.19183566723461,-0.6451812469686777,-0.32497881343117546,45.125317798532365,-0.012188502251483269,False,-0.012188502251483269,False,-0.038384583654636706,False,
2016-04-05,2016-04-05 00:00:00+00:00,108.87999725341797,0.5386390741175701,-0.1225194406005531,-0.7210656828977535,0.9181268696808803,-0.9717073927029858,-0.3423694399960466,-0.10785300564401873,48.38220491533972,-0.0025716273545193236,False,-0.0025716273545193236,False,-0.02902274166447638,False,
2016-04-06,2016-04-06 00:00:00+00:00,110.66999816894531,0.059650385618921976,-0.7270738796664787,-0.6557643495658185,1.1885892995275096,-1.36053053129486,-0.5017582475266965,-0.3568768006179541,44.64684799073069,-0.018704253447842545,False,-0.018704253447842545,False,-0.0507815596834853,False,
2016-04-07,2016-04-07 00:00:00+00:00,109.08000183105469,0.21592289337265705,-0.21579887869059322,-0.6425499054204582,0.7687236439429747,-0.9544128945343848,-0.12853149314558127,-0.15472057461565047,47.679191380765246,-0.0044004707451053005,False,-0.0044004707451053005,False,-0.03722043564205746,False,
2016-04-08,2016-04-08 00:00:00+00:00,109.0,0.08564617842949361,-0.27027521653696907,-0.6271388571210919,0.8184821761019879,-0.9291167841768886,-0.1796107227312771,-0.18509910747309083,47.22351338790364,-0.00366973876953125,False,-0.00366973876953125,False,-0.03651379226544582,False,
2016-04-11,2016-04-11 00:00:00+00:00,108.5999984741211,0.3372974631264982,0.006463787637221478,-0.5685158183303227,0.6182087814830192,-0.7305104255356434,-0.11830138801351872,-0.06545356654952897,49.01819650175707,0.00837940768780232,False,0.003499124200292192,False,-0.03296502653181699,False,
2016-04-12,2016-04-12 00:00:00+00:00,109.51000213623047,0.38180034355177,-0.37674748245648154,-0.682249880583278,0.7393091439867963,-0.9003655313493728,-0.4165588798729273,-0.20086555236288664,46.9870167145567,0.009496857777735901,False,-0.009679528511647995,False,-0.041000871204243894,False,
2016-04-13,2016-04-13 00:00:00+00:00,110.91000366210938,-0.2840129850041091,-0.6520192731339021,-0.6751048616991843,0.8687177559264794,-1.1863914074239141,-0.4830542403353652,-0.4256974403037095,43.614538395444356,-0.003245880429761039,False,-0.030024359580760995,False,-0.05310618361340114,False,
2016-04-14,2016-04-14 00:00:00+00:00,110.91999816894531,0.14501514508543736,-0.6786624980300958,-0.6524589879949404,0.7709111677061706,-1.1095890467363039,-0.5899969856874061,-0.3623227758157374,44.56515836276394,-0.0033356935024823064,False,-0.04183194614357211,False,-0.05319150399635286,False,
2016-04-15,2016-04-15 00:00:00+00:00,110.63999938964844,0.30652191820928604,-0.43200989504615417,-0.6829544135224482,0.7968998833299432,-1.0310435797519082,-0.5997979559096471,-0.27842586660013036,45.82361200099805,-0.015003579554160318,False,-0.044468530333394374,False,-0.05079539748359618,False,
2016-04-18,2016-04-18 00:00:00+00:00,111.2300033569336,0.4970743489799227,-0.6499887250953826,-0.7002094927974951,0.9201235058224414,-1.109892944410014,-0.6711018875973049,-0.28628482877616995,45.70572756835745,-0.020228355048950375,False,-0.04953701312539782,False,-0.055830320295320646,False,
2016-04-19,2016-04-19 00:00:00+00:00,110.55000305175781,0.5784998824789279,-0.7326544421338275,-0.7217173166843883,0.7129179562278919,-0.9732352245709182,-0.597436413289019,-0.27356655563053095,45.89650166554203,-0.01899598412975556,False,-0.04369065307753406,False,-0.050022670791807555,False,
2016-04-20,2016-04-20 00:00:00+00:00,110.63999938964844,0.28368619990774363,-0.9445458744958884,-0.7787316794505728,0.5947529642259427,-0.9555275806313452,-0.5552271428544928,-0.375755809201168,44.363662861982476,-0.027657244897635547,False,-0.05052418988366003,True,-0.05079539748359618,False,
2016-04-21,2016-04-21 00:00:00+00:00,110.6500015258789,-0.1070083164477202,-1.0790023893438792,-0.8438037486230382,0.5485049083898138,-0.9305299725851107,-0.46632410035733063,-0.464727474883446,43.02908787674831,-0.03949392396131124,True,-0.05088120022750975,True,-0.05088120022750975,False,
2016-04-22,2016-04-22 00:00:00+00:00,108.9800033569336,-1.1819446652593042,-1.1822241235694475,-0.8182859732658796,0.11407880462256266,-0.644554502793222,-0.5354261583761291,-0.7144354604543518,39.28346809318472,-0.029913764322003544,False,-0.036337003045387006,False,-0.036337003045387006,False,
2016-04-25,2016-04-25 00:00:00+00:00,108.9800033569336,-0.7913393310187898,-1.162841992064766,-0.8912079619912724,0.07407287407148593,-0.6104865931295979,-0.3957161323033495,-0.6119445751884667,40.820831372173004,-0.029913764322003544,False,-0.036337003045387006,False,-0.036337003045387006,False,
2016-04-26,2016-04-26 00:00:00+00:00,108.44999694824219,-1.4128998049488855,-1.3324367171593317,-0.9454819333376905,-0.2483067724810801,-0.4639358003518373,-0.4521685236283005,-0.7974605425656355,38.03809186151547,-0.025172852045740046,False,-0.031627481804473945,False,-0.031627481804473945,False,
2016-04-27,2016-04-27 00:00:00+00:00,107.58000183105469,-2.23547976135002,-1.1332316040185701,-0.5634447408544636,-0.32517114917763706,-0.30369193361533137,-0.47708143750063803,-0.8783555135580755,36.82466729662887,-0.023517370665879223,False,-0.023796292474586034,False,-0.023796292474586034,False,
2016-04-28,2016-04-28 00:00:00+00:00,106.27999877929688,-1.862974426177394,-0.9924711084227509,-0.5982730741970788,-0.4648034105539378,-0.03559464983755843,-0.23945791007808598,-0.7060238824848188,39.409641762727716,-0.011855496337057847,False,-0.011855496337057847,False,-0.011855496337057847,False,
2016-04-29,2016-04-29 00:00:00+00:00,105.72000122070312,-1.401110222126313,-0.9608459914730735,-0.5942247654915004,-0.49844105016250956,0.13183390081313556,-0.11556554494968077,-0.5552839060470591,41.67074140929411,-0.006621306938649929,False,-0.006621306938649929,False,-0.006621306938649929,False,
2016-05-02,2016-05-02 00:00:00+00:00,106.72000122070312,-1.339286781731434,-1.1143938857562203,-0.4592151412606587,-0.40088802862448314,-0.08101842650081104,-0.3181554190428403,-0.6209059267381885,40.686411098927174,-0.01592957794407268,False,-0.01592957794407268,False,-0.01592957794407268,False,
2016-05-03,2016-05-03 00:00:00+00:00,105.7300033569336,-1.1413587094935316,-0.8894427186414378,-0.4377186699055923,-0.47251332093739246,0.10780216416924347,-0.17517867592301462,-0.48981231717684437,42.65281524234734,-0.006715281295038622,False,-0.006715281295038622,False,-0.006715281295038622,False,
2016-05-04,2016-05-04 00:00:00+00:00,105.05000305175781,-0.8896060600231547,-0.471161268930032,-0.3327909601051011,-0.3710613741047733,0.31365798691067887,-0.14985233515228275,-0.30477257411868264,45.42841138821976,-0.00028563929385727604,False,-0.00028563929385727604,False,-0.00028563929385727604,False,
2016-05-05,2016-05-05 00:00:00+00:00,105.0199966430664,-0.9496813638746069,-0.5843328645443445,-0.2633966749141271,-0.41068106295469825,0.27868858529776813,-0.2829823236735198,-0.3663867770663408,44.50419834400489,0.005332367224230472,False,0.0027613875909078267,False,0.0027613875909078267,False,
2016-05-06,2016-05-06 00:00:00+00:00,105.58000183105469,-0.6254689390853261,-0.541684261812189,-0.3944300497379768,-0.2636689556516382,0.16863872536188484,-0.49416491482912833,-0.3504450133038857,44.74332480044171,-0.000757736594688696,False,-0.002557342941639562,False,-0.002557342941639562,False,
2016-05-09,2016-05-09 00:00:00+00:00,105.87999725341797,-0.558245204458768,-0.42554516723168256,-0.2452142483203162,-0.2689331611054809,0.10158959858654935,-0.4504648831523096,-0.3101172718875118,45.34824092168732,-0.00358894279632882,False,-0.005383450222991137,False,-0.005383450222991137,False,
2016-05-10,2016-05-10 00:00:00+00:00,107.33000183105469,-0.5450000990145919,-0.4927680806391254,-0.0803520630015877,-0.22216571874154067,-0.1667736960282453,-0.6191996726481035,-0.38146996974544684,44.2779504538183,-0.017236545630858413,False,-0.01882049974843547,False,-0.01882049974843547,False,
2016-05-11,2016-05-11 00:00:00+00:00,106.36000061035156,-0.11279944089904852,-0.2548041861808996,-0.3088357248133784,-0.2797150221780205,0.09255844816376102,-0.4962842263436952,-0.21436649755097242,46.78450253673542,-0.00827376126709356,False,-0.009872161016663439,False,-0.009872161016663439,False,
2016-05-12,2016-05-12 00:00:00+00:00,105.88999938964844,-0.1918824990774659,-0.330057842415257,-0.2851416447618733,-0.3230280491391562,0.17334740970623577,-0.5523311116290842,-0.2406502884094122,46.390245673858814,-0.005477399512681336,False,-0.005477399512681336,False,-0.005477399512681336,False,
2016-05-13,2016-05-13 00:00:00+00:00,105.5,-0.3113888924945019,-0.13683754931054146,-0.23673955227150992,-0.38136014968988197,0.27007221252781866,-0.40861715491636985,-0.19139037705382514,47.129144344192625,-0.0018009710085900021,False,-0.0018009710085900021,False,-0.0018009710085900021,False,
2016-05-16,2016-05-16 00:00:00+00:00,106.81999969482422,-0.2997383661557469,-0.31977005428530786,-0.3253907094873038,-0.29655915903576385,0.013788119029842089,-0.4299549141039328,-0.26816948519285866,45.97745772210712,-0.014135949639996426,False,-0.014135949639996426,False,-0.014135949639996426,False,
2016-05-17,2016-05-17 00:00:00+00:00,105.4800033569336,-0.672044614854998,-0.1389259257287463,-0.2711273352718445,-0.4355924399658159,0.26506333966355655,-0.20015901256144772,-0.23471854593194663,46.4792218110208,-0.0016117348590193314,False,-0.0016117348590193314,False,-0.0016117348590193314,False,
2016-05-18,2016-05-18 00:00:00+00:00,105.86000061035156,-0.4587524180827496,-0.2671726478396468,-0.3209778944110175,-0.44779948858031055,0.19381709725775134,-0.19411079564132921,-0.23115283319736082,46.532707502039585,-0.005195570079224332,False,-0.005195570079224332,False,-0.005195570079224332,False,
2016-05-19,2016-05-19 00:00:00+00:00,105.30999755859375,-0.4440256384127242,-0.14096327314643328,-0.1066855815229508,-0.47354922921319265,0.30380073583281964,-0.11745736886716432,-0.15438188779565273,47.68427168306521,0.009685730662878589,False,0.009685730662878589,False,0.009685730662878589,False,
2016-05-20,2016-05-20 00:00:00+00:00,106.47000122070312,-0.06283818477548209,-0.1886813071719018,-0.03334896904562357,-0.2703450278990062,0.017759537092352475,-0.3453631326681463,-0.15027720323545374,47.74584195146819,-0.0013149186441562266,False,-0.0013149186441562266,False,-0.0013149186441562266,False,
2016-05-23,2016-05-23 00:00:00+00:00,106.33000183105469,-0.28983926836211343,-0.174265878386771,-0.10061787119208165,-0.3411707365903755,0.04406934414283664,-0.23661556901842654,-0.1838543780133208,47.24218432980019,0.02003194974831546,False,0.02003194974831546,False,0.0015047120282105642,False,
2016-05-24,2016-05-24 00:00:00+00:00,108.45999908447266,-0.10444860287240561,-0.3628283494287607,-0.21490739868406175,-0.22000070326950086,-0.40130698856224334,-0.44154227825323406,-0.298374671710722,45.52437992433917,0.00719158017592636,False,0.00719158017592636,False,-0.018163389612135372,False,
2016-05-25,2016-05-25 00:00:00+00:00,109.23999786376953,0.4094297879458108,-0.5135699387174604,-0.3410924159977064,0.08604030703773274,-0.5912540628170476,-0.5509715947075532,-0.2447978602674878,46.32803209598768,0.0029293271794392783,False,0.0029293271794392783,False,-0.02517392945603547,False,
2016-05-26,2016-05-26 00:00:00+00:00,109.55999755859375,0.37590003303628033,-0.4758097122249017,-0.3584593114449577,0.32842922864193547,-0.6799721557216709,-0.6829678299319095,-0.2553609942054007,46.16958508691899,0.004563709484683098,False,-0.005658955193531434,False,-0.048101467328419356,False,
2016-05-27,2016-05-27 00:00:00+00:00,110.12999725341797,-0.1647237463421526,-0.6169581239481435,-0.44954535160401143,0.42979210367320514,-0.8164634962048627,-0.696735915611364,-0.40861406983331783,43.870788952500234,-0.0006356097028055174,False,-0.019068360360427805,False,-0.07182417352207238,False,
2016-05-31,2016-05-31 00:00:00+00:00,110.33999633789062,-0.4800969237690264,-0.4151399617884695,-0.5673811766532344,0.29617020587184195,-0.8074662640772216,-0.5859704873474673,-0.4492903160915606,43.26064525862659,-0.00253760004159731,False,-0.020935269487592834,False,-0.07359067778398232,False,
2016-06-01,2016-06-01 00:00:00+00:00,110.3499984741211,-0.7189621769737764,-0.6430707608449079,-0.6220266225093586,0.32560137965134633,-0.8468789375062843,-0.5583170898919472,-0.5346547103043717,41.98017934543442,-0.0026280101453318716,False,-0.02383323325586406,False,-0.07367464762878617,False,
2016-06-02,2016-06-02 00:00:00+00:00,110.58000183105469,-1.1207791937769211,-0.6777610203336146,-0.6252868280694401,0.40453449124435875,-0.9237924057370134,-0.6362353840101325,-0.6396740588751458,40.40488911687281,-0.004702516403059964,False,-0.02586363323380214,False,-0.075601378838138,False,
2016-06-03,2016-06-03 00:00:00+00:00,110.05999755859375,-1.0168036824279947,-0.47882000180489603,-1.0571499317031623,0.34047519921897623,-0.8063722939963265,-0.6237756333720984,-0.615857035517488,40.762144467237675,-0.010176223351188396,False,-0.032436850572558185,False,-0.07123384073960903,False,
2016-06-06,2016-06-06 00:00:00+00:00,110.45999908447266,-1.20507095502311,-0.6484659415200452,-1.147305587780175,0.2639627268564212,-0.8776465611850837,-0.5865183370310063,-0.7062532116254011,39.406201825618986,-0.021998916579000438,False,-0.035940623335214084,False,-0.07459712051480383,False,
2016-06-07,2016-06-07 00:00:00+00:00,110.18000030517578,-1.3450526995439034,-0.7592068013442758,-1.0095690926599392,0.10056011477552501,-0.8178765223977341,-0.5836103527582609,-0.7490618271912862,38.7640725921307,-0.019513537120383395,False,-0.03349067372649939,False,-0.07224540808154933,False,
2016-06-08,2016-06-08 00:00:00+00:00,110.37000274658203,-1.2057027762000612,-0.630943233994412,-1.050051844576906,0.03627412867488276,-0.8103139120590671,-0.6292520396415938,-0.7232592958357645,39.15111056246353,-0.02401016091268493,False,-0.03515452374973016,False,-0.07384254166045401,False,
2016-06-09,2016-06-09 00:00:00+00:00,110.19000244140625,-1.1442679998532086,-0.5676897814993226,-0.9135101270274538,0.10704152149995612,-0.7872896961791316,-0.5267444666565337,-0.6521086842404251,40.218369736393626,-0.022415837789063975,False,-0.03357840544203816,False,-0.07232962196312853,False,
2016-06-10,2016-06-10 00:00:00+00:00,108.94000244140625,-0.7078993269702445,-0.20647328447742422,-0.8852202973905872,-0.09599764391580355,-0.5267712379980752,-0.10160189994255993,-0.4011471619802188,43.982792570296716,-0.022489485246289243,False,-0.04268405931402397,False,-0.06168534119794522,False,
2016-06-13,2016-06-13 00:00:00+00:00,108.02999877929688,-0.7659918332683321,-0.13085827242279577,-0.9462004688989964,-0.40744370977317024,-0.3393325494281858,0.5256602742306643,-0.29129816591246527,45.63052751131302,-0.014255308089686558,False,-0.05378133503882987,True,-0.05378133503882987,False,
2016-06-14,2016-06-14 00:00:00+00:00,108.02999877929688,-0.660407134795748,0.16012105141451718,-0.10832679333555484,-0.4027691316084958,-0.28326168863958484,0.374164224324035,-0.16113081118491185,47.583037832226324,-0.014255308089686558,False,-0.05378133503882987,True,-0.05378133503882987,False,
2016-06-15,2016-06-15 00:00:00+00:00,107.72000122070312,-0.5773683766949117,0.17725224349576055,-0.1275621393058416,-0.2236572649243632,-0.2690161745492126,0.26796045230806065,-0.13540178693208726,47.968973196018695,-0.011418523421787619,False,-0.05105829871586498,True,-0.05105829871586498,False,
2016-06-16,2016-06-16 00:00:00+00:00,108.04000091552734,-0.6363906163460341,0.3765759573430761,-0.5538574690575051,-0.10240444637807715,-0.3231875974543826,0.10360152681938677,-0.18545535765720664,47.2181696351419,-0.014346566444123798,False,-0.05386893414944216,True,-0.05386893414944216,False,
2016-06-17,2016-06-17 00:00:00+00:00,106.48999786376953,-1.3499350235032281,0.21597732517232293,-0.14152617003844126,-0.42502903255724706,-0.048600842604820414,-0.006627703415300545,-0.32654308701625256,45.101853694756215,-0.02065918858460869,False,-0.040097631033187975,False,-0.040097631033187975,False,
2016-06-20,2016-06-20 00:00:00+00:00,107.16000366210938,-1.5394149016831025,-0.05595143448154304,0.09954456262919575,-0.4184268372311653,-0.16349231444517753,-0.3298387280744251,-0.4677514733345277,42.983727899982085,-0.04609931198754691,True,-0.04609931198754691,False,-0.04609931198754691,False,
2016-06-21,2016-06-21 00:00:00+00:00,107.5,-1.2205982576220913,-0.26383498513282394,0.6769653538182232,-0.3648219025693907,-0.2326580267072009,-0.30570029202491467,-0.3783933130443513,44.32410030433473,-0.04911626771438948,True,-0.04911626771438948,False,-0.04911626771438948,False,
2016-06-22,2016-06-22 00:00:00+00:00,107.23999786376953,-1.1193632913297658,-0.030079997412803428,1.3555046160520767,-0.48062046660131214,-0.11375415112732545,-0.009576095172067789,-0.18959331552274145,47.15610026715888,-0.04681086108788879,True,-0.04681086108788879,False,-0.04681086108788879,False,
2016-06-23,2016-06-23 00:00:00+00:00,108.7699966430664,-1.3968849464527524,-0.3730436711265068,1.1052975174494732,-0.30257898344032275,-0.42371598468437394,-0.4906664698665977,-0.45306712664082194,43.20399310038767,-0.0602187701067729,True,-0.0602187701067729,True,-0.0602187701067729,False,
2016-06-24,2016-06-24 00:00:00+00:00,104.29000091552734,-0.9370029253059138,0.6283237887075036,0.8498610020316661,-0.9304464048545054,0.5302041230515151,0.8890210796157596,0.13611216325338857,52.04168244880083,-0.01984849627627172,False,-0.01984849627627172,False,-0.01984849627627172,False,
2016-06-27,2016-06-27 00:00:00+00:00,102.22000122070312,0.047175472569353706,1.490847647315998,1.6982692851236951,-0.6554645015566045,0.9892920484046392,0.6819704499573918,0.6388219945625555,59.58232991843833,0.021913498699076994,False,0.021913498699076994,False,0.021913498699076994,False,
2016-06-28,2016-06-28 00:00:00+00:00,104.45999908447266,0.008423018093564846,1.0368304166884434,1.5081344429680439,-0.41085076198893833,0.5149867430729015,0.03016137941566186,0.35542462061815583,55.33136930927234,0.01771011382668175,False,0.01771011382668175,False,0.01771011382668175,False,
2016-06-29,2016-06-29 00:00:00+00:00,106.30999755859375,-0.23951122402714672,0.4770467810703605,1.5825864451640594,-0.3449282138202579,0.10647857344450473,-0.3048612630916855,0.09049764686905584,51.35746470303584,0.010441168618593677,False,0.010441168618593677,False,0.010441168618593677,False,
2016-06-30,2016-06-30 00:00:00+00:00,107.54000091552734,-0.10637103200512922,0.24687235484498318,1.7452479700295978,-0.24814537505706102,-0.17293867019247564,-0.2989423743164509,0.05868342866833697,55.952380952380956,-0.0011158893952055715,False,-0.0011158893952055715,False,-0.0011158893952055715,False,
2016-07-01,2016-07-01 00:00:00+00:00,108.08000183105469,-0.3026484111215423,0.20651710650420188,1.6107641049381667,-0.213114555641031,-0.2903692335874349,-0.6480194366037001,-0.08812062313924313,45.8498023715415,-0.006106621492670383,False,-0.006106621492670383,False,-0.006106621492670383,False,
2016-07-05,2016-07-05 00:00:00+00:00,107.41999816894531,0.1911585814063118,0.7314149572179725,1.5672798709521594,-0.1452934716420292,-0.12167565486999608,-0.5197115962602448,0.15460047598682164,62.99212598425197,0.008192188585113058,False,0.008192188585113058,False,0.008192188585113058,False,
2016-07-06,2016-07-06 00:00:00+00:00,108.30000305175781,0.31693685387310244,0.6229222939576261,1.1369035760346593,-0.06551159870082118,-0.3078345685360762,-0.42897446028459807,0.1133275269024723,59.6078431372549,0.002954752408190542,False,0.002954752408190542,False,0.002954752408190542,False,
2016-07-07,2016-07-07 00:00:00+00:00,108.62000274658203,0.022706046695926574,0.5729262823236116,0.9400495671522775,-0.06369378793736456,-0.35425459293048706,-0.38424099292563163,0.02723192304112637,55.078125,0.015466767286826055,False,0.015466767286826055,False,0.015466767286826055,False,
2016-07-08,2016-07-08 00:00:00+00:00,110.30000305175781,-0.3610798204661309,0.15757220359862087,0.95650287668536,-0.026688319764185692,-0.7165033055844429,-0.5309499319089872,-0.20642374134821095,33.85214007782101,0.005711670317201545,False,0.005711670317201545,False,0.005711670317201545,False,
2016-07-11,2016-07-11 00:00:00+00:00,110.93000030517578,-0.6749012165699303,-0.23644356859144064,1.3191998340701516,0.07474743561025314,-0.8706440742401641,-0.4910874381454957,-0.29966098233128097,27.131782945736433,0.0026142694918374065,False,0.0026142694918374065,False,0.0026142694918374065,False,
2016-07-12,2016-07-12 00:00:00+00:00,111.48999786376953,-1.0960787263874225,-0.7512595152013071,0.5937904461465887,0.1295508526044746,-1.0120451843254543,-0.5573056247907673,-0.5669631618755947,13.8996138996139,-0.0024217117969301816,False,-0.0024217117969301816,False,-0.0024217117969301816,False,
2016-07-13,2016-07-13 00:00:00+00:00,111.22000122070312,-1.1449148760743124,-0.5915290209210342,0.5924847815741033,0.09779463605597626,-0.9446501860739622,-0.6046387563284924,-0.5536524432677018,15.384615384615385,0.005214905814501236,False,0.005214905814501236,False,0.005214905814501236,False,
2016-07-14,2016-07-14 00:00:00+00:00,111.9800033569336,-0.9421109762493748,-0.9084510973814125,0.5205566811129142,0.20947561651169036,-1.0720836119109471,-0.6350871323254306,-0.5826469981163174,13.793103448275861,-0.0016074325752789553,False,-0.0016074325752789553,False,-0.0016074325752789553,False,
2016-07-15,2016-07-15 00:00:00+00:00,111.80000305175781,-0.9768710333807588,-1.0005126039452088,0.5081471382341777,0.12134124962393966,-1.0071732566671956,-0.5844631225649068,-0.594762471847345,13.740458015267176,0.002951647519252587,False,0.002951647519252587,False,0.002951647519252587,False,
2016-07-18,2016-07-18 00:00:00+00:00,112.54000091552734,-0.38296762448091876,-1.0657637218765816,0.46657918653211294,0.48630976215356725,-1.1543014197807697,-0.6522415791583619,-0.47816229998925097,19.39163498098859,-0.0036431816134169237,False,-0.0036431816134169237,False,-0.0036431816134169237,False,
2016-07-19,2016-07-19 00:00:00+00:00,112.12999725341797,-0.014182730531795418,-0.6832973912858065,0.4307200708146554,0.4795279123026004,-1.0367328453166542,-0.7175136592254983,-0.34117926178080493,26.136363636363637,0.009364158365087416,False,0.009364158365087416,False,0.009364158365087416,False,
2016-07-20,2016-07-20 00:00:00+00:00,113.44000244140625,-0.11495800473026656,-0.7266237180450518,0.35125334361525057,0.6610130241404472,-1.2178592963390218,-0.7200351624885161,-0.38528676243572657,23.39622641509434,-0.002291979289799184,False,-0.002291979289799184,False,-0.002291979289799184,False,
2016-07-21,2016-07-21 00:00:00+00:00,113.18000030517578,-0.08533051174103518,-0.6291867569712692,-0.12146366672481895,0.5905912386133816,-1.142522385094089,-0.5291397963749714,-0.3693342330681842,24.81203007518797,0.004152687925744969,False,0.004152687925744969,False,0.004152687925744969,False,
2016-07-22,2016-07-22 00:00:00+00:00,113.6500015258789,-0.0582561865442516,-0.48015959940715947,0.08777134176062071,0.5884712860607452,-1.1706128832871074,-0.649124570193784,-0.3505748408309287,26.217228464419474,8.800823665788826e-05,False,8.800823665788826e-05,False,8.800823665788826e-05,False,
2016-07-25,2016-07-25 00:00:00+00:00,113.66000366210938,-0.49877210172784475,-1.0588750151951998,-0.1630139451844404,0.988773842895497,-1.2830289758379614,-0.6711832973218478,-0.5174134453409303,17.537313432835823,0.0011437378957370736,False,0.0011437378957370736,False,0.0011437378957370736,False,
2016-07-26,2016-07-26 00:00:00+00:00,113.79000091552734,-1.7638253815654898,-1.4196371249099087,-0.056817973172462566,1.0634955552493508,-1.3543977030501038,-0.646630366524823,-0.8120737229944133,5.947955390334572,0.006942621576335295,False,0.006942621576335295,False,0.006942621576335295,False,
2016-07-27,2016-07-27 00:00:00+00:00,114.58000183105469,-0.9128391962011574,-1.0807340029931198,-0.13564729694922142,1.1095006816036248,-1.3529785767533198,-0.6958288115184419,-0.6015790447979302,13.703703703703704,0.003316436091336916,False,0.003316436091336916,False,0.003316436091336916,False,
2016-07-28,2016-07-28 00:00:00+00:00,114.9800033569336,-0.6090130321834025,-0.6672469533456571,-0.12325364724647198,1.1508045351711782,-1.3233075890268762,-0.7970105786175267,-0.48565796741638007,19.92619926199262,-0.0001739804477030038,False,-0.0001739804477030038,False,-0.0001739804477030038,False,
2016-07-29,2016-07-29 00:00:00+00:00,115.2300033569336,-0.19691042631991373,-0.45659200858197435,-0.1971206785498188,1.1627946356691772,-1.2963948278088286,-0.9011431401344664,-0.39267135264454334,23.897058823529413,-0.002343176816758219,False,-0.002343176816758219,False,-0.002343176816758219,False,
2016-08-01,2016-08-01 00:00:00+00:00,115.83999633789062,0.24197501226703044,-0.5016222792869387,0.3204447819520958,1.1919140296463533,-1.327317563670946,-0.8431158672039822,-0.2501034429724579,35.16483516483517,-0.007596661612895184,False,-0.007596661612895184,False,-0.007596661612895184,False,
2016-08-02,2016-08-02 00:00:00+00:00,114.95999908447266,0.2672936818891463,-0.7691248856950992,0.84543519877405,0.9466033447896077,-1.1442042906812593,-0.6536913651490357,-0.19495510604664842,38.68613138686132,0.0033054736990625333,False,0.0033054736990625333,False,0.0033054736990625333,False,
2016-08-03,2016-08-03 00:00:00+00:00,115.33999633789062,0.14312717541634848,-0.7988362387969312,0.7290310538955135,0.928177259226682,-1.1751361106918434,-0.7365021787536421,-0.26139796435181345,33.81818181818182,0.0028611222605552378,False,0.0028611222605552378,False,0.0028611222605552378,False,
2016-08-04,2016-08-04 00:00:00+00:00,115.66999816894531,0.4528992397245914,-0.8264427010274332,0.618272140165772,0.9830997887970078,-1.200749118461682,-0.7997799998275626,-0.2242001985309173,36.95652173913043,0.008213059502682363,False,0.008213059502682363,False,0.0066569057201530946,False,
2016-08-05,2016-08-05 00:00:00+00:00,116.77999877929688,0.7251851803980641,-0.9572914666916444,0.5107953120238954,1.0926970107500686,-1.319686564766067,-0.9454953771266135,-0.23660898948777007,36.101083032490976,-0.0013700636614769612,False,-0.0013700636614769612,False,-0.0029114261127299867,False,
2016-08-08,2016-08-08 00:00:00+00:00,116.6500015258789,0.8326851525660776,-0.9102454496317408,0.4458073629155071,0.9977767694524066,-1.2521910473741404,-0.9439439348353893,-0.21497953166403988,37.410071942446045,-0.0002571691290567113,False,-0.0002571691290567113,False,-0.0018002493075498505,False,
2016-08-09,2016-08-09 00:00:00+00:00,116.91999816894531,1.223960997915005,-0.6232867940782171,0.4288138576407602,1.0440902569667911,-1.2578521213496516,-0.9675261835014887,-0.09428155618986492,49.46236559139785,-0.0025658178845486823,False,-0.0025658178845486823,False,-0.004105334716525411,False,
2016-08-10,2016-08-10 00:00:00+00:00,116.62000274658203,1.2535515253830416,-0.6016427672752573,0.41679354387405376,0.9823475709180461,-1.1813802988591762,-0.8647345959145383,-0.05972759894431087,51.78571428571429,0.003687191691378988,False,0.0015434771131581648,False,-0.0015434771131580538,False,
2016-08-11,2016-08-11 00:00:00+00:00,117.12000274658203,0.8840816694394347,-0.6561418976226563,0.43314854868857633,0.9713447585193898,-1.2356772521272992,-0.9032243042865298,-0.16036869339151122,43.77224199288256,-0.0005976749759447619,False,-0.004354526334276021,False,-0.024248667184803674,False,
2016-08-12,2016-08-12 00:00:00+00:00,117.19999694824219,0.7817532109711997,-0.46833694410750176,0.44615818028896226,1.0216834476488592,-1.2288148636959624,-0.861173673632347,-0.1340292717113221,46.808510638297875,-0.0012798114367751356,False,-0.005034098577248125,False,-0.02491466079333471,False,
2016-08-15,2016-08-15 00:00:00+00:00,117.69999694824219,0.4066014566361802,-0.6056202380950538,0.2958337874479427,0.96129934070868,-1.2678399865913008,-0.8262160703160694,-0.2545556759173998,33.92226148409894,-0.005522463154949864,False,-0.009260801751506786,False,-0.02905690958045848,False,
2016-08-16,2016-08-16 00:00:00+00:00,117.05000305175781,0.4276092301948662,-0.6663138579161431,-0.139849443212972,0.7960666475101689,-1.1298052491276926,-0.7026991429399223,-0.27550105825674315,31.338028169014088,0.001794097214844026,False,-0.004186292015279869,False,-0.02366513626860889,False,
2016-08-17,2016-08-17 00:00:00+00:00,117.26000213623047,0.5245849317975673,-0.5228053592527103,0.027898131852742605,0.76552462617701,-1.109407334925163,-0.827949995918828,-0.24335677658536553,35.43859649122807,-0.003922898482794146,False,-0.006993004263052605,False,-0.025413638944603467,False,
2016-08-18,2016-08-18 00:00:00+00:00,117.29000091552734,0.14050731802890565,-0.6387659980882558,0.10733914817478998,0.7744447733243299,-1.120655188481465,-0.9414724434643693,-0.3532383316804957,26.223776223776223,-0.005797598259595249,False,-0.007246981562676114,False,-0.025662904874544923,False,
2016-08-19,2016-08-19 00:00:00+00:00,117.26000213623047,0.02112922730497374,-0.5877034301946865,0.07805087037128274,0.7403414074784811,-1.0767879133358178,-0.9421533169109868,-0.3688616169586688,25.087108013937282,-0.005543250162350688,False,-0.006993004263052605,False,-0.025413638944603467,False,
2016-08-22,2016-08-22 00:00:00+00:00,117.3499984741211,0.13090092326016306,-0.4902083623202429,0.12682955787510025,0.6864454924428586,-1.0715779932664178,-0.7689712330044237,-0.2998111352962333,29.86111111111111,-0.006305904332267409,False,-0.007754546608839785,False,-0.02616105440769334,False,
2016-08-23,2016-08-23 00:00:00+00:00,117.55999755859375,0.31604876974148816,-0.6133128850150312,0.13398045798932334,0.6592722594693375,-1.0931497209355256,-0.7937381096612708,-0.2938758602039834,30.79584775086505,-0.00850629483469989,False,-0.00952700868022116,False,-0.02790063667415499,False,
2016-08-24,2016-08-24 00:00:00+00:00,116.80000305175781,0.16147889352053657,-0.6181751414830622,0.18776138535850934,0.3187962758644418,-0.8990732336069954,-0.46812327816071625,-0.2672742149563772,33.793103448275865,-0.003082196925902725,False,-0.003082196925902725,False,-0.021575378481319407,False,
2016-08-25,2016-08-25 00:00:00+00:00,116.61000061035156,0.14520945364723206,-0.7321545806238857,0.18888229910947055,0.15470099111602917,-0.8350640903397838,-0.3130553499515518,-0.2683118058440521,33.33333333333333,-0.0014578352461669386,False,-0.01998114929130579,False,-0.01998114929130579,False,
2016-08-26,2016-08-26 00:00:00+00:00,116.77999877929688,-0.14833536795784966,-0.8713070828055266,0.17142763808589337,0.0775218012109012,-0.8270719716663607,-0.27428435331421847,-0.35186336701829024,26.36986301369863,-0.0029114261127299867,False,-0.021407775527766182,False,-0.021407775527766182,False,
2016-08-29,2016-08-29 00:00:00+00:00,116.94000244140625,-0.3599476886024527,-0.8064950447157543,-0.06042748843515752,0.045096408320011085,-0.8380958765134032,-0.5782046404679315,-0.47550218541963474,19.112627986348123,-0.004275696849335486,False,-0.02274673855460363,False,-0.02274673855460363,False,
2016-08-30,2016-08-30 00:00:00+00:00,116.55999755859375,-0.5803680230061004,-0.7855572767556006,-0.33962716398156134,0.04428430248283244,-0.7789880882104216,-0.544128553164257,-0.5258505954152272,15.98639455782313,-0.001029470827907164,False,-0.01956073118610646,False,-0.01956073118610646,False,
2016-08-31,2016-08-31 00:00:00+00:00,116.44000244140625,-0.42399986930350964,-0.6245825899516056,-0.4054285922452928,-0.0032257896009286005,-0.7117467279630224,-0.5859006389230439,-0.4790435633953246,18.983050847457626,0.0025763948477606213,False,-0.018550357410000107,False,-0.018550357410000107,False,
2016-09-01,2016-09-01 00:00:00+00:00,116.73999786376953,-0.5034329831758196,-0.5576495226143258,-0.394237691530564,0.035085013989214264,-0.730625987312974,-0.5846896618051144,-0.48155817190560474,18.91891891891892,-0.021072461277096832,False,-0.021072461277096832,False,-0.021072461277096832,False,
2016-09-02,2016-09-02 00:00:00+00:00,117.12000274658203,-0.503666441859996,-0.5876931131284654,-0.402125797435824,0.15091855893057593,-0.7633515731801849,-0.9910063808333603,-0.5573336420479741,14.14141414141414,-0.024248667184803674,False,-0.024248667184803674,False,-0.024248667184803674,False,
2016-09-06,2016-09-06 00:00:00+00:00,117.8499984741211,-0.2735543415772829,-0.43053527568963407,-0.419379074414768,0.31543146488445833,-0.8617532753975929,-0.9107522507882795,-0.46841545261488426,20.469798657718123,-0.030292742817541574,True,-0.030292742817541574,False,-0.030292742817541574,False,
2016-09-07,2016-09-07 00:00:00+00:00,117.91999816894531,-0.45350404508948977,-0.3971508920942434,-0.47102469020028304,0.31739733003835635,-0.8354143640898203,-0.9412779138512644,-0.5051047679345263,17.725752508361204,-0.03086838064933961,True,-0.03086838064933961,False,-0.03086838064933961,False,
2016-09-08,2016-09-08 00:00:00+00:00,117.2300033569336,-0.6374680495198016,-0.6005646865192243,-0.5616117063593253,0.10011330808333996,-0.7005672510036062,-0.830096052750498,-0.5648551480560964,13.666666666666666,-0.025164245441968935,False,-0.025164245441968935,False,-0.025164245441968935,False,
2016-09-09,2016-09-09 00:00:00+00:00,114.27999877929688,-0.24105835378164853,-0.27119307063632786,-0.5516580204685552,-0.5909979324981872,-0.08633495488953535,0.5641971461622786,-0.13713368501881384,49.501661129568106,0.008837960684450419,False,0.008837960684450419,False,0.008837960684450419,False,
2016-09-12,2016-09-12 00:00:00+00:00,116.33000183105469,-0.25519974819781877,-0.49021289259857365,-0.4071604810641885,-0.31221806298632976,-0.45784908422223497,0.24007759449498564,-0.255674939029168,36.75496688741722,-0.00894009197247092,False,-0.00894009197247092,False,-0.00894009197247092,False,
2016-09-13,2016-09-13 00:00:00+00:00,115.29000091552734,0.31980460600316196,-0.23140596725805676,-0.5094779450146233,-0.4798240428485721,-0.19239419033029947,0.9047950491310027,0.04880879694331641,62.37623762376238,0.004770538797777002,False,0.004770538797777002,False,0.004770538797777002,False,
2016-09-14,2016-09-14 00:00:00+00:00,115.83999633789062,0.4988601482014801,-0.17211095328376322,-0.49980192352535524,-0.4187021784517568,-0.2807140333275552,0.9404241845880537,0.09311189777953222,65.13157894736842,0.008114662216186286,False,0.008114662216186286,False,0.008114662216186286,False,
2016-09-15,2016-09-15 00:00:00+00:00,117.63999938964844,0.5498337722951194,-0.4018429776987536,-0.48775559466511187,-0.16176422417835806,-0.5896332309045964,0.4616833279139508,-0.04893986588718317,55.40983606557377,-0.007310443852545978,False,-0.007310443852545978,False,-0.007310443852545978,False,
2016-09-16,2016-09-16 00:00:00+00:00,117.29000091552734,0.6976876797788356,-0.2409800369458864,-0.5059454699961176,-0.10151306117635506,-0.4867123074018618,-0.21205013956902885,-0.10218346515635898,51.9607843137255,-0.004348214956514274,False,-0.004348214956514274,False,-0.004348214956514274,False,
2016-09-19,2016-09-19 00:00:00+00:00,116.77999877929688,0.5507093800997654,-0.27774158044457,-0.49476963402299073,-0.1531932865675726,-0.4011954961574207,-0.013893835963883022,-0.08699318385842812,53.09446254071661,0.0018838946994588213,False,0.0018838946994588213,False,0.00034253224820579575,False,
2016-09-20,2016-09-20 00:00:00+00:00,117.0,0.6613531557624347,-0.2824918726804703,-0.2560455104902307,-0.15996491229074433,-0.4195516420919571,-0.13843989079880692,-0.07130074422037114,54.54545454545454,0.002905951605902679,False,0.002905951605902679,False,-0.001538464146801588,False,
2016-09-21,2016-09-21 00:00:00+00:00,118.1500015258789,0.6963322047256159,-0.40592588703985605,-0.13872969578825362,0.06881523278929273,-0.6277168468249154,-0.6598650939064192,-0.18268951491755364,44.336569579288025,-0.006855735738698798,False,-0.006855735738698798,False,-0.011256892203792113,False,
2016-09-22,2016-09-22 00:00:00+00:00,119.08999633789062,0.5178739127877175,-0.4398747123889482,-0.06147204688877239,0.28658975539368076,-0.783325382899129,-0.8309150856187866,-0.24841325938420697,37.41935483870968,-0.014694769114231732,False,-0.014694769114231732,False,-0.019061186605681013,False,
2016-09-23,2016-09-23 00:00:00+00:00,118.33000183105469,0.39468013825315174,-0.31193502763217557,-0.12223348622051228,0.12876864165999968,-0.6265307130667638,-0.7490195891822744,-0.2358723393170549,38.90675241157556,-0.008366479150211936,False,-0.008366479150211936,False,-0.012760940698592793,False,
2016-09-26,2016-09-26 00:00:00+00:00,117.33999633789062,0.41885025516256014,0.0022247824741602426,-0.2468769857389279,-0.1517264818488379,-0.40872495364320277,-0.3380731271082305,-0.11270251859786906,51.28205128205128,0.004261121660172895,False,0.004261121660172895,False,-0.004431537917975015,False,
2016-09-27,2016-09-27 00:00:00+00:00,118.5,0.39819341305955697,-0.05484287892231721,-0.23337258818967185,0.09986167231346592,-0.6011768649886731,-0.6540213488601269,-0.1879853999681435,43.13099041533546,-0.005569651157041111,False,-0.008270070522646389,False,-0.014177217765196426,False,
2016-09-28,2016-09-28 00:00:00+00:00,118.69999694824219,0.35844330734857616,-0.2314057784856091,-0.2138762594831975,0.14672628097557733,-0.6509319292567978,-0.6349829020994738,-0.2195838553763636,39.80891719745223,-0.007245161183336513,False,-0.01078347777763633,False,-0.015838224951578717,False,
2016-09-29,2016-09-29 00:00:00+00:00,117.83999633789062,0.2084841302959541,-0.10590387114508687,-0.24487293729475473,-0.1212030818776594,-0.45321350033143415,-0.1270088533142995,-0.13290098135284334,50.15873015873016,0.00449767842126958,False,-0.007128278716863168,False,-0.008655776262430415,False,
2016-09-30,2016-09-30 00:00:00+00:00,118.72000122070312,0.03788639733833282,-0.38063322823289014,-0.27526443313468363,-0.08887800273698065,-0.6086390897376828,-0.3148945046895646,-0.2750825673767319,32.91139240506329,-0.0029481003244805626,False,-0.014487880753181637,False,-0.01600405581488129,False,
2016-10-03,2016-10-03 00:00:00+00:00,118.55000305175781,0.03564100072133664,-0.1999160860714425,-0.27598551571598073,-0.14632849204726872,-0.5434392544714273,-0.47961634129414377,-0.2770181572982517,32.17665615141956,-0.0015183492243117103,False,-0.01459302667565765,False,-0.01459302667565765,False,
2016-10-04,2016-10-04 00:00:00+00:00,118.37000274658203,0.026246636202990715,-0.36504820545301403,-0.4704617278416836,-0.30158168470844915,-0.4565114243986232,-0.3368240631618181,-0.300458426579878,29.874213836477985,-0.00718092492855138,False,-0.013094559565705266,False,-0.01909269311304229,False,
2016-10-05,2016-10-05 00:00:00+00:00,118.79000091552734,-0.11946310593712589,-0.5572104427930759,-0.5623987343345094,-0.26026594276402054,-0.5341898909334384,-0.45548917001742506,-0.40068976464461326,22.884012539184955,-0.011532980352077393,False,-0.016583897680950477,False,-0.030389768351956392,False,
2016-10-06,2016-10-06 00:00:00+00:00,118.7300033569336,0.04075206428340337,-0.5492241423335879,-0.6036389968602531,-0.18671705128279323,-0.5309161484358337,-0.632519024790939,-0.3952917005171563,23.125,-0.014570902956456133,False,-0.016086950291472668,False,-0.039417166452075936,False,
2016-10-07,2016-10-07 00:00:00+00:00,118.47000122070312,0.08088022107804156,-0.6306583181254659,-0.5813971629547797,0.055348206777169395,-0.5524162594099787,-0.4995434110973088,-0.33865212288357166,28.34890965732087,-0.012408214784809468,False,-0.013927589338038726,False,-0.04068540259271902,False,
2016-10-10,2016-10-10 00:00:00+00:00,119.22000122070312,0.295776521390005,-0.7007399129871194,-0.6138879383526786,-0.0034205509801201184,-0.6207293119554181,-0.5920035498594525,-0.3504041315153269,27.95031055900621,-0.02013086312116341,False,-0.02013086312116341,False,-0.046720345896599125,False,
2016-10-11,2016-10-11 00:00:00+00:00,117.5199966430664,0.5530690267749173,-0.5545121630006157,-0.6645388522032818,-0.34724120509700285,-0.30771379950980965,-0.0638004092556936,-0.16540592683308813,46.749226006191954,-0.005956407149740106,False,-0.005956407149740106,False,-0.03293052440208544,False,
2016-10-12,2016-10-12 00:00:00+00:00,117.41999816894531,0.4454546626939724,-0.5708335017042928,-0.6344360579455619,-0.5297357836456512,-0.26985839524784844,0.14940300636384174,-0.16352914383505468,47.53086419753087,-0.0051098491183572126,False,-0.0051098491183572126,False,-0.03210693835680434,False,
2016-10-13,2016-10-13 00:00:00+00:00,117.0,0.3610108303844269,-0.2504375922459018,-0.6360108308838982,-0.6778099927641397,-0.12251374672818816,0.3083882212048647,-0.09346115986767535,54.769230769230774,-0.001538464146801588,False,-0.001538464146801588,False,-0.02863246559077859,False,
2016-10-14,2016-10-14 00:00:00+00:00,117.13999938964844,0.46857951155329786,-0.5733353997944187,-0.6313846139367659,-0.6655749194510587,-0.15040126792883285,0.08887817129217272,-0.16756372629717065,46.012269938650306,-0.0027317713547171385,False,-0.0027317713547171385,False,-0.029793391514034262,False,
2016-10-17,2016-10-17 00:00:00+00:00,116.81999969482422,0.704118917657984,-0.37119470150932726,-0.6058873521692592,-0.6209748992450564,-0.09622889344797496,0.11440314514086729,-0.0649555414599082,57.49235474006116,0.0076185532612005336,False,0.0014552145984370046,False,-0.027135748820634187,False,
2016-10-18,2016-10-18 00:00:00+00:00,117.86000061035156,0.4449916573288111,-0.48087816609815154,-0.6111924193362659,-0.4618985442811421,-0.2804401403759518,-0.28916669065431916,-0.2274587832308126,39.9390243902439,-0.0012727093594273597,False,-0.014848124817049224,False,-0.035720338220521786,False,
2016-10-19,2016-10-19 00:00:00+00:00,117.8499984741211,0.33296468523018863,-0.4498337967099351,-0.5650871219589244,-0.44477545419821496,-0.25261376942875413,-0.5553839369333552,-0.2857067040584991,32.21884498480243,-0.001187945621222708,False,-0.022655903296694757,False,-0.03563849811304387,False,
2016-10-20,2016-10-20 00:00:00+00:00,117.70999908447266,0.29878939643544294,-0.4518292883272383,-0.5650764396893182,-0.3907012607441409,-0.18942977878150483,-0.7695517228475205,-0.31492564736835515,29.393939393939394,0.0011043858162353981,False,-0.03109333158764449,False,-0.03449152654975518,False,
2016-10-21,2016-10-21 00:00:00+00:00,118.1500015258789,0.6534630258392856,-0.4641293032193127,-0.5564987139274585,-0.29506921360187494,-0.27727619082375793,-0.844035992533897,-0.26309948041959785,35.64954682779456,-0.008887033755372586,False,-0.038087176825083224,False,-0.038087176825083224,False,
2016-10-24,2016-10-24 00:00:00+00:00,119.56999969482422,0.8883042972943388,-0.7253321140316459,-0.618068138493041,-0.027583285353737014,-0.5318868282963592,-0.8887813785883921,-0.28121690567519403,32.53012048192771,-0.021577334094167178,False,-0.04951073165555564,False,-0.04951073165555564,False,
2016-10-25,2016-10-25 00:00:00+00:00,119.19000244140625,1.019892836651,-0.6694676119319404,-0.5003133331970815,-0.19517999480583145,-0.40831216369404527,-0.7943042842979886,-0.21627319659858066,41.44144144144144,-0.025841108884688713,False,-0.04648041615949128,False,-0.04648041615949128,False,
2016-10-26,2016-10-26 00:00:00+00:00,118.37999725341797,0.6310908201944071,-0.5298306567519079,-0.6246676672356006,-0.3533620091338452,-0.25899912153784893,-0.53725145617224,-0.2279776181095594,40.41916167664671,-0.027031568022356844,False,-0.03995603849705698,False,-0.03995603849705698,False,
2016-10-27,2016-10-27 00:00:00+00:00,117.83999633789062,0.8991787124814202,-0.6928256653946181,-0.6831391688941675,-0.47957658771505773,-0.17467857616292068,-0.23156998313128563,-0.14558822421842532,51.04477611940299,-0.03216219792866848,True,-0.035556644112559765,False,-0.035556644112559765,False,
2016-10-28,2016-10-28 00:00:00+00:00,117.0999984741211,0.3810188433651452,-0.3928362880163676,-0.6686384329108562,-0.5223734865511878,-0.017209935287981648,-0.0010104424174498749,-0.13158561634427618,52.67857142857143,-0.029461972614838516,False,-0.029461972614838516,False,-0.029461972614838516,False,
2016-10-31,2016-10-31 00:00:00+00:00,116.98999786376953,0.2440898284292614,-0.26409363063742075,-0.7465860885675271,-0.5583872445320128,-0.006029953571928888,0.21967447250182232,-0.10648387066033677,54.59940652818991,-0.0285494178893817,False,-0.0285494178893817,False,-0.0285494178893817,False,
2016-11-01,2016-11-01 00:00:00+00:00,116.11000061035156,0.24509423630517294,0.008070133953844741,-0.8959166884739997,-0.6498295126188599,0.1613961895220126,0.5458296637428911,0.004608442266863064,64.20118343195266,-0.021186797618992892,False,-0.021186797618992892,False,-0.021186797618992892,False,
2016-11-02,2016-11-02 00:00:00+00:00,115.18000030517578,0.25203917193827347,0.3562678075767121,-1.0421580760375515,-0.6514881383592174,0.3569493901396365,0.6238335858529,0.09806557236503112,68.73156342182891,-0.013283545539529928,False,-0.013283545539529928,False,-0.013283545539529928,False,
2016-11-03,2016-11-03 00:00:00+00:00,114.05000305175781,-0.016962530516325274,0.38069913024107027,-0.4684305674006676,-0.8837983404943507,0.5569459797175861,1.065561402221452,0.19880103200648375,74.41176470588235,-0.0035072469546307827,False,-0.0035072469546307827,False,-0.0035072469546307827,False,
2016-11-04,2016-11-04 00:00:00+00:00,113.6500015258789,-0.24124063624175004,0.48393360509332,-0.5590994976974966,-0.8634546753993434,0.61001547925679,1.0096541956263656,0.16284769741262795,72.14076246334311,0.018477768991872034,False,0.008622927535253178,False,0.008622927535253178,False,
2016-11-07,2016-11-07 00:00:00+00:00,116.3499984741211,-0.4068632836378144,-0.00859079221364679,-0.40311161338411783,-0.5925617857999381,0.08665433419167183,0.2511636266431272,-0.1442931126010526,50.58479532163743,-0.01478299306626718,False,-0.01478299306626718,False,-0.01478299306626718,False,
2016-11-08,2016-11-08 00:00:00+00:00,117.11000061035156,-0.446047735886224,-0.22423406645669894,-0.45508449276471585,-0.5762819728919841,-0.10882810461928194,0.15318141059786108,-0.245924741160303,37.31778425655977,-0.02117670005984429,False,-0.02117670005984429,False,-0.02117670005984429,False,
2016-11-09,2016-11-09 00:00:00+00:00,117.6500015258789,-0.799451772779773,-0.7626719206848597,-0.39355023319030347,-0.3166485155839227,-0.2696921007290189,-0.6734178712108687,-0.5497654377032797,13.662790697674417,-0.025669394248130528,False,-0.025669394248130528,False,-0.025669394248130528,False,
2016-11-10,2016-11-10 00:00:00+00:00,115.75,-1.5687278503162194,-0.788803007107384,-0.2569849143363644,-0.5556833762155006,0.00011522718300455148,-0.5635715464274739,-0.6538082828442068,8.695652173913043,-0.009676049646497042,False,-0.009676049646497042,False,-0.009676049646497042,False,
2016-11-11,2016-11-11 00:00:00+00:00,115.80000305175781,-1.9883739478143838,-0.48261670432617315,-0.2505929404230351,-0.4542869522512727,-0.012913160954046848,-0.673384608043072,-0.700529185891221,7.803468208092486,-0.010103676748755341,False,-0.010103676748755341,False,-0.010103676748755341,False,
2016-11-14,2016-11-14 00:00:00+00:00,114.62999725341797,-2.9841626883314967,-0.9219974098502455,-0.08080046147631818,-0.7424504931799717,0.1487532184855026,-0.401775745437308,-0.9051842746588248,2.881844380403458,0.013870749414484074,False,0.013870749414484074,False,0.0073279594121260505,False,
2016-11-15,2016-11-15 00:00:00+00:00,116.22000122070312,-2.5810253180304756,-1.1955708212548295,0.06570358376774393,-0.6169208083076015,-0.10818114274746372,-0.6176623287894148,-0.9266771439710612,2.8735632183908044,0.005937036948536312,False,0.005937036948536312,False,-0.006453278197577572,False,
2016-11-16,2016-11-16 00:00:00+00:00,116.91000366210938,-1.9876233256727514,-0.9605073371298837,-0.029291911523584152,-0.5082981997839532,-0.20504585454889024,-0.29015261039672186,-0.7198143798131068,7.163323782234957,0.0035069371300320284,False,-0.012317187548536168,False,-0.012317187548536168,False,
2016-11-17,2016-11-17 00:00:00+00:00,117.76000213623047,-2.096748836674744,-1.1093427123296824,-0.35616300832961467,-0.43798965042317856,-0.37227704447124904,-0.39347661995741484,-0.8402166554665722,4.857142857142857,-0.0037364337077476772,False,-0.019446338943490793,False,-0.019446338943490793,False,
2016-11-18,2016-11-18 00:00:00+00:00,117.31999969482422,-2.1606940985146084,-1.214326316898287,-0.31594865413868656,-0.4932100266989347,-0.268219032676365,-0.4629503953803745,-0.8660980222677215,4.273504273504273,0.009376052480245756,False,-0.015768824402773274,False,-0.015768824402773274,False,
2016-11-21,2016-11-21 00:00:00+00:00,118.54000091552734,-2.043267707740395,-1.3214313123961103,-0.22856515092642743,-0.4097157099285056,-0.4463694027848762,-0.5817181766354146,-0.8967996258734723,3.977272727272727,-0.0010123396798987772,False,-0.025898428134920715,False,-0.025898428134920715,False,
2016-11-22,2016-11-22 00:00:00+00:00,118.9000015258789,-2.221534181615121,-1.4994697418009355,-0.25349161698355505,-0.44152799867461673,-0.5161134936433805,-0.5344498463878355,-0.9709183270989558,2.5495750708215295,-0.01177461318681472,False,-0.02884777343278022,False,-0.02884777343278022,False,
2016-11-23,2016-11-23 00:00:00+00:00,118.41999816894531,-2.2352727131567636,-1.487156047862871,-0.12215092277709977,-0.46044503124051134,-0.4629995605131501,-0.6036739414086479,-0.9647444971589297,2.824858757062147,-0.024911307159737772,False,-0.024911307159737772,False,-0.024911307159737772,False,
2016-11-25,2016-11-25 00:00:00+00:00,118.80000305175781,-2.501855502879287,-1.4805390439159491,-0.15460161820163962,-0.3707300164024809,-0.5516996390956364,-0.7126722157801337,-1.04639599241894,1.1267605633802817,-0.028030317723172993,False,-0.028030317723172993,False,-0.028030317723172993,False,
2016-11-28,2016-11-28 00:00:00+00:00,118.52999877929688,-1.8897013484374217,-1.3383235032533907,-0.10217228123551171,-0.3373328801671076,-0.48652763218373596,-0.5035586101831279,-0.8375232037974831,6.460674157303371,-0.0258162287193765,False,-0.0258162287193765,False,-0.0258162287193765,False,
2016-11-29,2016-11-29 00:00:00+00:00,118.94000244140625,-1.6758398025163597,-1.3243999294098918,-0.1847675957519108,-0.2504141703792239,-0.5526567642711319,-0.5275862972545268,-0.8059154473519622,7.282913165266107,-0.029174383298104956,False,-0.029174383298104956,False,-0.029174383298104956,False,
2016-11-30,2016-11-30 00:00:00+00:00,117.5,-1.9917717991557478,-1.651699558283602,-0.25131951236253774,-0.5759048866104944,-0.3252397499882884,-0.38372259928326874,-0.8994194476558293,4.748603351955307,-0.017276585355718077,False,-0.017276585355718077,False,-0.017276585355718077,False,
2016-12-01,2016-12-01 00:00:00+00:00,115.47000122070312,-1.7451942563700091,-1.7124697180719008,-0.09952913286048393,-0.9049926637791265,-0.004551393050458434,-0.1334246439049381,-0.7792063292287836,8.356545961002785,0.001991822335737803,False,0.001991822335737803,False,0.001991822335737803,False,
2016-12-02,2016-12-02 00:00:00+00:00,115.69999694824219,-1.54237477762812,-1.657613878620847,-0.4591657688832525,-0.7381401334210508,-0.07959253337763648,-0.09698369665150144,-0.7490698802260616,8.88888888888889,0.007778751509228687,False,0.007778751509228687,False,0.007778751509228687,False,
2016-12-05,2016-12-05 00:00:00+00:00,116.5999984741211,-1.5462980715464065,-1.81057609726893,-0.2309482296926971,-0.45347431019255513,-0.28289654558805294,-0.5690597940033466,-0.8423532663160537,6.094182825484765,0.002401361774966304,False,0.002401361774966304,False,0.002401361774966304,False,
2016-12-06,2016-12-06 00:00:00+00:00,116.87999725341797,-1.6980563820354213,-1.5517267436736215,-0.3501217549721865,-0.5413855810383067,-0.25523812165990895,-0.6858807590835164,-0.8768140767597772,5.524861878453039,0.012662588909243988,False,0.012662588909243988,False,0.012662588909243988,False,
2016-12-07,2016-12-07 00:00:00+00:00,118.36000061035156,-1.8969313105807935,-1.5256828516880485,-0.29666435895011295,-0.4625874241378391,-0.527976040576735,-0.5142298252060286,-0.9157344125416058,3.8567493112947657,0.0017742403125189377,False,0.0017742403125189377,False,0.0010138792325380397,False,
2016-12-08,2016-12-08 00:00:00+00:00,118.56999969482422,-1.8603368676828413,-1.2898010222636829,-0.37397469063188943,-0.47316737497800626,-0.5585369290671566,-0.46358482468102447,-0.8783344529356467,5.769230769230769,0.0032891911162369336,False,0.0032891911162369336,False,-0.0007590144060238835,False,
2016-12-09,2016-12-09 00:00:00+00:00,119.5,-0.8488717688972166,-1.4815379447764858,-0.42033521503140414,-0.008923611341849899,-0.7846284498715521,-0.6892989088379967,-0.7301625804422438,10.684931506849315,-0.004518836113199476,False,-0.004518836113199476,False,-0.00853553676206198,False,
2016-12-12,2016-12-12 00:00:00+00:00,118.95999908447266,-0.2663194145695182,-1.4692834206795344,-0.5146993483619631,-0.19048070507609027,-0.6659109115361656,-0.2919151509262915,-0.545263649105935,19.12568306010929,0.00537995456097784,False,0.00537995456097784,False,-0.004034933853674816,False,
2016-12-13,2016-12-13 00:00:00+00:00,120.45999908447266,0.5593049002580325,-1.3207308141359881,-0.5403437480751216,0.3305002219279381,-0.9357228118637995,-0.20570087545147736,-0.3189927210501685,32.69754768392371,-0.007139304473582908,False,-0.007139304473582908,False,-0.016436956189503138,False,
2016-12-14,2016-12-14 00:00:00+00:00,120.20999908447266,0.6304041811239479,-1.16919221948485,-0.4760454141446971,0.1509368362219136,-0.7761121251749293,-0.16477824343280484,-0.26244008640066746,39.130434782608695,-0.005074458156537509,False,-0.005074458156537509,False,-0.014391446141875264,False,
2016-12-15,2016-12-15 00:00:00+00:00,120.4000015258789,0.20625421715168538,-1.3298638776923977,-0.4727314115578504,0.041678458818543186,-0.8000072068216156,-0.3435713529327432,-0.42796582250739795,25.203252032520325,-0.006644543535041847,False,-0.015946828443624494,False,-0.015946828443624494,False,
2016-12-16,2016-12-16 00:00:00+00:00,119.5999984741211,-0.006121932731367759,-1.1463921264346622,-0.3720301684439641,-0.13046967914924085,-0.6034616997627166,-0.3830775853913998,-0.4272645312590787,25.405405405405407,0.004096972157366263,False,-0.009364507788265919,False,-0.009364507788265919,False,
2016-12-19,2016-12-19 00:00:00+00:00,120.08999633789062,0.27889732988114524,-0.9773703238159609,-0.5725547744744022,0.10072910738737074,-0.6957401743307575,-0.5874624460122322,-0.38961271800409764,27.49326145552561,0.00024986601387655405,False,-0.013406553668526056,False,-0.013406553668526056,False,
2016-12-20,2016-12-20 00:00:00+00:00,120.55000305175781,0.16378314994468382,-0.9823954896287064,-0.6108410041772744,0.07604664599880669,-0.7367453300998376,-0.6741084757350588,-0.4464505581402549,24.731182795698924,-0.005557907767552495,False,-0.017171295250282714,False,-0.017171295250282714,False,
2016-12-21,2016-12-21 00:00:00+00:00,120.45999908447266,0.3446676358582988,-0.8404410779503021,-0.7360637573494503,0.08736145229123093,-0.675550578951504,-0.8076021709400532,-0.4142653423904574,26.005361930294907,-0.006226133203554696,False,-0.016436956189503138,False,-0.016436956189503138,False,
2016-12-22,2016-12-22 00:00:00+00:00,120.12000274658203,0.6101419408509288,-0.8320384201209015,-0.88811561022039,0.07273714548179692,-0.6055787515119416,-0.7242660864523807,-0.3466473316405835,31.818181818181817,-0.013653008259651433,False,-0.013653008259651433,False,-0.013653008259651433,False,
2016-12-23,2016-12-23 00:00:00+00:00,120.19999694824219,0.4594089740163765,-0.7918205511522328,-1.125821216714894,0.043534504928823846,-0.6075658078403409,-0.6676431256501809,-0.3879850204998298,28.000000000000004,-0.014309431239413528,False,-0.014309431239413528,False,-0.014309431239413528,False,
2016-12-27,2016-12-27 00:00:00+00:00,120.81999969482422,0.3352121257118053,-0.9310502084760973,-1.146631427008887,0.0763669105286613,-0.7048182758250641,-0.455207797681212,-0.4078284269518983,26.329787234042552,-0.01936762410032411,False,-0.01936762410032411,False,-0.01936762410032411,False,
2016-12-28,2016-12-28 00:00:00+00:00,119.87999725341797,0.46859881346089827,-0.7437877526893503,-1.381620050404849,-0.20335536503680926,-0.479985579177797,-0.17482654278074278,-0.3174761343989371,34.217506631299734,-0.011678294365697117,False,-0.011678294365697117,False,-0.011678294365697117,False,
2016-12-29,2016-12-29 00:00:00+00:00,119.70999908447266,0.6733576120758523,-0.5080842673714788,-1.3289654362061127,-0.019773279158617346,-0.488498050130846,-0.08057120829850269,-0.19121750487082498,48.41269841269841,-0.010274795229687772,False,-0.010274795229687772,False,-0.010274795229687772,False,
2016-12-30,2016-12-30 00:00:00+00:00,118.4800033569336,0.45762384591365385,-0.39500706365710947,-1.2336344996387278,-0.08092164646717064,-0.3294267457620968,0.062112341497307336,-0.1566908681527419,53.03430079155673,0.008946636804190389,False,0.008946636804190389,False,0.008946636804190389,False,
2017-01-03,2017-01-03 00:00:00+00:00,119.54000091552734,0.32705504145909886,-0.5277043761532866,-1.5274780761898805,0.13467016849985358,-0.5192569562359378,-0.23310521581327767,-0.29676436488502633,36.05263157894737,0.005437523179694814,False,0.005437523179694814,False,0.005437523179694814,False,
2017-01-04,2017-01-04 00:00:00+00:00,120.19000244140625,-0.033531527900740134,-0.549622406059258,-1.9379558272764552,0.2061995867539691,-0.6235743023319087,-0.5722522302668598,-0.4911806177233406,20.99737532808399,0.005657711052192482,False,0.005657711052192482,False,0.005657711052192482,False,
2017-01-05,2017-01-05 00:00:00+00:00,120.87000274658203,0.31358735760740686,-0.17433945072519755,-0.5632454616708613,0.4044931933705085,-0.6952335376226034,-0.6838086666431034,-0.2348924541019495,44.50261780104712,0.00876973222889843,False,0.00876973222889843,False,0.00876973222889843,False,
2017-01-06,2017-01-06 00:00:00+00:00,121.93000030517578,0.6821903477102932,-0.2892305465187463,0.5797590202213989,0.4729839586164471,-0.7751540863670745,-0.7776526679406052,-0.08858436748268231,60.313315926892955,0.0032805833254963,False,0.0032805833254963,False,0.0032805833254963,False,
2017-01-09,2017-01-09 00:00:00+00:00,122.33000183105469,0.8640601947542969,0.01552654617629797,0.7584108212080105,0.5397177792110297,-0.7847740378324798,-0.7657749613424599,0.02182997004477165,68.48958333333334,0.0022071171341866425,False,0.0022071171341866425,False,0.0022071171341866425,False,
2017-01-10,2017-01-10 00:00:00+00:00,122.5999984741211,0.3231901564885278,0.187696295606353,1.0476004155071847,0.46168067882337877,-0.7758948503807438,-0.6775622667950912,-0.023886804422283248,64.41558441558442,0.0011419199950315484,False,0.0011419199950315484,False,0.0011419199950315484,False,
2017-01-11,2017-01-11 00:00:00+00:00,122.93000030517578,0.286119860168167,0.18499017293481612,2.06659904741363,0.5811121233184497,-0.8279925397922788,-0.647455717370432,0.08370956978044415,70.98445595854922,-0.0015456149103926231,False,-0.0015456149103926231,False,-0.0015456149103926231,False,
2017-01-12,2017-01-12 00:00:00+00:00,122.73999786376953,0.0629720009887245,0.25505679895996675,2.09660456550875,0.36622715946534895,-0.706172323570596,-0.5750150775771534,0.05920997028286739,69.50904392764858,0.00040739003281808905,False,0.00040739003281808905,False,0.00040739003281808905,False,
2017-01-13,2017-01-13 00:00:00+00:00,123.16000366210938,-0.11051362827391975,0.20094393312948378,1.9729163021641063,0.4518896544409576,-0.7730639194092407,-0.6174361499246281,-0.0049860711695809,65.4639175257732,-0.0030042443616447034,False,-0.0030042443616447034,False,-0.0030042443616447034,False,
2017-01-17,2017-01-17 00:00:00+00:00,122.79000091552734,-0.01969563251533073,0.49679208130131275,1.5936903636098605,0.37130894527818475,-0.6478365573072139,-0.49156946012796626,0.05776386035780847,69.1516709511568,0.0015473771478913267,False,0.0015473771478913267,False,0.0015473771478913267,False,
2017-01-18,2017-01-18 00:00:00+00:00,123.04000091552734,0.0676068441249071,0.19571533371588265,2.0526472657554473,0.3959929405062133,-0.7105000476693868,-0.3453301401748094,0.0963762989650013,72.05128205128204,-0.00048762644788125087,False,-0.00048762644788125087,False,-0.00048762644788125087,False,
2017-01-19,2017-01-19 00:00:00+00:00,122.9800033569336,-0.04236551361520502,0.11529213207073652,2.3685401217431634,0.2507025412735771,-0.628115457078223,-0.22946342856712115,0.11176433332385355,72.63427109974424,0.0021954515831552612,False,0.0021954515831552612,False,0.0021954515831552612,False,
2017-01-20,2017-01-20 00:00:00+00:00,123.25,-0.04492753987009627,0.1623843356962823,1.8564440061248053,0.3845539234862076,-0.654664834701871,-0.618693779624838,0.0040279086504929895,66.58163265306123,0.0008113466460129004,False,0.0008113466460129004,False,0.0008113466460129004,False,
2017-01-23,2017-01-23 00:00:00+00:00,123.3499984741211,0.11378582375040751,0.35459558526934515,1.1877102745209094,0.42023660283066167,-0.6317389718835776,-0.5419724299238289,0.023010740055692147,67.93893129770993,0.0067288353572929616,False,0.0067288353572929616,False,0.0067288353572929616,False,
2017-01-24,2017-01-24 00:00:00+00:00,124.18000030517578,-0.3169711988627204,0.20831842794674496,1.3412733142002877,0.621063538612836,-0.7868260857448162,-0.793539834537399,-0.1209327974250212,56.09137055837563,0.0031405974286520255,False,0.0031405974286520255,False,0.0031405974286520255,False,
2017-01-25,2017-01-25 00:00:00+00:00,125.43000030517578,-0.062204985056729785,-0.11427709999393658,1.2715020137839983,0.8119292057987905,-0.9863258636694939,-0.9118539098371743,-0.16027893446355174,51.64556962025316,-0.00685641878545129,False,-0.00685641878545129,False,-0.00685641878545129,False,
2017-01-26,2017-01-26 00:00:00+00:00,125.55999755859375,0.36513921602292315,0.03254686855597346,0.3661185281306619,0.8138292865249692,-0.9464063419874086,-0.9996453813296433,-0.15261422538361819,53.03030303030303,-0.007884659788301884,False,-0.007884659788301884,False,-0.007884659788301884,False,
2017-01-27,2017-01-27 00:00:00+00:00,125.80000305175781,0.1387054161216181,-0.05855456364771244,0.5192730656735148,0.909035843915421,-0.9823466082920649,-0.9445175366128519,-0.17813224714915202,49.37027707808564,-0.009777450930804288,False,-0.009777450930804288,False,-0.009777450930804288,False,
2017-01-30,2017-01-30 00:00:00+00:00,124.81999969482422,-0.12549355641761198,-0.01250450051647789,0.6408461518212341,0.5519306601657598,-0.7408485828488188,-0.5280145363018287,-0.1338727959841362,55.27638190954774,-0.002002884158077478,False,-0.002002884158077478,False,-0.002002884158077478,False,
2017-01-31,2017-01-31 00:00:00+00:00,124.56999969482422,-0.21942499179839567,0.11230428767618567,0.8981826433961895,0.6600992240953137,-0.7310219755517701,-0.4379704096125817,-0.07200468428720566,60.902255639097746,0.006020711261438327,False,0.006020711261438327,False,0.006020711261438327,False,
2017-02-01,2017-02-01 00:00:00+00:00,125.43000030517578,0.34191100005831476,0.08332817471491212,0.5918016418930103,0.7676268807157118,-0.8237822408796628,-0.44769343132114486,0.0009104880753960098,66.25,-0.0008769880418075804,False,-0.0008769880418075804,False,-0.0008769880418075804,False,
2017-02-02,2017-02-02 00:00:00+00:00,125.31999969482422,0.5192446459577483,0.16161409200748714,0.4136172230707791,0.6700992696847222,-0.7532148470722427,-0.3926680439758693,0.04079107754283655,68.82793017456359,0.0028726509035128522,False,0.0028726509035128522,False,0.0028726509035128522,False,
2017-02-03,2017-02-03 00:00:00+00:00,125.68000030517578,0.2645754122766933,-0.10364007001055216,0.11126641724312591,0.6749897099748147,-0.8248147432199969,-0.6985776727238229,-0.1549343130144733,51.49253731343284,0.0011935194582644026,False,0.0011935194582644026,False,0.0011935194582644026,False,
2017-02-06,2017-02-06 00:00:00+00:00,125.83000183105469,0.12310334127494689,0.267462251171353,0.037209560098520056,0.5920705498914708,-0.7715306932497644,-0.7626504474888793,-0.14956468372346382,53.101736972704714,0.003655718650392048,False,0.003655718650392048,False,0.003655718650392048,False,
2017-02-07,2017-02-07 00:00:00+00:00,126.29000091552734,0.15544258104131786,0.30992716005913457,-0.25477959454891136,0.6378824949513359,-0.8048820529063908,-0.8153256647430516,-0.17625953852494552,48.76237623762376,0.0016628322349376834,False,0.0016628322349376834,False,0.0016628322349376834,False,
2017-02-08,2017-02-08 00:00:00+00:00,126.5,0.26598480389793905,0.5394029582331924,-0.19981538225786166,0.6733228722590715,-0.8204746299984063,-0.7444495837216237,-0.0978605456163648,58.2716049382716,0.003636356398993401,False,0.003636356398993401,False,0.003636356398993401,False,
2017-02-09,2017-02-09 00:00:00+00:00,126.95999908447266,0.015535116701063481,0.2097197021376215,-0.06076487471171227,0.6922920802805858,-0.9197604072267745,-0.9195888719035423,-0.23553755259429082,41.87192118226601,0.0033081141459827546,False,0.0033081141459827546,False,0.0033081141459827546,False,
2017-02-10,2017-02-10 00:00:00+00:00,127.37999725341797,0.0496145461078154,0.16237810602176905,-0.019233838286294908,0.7535256540342576,-1.0161141815386896,-0.831673231381096,-0.2241723931826195,43.48894348894349,0.005652448309173774,False,0.005652448309173774,False,0.005652448309173774,False,
2017-02-13,2017-02-13 00:00:00+00:00,128.10000610351562,0.2493869679326054,0.11349505223498209,-0.025019001125738877,0.8229082065915939,-1.1419035694695039,-0.8422783031124272,-0.20900039221845274,44.85294117647059,0.0033566952013552864,False,0.0033566952013552864,False,0.0033566952013552864,False,
2017-02-14,2017-02-14 00:00:00+00:00,128.52999877929688,0.4986371080793605,-0.27854535922798124,-0.04654241818317915,0.9088108362485646,-1.2318473117217261,-0.9450603230000161,-0.24576852559370674,40.34229828850856,0.005601814576684738,False,0.005601814576684738,False,0.005601814576684738,False,
2017-02-15,2017-02-15 00:00:00+00:00,129.2899932861328,0.42882685076822497,-0.18010651782986478,0.007979690938288014,0.9049448427280148,-1.3627312389601227,-0.5637411931430039,-0.1900053984384291,46.82926829268293,-0.0003093300967562662,False,-0.0003093300967562662,False,-0.0003093300967562662,False,
2017-02-16,2017-02-16 00:00:00+00:00,129.25,0.5388987678473827,0.09088226853578625,0.025508651837453572,0.9503426331502004,-1.3088517794405707,-0.5677757640354681,-0.10881115468908786,57.66423357664233,0.004332669698984493,False,0.004332669698984493,False,0.004332669698984493,False,
2017-02-17,2017-02-17 00:00:00+00:00,129.80999755859375,0.4838104497975582,0.2651749493091724,0.022137401365815296,1.0569891280724548,-1.3768817045755684,-0.6396625998133858,-0.10600841917445361,58.252427184466015,0.0015406898698377969,False,0.0015406898698377969,False,0.0015406898698377969,False,
2017-02-21,2017-02-21 00:00:00+00:00,130.4499969482422,0.29152093551713393,-0.07719503417797985,-0.1835160496880989,1.0587524901205987,-1.4942024294451952,-0.6389957595481045,-0.2394534372726503,40.92009685230024,-0.003372958617859023,False,-0.003372958617859023,False,-0.004906089724956986,False,
2017-02-22,2017-02-22 00:00:00+00:00,130.5,0.6332558028921612,0.1649627214904817,-0.12569916157715533,1.0106793875406817,-1.4132696034614938,-0.5577436583620662,-0.1037750915893208,58.454106280193244,-0.0037548313652419063,False,-0.0037548313652419063,False,-0.005287375029932928,False,
2017-02-23,2017-02-23 00:00:00+00:00,130.00999450683594,0.8391971959841914,0.5454401044722889,-0.3168832298307686,0.8634317662266063,-1.2026072203212357,-0.7125662460066484,-0.03555279644698109,64.33734939759036,7.699227788582341e-05,False,7.699227788582341e-05,False,-0.0015383197961112982,False,
2017-02-24,2017-02-24 00:00:00+00:00,130.25999450683594,0.42145322000922447,0.7183025088628742,-0.7183048053993704,0.8831271507444822,-1.2284169056738197,-0.7611873245657943,-0.14524623364491154,53.84615384615385,-0.0018423940157805685,False,-0.0018423940157805685,False,-0.003454605920611864,False,
2017-02-27,2017-02-27 00:00:00+00:00,130.4199981689453,0.30299577658625493,0.4432708183355892,-0.7812781458813091,0.785606820002274,-1.2465053714982253,-0.5351097875379118,-0.1895200453274279,46.76258992805755,-0.003066967505751861,False,-0.003066967505751861,False,-0.004677201494523664,False,
2017-02-28,2017-02-28 00:00:00+00:00,130.02000427246094,0.579857489646089,0.4607435211697069,-0.7666635510060209,0.7620561514096563,-1.1095129937083803,-0.3070578563539387,-0.06058907629694363,62.67942583732058,0.003768575744300229,False,0.003768575744300229,False,-0.0016151877170155204,False,
2017-03-01,2017-03-01 00:00:00+00:00,131.44000244140625,0.7724290433873469,-0.18966073889175114,-0.9187238240806775,0.9840379606994833,-1.5136611934696436,-0.41058097441354996,-0.20307842403607732,44.630071599045344,-0.007075531933171564,False,-0.007075531933171564,False,-0.012401132475169607,False,
2017-03-02,2017-03-02 00:00:00+00:00,130.77999877929688,0.4953655262764141,-0.04808919633342914,-1.025088902696428,0.7655137608597323,-1.1949428229361048,-0.6349091250732519,-0.2617924899372859,37.142857142857146,-0.00206456855009296,False,-0.00206456855009296,False,-0.007417045647324816,False,
2017-03-03,2017-03-03 00:00:00+00:00,131.02000427246094,0.543585952750965,0.00291854535543401,-1.0125620829315511,0.8909950891924372,-1.2217156586867206,-0.8805932581049657,-0.2789137559191187,34.204275534441805,-0.0038926098992060343,False,-0.0038926098992060343,False,-0.009235282204318462,False,
2017-03-06,2017-03-06 00:00:00+00:00,130.72999572753906,0.7441597882840769,0.1754101177369327,-0.8849208187665982,0.739420866628571,-1.056568817319185,-0.8498942403383973,-0.18372808809653535,48.34123222748815,-0.0016828671911046644,False,-0.0016828671911046644,False,-0.007037391562856987,False,
2017-03-07,2017-03-07 00:00:00+00:00,130.50999450683594,0.9761962731098824,0.2311627801485182,-0.2508833888787777,0.6554860824814739,-0.9249267123214863,-0.8396175430281559,-0.04976060594133096,63.593380614657214,0.0017624013179777798,False,-0.005363550514941751,False,-0.005363550514941751,False,
2017-03-08,2017-03-08 00:00:00+00:00,130.74000549316406,0.8343911453813831,0.22683130587705858,0.17495411541276723,0.5831677442131872,-0.9041813898682097,-0.6633924420718047,-0.007641268256912678,66.27358490566037,0.000764806796124784,False,-0.007113415140700297,False,-0.007113415140700297,False,
2017-03-09,2017-03-09 00:00:00+00:00,130.83999633789062,0.9993734596013244,0.009893736888628343,0.2425342089000299,0.5030463545393374,-0.8922760505589188,-0.46528270484138756,0.029557375444401436,70.35294117647058,0.003439291966044422,False,-0.00787220122382859,False,-0.00787220122382859,False,
2017-03-10,2017-03-10 00:00:00+00:00,131.38999938964844,0.9593097566829517,0.336551390409993,0.5470165466054416,0.6881462022587471,-1.0088362782967224,-0.5786102297567588,0.08277894328674924,73.00469483568075,-0.000761139386408316,False,-0.012025282277146943,False,-0.012025282277146943,False,
2017-03-13,2017-03-13 00:00:00+00:00,131.61000061035156,0.7501815578772367,0.20571860269237993,0.28652274760061724,0.6744560362292814,-1.008354443743392,-0.7331952553806907,-0.03759515765105825,64.40281030444966,-0.0024314818230734003,False,-0.01367679540620137,False,-0.01367679540620137,False,
2017-03-14,2017-03-14 00:00:00+00:00,131.2899932861328,0.8159678826717996,0.5448748920513691,0.2526927010551975,0.4769141117627842,-0.8161319120598122,-0.4643415405249944,0.08563650669504136,73.5981308411215,-0.011272723004209229,False,-0.011272723004209229,False,-0.011272723004209229,False,
2017-03-15,2017-03-15 00:00:00+00:00,132.10000610351562,0.43969712022344815,0.5247640517059368,0.3889402799652043,0.6033092499171907,-1.0169701117895373,-0.7111139223338399,-0.049572359539996336,62.93706293706294,-0.017335415890347372,False,-0.017335415890347372,False,-0.017335415890347372,False,
2017-03-16,2017-03-16 00:00:00+00:00,132.00999450683594,0.6047915113606085,0.617381538715815,0.7971934991212211,0.5810476807589297,-0.90717105157508,-0.9031432527774592,0.018379174234947615,69.06976744186046,-0.016665381711899574,False,-0.016665381711899574,False,-0.016665381711899574,False,
2017-03-17,2017-03-17 00:00:00+00:00,131.69000244140625,0.14843195945857157,0.6722118083982996,1.3065268484658517,0.45084032659826295,-0.752979483442544,-0.8210225266857905,0.013996494962116982,68.90951276102089,-0.014275987910691845,False,-0.014275987910691845,False,-0.014275987910691845,False,
2017-03-20,2017-03-20 00:00:00+00:00,131.80999755859375,0.4757902948821609,0.8315433831227462,1.4843404836273952,0.44212838384336517,-0.7090775179977564,-0.7732640369423718,0.13817456139606274,76.38888888888889,-0.015173355868631555,False,-0.015173355868631555,False,-0.015173355868631555,False,
2017-03-21,2017-03-21 00:00:00+00:00,129.80999755859375,0.6936208378119938,1.5591110748046735,1.0596380275948203,-0.02479516865615754,0.016135230953074176,-0.3070020253347364,0.4166619973678257,86.60508083140877,0.0042369853023804804,False,0.0042369853023804804,False,0.0042369853023804804,False,
2017-03-22,2017-03-22 00:00:00+00:00,130.69000244140625,0.5982227470124665,1.498611687357477,1.1308274270217658,-0.00044485081239854324,-0.19645395584521752,-0.07921391254408919,0.40231874390857036,85.9447004608295,-0.0025250732641362017,False,-0.0025250732641362017,False,-0.0025250732641362017,False,
2017-03-23,2017-03-23 00:00:00+00:00,130.36000061035156,0.19867394782822378,1.3721935892602584,1.2663086405309552,-0.09351737377282303,-0.10759386348084465,0.057889680965973286,0.34822624943888125,83.2183908045977,0.0020712202454491457,False,0.0020712202454491457,False,0.00030679108580522474,False,
2017-03-24,2017-03-24 00:00:00+00:00,130.6300048828125,0.16271704381412544,1.1205732586084338,1.5298954407773504,-0.09310165448897341,-0.1363035827151009,0.008434359112513824,0.3140798487379618,81.19266055045871,0.001607528494441235,False,0.001607528494441235,False,-0.0017607821919203293,False,
2017-03-27,2017-03-27 00:00:00+00:00,130.83999633789062,0.2753494381184977,1.450351495531887,1.6687558713622714,0.03782147340485783,-0.15339771011683864,-0.07235227128064295,0.4000214238209421,85.81235697940504,0.006114361618383413,False,0.006114361618383413,False,-0.0033629047211982677,False,
2017-03-28,2017-03-28 00:00:00+00:00,131.63999938964844,0.16832293912575694,0.8898049018632431,1.6734233875858853,0.25358423272734376,-0.4253716373313214,-0.44331074694096795,0.19877881991787005,78.76712328767124,0.004633854551654881,False,-0.0014433488475175116,False,-0.009419671064367807,False,
2017-03-29,2017-03-29 00:00:00+00:00,132.25,0.08851702189404659,1.3661552798855097,1.6915008477811782,0.2794364341341349,-0.488725510459719,-0.5702350910699335,0.2219001259539433,79.27107061503416,-0.002117193038161602,False,-0.010056724620451374,False,-0.013988703996337448,False,
2017-03-30,2017-03-30 00:00:00+00:00,132.47000122070312,0.08389653645862616,0.9195034155929589,1.522587542538685,0.29373804916125196,-0.5665367290722098,-0.5749420282729569,0.12272852978969198,74.31818181818181,-0.0037744394609536824,False,-0.015626234657988625,False,-0.015626234657988625,False,
2017-03-31,2017-03-31 00:00:00+00:00,132.3800048828125,0.1517579514651938,1.0303656497959937,1.0437331542799697,0.1707407012742597,-0.48103245186542254,-0.2956921228819972,0.15954594343208978,76.64399092970523,-0.0030971721331505275,False,-0.014957024575432687,False,-0.014957024575432687,False,
2017-04-03,2017-04-03 00:00:00+00:00,132.3000030517578,0.34896053372556296,1.4034214556423008,0.6010671689047811,0.19376776035521495,-0.4079619195379123,-0.21882151637748878,0.24412051885213784,80.31674208144797,-0.00249434484839417,False,-0.01436136894517015,False,-0.01436136894517015,False,
2017-04-04,2017-04-04 00:00:00+00:00,132.50999450683594,0.40455156027296746,1.1803297808193438,0.9108920414774495,0.24928487792207207,-0.4384596895667621,-0.4279429094501862,0.21316119521016114,79.00677200902935,-0.007999378179274319,False,-0.015923331807569552,False,-0.015923331807569552,False,
2017-04-05,2017-04-05 00:00:00+00:00,131.97000122070312,0.41475868228053425,1.2953195532240198,0.5898985850477272,-0.006145076425652564,-0.2131028813451692,-0.014089583737720823,0.2898792734640567,80.85585585585585,-0.007956376767791484,False,-0.011896698565555863,False,-0.011896698565555863,False,
2017-04-06,2017-04-06 00:00:00+00:00,132.0399932861328,-0.06179638184313474,1.2448684042491827,0.303948682500554,0.003819755354880036,-0.24420043664413735,-0.1936138038766392,0.11777596771788253,73.48314606741573,-0.012420474651907432,False,-0.012420474651907432,False,-0.012420474651907432,False,
2017-04-07,2017-04-07 00:00:00+00:00,131.97000122070312,-0.08334400586973045,1.0554231655106967,-0.2638354253636458,-0.14462515721388866,-0.16929284234279685,-0.16478439877417483,0.02675190931081619,67.71300448430493,-0.011896698565555863,False,-0.011896698565555863,False,-0.011896698565555863,False,
2017-04-10,2017-04-10 00:00:00+00:00,132.02000427246094,-0.04955662483874501,1.2190130544280695,0.13915090147110454,-0.23344047107903923,-0.1560311438698798,0.1450952129141251,0.14965246649056507,75.39149888143176,-0.01227094624715519,False,-0.01227094624715519,False,-0.01227094624715519,False,
2017-04-11,2017-04-11 00:00:00+00:00,131.4499969482422,-0.3356321304803184,1.4196542980856204,0.07094344009602055,-0.411452040371004,0.009387182671665458,0.537431174313036,0.2005619279676711,78.57142857142857,-0.00798785147306813,False,-0.00798785147306813,False,-0.00798785147306813,False,
2017-04-12,2017-04-12 00:00:00+00:00,130.9199981689453,0.07557769873135962,1.647747840639764,0.053601206979246585,-0.4404516141860013,0.2656860800889114,0.5649536386698133,0.367698038164006,84.85523385300668,-0.003971923920972675,False,-0.003971923920972675,False,-0.003971923920972675,False,
2017-04-13,2017-04-13 00:00:00+00:00,130.39999389648438,0.06509275864799473,1.9309000854906293,0.0950541179703498,-0.45212376393355086,0.49494424330018916,0.688707220706162,0.48107070456146594,89.11111111111111,0.0067485040184209755,False,0.0067485040184209755,False,0.0067485040184209755,False,
2017-04-17,2017-04-17 00:00:00+00:00,131.47999572753906,0.5391348067037489,1.482859952463999,0.12671594384243728,-0.24551192879750502,0.1174735382108056,0.24371199613850236,0.37833786614482917,84.70066518847007,-0.0015211207388280412,False,-0.0015211207388280412,False,-0.0015211207388280412,False,
2017-04-18,2017-04-18 00:00:00+00:00,131.27999877929688,0.3155114314408936,1.7055001316443592,0.3329267937040848,-0.24153203837610507,0.2228195406277763,-0.006172000099436459,0.3593196877544933,83.8495575221239,0.001599685525745853,False,0.001599685525745853,False,0.001599685525745853,False,
2017-04-19,2017-04-19 00:00:00+00:00,131.49000549316406,0.027097753982201784,1.2245430108920339,0.24363258048138858,-0.13912918608295494,0.10660170837508913,-0.04874356883811062,0.20416651047333678,77.92494481236203,0.008137440267163898,False,0.008137440267163898,False,0.008137440267163898,False,
2017-04-20,2017-04-20 00:00:00+00:00,132.58999633789062,-0.10855063021842404,0.8894694339145418,0.05171769209029439,-0.009399378422078266,-0.21172136378246473,-0.36484140161645434,0.00015959840943034352,63.87665198237885,-0.00022625220699479254,False,-0.00022625220699479254,False,-0.00022625220699479254,False,
2017-04-21,2017-04-21 00:00:00+00:00,132.55999755859375,0.15573563463767903,0.9859781393745277,0.3099896846919886,0.022935825963959072,-0.15847523745482708,-0.2661455096971171,0.12855904076711885,72.74725274725274,0.012070052300720668,False,0.012070052300720668,False,0.012070052300720668,False,
2017-04-24,2017-04-24 00:00:00+00:00,134.16000366210938,0.3643232344645397,0.5978406382128226,-0.04557616912914969,0.5914076016867263,-0.5427601099330631,-1.1943426107326542,-0.10072627816821818,55.04385964912281,0.005813944230810719,False,0.005813944230810719,False,0.005813944230810719,False,
2017-04-25,2017-04-25 00:00:00+00:00,135.1300048828125,0.3662859777203425,0.05599665451884147,-0.3326291535943347,0.6608307761254916,-0.7466527064416802,-1.1721367408155055,-0.2362394946701522,37.85557986870897,-0.0014060714463158819,False,-0.0014060714463158819,False,-0.0014060714463158819,False,
2017-04-26,2017-04-26 00:00:00+00:00,134.94000244140625,0.3648712191093963,0.5185521935724325,-0.32463909480713105,0.6050736464223145,-0.6331027840252768,-1.232857835249164,-0.1641379135145099,46.943231441048034,0.006002649651243752,False,0.006002649651243752,False,0.006002649651243752,False,
2017-04-27,2017-04-27 00:00:00+00:00,135.75,0.5571019503539444,0.445880003391947,-0.4796785690732031,0.6849818321845239,-0.7402900958347183,-1.3148724784377905,-0.17795070635456256,45.53376906318083,0.0017679962664018944,False,0.0017679962664018944,False,0.0017679962664018944,False,
2017-04-28,2017-04-28 00:00:00+00:00,135.99000549316406,0.9632241368034219,0.7539570050476357,-0.6188925740213487,0.7460446011165268,-0.7105899732131798,-1.2375202231793136,-0.03386622839532481,61.30434782608696,0.007353481576631404,False,0.007353481576631404,False,0.0005882919907573836,False,
2017-05-01,2017-05-01 00:00:00+00:00,137.1999969482422,1.4334800542035753,0.5662129146681091,-0.8025256581008676,1.0046763151883977,-0.9314581966110768,-1.0786280361748273,0.04005958295192344,67.46203904555314,-0.0015305499981704829,False,-0.0015305499981704829,False,-0.008236076160043293,False,
2017-05-02,2017-05-02 00:00:00+00:00,137.42999267578125,1.169037017060246,0.4347460863501855,-0.9167562790154699,0.9193627707866301,-0.9418642593095333,-0.9212787274134111,-0.027380493263564315,61.25541125541125,-0.003201536826500373,False,-0.003201536826500373,False,-0.009895840966614333,False,
2017-05-03,2017-05-03 00:00:00+00:00,136.99000549316406,1.2831430709863663,0.39133215612063443,-1.0627160358276753,0.7570174257024784,-0.7642055799568567,-0.9091418868118814,-0.012060045465774952,61.98704103671706,0.00036490102171171657,False,-0.006715805037260325,False,-0.006715805037260325,False,
2017-05-04,2017-05-04 00:00:00+00:00,137.0399932861328,1.1781042948190936,0.37291783597314554,-1.148392691624352,0.8191556062798305,-0.7860755017852207,-0.9254852502586243,-0.04271954426943905,60.129310344827594,0.0036485699394046556,False,-0.007078123244568357,False,-0.007078123244568357,False,
2017-05-05,2017-05-05 00:00:00+00:00,137.5399932861328,1.210122127863134,0.3477936241608229,-1.2759338279763037,0.8797835755820554,-0.925623736789935,-0.9236507707330472,-0.07128727876816829,57.634408602150536,0.0021812059502845926,False,-0.010687698368982423,False,-0.010687698368982423,False,
2017-05-08,2017-05-08 00:00:00+00:00,137.83999633789062,1.7450487238299264,0.22454916083786472,-1.48322888540422,1.0213052365139468,-0.939276766794206,-1.0745545418398488,-0.01520124589847599,62.01716738197425,0.0032646326189613717,False,-0.012840895681200282,False,-0.012840895681200282,False,
2017-05-09,2017-05-09 00:00:00+00:00,138.32000732421875,1.6192851419534502,0.16990491606214506,-1.4960811756982806,1.0129236672638742,-0.987249911581506,-1.055954312069135,-0.05696764641036331,58.67237687366167,-0.00021698985321472186,False,-0.016266627247394916,False,-0.016266627247394916,False,
2017-05-10,2017-05-10 00:00:00+00:00,138.39999389648438,1.5093389415329126,-0.2620123444046947,-1.5030756957382818,0.94404072952406,-1.0185220833097999,-0.9794822066365514,-0.1457363814886111,49.358974358974365,-0.01683516383684469,False,-0.01683516383684469,False,-0.01683516383684469,False,
2017-05-11,2017-05-11 00:00:00+00:00,138.2899932861328,1.4806598546314458,-0.34040618856076027,-1.5194271362343783,0.8653128137592404,-0.9500449470396823,-0.7841680163126294,-0.12391734158783907,52.02558635394456,-0.016053120758497186,False,-0.016053120758497186,False,-0.016053120758497186,False,
2017-05-12,2017-05-12 00:00:00+00:00,138.60000610351562,1.7846583306057955,-0.2134179538703511,-0.9985626277249221,0.9982107278915072,-0.9874590133178542,-0.8568967416204728,0.005923168464174899,65.74468085106383,-0.018253958642738488,False,-0.018253958642738488,False,-0.018253958642738488,False,
2017-05-15,2017-05-15 00:00:00+00:00,139.0399932861328,1.4377871348568059,-0.22558542911390092,-0.6407999060200451,0.8906252828843059,-1.057831616778153,-0.7524895482418805,-0.03883081856908935,60.509554140127385,-0.02136065956075006,False,-0.02136065956075006,False,-0.02136065956075006,False,
2017-05-16,2017-05-16 00:00:00+00:00,139.6199951171875,1.5916768823662402,-0.4326038543466897,-0.5122722142111859,0.9337988291744095,-1.1325682320590513,-0.6705267833604875,-0.018331601807620362,61.86440677966102,-0.02542607016988596,False,-0.02542607016988596,False,-0.02542607016988596,False,
2017-05-17,2017-05-17 00:00:00+00:00,136.07000732421875,1.4235702965160328,0.39001996545076706,-0.6457971112669375,-0.4325377794875493,0.13463649870217897,1.3118602981630167,0.5030560354440347,89.64059196617336,0.008745403972689969,False,0.008745403972689969,False,0.008745403972689969,False,
2017-05-18,2017-05-18 00:00:00+00:00,137.25999450683594,1.5418637691770212,0.4997674900988793,-0.6185530182848782,-0.18229982040648865,-0.16049845051304448,0.9813446855139599,0.4583068494609582,88.60759493670885,0.004225570845595605,False,0.004225570845595605,False,0.004225570845595605,False,
2017-05-19,2017-05-19 00:00:00+00:00,137.83999633789062,1.2363007925382814,0.32660179586797466,-0.810379896709641,0.133666889401563,-0.3715936630373547,0.18420787642994058,0.19778531430564003,77.6842105263158,0.00841558105722684,False,0.00841558105722684,False,0.0022489666775225015,False,
2017-05-22,2017-05-22 00:00:00+00:00,139.0,0.9726011806983624,0.33944437946795775,-0.6500070979254872,0.3061056862693951,-0.6601394696360591,-0.16895537671478,0.060533066937558895,69.11764705882352,0.0010071898535859436,False,0.0010071898535859436,False,-0.006115151823853471,False,
2017-05-23,2017-05-23 00:00:00+00:00,139.13999938964844,1.3178167076272236,0.43531426899903064,-0.8593450761641745,0.3064217939770681,-0.6425087236912246,-0.27321625613535344,0.10574424739012647,72.11740041928721,0.004599679405317358,False,0.004599679405317358,False,-0.00711517534502526,False,
2017-05-24,2017-05-24 00:00:00+00:00,139.77999877929688,1.3585645099525012,0.3597404994335958,-1.021963225408781,0.4831105700580616,-0.8153432704850146,-0.8517696705059992,-0.03747834832483203,60.04184100418411,0.008513395706099436,False,0.008513395706099436,False,-0.011661216891167392,False,
2017-05-25,2017-05-25 00:00:00+00:00,140.97000122070312,1.2785618093229614,0.38879958252475477,-0.4121635153205725,0.6116785003020545,-1.0229347988796318,-0.7720054634754512,0.005579670285539809,65.1356993736952,0.001773426954920776,False,-0.007022809708386868,False,-0.020004308007373406,False,
2017-05-26,2017-05-26 00:00:00+00:00,141.22000122070312,1.0637812905444564,0.3429510968864858,-0.4531954279983283,0.6019307150184304,-1.013118618622096,-0.6316418304641551,-0.01978310272245433,60.83333333333333,0.0004956243083464873,False,-0.01409152723383722,False,-0.02173918211076098,False,
2017-05-30,2017-05-30 00:00:00+00:00,141.33999633789062,0.8282861493686607,0.544076753973847,-0.3766902294902219,0.41963347802976053,-0.9134973171547526,-0.3684229968259786,0.016160678929104833,66.11226611226611,-0.000353778499033397,False,-0.01492854581167069,False,-0.02341868999827046,False,
2017-05-31,2017-05-31 00:00:00+00:00,141.2899932861328,0.6195348663857669,0.5174773730456287,-0.615370087297566,0.34597693513455585,-0.8436091026766794,-0.29439850303485293,-0.03571341036788205,59.75103734439834,0.003892724735600872,False,-0.014579925376753011,False,-0.023073074256815707,False,
2017-06-01,2017-06-01 00:00:00+00:00,141.83999633789062,-0.002274541866995411,0.4569849186102594,-0.5636183736664437,0.5050764527612753,-1.0564299636413246,-0.49386021183863377,-0.22256557513030495,37.88819875776397,0.007191231660998332,False,-0.019105975218882465,False,-0.029963339747102524,False,
2017-06-02,2017-06-02 00:00:00+00:00,143.4600067138672,0.3764719086329049,0.6696604651928371,-0.5899197403859476,0.8226503522084262,-1.3569896530996441,-0.5400480631362058,-0.13925851294899433,48.96694214876033,-0.024257708235501885,False,-0.03701388936899819,False,-0.04091739928386018,False,
2017-06-05,2017-06-05 00:00:00+00:00,143.42999267578125,0.6842196326917681,0.6469235191283267,-0.6774889494230834,0.726626052571219,-1.2503305358026995,-0.42419925668452746,-0.05977849114646826,56.90721649484536,-0.02928255708508709,False,-0.036812375715810974,False,-0.050477519375886404,False,
2017-06-06,2017-06-06 00:00:00+00:00,142.86000061035156,0.44483922828358957,1.0180919033336806,-0.6289414625935699,0.548375380864856,-0.9917440508297511,-0.35761182123779356,-0.008827382386367558,62.55144032921811,-0.02540952588060863,False,-0.032969387468460565,False,-0.04668905320207595,False,
2017-06-07,2017-06-07 00:00:00+00:00,143.4199981689453,0.60807061744129,0.9695773780988791,-0.02785056291358995,0.6197306126000808,-1.1031637421790979,-0.36389876046216096,0.0638127652734912,69.60985626283367,-0.029214910716081066,False,-0.03674525407714058,False,-0.050411350019836876,False,
2017-06-08,2017-06-08 00:00:00+00:00,143.57000732421875,0.5356238018511783,0.9491357438572482,0.07688936071720204,0.6546981504785284,-1.1174171778479474,-0.35507009189666155,0.060891326643400565,69.4672131147541,-0.030925696279861303,True,-0.037751711020635126,False,-0.05140352793983294,False,
2017-06-09,2017-06-09 00:00:00+00:00,139.97999572753906,-0.13185423008926744,0.8415363582121573,-0.21830454588633735,-0.25232260885321456,-0.0721048469979097,0.26697536260965454,0.07915486491970314,70.75664621676891,-0.013073309665022848,False,-0.013073309665022848,False,-0.027075249334267415,False,
2017-06-12,2017-06-12 00:00:00+00:00,139.22999572753906,-0.6811866306918256,0.5813687095857406,-0.1796987952719677,-0.6082762314479219,0.19396365023327922,0.5691760611542767,-0.005615391667377886,62.65306122448979,-0.007756962322746586,False,-0.007756962322746586,False,-0.021834327224155126,False,
2017-06-13,2017-06-13 00:00:00+00:00,140.36000061035156,-0.5641403373029726,0.6019058609346573,-0.3550440952154634,-0.3106787444293067,-0.1298320145950076,0.2398071409402179,-0.08265338423729623,54.58248472505092,-0.01574527432500028,False,-0.016600183962116932,False,-0.029709305719665124,False,
2017-06-14,2017-06-14 00:00:00+00:00,139.75,-0.646198038407095,0.9133010249253929,0.3750550570119002,-0.4877677819852204,0.12250361614454107,0.38564720713129563,0.07372604911596424,70.32520325203252,-0.011449059774709336,False,-0.012307701042598373,False,-0.025474043353085896,False,
2017-06-15,2017-06-15 00:00:00+00:00,139.1300048828125,-0.4708010115229661,0.5200349783880995,0.6493523643791902,-0.2843649087669049,0.19088546886973212,0.45489461467296566,0.13528156128504454,74.4421906693712,-0.0070438507290614405,False,-0.011068845618305012,False,-0.021131332841413886,False,
2017-06-16,2017-06-16 00:00:00+00:00,138.14999389648438,-0.8213474267411459,0.7185560899670405,0.692257051870924,-0.5534545700385632,0.572592021015231,0.22225395922442784,0.08869064387606658,71.65991902834008,0.00875864471462684,False,-0.004053547472563479,False,-0.014187416153972121,False,
2017-06-19,2017-06-19 00:00:00+00:00,140.4600067138672,-0.4809808246783804,0.4708233938950401,0.8668578198388371,-0.24642713166829458,-0.11601262572184352,0.2494682042181391,0.05084017208147858,68.08080808080808,-0.007831454157313678,False,-0.030400142875967595,False,-0.030400142875967595,False,
2017-06-20,2017-06-20 00:00:00+00:00,139.36000061035156,-0.2552136660578314,0.984068897915373,0.8449611213309445,-0.5457278924848509,0.37834587708270906,0.5479470041550815,0.2844631059836646,81.45161290322581,-0.009543641111005363,False,-0.02274682947087936,False,-0.02274682947087936,False,
2017-06-21,2017-06-21 00:00:00+00:00,140.74000549316406,-0.5679381886742592,1.3473337738752245,0.6670729634691258,-0.30124256730260895,0.02876676022131525,0.5116329978904994,0.21811329122031603,79.67806841046277,-0.019255411454412785,False,-0.03232913794350256,False,-0.03232913794350256,False,
2017-06-22,2017-06-22 00:00:00+00:00,140.6999969482422,-0.57923822776614,1.2515949629146836,0.7180175375800655,-0.361200912177238,0.10813154287369446,0.36737010747650334,0.18461354588543497,77.71084337349397,-0.022103771697277286,False,-0.03205397728967241,False,-0.03205397728967241,False,
2017-06-23,2017-06-23 00:00:00+00:00,141.24000549316406,-0.6515478203686865,1.0804779684150683,0.6199601687307497,-0.35665662302116763,0.018813442440290404,-0.0063924391474116105,0.042743855266998504,67.13426853707415,-0.02584260134038363,False,-0.035754763914974674,False,-0.035754763914974674,False,
2017-06-26,2017-06-26 00:00:00+00:00,140.5800018310547,-0.9799500068810364,1.0763450287124465,0.9226784872165206,-0.47740931971465056,0.26326693638030824,-0.05198446507155474,0.028374697956864856,66.4,-0.03122776591598153,True,-0.03122776591598153,False,-0.03122776591598153,False,
2017-06-27,2017-06-27 00:00:00+00:00,138.02999877929688,-1.082908199456961,0.936052872815448,0.8999767015140111,-0.9540417224010231,1.2220976154768375,0.4295535771543125,0.20104794134840273,79.04191616766467,-0.013330408999225551,False,-0.013330408999225551,False,-0.013330408999225551,False,
2017-06-28,2017-06-28 00:00:00+00:00,140.02000427246094,-0.8489396743858256,0.6092784115212783,0.5225523683560341,-0.7066590379187723,0.5358521242722355,0.11260699374479581,-0.002447968397779554,61.952191235059765,-0.027353247494565136,False,-0.027353247494565136,False,-0.027353247494565136,False,
2017-06-29,2017-06-29 00:00:00+00:00,137.58999633789062,-0.7245643208383262,0.6653409856711836,0.4857201554926069,-1.1362425477112277,1.480139261070157,0.7988421750247203,0.28882020429456434,81.70974155069582,-0.010175113989001838,False,-0.010175113989001838,False,-0.010175113989001838,False,
2017-06-30,2017-06-30 00:00:00+00:00,137.63999938964844,-1.158425349617352,0.2856967760907548,0.6719678030033467,-1.1712575871557231,1.5468661510074595,0.748339248366159,0.16171866859184272,76.19047619047619,-0.01053470615135177,False,-0.01053470615135177,False,-0.01053470615135177,False,
2017-07-03,2017-07-03 00:00:00+00:00,136.19000244140625,-1.4513404465549409,0.28255157752073573,0.5647693937927699,-1.331855307050722,1.9502739617033906,0.849208757293274,0.16870983443812385,76.83168316831683,0.0007342010642050756,False,0.0007342010642050756,False,0.0007342010642050756,False,
2017-07-05,2017-07-05 00:00:00+00:00,137.52999877929688,-1.1238840627915574,0.18001050278322103,0.6259049891948998,-1.2124930515599077,1.5025081286082809,0.6842794761639748,0.12029882499912661,72.92490118577075,-0.009016254665674683,False,-0.009016254665674683,False,-0.009016254665674683,False,
2017-07-06,2017-07-06 00:00:00+00:00,136.2899932861328,-1.0043702237273553,0.27419628013999575,0.5351116715840256,-1.4916196058870188,2.038873771178697,1.385589560964914,0.35491628997960023,84.81262327416174,0.010785833833133696,False,0.010785833833133696,False,0.010785833833133696,False,
2017-07-07,2017-07-07 00:00:00+00:00,137.75999450683594,-0.7779376966811081,0.22382688805461096,0.6981280233461267,-1.1605106720061207,1.5035689415149012,0.7244780987085384,0.2193321034503525,79.7244094488189,0.006533167763945968,False,0.006533167763945968,False,0.006533167763945968,False,
2017-07-10,2017-07-10 00:00:00+00:00,138.66000366210938,-0.2668516920975019,0.277095263669461,1.0201135624948838,-0.9359625694703008,1.0724871804380698,0.6462260654250223,0.2935535711324804,81.9253438113949,0.0028126307467781775,False,0.0028126307467781775,False,0.0028126307467781775,False,
2017-07-11,2017-07-11 00:00:00+00:00,139.0500030517578,-0.013187314682876344,0.43135672153691,0.651637325366096,-0.8523274174290126,0.9322273693805255,0.520293063841015,0.2898847518605271,81.76470588235294,0.0118661910123814,False,0.0118661910123814,False,0.0118661910123814,False,
2017-07-12,2017-07-12 00:00:00+00:00,140.6999969482422,-0.0021254697600515127,0.3327142170377761,0.6712711148808939,-0.6356599158422557,0.39318340335347024,0.25816519248326614,0.15152988188275446,74.55968688845401,0.0022032520633799013,False,0.0022032520633799013,False,0.0022032520633799013,False,
2017-07-13,2017-07-13 00:00:00+00:00,141.00999450683594,0.0820377641756768,-0.06339057618113629,0.6480393467067813,-0.5139549038482313,0.2672737548700834,-0.12763439011213668,0.02253753845299772,64.453125,0.007871786778190115,False,0.007871786778190115,False,0.0001418642170074591,False,
2017-07-14,2017-07-14 00:00:00+00:00,142.1199951171875,0.16615387663341596,-0.20383377859729782,0.844307333028337,-0.268774455216682,-0.13212537576649072,-0.24490659934721562,-0.02863612146532133,57.50487329434698,0.0004925930665915512,False,0.0004925930665915512,False,-0.007669549502811734,False,
2017-07-17,2017-07-17 00:00:00+00:00,142.19000244140625,0.3615418209308227,-0.24126749414683454,0.7506629238649625,-0.18302309090588356,-0.17269010816166844,-0.1644953734111637,0.016293972500186663,63.81322957198443,0.006681179632398226,False,0.006681179632398226,False,-0.008158123934116857,False,
2017-07-18,2017-07-18 00:00:00+00:00,143.13999938964844,0.5210953692591975,0.17953519941887908,0.7469501391717941,-0.1975837161614451,-0.32840506032573524,-0.19999225431355394,0.07052734732977617,68.3495145631068,0.00586835504731309,False,0.0006287294835432,False,-0.014740817516757376,False,
2017-07-19,2017-07-19 00:00:00+00:00,143.97999572753906,0.2687490585256853,-0.20081065610195226,0.7906104575854276,-0.018740055707541402,-0.6495510890841502,-0.23203432348044375,-0.07643883182066301,52.51937984496124,0.0009029371209214876,False,-0.005209056968019765,False,-0.02048893621183756,False,
2017-07-20,2017-07-20 00:00:00+00:00,144.1699981689453,0.22627992207059736,-0.3353929803475157,0.9445049519621664,-0.12157436546667792,-0.5945695027091997,-0.28906657759560506,-0.10556583832275387,49.32301740812379,-0.0014565544686492293,False,-0.006520097477595188,False,-0.021779839283682545,False,
2017-07-21,2017-07-21 00:00:00+00:00,144.11000061035156,0.16945707817681396,-0.15928227521674104,1.053569029692226,-0.11739281190723332,-0.5369432318432621,-0.34575517419622415,-0.078792625671908,52.123552123552116,-0.0018735984408950745,False,-0.006106480321180996,False,-0.02137257524120395,False,
2017-07-24,2017-07-24 00:00:00+00:00,144.77000427246094,0.5350126058426511,-0.16180590993337682,0.6469799981201506,-0.035569882217101736,-0.6207393099444382,-0.3818366645957999,-0.05842104275007413,54.33526011560693,-0.010637621741196757,False,-0.010637621741196757,False,-0.025834118828409247,False,
2017-07-25,2017-07-25 00:00:00+00:00,144.39999389648438,0.5829904029418749,-0.5846271217231981,0.8038826508382866,-0.07392019670392337,-0.558864044860453,-0.4231675660030992,-0.09820207426457503,50.0,-0.008102480736834727,False,-0.008102480736834727,False,-0.023337917310462863,False,
2017-07-26,2017-07-26 00:00:00+00:00,144.8699951171875,0.6997036285968904,-0.4380349568875836,0.9793263121709567,0.3535885991623133,-0.7912497443257963,-0.46455661954546146,-0.025954869496568368,57.965451055662186,-0.011320490404668093,False,-0.011320490404668093,False,-0.026506498704472192,False,
2017-07-27,2017-07-27 00:00:00+00:00,143.9600067138672,0.5179102459160038,-0.2999434490431838,0.6918010467267743,-0.055367744138069254,-0.35485575985167817,-0.09288216840743077,0.029917889226868433,65.90038314176245,-0.005070929093377141,False,-0.020352929966125588,False,-0.020352929966125588,False,
2017-07-28,2017-07-28 00:00:00+00:00,143.83999633789062,0.5922702903367235,-0.13603955970394324,0.2123070811688027,0.2623276033897233,-0.3954523090674942,-0.09301501447919373,0.0609345080277544,68.06883365200764,-0.004240827488055765,False,-0.019535578629972017,False,-0.019535578629972017,False,
2017-07-31,2017-07-31 00:00:00+00:00,143.22999572753906,0.6316995751220368,0.03746178413985532,0.07290756422666578,0.1681503030821352,-0.15674820026103772,-0.05576529738327709,0.12196978500150954,72.90076335877863,0.0011171100110465293,False,-0.015359889784728908,False,-0.015359889784728908,False,
2017-08-01,2017-08-01 00:00:00+00:00,143.55999755859375,0.9517563380935488,0.3213648192405723,0.5663182193263017,0.5077467412503608,-0.34485815896998623,-0.2311195853997484,0.256154274751033,81.33333333333333,-0.00118416113009423,False,-0.017623285193107185,False,-0.017623285193107185,False,
2017-08-02,2017-08-02 00:00:00+00:00,143.9499969482422,1.3631058800239628,0.2510890486265615,0.4777824823365002,0.4336289890561888,-0.3500039632856791,-0.12719946997638085,0.32766644323844313,83.84030418250951,-0.003890222788925146,False,-0.020284808828410106,False,-0.020284808828410106,False,
2017-08-03,2017-08-03 00:00:00+00:00,143.38999938964844,1.1858890995658067,0.5802073911442945,1.2623559810789,0.4708253640445252,-0.18976904078769663,-0.15327815468319034,0.4524588922051969,89.18406072106262,-0.01645861371362789,False,-0.01645861371362789,False,-0.01645861371362789,False,
2017-08-04,2017-08-04 00:00:00+00:00,143.64999389648438,1.4769722282882498,0.47230052998523475,0.8821784199483739,0.4468587785555937,-0.1905465634298679,-0.3599576940740567,0.4113853324328267,87.87878787878788,-0.018238741583765705,False,-0.018238741583765705,False,-0.018238741583765705,False,
2017-08-07,2017-08-07 00:00:00+00:00,144.55999755859375,1.4535079919232334,0.5007947276793904,0.4997310991936864,0.5353213792593805,-0.42981326456945185,-0.3924818159044129,0.331633108250058,83.5538752362949,-0.02441891836547716,False,-0.02441891836547716,False,-0.02441891836547716,False,
2017-08-08,2017-08-08 00:00:00+00:00,144.30999755859375,1.6259019599734204,0.5804315610821165,0.0787511692451659,0.31364736973003665,-0.2701555534045389,0.09987036711139674,0.4331103112823952,88.67924528301887,-0.022728839545334445,False,-0.022728839545334445,False,-0.022728839545334445,False,
2017-08-09,2017-08-09 00:00:00+00:00,144.1199951171875,1.7718298369952528,0.9359871786763008,0.11617221219677121,0.21457966404851958,-0.07813047092220432,0.12167437320535875,0.5472769954840816,90.96045197740112,-0.021440441594367754,False,-0.021440441594367754,False,-0.021440441594367754,False,
2017-08-10,2017-08-10 00:00:00+00:00,141.02999877929688,1.8011044135891006,1.6849085801143795,0.3171746794566106,-1.1355445563861783,1.1410407152580093,2.080968997137591,1.1187448967018316,98.30827067669173,0.0021272286347198133,False,0.00014184409440609613,False,0.00014184409440609613,False,
2017-08-11,2017-08-11 00:00:00+00:00,142.10000610351562,1.9015471178974372,1.6830612760184642,0.14885498030119215,-0.8707437745668019,0.8449449320916443,1.8527602449720249,1.05658358224009,97.37335834896811,-0.006122521735451469,False,-0.007389183720322379,False,-0.007389183720322379,False,
2017-08-14,2017-08-14 00:00:00+00:00,143.92999267578125,2.071501991496458,1.1482875427808092,-0.42962163332613335,-0.19156459957332608,0.1316597840191207,0.6631886373464294,0.6738163607209108,92.32209737827716,-0.020009655878402977,False,-0.020009655878402977,False,-0.020009655878402977,False,
2017-08-15,2017-08-15 00:00:00+00:00,144.02999877929688,2.0615662366544734,0.8160620968142013,-0.49460986431813425,-0.25218664622916687,0.18296278336658264,0.37065345117510323,0.5581568253951736,90.46728971962617,-0.020690104511529084,False,-0.020690104511529084,False,-0.020690104511529084,False,
2017-08-16,2017-08-16 00:00:00+00:00,144.27999877929688,1.9401372518097473,0.9841602739847808,-0.7567739066071382,-0.2098633341286454,0.13899375410737394,0.17364296618324795,0.49102194473778027,89.73880597014924,-0.022386995805842358,False,-0.022386995805842358,False,-0.022386995805842358,False,
2017-08-17,2017-08-17 00:00:00+00:00,141.3300018310547,1.8740859545583934,1.5655590233292065,-0.8684680014838116,-0.958659590358424,1.30798845931482,1.1117016806567501,0.8629433337032292,95.34450651769087,-0.0019811701384648828,False,-0.0019811701384648828,False,-0.0019811701384648828,False,
2017-08-18,2017-08-18 00:00:00+00:00,141.22999572753906,1.908181165663975,1.404017384658583,-0.48645866911368196,-0.7990279554746934,1.3539689138016122,0.7297437210158695,0.8404813075625068,94.6096654275093,-0.0012744649240695738,False,-0.0012744649240695738,False,-0.0012744649240695738,False,
2017-08-21,2017-08-21 00:00:00+00:00,141.0500030517578,1.652672070624254,1.446192180075215,0.447227067067279,-0.686481667148939,1.4353049515868,0.6663649177846452,0.909547671644809,95.73283858998145,0.006522496625595453,False,0.006522496625595453,False,0.006522496625595453,False,
2017-08-22,2017-08-22 00:00:00+00:00,143.1999969482422,1.7611815593515623,1.298468767135674,0.30904734122767735,-0.3098625643772624,0.6181337140172851,0.14008538856087868,0.6830757969224747,91.85185185185185,-0.00858935582228837,False,-0.00858935582228837,False,-0.00858935582228837,False,
2017-08-23,2017-08-23 00:00:00+00:00,142.69000244140625,1.6269280785131046,1.4700564528251678,0.1346821066979812,-0.4267488670497031,0.8619929589903247,0.4106196821700454,0.7498724924708128,93.3456561922366,-0.005045912175933864,False,-0.005045912175933864,False,-0.005045912175933864,False,
2017-08-24,2017-08-24 00:00:00+00:00,142.27000427246094,1.4378229101669897,1.3605711998216428,-0.013238941258195913,-0.47116018894606954,0.9766054726191181,0.0024764356826145638,0.615468721199261,90.40590405904058,-0.0021086880069481895,False,-0.0021086880069481895,False,-0.0021086880069481895,False,
2017-08-25,2017-08-25 00:00:00+00:00,141.97000122070312,1.2701173620916675,1.2619731501023337,0.27980775892833937,-0.41418217616537834,1.0466547140625624,-0.21484616905052234,0.5755346034041188,90.05524861878453,0.0030992634896314097,False,0.0030992634896314097,False,0.0030992634896314097,False,
2017-08-28,2017-08-28 00:00:00+00:00,142.41000366210938,1.409557053283433,1.2604493949689362,0.9339048291015863,-0.35233607120365246,0.8883141028478732,-0.1332036836947994,0.6625409759622526,91.36029411764706,0.003932290879806732,False,0.003932290879806732,False,0.002738567373214762,False,
2017-08-29,2017-08-29 00:00:00+00:00,142.97000122070312,1.453384671375079,1.316404108921005,0.5723943239242756,-0.3405387146636129,0.7293746660486099,0.253499511393873,0.6908710112945489,91.74311926605505,0.01175066560423299,False,0.008673186560653745,False,-0.0011890478246753267,False,
2017-08-30,2017-08-30 00:00:00+00:00,144.64999389648438,1.0054365850665026,1.1309139520422586,0.7528729828382138,-0.1520871950719657,0.17474914096198937,0.0655606031300279,0.4712605776610694,87.72893772893772,0.000276588638852715,False,-0.0030417366137744928,False,-0.012789429124003049,False,
2017-08-31,2017-08-31 00:00:00+00:00,146.1999969482422,1.051398380786818,0.8372891607053031,0.597142425932936,0.22787439392121392,-0.26363728211751963,-0.19825750363286487,0.3373894947945578,81.53564899451554,-0.013611424595853405,False,-0.013611424595853405,False,-0.02325577269121315,False,
2017-09-01,2017-09-01 00:00:00+00:00,146.0,0.5056832620971301,0.8312112625212603,0.27630407563337606,0.1522001538235008,-0.19504755253911885,-0.28986365092773775,0.1792965317411065,74.27007299270073,-0.012260227987211048,False,-0.012260227987211048,False,-0.021917787316727333,False,
2017-09-05,2017-09-05 00:00:00+00:00,144.69000244140625,0.40905805664678724,1.4072981404633473,0.5061952518516205,-0.3776411945386025,0.39028374184580916,0.45686946749282403,0.45631032027095775,87.06739526411657,-0.0033174076953481624,False,-0.0033174076953481624,False,-0.013062404850078146,False,
2017-09-06,2017-09-06 00:00:00+00:00,145.1300048828125,0.2695395630128043,1.1771536656214907,0.41974139863057475,-0.2647372005467652,0.21845372681931186,0.19360808885399522,0.3151568853614886,79.63636363636364,-0.006339131385602714,False,-0.006339131385602714,False,-0.016054583839751668,False,
2017-09-07,2017-09-07 00:00:00+00:00,145.47000122070312,0.15050593951749058,1.2849032197976735,0.44775069559979364,-0.19039117965537136,0.1437714568531646,0.23113830734946822,0.31403501632534936,79.12885662431943,-0.008661541872982514,False,-0.008661541872982514,False,-0.018354287114457857,False,
2017-09-08,2017-09-08 00:00:00+00:00,144.2100067138672,-0.24544600034119823,0.9659052665913674,1.01896431747371,-0.2131398205708138,0.40543459546216615,0.3947867999104513,0.32576632765673785,80.2536231884058,0.009361284112586743,False,0.0007627807033516731,False,-0.00977743288582611,False,
2017-09-11,2017-09-11 00:00:00+00:00,145.8699951171875,-0.31160676642255397,0.3985918520130052,1.0500633606873204,0.042668145235520226,-0.16622848896469986,-0.009719486600820082,0.07368438725839606,65.46112115732369,-0.002193679825468031,False,-0.021046083280960914,False,-0.021046083280960914,False,
2017-09-12,2017-09-12 00:00:00+00:00,146.22000122070312,-0.6151363230907049,0.4386507054183531,0.6396533697063986,-0.05537343010125159,-0.1931175212587357,-0.3203283102927044,-0.10425950266022393,46.20938628158845,-0.004582123945779615,False,-0.023389400495101853,False,-0.023389400495101853,False,
2017-09-13,2017-09-13 00:00:00+00:00,146.4199981689453,-0.7280107845792664,0.3927631367461915,1.0027013331105654,-0.042466975066191404,-0.19115124726648783,-0.3600464287322981,-0.10302713455255391,46.48648648648649,-0.007307690744505324,False,-0.024723365404024977,False,-0.024723365404024977,False,
2017-09-14,2017-09-14 00:00:00+00:00,145.55999755859375,-0.6832808157229137,0.32084712409984645,1.9104239024669583,-0.2778258942800981,0.13999946121407855,-0.4111968166135721,0.006599940495176669,59.71223021582733,-0.007556958389503765,False,-0.018961215671392972,False,-0.018961215671392972,False,
2017-09-15,2017-09-15 00:00:00+00:00,146.05999755859375,-0.7301474257125699,-0.01679439885784854,1.8874723134179479,0.18204166778883527,-0.10201564204440429,-0.6687865378113602,-0.08665559943222413,48.473967684021545,-0.011912845840470365,False,-0.022319557451232708,False,-0.022319557451232708,False,
2017-09-18,2017-09-18 00:00:00+00:00,145.5500030517578,-1.0088616108109982,-0.21905948910713247,1.7943831226114502,0.0026455944638000203,0.029708419728533376,-0.4718640324819515,-0.14322721664823812,42.473118279569896,-0.018893850514191346,False,-0.018893850514191346,False,-0.018893850514191346,False,
2017-09-19,2017-09-19 00:00:00+00:00,145.8000030517578,-0.6802629684466225,-0.34724579945391065,1.5530209178116188,0.06170897400930786,-0.031239524630125925,-0.5086968454976075,-0.13156829975039977,43.82826475849731,-0.020576131256561214,False,-0.020576131256561214,False,-0.020576131256561214,False,
2017-09-20,2017-09-20 00:00:00+00:00,145.35000610351562,-0.8407977395504638,-0.18426341671556243,1.69426969617771,-0.14801449223715094,0.24222446268997563,-0.6860310912505837,-0.13733559034735038,42.67857142857142,-0.017543879908348603,False,-0.017543879908348603,False,-0.017543879908348603,False,
2017-09-21,2017-09-21 00:00:00+00:00,144.4600067138672,-0.9319263391795031,-0.3236099561049888,1.920129178943316,-0.33358495064450483,0.5557823669328283,-0.6657801110614877,-0.11495113477972493,44.741532976827095,-0.011491095008720031,False,-0.011491095008720031,False,-0.011491095008720031,False,
2017-09-22,2017-09-22 00:00:00+00:00,144.32000732421875,-1.1803044456147982,-0.19616523445806408,1.653027006723251,-0.3042741139939366,0.5801309980348415,-0.6813717963288275,-0.16607225037723186,38.07829181494662,-0.010532179845627376,False,-0.010532179845627376,False,-0.010532179845627376,False,
2017-09-25,2017-09-25 00:00:00+00:00,142.8000030517578,-1.4096360354686146,-0.0347685171350143,1.4200439902116808,-0.702482414149966,1.0866437364562231,-0.3304263107884379,-0.09926696263174484,47.42451154529307,0.0025910021658290816,False,0.0025910021658290816,False,0.0025910021658290816,False,
2017-09-26,2017-09-26 00:00:00+00:00,143.1699981689453,-1.3232125574153135,-0.15903642445247376,1.4127902285257101,-0.6790195127481468,1.0031598459493203,-0.32442492970841286,-0.11332489596240329,45.21276595744681,0.008661070818069216,False,0.008661070818069216,False,0.008661070818069216,False,
2017-09-27,2017-09-27 00:00:00+00:00,144.4600067138672,-1.4708715438955424,-0.6480515256749402,0.9726447023370235,-0.5445251135633962,0.5486488797231214,-0.3065882093704358,-0.32738420036061944,22.300884955752213,-0.0003461376812535777,False,-0.0003461376812535777,False,-0.0003461376812535777,False,
2017-09-28,2017-09-28 00:00:00+00:00,144.41000366210938,-1.3228586447413313,-0.5714028523906904,0.16058427646175366,-0.5828133325639077,0.6481970913190008,-0.4558671824404762,-0.38317974726957565,19.257950530035338,0.007201670658261161,False,0.007201670658261161,False,0.007201670658261161,False,
2017-09-29,2017-09-29 00:00:00+00:00,145.4499969482422,-1.3715034404110318,-0.6482159763832943,0.7409401374761907,-0.5393874766847567,0.36668972366148217,-0.4765700642905114,-0.40032326042060074,18.165784832451497,0.0008938115196988061,False,0.0008938115196988061,False,0.0008938115196988061,False,
2017-10-02,2017-10-02 00:00:00+00:00,145.5800018310547,-1.2333535684215429,-0.5046470306363674,0.9485117485173465,-0.519715838845444,0.25806131791230996,-0.5776619672773713,-0.3693940991278579,20.070422535211268,0.002129396583972376,False,0.002129396583972376,False,0.002129396583972376,False,
2017-10-03,2017-10-03 00:00:00+00:00,145.88999938964844,-1.2397137937055798,-0.8979419518532866,0.8004476946159454,-0.46126320821917605,0.08002767137088589,-0.5645423048034852,-0.4686816899769106,15.289982425307558,0.0009596229366930498,False,0.0009596229366930498,False,0.0009596229366930498,False,
2017-10-04,2017-10-04 00:00:00+00:00,146.02999877929688,-1.4352945003451822,-0.7611230630951059,0.8344466620325154,-0.5771306435078959,0.06951886474882603,-0.5062597373758067,-0.49170046438163134,14.035087719298245,0.009792562805753136,False,0.009792562805753136,False,0.00636860879507295,False,
2017-10-05,2017-10-05 00:00:00+00:00,147.4600067138672,-1.0704523795300984,-1.1011167932957242,0.46953099040729823,-0.3399367422693768,-0.3066777285054419,-0.5932564799819453,-0.5632822488975325,11.033274956217163,0.00020343671457356827,False,0.00020343671457356827,False,-0.003390749879526367,False,
2017-10-06,2017-10-06 00:00:00+00:00,147.66000366210938,-0.7446306156706647,-1.1409394582106176,0.36764290543755057,-0.20384087861597955,-0.37225870819946744,-0.41707242535233313,-0.4717451098247275,15.55944055944056,-0.001151281083090816,False,-0.001151281083090816,False,-0.004740599558997638,False,
2017-10-09,2017-10-09 00:00:00+00:00,147.49000549316406,-0.48032164885490997,-0.6981429508258833,0.3846041613160151,-0.3640757408741395,-0.17828117371626284,-0.23384547263429972,-0.29936204666449645,25.30541012216405,0.0007458173859560269,False,0.0007458173859560269,False,-0.0035934555533082557,False,
2017-10-10,2017-10-10 00:00:00+00:00,147.60000610351562,-0.41072850896591145,-0.5825840424206853,0.3365745020528343,-0.30769650003479226,-0.20230094957256908,-0.34113690828433424,-0.29071790452760116,26.132404181184672,0.0011517490644687989,False,0.0009485053106992325,False,-0.004336039045957696,False,
2017-10-11,2017-10-11 00:00:00+00:00,148.0399932861328,-0.23352982448803786,-0.3993537297360738,0.552304584206506,-0.17122887141762466,-0.28108751547202976,-0.48247788197474434,-0.22977597613936657,32.869565217391305,-0.0018237572677407554,False,-0.0041205122805737515,False,-0.007295235215109885,False,
2017-10-12,2017-10-12 00:00:00+00:00,147.77000427246094,-0.20475215843161723,-0.2741668862811837,-0.2790531466031098,-0.10578599071283022,-0.18945483058403048,-0.40010277074252487,-0.24376019816104758,31.07638888888889,0.003654282131150044,False,-0.005481474826922628,False,-0.005481474826922628,False,
2017-10-13,2017-10-13 00:00:00+00:00,148.33999633789062,-0.16200701990826474,-0.13354264770591526,-0.6288831469064362,0.008078592993845113,-0.28340051083160517,-0.6156595116141583,-0.2939213313682598,25.64991334488735,-0.00020222987756146615,False,-0.009302882958686864,False,-0.009302882958686864,False,
2017-10-16,2017-10-16 00:00:00+00:00,148.85000610351562,0.17214632863980298,-0.11781392299150151,-0.5559515721905238,0.1743286706737001,-0.40163405334174795,-0.6288876211404908,-0.21879301423520975,34.2560553633218,-0.007457175443981057,False,-0.012697341700705467,False,-0.012697341700705467,False,
2017-10-17,2017-10-17 00:00:00+00:00,149.0399932861328,0.04767905369636616,-0.12271031789277738,-0.5703971841797094,0.10561429264689914,-0.3918446731554335,-0.4313393742150174,-0.21470512093966965,34.715025906735754,-0.008722409095074157,False,-0.013955895504318638,False,-0.013955895504318638,False,
2017-10-18,2017-10-18 00:00:00+00:00,148.86000061035156,0.044699175081103916,-0.3022285877985787,-0.6456928217601228,0.12826613369127524,-0.3478085711959176,-0.5191429854308337,-0.2551141266012373,29.82758620689655,-0.009606394791797923,False,-0.012763629508894758,False,-0.012763629508894758,False,
2017-10-19,2017-10-19 00:00:00+00:00,148.30999755859375,-0.13090724678103957,-0.25795829682778115,-0.7585352007730547,0.11150982222643957,-0.1926247053104381,-0.5567634826901026,-0.27387987822382276,27.710843373493976,-0.00910249387734774,False,-0.00910249387734774,False,-0.00910249387734774,False,
2017-10-20,2017-10-20 00:00:00+00:00,148.7100067138672,-0.07254925986450814,-0.6296337311169923,-0.9338628981305827,0.18576283335404056,-0.36132564961365765,-0.5576934902000359,-0.3582806044131413,21.1340206185567,-0.011767869820402677,False,-0.011767869820402677,False,-0.011767869820402677,False,
2017-10-23,2017-10-23 00:00:00+00:00,147.74000549316406,-0.018887556683668743,-0.5926189228791862,-0.5354972135160859,0.02220727730435716,-0.04068260805523794,-0.15619345754003114,-0.18226419264362054,38.76500857632933,-0.005279536688070352,False,-0.005279536688070352,False,-0.005279536688070352,False,
2017-10-24,2017-10-24 00:00:00+00:00,147.99000549316406,0.12707367955719798,-0.717626218531353,-0.1471251930697467,0.013308555386867718,-0.09631055198472614,-0.20966673458839996,-0.1561408901818331,41.60958904109589,-0.006959921218088305,False,-0.006959921218088305,False,-0.006959921218088305,False,
2017-10-25,2017-10-25 00:00:00+00:00,147.42999267578125,0.31756573567431157,-0.3894387443597716,-0.3143160253301713,-0.16004615888996757,0.2625885662444305,-0.11586891637926008,-0.020997260912581604,57.09401709401709,-0.0031878585448188446,False,-0.0031878585448188446,False,-0.0031878585448188446,False,
2017-10-26,2017-10-26 00:00:00+00:00,146.9600067138672,0.18191911502950683,-0.3832199104984446,0.022184111472628026,-0.27747902973960775,0.4036730476710877,-0.08584050424015688,0.0030639018036424936,60.75085324232082,0.02912356140286576,False,0.02912356140286576,False,0.02912356140286576,False,
2017-10-27,2017-10-27 00:00:00+00:00,151.24000549316406,1.7694199292161954,-0.2950009833251149,0.23037235880921178,0.5957977767484992,-0.7249167209027426,-0.28465951735936396,0.2201254930852466,77.51277683134583,0.0022480582223067813,False,0.0022480582223067813,False,0.0022480582223067813,False,
2017-10-30,2017-10-30 00:00:00+00:00,151.5800018310547,2.1961699791027898,0.015428421451826262,0.07667636045038649,0.6077442199560456,-0.6710194916201716,-0.11934901082635681,0.3823038275874718,84.8639455782313,0.0015173223694469051,False,0.0015173223694469051,False,0.0015173223694469051,False,
2017-10-31,2017-10-31 00:00:00+00:00,152.14999389648438,2.0960652995401983,-0.004656004997746044,-0.2002725666317975,0.7141156405899878,-0.7595867174917079,-0.24827810990908405,0.3040317831035378,79.79626485568761,-0.002234612892077714,False,-0.002234612892077714,False,-0.002234612892077714,False,
2017-11-01,2017-11-01 00:00:00+00:00,152.10000610351562,2.4091071662721455,0.1910893618447592,-0.4067653228993631,0.7356391673410645,-0.689197746409565,-0.2107926331444588,0.4001561044315616,85.59322033898306,-0.0019066964712973755,False,-0.0019066964712973755,False,-0.0019066964712973755,False,
2017-11-02,2017-11-02 00:00:00+00:00,151.80999755859375,2.2744246240486974,0.4440808871120588,-0.49697884583392526,0.5808967521542004,-0.4908199717436583,-0.3447398446441051,0.3918217228387331,85.10998307952623,0.009617329143976061,False,0.005137993490816228,False,0.005137993490816228,False,
2017-11-03,2017-11-03 00:00:00+00:00,153.27000427246094,2.347716248743659,0.5230853380978763,-0.3689180996728414,0.946062645413372,-0.8339497188557865,-0.41933565508670273,0.4023665625196371,85.8108108108108,0.002674942205857178,False,-0.004436666768544595,False,-0.004436666768544595,False,
2017-11-06,2017-11-06 00:00:00+00:00,153.7899932861328,2.037775425643732,0.5400741755552473,-0.3612764722264974,0.9877284687578932,-0.9413405722634263,-0.453911322722124,0.32154745555595776,80.6070826306914,-0.000715265070250104,False,-0.007802828536506601,False,-0.007802828536506601,False,
2017-11-07,2017-11-07 00:00:00+00:00,153.8800048828125,2.157150309448419,0.7436166257463538,-0.7140267815521324,0.9400369281031776,-0.8486676259141555,-0.18959278650391692,0.40492333432828576,86.02693602693603,-0.0037042325586930103,False,-0.008383210969510224,False,-0.008383210969510224,False,
2017-11-08,2017-11-08 00:00:00+00:00,154.5,2.075341105639868,0.8086965767720339,-0.7203172313579913,1.013574559809013,-0.9348896165692969,-0.29787052366202443,0.36982514043306713,83.69747899159664,-0.012362483249898859,False,-0.012362483249898859,False,-0.012362483249898859,False,
2017-11-09,2017-11-09 00:00:00+00:00,153.69000244140625,2.021289301457968,0.9201152176239892,-0.5963455391571728,0.7462122669166646,-0.5553590499688914,0.14043747548684943,0.5115881141605659,89.42953020134227,-0.007157304223057714,False,-0.007157304223057714,False,-0.007157304223057714,False,
2017-11-10,2017-11-10 00:00:00+00:00,153.67999267578125,1.834150786501468,0.3663255337709006,-0.2651976027962625,0.47733788739482597,-0.47191448558807464,0.5766089560734361,0.48779880429259864,88.94472361809045,-0.0070926365814592,False,-0.0070926365814592,False,-0.0070926365814592,False,
2017-11-13,2017-11-13 00:00:00+00:00,153.8699951171875,1.6567662406963237,0.44817765533088183,-0.023122993278683307,0.43434962891837925,-0.47398717567842513,0.5962948197833629,0.4858815702697732,88.79598662207357,-0.008318702930496746,False,-0.008318702930496746,False,-0.008318702930496746,False,
2017-11-14,2017-11-14 00:00:00+00:00,153.30999755859375,1.3699415387470957,0.8026957367511351,0.10062902264826074,0.26440104243455126,-0.1866418538345447,0.5467798256715872,0.5161433212595067,89.48247078464107,-0.004696374875538978,False,-0.004696374875538978,False,-0.004696374875538978,False,
2017-11-15,2017-11-15 00:00:00+00:00,152.58999633789062,1.301880843351421,1.2185384649432471,0.059833714806954444,-0.03383559184264743,0.1857289876164431,1.2766370547525363,0.7365381795898656,93.66666666666667,0.008126387855847517,False,0.008126387855847517,False,0.0007864891464497425,False,
2017-11-16,2017-11-16 00:00:00+00:00,154.5399932861328,1.3111911332608888,0.5025250273646152,0.01625008273900446,0.5104756936278979,-0.62699394448615,0.513950619456214,0.393204678068968,84.19301164725458,-0.00459422470508053,False,-0.00459422470508053,False,-0.011841508035252635,False,
2017-11-17,2017-11-17 00:00:00+00:00,153.9499969482422,0.8118594079352829,0.9199274243869526,0.14828881681399095,0.3956691194013146,-0.32127090222115484,0.19958097394851795,0.35020225918216846,81.56146179401993,-0.000779442153726384,False,-0.008054499895780332,False,-0.008054499895780332,False,
2017-11-20,2017-11-20 00:00:00+00:00,153.8300018310547,0.9392136886715785,0.7288411401020524,-0.14463889413544287,0.5448901897013131,-0.33650334667174864,-0.21081970272138414,0.25497393791264966,76.78275290215588,0.010856127862362008,False,-0.007280732651993027,False,-0.007280732651993027,False,
2017-11-21,2017-11-21 00:00:00+00:00,155.5,1.1507741070802655,0.7467789667580904,-0.1257516025575614,0.954595765775598,-0.8745372915759044,-0.5867181172258992,0.1805347892799895,73.17880794701986,-0.010546619869121754,False,-0.017942079010500378,False,-0.017942079010500378,False,
2017-11-22,2017-11-22 00:00:00+00:00,155.69000244140625,0.9934113516045003,0.8261607479971596,-0.05993578401470719,1.0054902140585742,-0.8809087915561556,-0.702122240504013,0.15083012981575566,70.74380165289256,-0.0117541383669989,False,-0.01914057216782805,False,-0.01914057216782805,False,
2017-11-24,2017-11-24 00:00:00+00:00,156.25999450683594,1.2579929313165754,0.7534203933695145,-0.21335681374426918,1.1919731063739405,-1.0256361067905584,-0.7198849500622909,0.17296771847983655,72.77227722772277,-0.01535897850283996,False,-0.02271846869169991,False,-0.02271846869169991,False,
2017-11-27,2017-11-27 00:00:00+00:00,156.19000244140625,0.6227461389786675,0.9132167852931855,-0.8731092667376514,0.8427610002336895,-0.680135338185461,-0.8667485292450087,-0.008741804535094377,56.672158154859964,-0.022280528030880653,False,-0.022280528030880653,False,-0.022280528030880653,False,
2017-11-28,2017-11-28 00:00:00+00:00,156.58999633789062,0.10591531538756867,0.4963049156909971,-1.0242375113920734,0.728658976547914,-0.9050550057440354,-0.6805965609298317,-0.21462641756063042,33.71710526315789,-0.02477801720903794,False,-0.02477801720903794,False,-0.02477801720903794,False,
2017-11-29,2017-11-29 00:00:00+00:00,153.86000061035156,-0.5530336231276928,0.34561016012096557,-0.8631208845886963,-0.19182894454486843,0.09730808085914211,0.08376774071456325,-0.13763646643325256,42.857142857142854,-0.00747428761161073,False,-0.00747428761161073,False,-0.00747428761161073,False,
2017-11-30,2017-11-30 00:00:00+00:00,155.14999389648438,-0.5846772827270796,-0.025387453908248408,-0.5791185909390963,-0.10170157826431207,-0.440978031901533,0.3556795207432241,-0.2109703726968714,34.0983606557377,-0.015726634087044444,False,-0.015726634087044444,False,-0.015726634087044444,False,
2017-12-01,2017-12-01 00:00:00+00:00,154.49000549316406,-0.6822295039976991,0.3259265346022238,-0.5340576246289634,-0.22191362983916216,-0.13384569320373915,0.5516132912051646,-0.09069620794769184,48.608837970540094,-0.011521773033891458,False,-0.011521773033891458,False,-0.011521773033891458,False,
2017-12-04,2017-12-04 00:00:00+00:00,152.7100067138672,-1.4338415971117808,0.29940981756920904,-0.8617561996101477,-0.8242346934860209,0.6493942101093734,0.7667676483686836,-0.16843529907528132,38.0718954248366,0.0006547759827810751,False,0.0006547759827810751,False,0.0006547759827810751,False,
2017-12-05,2017-12-05 00:00:00+00:00,152.80999755859375,-1.053792763442926,0.3927152751546161,-0.7094523936183839,-0.7451552099314331,0.781137651051278,0.6575114524891299,-0.04683996155886458,53.01794453507341,0.004515427343958045,False,0.004515427343958045,False,0.004515427343958045,False,
2017-12-06,2017-12-06 00:00:00+00:00,153.5,-0.8658477548520933,0.43619261809512194,-1.2725085723269758,-0.6282994212738151,0.6123342611968164,0.4306797318733041,-0.12063363006589611,44.951140065146575,0.0033876499834588625,False,0.0033876499834588625,False,0.0033876499834588625,False,
2017-12-07,2017-12-07 00:00:00+00:00,154.02000427246094,-1.1216309257521473,0.15912595193121162,-1.7909079162772379,-0.5197801829152636,0.4228548422343801,-0.019677838086220988,-0.37687971059612924,19.024390243902438,0.004414963361371926,False,0.004414963361371926,False,0.004414963361371926,False,
2017-12-08,2017-12-08 00:00:00+00:00,154.6999969482422,-1.1080683018361528,-0.11991388815703273,-1.1900869381118448,-0.32568190691228954,0.09810685214264593,-0.269806887453878,-0.44180173050105986,15.909090909090908,0.006399518504808244,False,0.006399518504808244,False,0.006399518504808244,False,
2017-12-11,2017-12-11 00:00:00+00:00,155.89999389648438,-0.7331238183184227,0.10142750761204251,-0.553601556493743,0.021860782944083057,-0.3082461988425947,-0.3462348946945501,-0.31438789443706894,23.176661264181522,-0.0013469625612528846,False,-0.0013469625612528846,False,-0.0013469625612528846,False,
2017-12-12,2017-12-12 00:00:00+00:00,155.69000244140625,-0.6776784126201089,0.022434012447969314,-0.5725879997680684,-0.1718673702065352,-0.19281994990843343,-0.03414023616532935,-0.26060152337936604,28.317152103559874,0.0012203894818343386,False,0.0012203894818343386,False,0.00044956043632948806,False,
2017-12-13,2017-12-13 00:00:00+00:00,155.99000549316406,-0.5722979612544702,0.028330367235690768,-0.28092420583747213,-0.1167379741370569,-0.28623796799148743,-0.019523464903279296,-0.21696544044879953,33.2794830371567,-0.0007051772964800085,False,-0.0007051772964800085,False,-0.001474523868378208,False,
2017-12-14,2017-12-14 00:00:00+00:00,155.8800048828125,-0.33885228818491847,-0.07422504120483557,-0.18454645416132287,-0.1294139117246423,-0.14686619484093258,0.24798174292050792,-0.09654783637662259,48.54838709677419,0.01058502594816324,False,-0.0007698894804807344,False,-0.0007698894804807344,False,
2017-12-15,2017-12-15 00:00:00+00:00,157.64999389648438,-0.28725792903027175,0.42642992609562275,-0.16463236822423266,0.3315265102327608,-0.5895951415436623,-0.2563624896975892,-0.12941288342747037,44.76650563607085,-0.00177607859268758,False,-0.011988578895153257,False,-0.011988578895153257,False,
2017-12-18,2017-12-18 00:00:00+00:00,158.63999938964844,-0.07526557297662022,-0.1231055296909437,-0.24834245769181496,0.5473363574659539,-0.9515782262338824,-0.2845617347655402,-0.22348072839813848,32.636655948553056,-0.01336355979162862,False,-0.018154342498065024,False,-0.018154342498065024,False,
2017-12-19,2017-12-19 00:00:00+00:00,157.6999969482422,-0.354390460333542,-0.3076749562256265,0.22830029309240008,0.1771767262676555,-0.5199511066921135,-0.18307531516533623,-0.20822808162265402,34.67094703049759,-0.007482515527051814,False,-0.012301854654080735,False,-0.012301854654080735,False,
2017-12-20,2017-12-20 00:00:00+00:00,157.52999877929688,-0.6474277838224626,-0.5698118191424147,1.0791934601053708,-0.08852365419565981,-0.31964220369859436,-0.43093407132387707,-0.2704317867591609,26.923076923076923,-0.006411442358042363,False,-0.011235982264817701,False,-0.011235982264817701,False,
2017-12-21,2017-12-21 00:00:00+00:00,157.5500030517578,-0.4903154888768995,-0.5175038968190531,1.8010894827716604,-0.08421644747421625,-0.3062581645157683,-0.537195247744801,-0.17690288359431813,38.4,-0.011361526564577895,False,-0.011361526564577895,False,-0.011361526564577895,False,
2017-12-22,2017-12-22 00:00:00+00:00,157.3699951171875,-0.7383920288228154,-0.43953556012776135,2.0863625659494733,-0.3061260104915447,-0.16189550146382226,-0.26939161120652455,-0.13714880729658105,43.76996805111821,-0.010230670777823025,False,-0.010230670777823025,False,-0.010230670777823025,False,
2017-12-26,2017-12-26 00:00:00+00:00,156.52000427246094,-1.1625132127900584,-0.5691954710799776,1.7313273704989645,-0.6581574744589963,0.18289646817391125,-0.12969738119534877,-0.2328330299432488,31.57894736842105,-0.004855671766415326,False,-0.004855671766415326,False,-0.004855671766415326,False,
2017-12-27,2017-12-27 00:00:00+00:00,156.5399932861328,-0.942263504037418,-0.010680789815662228,1.8239906172808134,-0.6537703135767877,0.22579890364949587,-0.12552663951076187,-0.08566685176052294,50.477707006369435,-0.004982744427943997,False,-0.004982744427943997,False,-0.004982744427943997,False,
2017-12-28,2017-12-28 00:00:00+00:00,156.72999572753906,-0.5288520392248912,0.06139140418342385,1.9143826382951774,-0.13882959760707891,0.02197838481384635,-0.3580406883541849,0.006839666262923545,61.208267090620026,-0.006188995387898744,False,-0.006188995387898744,False,-0.006188995387898744,False,
2017-12-29,2017-12-29 00:00:00+00:00,155.75999450683594,-0.6178787639638285,0.3640770421808801,1.9058130935378,-0.6622321544953075,0.5511551266246534,0.10126211009407729,0.15276573705759636,72.06349206349206,0.017527035712679773,False,0.017527035712679773,False,0.017527035712679773,False,
2018-01-02,2018-01-02 00:00:00+00:00,158.49000549316406,-0.5859369012764496,-0.4991437650376005,1.954220280667906,-0.006948257247211727,-0.5115960705747962,-0.40122970780598133,-0.18024431120737666,37.717908082408876,0.009716658670942069,False,0.009716658670942069,False,0.009716658670942069,False,
2018-01-03,2018-01-03 00:00:00+00:00,160.02999877929688,-0.2527849519397934,-0.797658251984848,2.034232267285553,0.6394448464597217,-1.052021192303363,-0.7354459167764272,-0.22835919630413049,31.80379746835443,0.00174966432189394,False,0.00174966432189394,False,0.00174966432189394,False,
2018-01-04,2018-01-04 00:00:00+00:00,160.30999755859375,-0.4471428765051432,-1.1476594981900934,1.81881562192244,0.5936699971777907,-1.1157988273295774,-0.7406146675163562,-0.3619281372298168,19.747235387045812,0.010043045567155628,False,0.010043045567155628,False,0.010043045567155628,False,
2018-01-05,2018-01-05 00:00:00+00:00,161.9199981689453,-0.4462282845129694,-1.5161425069883723,1.2231907133136457,0.7646094015468213,-1.5070519990931242,-0.6661240684300104,-0.5142917648920889,12.145110410094636,0.0016056973182809742,False,0.0016056973182809742,False,-0.02346839855934868,False,
2018-01-08,2018-01-08 00:00:00+00:00,162.5500030517578,-0.38229042482387304,-1.3307471233493944,1.0520677296590764,0.8091739836275832,-1.576192006910975,-0.6331517792363727,-0.4913560401866083,13.070866141732285,-0.0022762864904944946,False,-0.0022762864904944946,False,-0.027253201177484754,False,
2018-01-09,2018-01-09 00:00:00+00:00,162.55999755859375,-0.27696937247238845,-1.5032757950451476,0.7893633847149042,0.6199509873469787,-1.5006264370914908,-0.1454257335688015,-0.4381666913097711,15.880503144654087,-0.0023376284972908,False,-0.0023376284972908,False,-0.027313007554677693,False,
2018-01-10,2018-01-10 00:00:00+00:00,162.17999267578125,-0.27253816909188794,-1.2814206878700685,1.080129562991709,0.45691045430238725,-1.2209049314469125,-0.15850716745887056,-0.34605363233551545,21.50706436420722,0.006844251205329499,False,0.006844251205329499,False,-0.05382905488836376,False,
2018-01-11,2018-01-11 00:00:00+00:00,163.2899932861328,-0.49436462481584265,-1.4562346651739813,1.3495935402690553,0.6748924292867439,-1.6058921905336068,-0.10873577244601054,-0.4240404989152721,16.614420062695924,0.004470641290608146,False,0.004470641290608146,False,-0.06026086559173294,False,
2018-01-12,2018-01-12 00:00:00+00:00,164.49000549316406,-0.49687079584440164,-1.6158068082587278,1.0886321576056708,0.816872636495197,-1.8999362504238555,0.10957580748341837,-0.46842315776093024,14.553990610328638,-0.002857323879915996,False,-0.002857323879915996,False,-0.06711659174563456,False,
2018-01-16,2018-01-16 00:00:00+00:00,164.02000427246094,-0.502953528025118,-1.5880073459480133,1.7231627467029313,0.4448990731732576,-1.5815206013359544,0.8954171456692986,-0.23696136298427495,31.093749999999996,0.01079129964374137,False,0.01079129964374137,False,-0.06444340354156097,False,
2018-01-17,2018-01-17 00:00:00+00:00,165.7899932861328,-0.3746269551518815,-1.8412153312081216,1.7396964289540882,0.5790550011837864,-2.0179927950689316,0.8470081745210172,-0.3244767217482005,22.776911076443056,0.0001810364877339321,False,0.0001810364877339321,False,-0.07443149066658883,False,
2018-01-18,2018-01-18 00:00:00+00:00,165.82000732421875,-0.16339372918669162,-1.7821233712360032,1.6480106170718103,0.4665727310314623,-1.8574577728193173,0.9780458600104336,-0.24109266272261515,30.8411214953271,0.0031358641340255566,False,0.0031358641340255566,False,-0.07459902200938973,False,
2018-01-19,2018-01-19 00:00:00+00:00,166.33999633789062,-0.27976870567981765,-1.9366404762541993,1.6548953544900487,0.8325725774150937,-2.032793159703638,0.47326923797948606,-0.36797917485765486,19.906687402799378,0.01070096680584931,False,-0.010400359297981887,False,-0.07749188212956704,False,
2018-01-22,2018-01-22 00:00:00+00:00,168.1199951171875,-0.050671103360596194,-1.8433429783372917,1.9063777878001642,1.268235303616738,-2.463370804737949,0.3492691175586731,-0.32858293053604104,22.36024844720497,0.0013681358137549449,False,-0.059481324592173146,True,-0.08725909228536222,True,
2018-01-23,2018-01-23 00:00:00+00:00,169.50999450683594,-0.003544588359894,-1.869615811888713,1.678957779562257,1.4914936672177508,-2.6884210832864333,0.1645399254699304,-0.39430769297969803,17.829457364341085,-0.006843185894112813,False,-0.06719367446613367,True,-0.0947436616071986,True,
2018-01-24,2018-01-24 00:00:00+00:00,168.41000366210938,-0.09044259093654239,-1.9118984908268961,1.4455176896915611,0.9402697130067335,-2.211349352491011,0.4133003344669583,-0.3788908694959874,19.040247678018577,-0.0003562588758927454,False,-0.061100934155712716,True,-0.08883086745774504,True,
2018-01-25,2018-01-25 00:00:00+00:00,168.35000610351562,0.2661645293197432,-1.6175731315529542,1.2118369343714401,1.0567730183882067,-2.1352662473330524,0.41610971253379797,-0.2535347246334704,29.984544049459043,-0.0023165986071223,False,-0.08850613967968413,True,-0.08850613967968413,True,
2018-01-26,2018-01-26 00:00:00+00:00,170.92999267578125,0.41410083904387857,-2.2351388127158955,1.0218321826183523,1.5072671746857,-2.8251377851028994,0.3904413541026335,-0.41111664583397173,16.820987654320987,-0.03697415512921365,True,-0.10226406409959299,True,-0.10226406409959299,True,
2018-01-29,2018-01-29 00:00:00+00:00,170.10000610351562,0.36785743090060335,-2.0703871733187778,1.0357556054758668,0.8996995952091954,-2.348423564384293,1.652916217457848,-0.13755755937401898,44.99229583975347,-0.07042922137837904,True,-0.09788364819423312,True,-0.09788364819423312,True,
2018-01-30,2018-01-30 00:00:00+00:00,168.6999969482422,0.6530395072840641,-1.9607744017153534,0.9530684778763624,0.6198057457648244,-1.7313396850194813,1.943875221396325,0.06727655812723843,66.92307692307692,-0.06271489047092671,True,-0.09039715634777845,True,-0.09039715634777845,True,
2018-01-31,2018-01-31 00:00:00+00:00,169.39999389648438,0.8690143232862587,-1.6692382776898491,0.8668686573132128,0.7222966381062844,-1.715202126233633,1.170708038147158,0.009549666833743295,62.21198156682027,-0.06658795269018591,True,-0.09415582953319812,True,-0.09415582953319812,True,
2018-02-01,2018-02-01 00:00:00+00:00,167.9600067138672,0.7083376485946715,-1.7133651601031719,1.1728557221595648,0.2971278750997503,-1.1517112761483332,1.1710572219785347,0.05038669835041785,65.33742331288343,-0.08638967126468333,True,-0.08638967126468333,True,-0.08638967126468333,True,
2018-02-02,2018-02-02 00:00:00+00:00,164.61000061035156,0.5770132102997275,-1.2770714941717662,1.2269525704409616,-0.9068398434918551,0.19848060247074484,3.0370557464848758,0.5576184682456226,90.50535987748852,-0.0677966321652973,True,-0.0677966321652973,True,-0.0677966321652973,False,
2018-02-05,2018-02-05 00:00:00+00:00,158.1199951171875,-0.010508478916803917,0.333259973100198,1.5720808489989135,-3.3661725855129583,2.6652696894074133,7.814901837617289,1.7962038026595568,99.54128440366972,-0.02953452006802959,False,-0.02953452006802959,False,-0.02953452006802959,False,
2018-02-06,2018-02-06 00:00:00+00:00,162.30999755859375,0.8463836984714969,-0.6012411699452861,1.5123990059801762,-2.263330096792426,1.2610443161723703,5.507236560324314,1.244487125580997,98.93129770992365,-0.05458690618951623,True,-0.05458690618951623,True,-0.05458690618951623,False,
2018-02-07,2018-02-07 00:00:00+00:00,160.2100067138672,0.22658641220731265,-0.36518434219589196,1.5895142117114673,-2.206912526318139,1.8980866053518681,4.823147174364323,1.162700929278743,98.47560975609755,-0.04219467874873939,True,-0.04219467874873939,False,-0.04219467874873939,False,
2018-02-08,2018-02-08 00:00:00+00:00,153.4499969482422,-0.03508244563538698,0.6237828787229611,1.5195841456007155,-3.1333023817739463,4.045705030338858,5.963129838254051,1.7702809736939285,99.39117199391173,0.017269528888731456,False,0.017269528888731456,False,0.017269528888731456,False,
2018-02-09,2018-02-09 00:00:00+00:00,156.10000610351562,0.4615267085244767,0.5750003762049337,1.3990883428290926,-2.450920180371726,3.1163909895464204,4.567857148537243,1.4876758329795186,99.08814589665653,0.017744964159930765,False,0.017744964159930765,False,0.017744964159930765,False,
2018-02-12,2018-02-12 00:00:00+00:00,158.8699951171875,0.6078763184507999,0.022871002090698006,1.353205948245327,-2.0137802647847196,2.2438213827477127,3.1144172239718224,1.0299071904544967,96.81335356600911,0.005161499020717386,False,0.005161499020717386,False,0.005161499020717386,False,
2018-02-13,2018-02-13 00:00:00+00:00,159.69000244140625,0.7261988362877493,0.25449235577998736,0.9866032256773456,-1.7673929923028755,1.9674942384754326,2.992578621681015,1.008979566378141,96.66666666666667,0.01872371587865751,False,0.01872371587865751,False,0.01872371587865751,False,
2018-02-14,2018-02-14 00:00:00+00:00,162.67999267578125,0.6246607665439413,-0.3376661283750231,0.9269729594488583,-1.2461205458580413,1.1097858400365899,2.2182215302211823,0.6456629221702689,91.07413010590015,0.01303178307981434,False,0.011064686088013254,False,0.011064686088013254,False,
2018-02-15,2018-02-15 00:00:00+00:00,165.6999969482422,0.8468240506330315,-0.7977152529021763,0.5807649102054754,-0.9719527475840993,0.22979866849063132,2.01744520905117,0.41143987658257275,85.49848942598187,-0.005431465981049488,False,-0.007362711183900639,False,-0.007362711183900639,False,
2018-02-16,2018-02-16 00:00:00+00:00,164.9600067138672,0.800802549280383,-0.6275218646642283,0.469319649224737,-1.010269733723436,0.4642895488406016,1.9813456101823577,0.4505507668249925,86.42533936651584,-0.0009699542652596982,False,-0.0029098627957789835,False,-0.0029098627957789835,False,
2018-02-20,2018-02-20 00:00:00+00:00,165.2899932861328,0.8040843939620497,-0.3097290941879381,-0.46842541925796044,-0.9447736737759486,0.5641612929304964,1.950663695254839,0.4287639193090981,85.99397590361446,-0.0029644276984558404,False,-0.0049004633764584415,False,-0.0049004633764584415,False,
2018-02-21,2018-02-21 00:00:00+00:00,164.82000732421875,0.9005100567035393,-0.28600647542111496,0.11970951481239178,-0.9186224781860074,0.8144321738959482,1.6719314710696864,0.5086513487740056,88.7218045112782,-0.0001213704136148186,False,-0.002062926717451563,False,-0.002062926717451563,False,
2018-02-22,2018-02-22 00:00:00+00:00,164.8000030517578,1.0848701897967217,-0.14031709280892365,0.27365784688447087,-0.8124678888391271,0.8028847506118493,1.5917040054869063,0.5803398266203349,90.39039039039038,-0.0019417919799324945,False,-0.0019417919799324945,False,-0.012135922105364738,False,
2018-02-23,2018-02-23 00:00:00+00:00,168.1699981689453,1.0666643502098372,-0.5454303184106922,0.41826879317730414,-0.45309721517656554,-0.20190824224510037,1.1291558382712878,0.2908301385268467,77.81109445277362,-0.021942097173000108,False,-0.021942097173000108,False,-0.05744189669553801,False,
2018-02-26,2018-02-26 00:00:00+00:00,170.39999389648438,1.3348759124619332,-0.4095306153848524,0.5394183494344001,-0.13953079148462488,-0.7517056252771628,0.8140627758707909,0.25102923652413067,76.64670658682635,-0.03474177453633964,True,-0.03474177453633964,False,-0.06977699422261396,False,
2018-02-27,2018-02-27 00:00:00+00:00,168.2899932861328,1.2255175566670342,-0.32525918357579603,0.5115142910918574,-0.46849241217397347,-0.05090769899303232,1.1171118000340825,0.39043302128833723,83.40807174887892,-0.022639477750265646,False,-0.022639477750265646,False,-0.05811396499772015,False,
2018-02-28,2018-02-28 00:00:00+00:00,167.2100067138672,1.1674431521490736,0.049676298316142876,0.40256344279025047,-0.6016057797340205,0.3360781861828161,1.2892705146794086,0.5160252926686031,88.80597014925374,-0.01632683976264515,False,-0.01632683976264515,False,-0.05956585320226038,False,
2018-03-01,2018-03-01 00:00:00+00:00,164.47999572753906,0.7010899452924121,1.126540941969148,0.5349132076388715,-0.8648435242069828,1.2227686945486798,1.6964639376388806,0.8168104489242065,94.18777943368107,0.009180507082006129,False,0.009180507082006129,False,-0.04395668722849155,False,
2018-03-02,2018-03-02 00:00:00+00:00,165.99000549316406,0.5135277080925665,0.5635163542440177,0.5526286371894099,-0.660545524192606,0.7143756289141896,1.4013986605167346,0.566568887731351,89.73214285714286,0.011084982691722312,False,0.011084982691722312,False,-0.06313639761135936,False,
2018-03-05,2018-03-05 00:00:00+00:00,167.8300018310547,0.5105832429994156,0.11968782818411867,0.44678482559851335,-0.18951507750441396,0.016388491223375948,1.3077015682913657,0.40113905566463853,83.8038632986627,0.004230420349949249,False,-0.004349614011646796,False,-0.07340765768816848,False,
2018-03-06,2018-03-06 00:00:00+00:00,168.5399932861328,0.5550409556990871,-0.924959520335257,0.35428240480489737,0.5385925037402538,-0.4509614725395236,0.9490204822562207,0.1880931810743961,72.99703264094956,0.0023139872148110197,False,-0.008543890114985908,False,-0.07731101992614686,False,
2018-03-07,2018-03-07 00:00:00+00:00,168.92999267578125,-0.013632257818022131,-0.19450997286404179,0.3736941027485161,0.302265517680547,-0.3451292326603905,0.7444306994593307,0.130666583793511,68.88888888888889,0.005505286064596104,False,-0.011898387462157878,False,-0.07944118126318533,False,
2018-03-08,2018-03-08 00:00:00+00:00,169.86000061035156,0.47308906101628007,-0.0968954793788156,0.40368806486094777,0.7706119001508381,-0.6764282776363677,0.44993438183831136,0.1907453026455429,73.37278106508876,0.0098316152298632,False,-0.04156362612283837,False,-0.0844813732011791,True,
2018-03-09,2018-03-09 00:00:00+00:00,173.16000366210938,0.6799945724690998,-1.3654511709758124,0.4039778367577877,2.131730845159524,-1.8126287405388262,0.07302368981020062,-0.05658236084856971,52.437223042836045,-0.012358508572362092,False,-0.08460388568632915,True,-0.10192890264494481,True,
2018-03-12,2018-03-12 00:00:00+00:00,174.0800018310547,0.5192440462836152,-0.8294870274654048,0.4114473429156652,1.9207024771865007,-1.773702425964527,0.2678479203595409,0.00750495988545663,59.882005899705014,-0.0400964823880986,True,-0.08944167716248941,True,-0.10667513286357277,True,
2018-03-13,2018-03-13 00:00:00+00:00,171.7100067138672,0.11783042064279436,-0.07583472917210277,0.46723090587223226,1.1944025417002875,-0.9378849245710544,0.43946456662748085,0.13839027500629505,69.5139911634757,-0.026847594374820205,False,-0.07687386693209664,True,-0.09434518416871596,True,
2018-03-14,2018-03-14 00:00:00+00:00,171.67999267578125,0.16298152135072425,0.12526618808961157,0.7003404720656559,1.0019949042715146,-0.7729561742756038,0.5933975422549762,0.23580778892675383,75.44117647058823,-0.027725971050250542,False,-0.0840516850617089,True,-0.09418685262575965,True,
2018-03-15,2018-03-15 00:00:00+00:00,171.52999877929688,0.3134648056063229,0.5533510423361535,0.6294814620174867,0.7847917044174046,-0.5476876275045436,0.44044375576237516,0.30491374498761326,77.82672540381792,-0.050894862645989525,True,-0.08325073678610917,True,-0.09339476701724614,True,
2018-03-16,2018-03-16 00:00:00+00:00,171.02000427246094,-0.3052272174236812,0.6525406657927503,0.5568004339585109,0.47105439525953224,-0.26243651228512205,0.3169896487717849,0.1740844863662898,72.14076246334311,-0.07314939453337077,True,-0.09069120207081272,True,-0.09069120207081272,True,
2018-03-19,2018-03-19 00:00:00+00:00,167.10000610351562,-0.6573854206714983,0.9594603480804681,0.5884464927410706,-0.3726827075172565,0.8521167749510319,0.8309145759141783,0.35199048139733125,81.11273792093704,-0.051406411028844134,True,-0.0693597317375313,True,-0.0693597317375313,False,
2018-03-20,2018-03-20 00:00:00+00:00,167.64999389648438,-0.5560560803242266,0.5505978111444176,0.2235128494999209,-0.31990217291692413,0.7269164592979638,0.6607924491205373,0.22328619630297103,75.0,-0.05451834012765866,True,-0.07241276368398974,True,-0.07241276368398974,False,
2018-03-21,2018-03-21 00:00:00+00:00,166.9199981689453,-0.9978154158786348,0.6492758538446135,0.03733271875440253,-0.4477239410786423,0.9198138380630465,0.57230283893255,0.1328263110137283,68.32116788321167,-0.057931933111801115,True,-0.06835612141908198,True,-0.06835612141908198,False,
2018-03-22,2018-03-22 00:00:00+00:00,162.8000030517578,-1.18945624301982,1.6612804682291706,-0.08028802790777351,-1.2540240516076675,2.2127834231168273,1.5665733047573536,0.5710397566733205,90.0874635568513,-0.03409092719730078,True,-0.044778921426704255,False,-0.044778921426704255,False,
2018-03-23,2018-03-23 00:00:00+00:00,158.50999450683594,-1.4456915009146691,2.285835943914765,-0.13635641512217672,-1.671318941445245,3.509987186738414,1.8966749551473996,0.8707360370524392,95.19650655021834,-0.018926251365623648,False,-0.018926251365623648,False,-0.018926251365623648,False,
2018-03-26,2018-03-26 00:00:00+00:00,164.39999389648438,-1.0758346287484182,1.4617845206303233,0.05873579095678788,-1.0554588602547164,1.8878379519050315,1.3217708916759376,0.4935772711185299,87.93604651162791,-0.05407542408575816,True,-0.05407542408575816,True,-0.05407542408575816,False,
2018-03-27,2018-03-27 00:00:00+00:00,159.0800018310547,-1.7270965205408892,2.0716403467434055,0.12530181007668778,-1.6382126929140572,3.1874401400273897,1.7309928052707793,0.7158116140335269,92.74310595065312,-0.02244158463117285,False,-0.02244158463117285,False,-0.02244158463117285,False,
2018-03-28,2018-03-28 00:00:00+00:00,157.25,-2.4195368490510316,1.8361617725706818,-0.09053912329271085,-1.8774145990317705,3.4842980832451773,1.8299297979680715,0.5636963701340092,89.13043478260869,-0.011065217762569524,False,-0.011065217762569524,False,-0.011065217762569524,False,
2018-03-29,2018-03-29 00:00:00+00:00,160.1300048828125,-1.8634012676843146,1.0707116777964378,0.14991286718770575,-1.550016815447111,2.5603799720806624,1.2724642625395324,0.3369841094583456,79.59479015918957,-0.0288516220264754,False,-0.0288516220264754,False,-0.0288516220264754,False,
2018-04-02,2018-04-02 00:00:00+00:00,155.50999450683594,-1.8537141562368493,2.1489492356581064,0.16393743266501964,-1.9961526465351194,3.724434848787593,1.8249603886419217,0.7784494478734831,93.78612716763006,0.007202176165772567,False,0.007202176165772567,False,0.007202176165772567,False,
2018-04-03,2018-04-03 00:00:00+00:00,157.25999450683594,-1.609299589351305,1.6983586197292577,0.15297465833059104,-1.7041543310641616,3.1921001423739654,1.5971562493968654,0.6504194696167289,90.9090909090909,-0.004006038700427705,False,-0.004006038700427705,False,-0.004006038700427705,False,
2018-04-04,2018-04-04 00:00:00+00:00,159.74000549316406,-1.5547250989454122,1.4247526061190736,0.36699071823447915,-1.4214507141697226,2.532051668291366,1.5007246266813135,0.5328045948213039,88.18443804034582,-0.019469140499589255,False,-0.019469140499589255,False,-0.019469140499589255,False,
2018-04-05,2018-04-05 00:00:00+00:00,160.64999389648438,-1.3217910249009994,0.9741658234816319,0.33058135584150783,-1.293194462655994,2.2449405617422733,1.2995115171621432,0.4297360505086799,84.74820143884892,-0.025023275234371756,False,-0.025023275234371756,False,-0.025023275234371756,False,
2018-04-06,2018-04-06 00:00:00+00:00,156.6300048828125,-1.4451538114976454,1.6969630834077885,0.30750031996584176,-1.70049466590408,3.2117435269090078,1.76803616447484,0.7371454705993808,93.10344827586206,0.00702286158740506,False,0.00702286158740506,False,0.00702286158740506,False,
2018-04-09,2018-04-09 00:00:00+00:00,157.72999572753906,-1.1870383493260945,1.8166779621464568,0.31852015202356765,-1.5048461453353974,2.9689853842522638,1.5479064541745673,0.744597485544163,93.2568149210904,0.01616688721758841,False,0.01616688721758841,False,0.004628231827186191,False,
2018-04-10,2018-04-10 00:00:00+00:00,161.2100067138672,-1.122787471855893,1.0807946305004645,0.18167079937877612,-1.224895493782252,2.119033065384208,1.41520815751081,0.4788427006534345,86.38968481375359,-0.005768921877293831,False,-0.017058494420144732,False,-0.017058494420144732,False,
2018-04-11,2018-04-11 00:00:00+00:00,160.27999877929688,-0.9474770978552853,0.9469101751221715,0.0781937317084685,-1.275315498679404,2.2280361966098496,1.2666198902692092,0.46799437244201664,85.97997138769671,0.006800576155428617,False,-0.011355079107130406,False,-0.011355079107130406,False,
2018-04-12,2018-04-12 00:00:00+00:00,162.2100067138672,-0.8457239826285473,0.0888136843226232,0.024646313830210126,-1.1223585881083757,1.763498431424914,1.0317896559821427,0.23734571677086003,73.85714285714286,-0.005178543628084786,False,-0.02311817917999881,False,-0.02311817917999881,False,
2018-04-13,2018-04-13 00:00:00+00:00,161.3699951171875,-0.8775748404540984,0.18424664368899332,-0.2003547892277614,-1.1175723715917065,1.9247900608274306,0.7248634744105724,0.1943814008485978,71.61198288159771,0.005763202346848573,False,-0.01803302033446219,False,-0.01803302033446219,False,
2018-04-16,2018-04-16 00:00:00+00:00,162.60000610351562,-0.8001456993881576,0.07950346828719002,-0.2672137118481713,-0.944415288089583,1.5927104835929962,0.513791374231353,0.10481308753206228,65.0997150997151,-0.004366584792224293,False,-0.025461249903107608,False,-0.025461249903107608,False,
2018-04-17,2018-04-17 00:00:00+00:00,166.10000610351562,-0.0592434823697597,-0.1790218627097243,-0.12413917455148946,-0.549323213548058,0.735367644396312,0.3625713358699751,0.08607342068548918,64.15362731152204,-0.04599638235345449,True,-0.04599638235345449,False,-0.04599638235345449,False,
2018-04-18,2018-04-18 00:00:00+00:00,166.44000244140625,-0.349821513265495,-0.26939973961988706,-0.39075648402058516,-0.5510762152911335,0.7016330574737976,0.31805259271811276,-0.02817421425342849,52.84090909090909,-0.047945179106497204,True,-0.047945179106497204,False,-0.047945179106497204,False,
2018-04-19,2018-04-19 00:00:00+00:00,164.91000366210938,0.21079655241023612,-0.3000043093942279,-0.43985702897140244,-0.652681278735456,1.0316958055556231,0.4212589446694478,0.14586171941046858,67.94326241134752,-0.039112223667509216,True,-0.039112223667509216,False,-0.039112223667509216,False,
2018-04-20,2018-04-20 00:00:00+00:00,162.3000030517578,0.04593976173085466,-0.9728821745953437,-0.6189730598125558,-1.011540774765422,1.4765134254453383,0.543068522532834,0.053543593556434954,61.048158640226625,-0.023659866085560366,False,-0.023659866085560366,False,-0.023659866085560366,False,
2018-04-23,2018-04-23 00:00:00+00:00,161.88999938964844,0.017138329518990306,-1.1437232463667582,-0.5916965800031423,-0.7456473241879755,1.4377699347999586,0.4591221183863379,0.04023083295753309,60.113154172560115,-0.021187180732058053,False,-0.021187180732058053,False,-0.021187180732058053,False,
2018-04-24,2018-04-24 00:00:00+00:00,158.4600067138672,-1.0782878092237305,-0.4254613375380453,-0.7941282331062802,-1.339988953806395,2.3456914214160154,0.7757219680934261,0.06439474904484818,62.14689265536724,0.0011989598294050996,False,0.0011989598294050996,False,0.0011989598294050996,False,
2018-04-25,2018-04-25 00:00:00+00:00,158.64999389648438,-0.4885129185320845,-1.1148109073767225,-0.410331645322034,-1.263735821362647,2.1183902645201402,0.6773748435201836,0.06363526405853903,61.918194640338506,0.014434343731623889,False,0.014434343731623889,False,0.014434343731623889,False,
2018-04-26,2018-04-26 00:00:00+00:00,161.99000549316406,0.15571201011740549,-1.2259566267464022,-0.20481908809939187,-0.48304450334273114,1.360936777932826,0.46170005550703097,0.11883769038814337,66.05633802816901,-0.006481900216999015,False,-0.006481900216999015,False,-0.006481900216999015,False,
2018-04-27,2018-04-27 00:00:00+00:00,162.08999633789062,0.04642724366958954,-0.8935924241859033,-0.2703181943575559,-0.6411253323252698,1.4200254772290302,0.28662795806799457,0.0933766528808913,64.69760900140648,-0.007094786368475936,False,-0.007094786368475936,False,-0.007094786368475936,False,
2018-04-30,2018-04-30 00:00:00+00:00,160.94000244140625,0.13353547922872702,-1.0886306908530747,-0.2980967580253348,-0.44981024898662675,1.53578813839027,0.3587710537703466,0.14504311749938015,67.97752808988764,0.005343610024267642,False,0.005343610024267642,False,0.005343610024267642,False,
2018-05-01,2018-05-01 00:00:00+00:00,162.77999877929688,0.48113453734897077,-0.790436581383739,-0.3302653585811711,-0.20697963321646298,1.2285010866151997,0.22775616857749612,0.20483939046018595,72.9312762973352,-0.006020369424303618,False,-0.006020369424303618,False,-0.006020369424303618,False,
2018-05-02,2018-05-02 00:00:00+00:00,161.82000732421875,0.8974692947952275,-0.49904498555336324,-0.42709506671823605,-0.5243943168031283,1.5096561476070445,0.30316425210496656,0.34583253687615034,79.27170868347339,-0.0001236205138765989,False,-0.0001236205138765989,False,-0.0001236205138765989,False,
2018-05-03,2018-05-03 00:00:00+00:00,161.8000030517578,0.9542595986341791,-0.01388935519643649,-0.5072008394221101,-0.5484740770458764,1.5518809525625448,0.40225996943604814,0.44660550534799653,84.89510489510491,0.018973992629948366,False,0.018973992629948366,False,0.018973992629948366,False,
2018-05-04,2018-05-04 00:00:00+00:00,164.8699951171875,1.1684136702076826,-0.668199207819986,-0.3802054454148633,0.31638737153156954,0.7593090462343852,0.27629480762436565,0.3500111848285379,79.60893854748603,0.007278536074306841,False,0.007278536074306841,False,0.007278536074306841,False,
2018-05-07,2018-05-07 00:00:00+00:00,166.24000549316406,1.1872533540853556,-0.6804373018041904,-0.24749350825646113,0.3552705578581785,0.5116328734335852,0.23123089563034904,0.3124990622123101,76.42956764295677,-0.001022606853512742,False,-0.001022606853512742,False,-0.001022606853512742,False,
2018-05-08,2018-05-08 00:00:00+00:00,166.07000732421875,1.2090448399188505,-0.38672455647463494,-0.04219224780743347,0.11102048848392937,0.6387221884207007,0.13929079084975152,0.3518367288585114,79.94428969359332,0.010838728931074515,False,0.008369960428403767,False,0.008369960428403767,False,
2018-05-09,2018-05-09 00:00:00+00:00,167.8800048828125,1.3731481590157635,-0.8936708531892057,-0.2551417293184123,0.4961171841552658,0.20679976380798035,-0.08657279670094895,0.21352780193762683,72.73991655076495,-5.962452545782426e-05,False,-0.0025017760110174203,False,-0.0025017760110174203,False,
2018-05-10,2018-05-10 00:00:00+00:00,169.6199951171875,1.2358845790361073,-0.6154181813263988,-0.32422078544641364,0.6691560269633761,-0.10746976963735827,-0.12466582623644602,0.17638839493336583,70.27777777777777,-0.010317179874878235,False,-0.01273427936268956,False,-0.01273427936268956,False,
2018-05-11,2018-05-11 00:00:00+00:00,169.4600067138672,1.4225221673850206,-0.6365416388875703,-0.16222697485288456,0.7332281357708178,-0.1150755350497249,-0.20077108649050515,0.21961538621615675,73.09292649098474,-0.011802194740715422,False,-0.011802194740715422,False,-0.011802194740715422,False,
2018-05-14,2018-05-14 00:00:00+00:00,169.75,1.461792009404428,-0.7163934318978243,-0.16640222363295903,0.6570739067582035,-0.11857942469267237,-0.18225188526800717,0.2066539887545107,72.4376731301939,-0.013490387547174132,False,-0.013490387547174132,False,-0.013490387547174132,False,
2018-05-15,2018-05-15 00:00:00+00:00,167.8699951171875,0.8637720892003419,-0.7248833947210461,-0.14699929869716682,-0.0558710846966825,0.3755455751190973,0.04827967111185978,0.1257063653038838,65.56016597510373,-0.002442297106365565,False,-0.002442297106365565,False,-0.002442297106365565,False,
2018-05-16,2018-05-16 00:00:00+00:00,168.97999572753906,0.8463050926351828,-0.8578187138003278,-0.10540173074956621,0.15263251301619005,0.15158800819538878,-0.0797713223358281,0.06730625250637144,61.46408839779005,-0.00899508256659376,False,-0.00899508256659376,False,-0.00899508256659376,False,
2018-05-17,2018-05-17 00:00:00+00:00,168.3300018310547,0.426858194321865,-0.9470155863466365,0.058439544546535216,0.11796422765933916,0.22862099832043734,-0.08940370302728026,-0.00529865142543668,53.79310344827586,-0.0051683901130155085,False,-0.0051683901130155085,False,-0.0051683901130155085,False,
2018-05-18,2018-05-18 00:00:00+00:00,167.4600067138672,0.4708130835215281,-0.48616074779765556,-0.06502818015361295,0.2604592644946165,0.32301661211330196,-0.1333851210507596,0.09173087440599693,63.498622589531685,0.004299450215264011,False,0.004299450215264011,False,0.004299450215264011,False,
2018-05-21,2018-05-21 00:00:00+00:00,168.39999389648438,0.8374761108674013,-0.6443560001457492,-0.16019889174610025,0.4741723942167641,0.07848114143171987,-0.19418574017637882,0.10280687236059066,64.2365887207703,-0.0013064205978436938,False,-0.0013064205978436938,False,-0.0013064205978436938,False,
2018-05-22,2018-05-22 00:00:00+00:00,168.17999267578125,1.2450775506026128,-0.8011044093067419,-0.24357005026668804,0.7977198246576784,0.031734076722007655,-0.33149118395685107,0.1641993959495256,69.0934065934066,0.004697399092202792,False,0.004697399092202792,False,0.004697399092202792,False,
2018-05-23,2018-05-23 00:00:00+00:00,169.60000610351562,1.4918562763862113,-0.34761091776077996,-0.20446966700014668,1.0852208198016955,-0.23477633910520804,-0.34360095690044085,0.2728903146822352,75.44581618655693,-0.0037146512979956414,False,-0.0037146512979956414,False,-0.0037146512979956414,False,
2018-05-24,2018-05-24 00:00:00+00:00,169.5500030517578,1.0640702205322274,-0.06342627569528247,-0.33907466242049644,0.8182879683559451,-0.10123267490402736,-0.38107050638615203,0.19567519550545934,71.36986301369863,-0.003420830555087795,False,-0.003420830555087795,False,-0.003420830555087795,False,
2018-05-25,2018-05-25 00:00:00+00:00,169.72000122070312,1.1422869491605516,0.2680848462425814,-0.44560951174309377,0.8152323411079103,-0.1141529752184288,-0.2534161426542046,0.272880193185848,75.37619699042408,-0.004419043098077169,False,-0.004419043098077169,False,-0.004419043098077169,False,
2018-05-29,2018-05-29 00:00:00+00:00,168.97000122070312,1.0856570003146844,1.4104495673728303,-0.41844649368373843,0.6839385302050642,0.07715473777955036,0.4516431084557994,0.5952045345783172,90.30054644808743,0.006510067441372724,False,0.006510067441372724,False,0.006510067441372724,False,
2018-05-30,2018-05-30 00:00:00+00:00,170.17999267578125,0.7921323846546692,0.8043145172268772,-0.4427684838915663,0.7571086792073416,-0.18874493550323623,0.05037727935600134,0.320689576777463,77.62619372442019,-0.0006462883787522467,False,-0.0006462883787522467,False,-0.0026442412011351557,False,
2018-05-31,2018-05-31 00:00:00+00:00,170.07000732421875,1.068995828113083,0.7983174797631131,-0.49247365898802553,0.7985047302920183,-0.13050166253414686,0.18422108035870957,0.41481901479699623,84.0599455040872,0.015699406444166675,False,0.015699406444166675,False,-0.001999244911135345,False,
2018-06-01,2018-06-01 00:00:00+00:00,172.74000549316406,1.1501698745799762,0.266488827280804,-0.6710845034554698,1.2628987357940995,-0.6882935123229914,-0.14412618583124748,0.22584971940083598,73.33333333333333,0.009030899091035938,False,0.009030899091035938,False,-0.01742508781930141,False,
2018-06-04,2018-06-04 00:00:00+00:00,174.3000030517578,1.1511429759795602,-0.0819240951867894,-0.6228128194327023,1.282717728776192,-0.8701404212422568,-0.35179181496844814,0.1036799110489112,63.58695652173913,0.0007457809624067391,False,0.0007457809624067391,False,-0.026219203925439416,False,
2018-06-05,2018-06-05 00:00:00+00:00,174.83999633789062,0.979530773301807,0.12378742684600769,-0.6034031231071264,1.271482158253507,-0.8849018787068351,-0.6123895097618133,0.04539800242084627,58.34464043419268,-0.0023450221385100667,False,-0.0023450221385100667,False,-0.0292267256770935,False,
2018-06-06,2018-06-06 00:00:00+00:00,175.86000061035156,0.7456513175773831,-0.4312489199111867,-0.6874796327055472,1.3947243174364221,-1.075653394623237,-0.6423262030731955,-0.11869230966557931,41.734417344173444,-0.00813151330380546,False,-0.00813151330380546,False,-0.03485730047502156,False,
2018-06-07,2018-06-07 00:00:00+00:00,174.42999267578125,0.48321726944870985,0.1891337043614336,-0.8177928504558171,1.015770729952956,-0.7175022548036907,-0.5766713245298034,-0.0632348818753801,47.36129905277402,5.738557613543804e-05,False,5.738557613543804e-05,False,-0.02694488990192312,False,
2018-06-08,2018-06-08 00:00:00+00:00,174.44000244140625,0.18659287852420112,0.1314765493375599,-0.8012356916096457,0.8592352913536634,-0.658857389655175,-0.4830036637144256,-0.122570428026361,41.351351351351354,0.002694343121561138,False,0.002694343121561138,False,-0.027000726025839472,False,
2018-06-11,2018-06-11 00:00:00+00:00,174.91000366210938,-0.0894210350869626,-0.07803348736295557,-0.5265254472544598,0.8746287766998503,-0.7146702191899607,-0.40686751420849276,-0.17535500502199503,35.22267206477733,0.0052026964899465344,False,-0.020239028476384036,False,-0.02961527543374265,False,
2018-06-12,2018-06-12 00:00:00+00:00,175.8300018310547,-0.13647155980020156,-0.03667265976931674,-0.45389181586351446,0.9816430419920424,-0.839800568325484,-0.3979708889094022,-0.17849222765996017,34.50134770889488,-5.684187415033737e-05,False,-0.02536544769050597,False,-0.03469263515891208,False,
2018-06-13,2018-06-13 00:00:00+00:00,175.82000732421875,0.03540154156013101,-0.0319608330306476,-0.3944505889966612,1.0904819376535768,-0.8158980060862621,-0.24446664678105554,-0.08565951546766407,45.8950201884253,0.0010237326145103864,False,-0.0346377621600793,False,-0.0346377621600793,False,
2018-06-14,2018-06-14 00:00:00+00:00,177.60000610351562,0.13452990906592793,0.23103036308200184,-0.36527927450059433,1.3254375639458387,-1.0087221736599983,-0.42945660184438683,-0.06378751168357483,47.58064516129033,-0.010641888089501728,False,-0.044313119963461434,False,-0.044313119963461434,False,
2018-06-15,2018-06-15 00:00:00+00:00,176.97999572753906,-0.07443469185531318,0.4720847506931502,-0.2919044094340888,1.264086400609078,-0.8392869502965095,-0.46906057569855114,-0.04532121181814941,49.53020134228188,-0.009379525615289652,False,-0.04096508178902536,False,-0.04096508178902536,False,
2018-06-18,2018-06-18 00:00:00+00:00,176.5,0.07790207526066713,0.2928025692388829,-0.328484837246912,1.201815547659692,-0.7324608277277472,-0.41250528713560913,-0.022068574110442857,51.474530831099194,-0.02906518347202547,False,-0.038356964716492525,False,-0.038356964716492525,False,
2018-06-19,2018-06-19 00:00:00+00:00,176.0,0.0245808977021952,0.7520327900267089,-0.3207206295741109,0.9871459675813448,-0.5420575879108647,-0.1883459213021767,0.08764022838162772,62.784471218206164,-0.026306845925071043,False,-0.035625024275346195,False,-0.035625024275346195,False,
2018-06-20,2018-06-20 00:00:00+00:00,177.25,-0.004001648598615441,0.3938128815103575,-0.33986780177884335,1.188279657720247,-0.750227765232521,-0.3404399574004463,-0.015606773539610236,52.00534759358288,-0.042425976149286004,True,-0.042425976149286004,False,-0.042425976149286004,False,
2018-06-21,2018-06-21 00:00:00+00:00,175.7100067138672,-0.17585282796290289,0.6853440689303358,-0.3832910548894918,0.6960568524604113,-0.34271700475654576,0.07965625746492568,0.08109831766875827,62.082777036048064,-0.0340334116318497,True,-0.0340334116318497,False,-0.0340334116318497,False,
2018-06-22,2018-06-22 00:00:00+00:00,175.32000732421875,-0.10321794788858485,0.5226258982967086,-0.060796971734776384,0.6772412850297772,-0.2490391827940794,-0.07714302657153357,0.08802034887465565,62.93333333333333,-0.03188461877224369,True,-0.03188461877224369,False,-0.03188461877224369,False,
2018-06-25,2018-06-25 00:00:00+00:00,171.3699951171875,-0.5198973455765176,0.6856628491807646,-0.2519092815504182,-0.24879867917100917,0.5844720798514137,0.6918093296192992,0.19161551012526057,71.23834886817576,-0.009569933106008177,False,-0.009569933106008177,False,-0.009569933106008177,False,
2018-06-26,2018-06-26 00:00:00+00:00,172.07000732421875,-0.22221112108153482,-0.035078290036562425,-0.28869989560447995,-0.14823515664477252,0.441978410785681,0.35268361303090157,0.058123173984361315,59.308510638297875,-0.013599183454851449,False,-0.013599183454851449,False,-0.013599183454851449,False,
2018-06-27,2018-06-27 00:00:00+00:00,169.72999572753906,-0.1351865861037931,0.9310459174749735,-0.3682777964304803,-0.5742744410842858,0.9851867315587732,0.8098374604725942,0.34865546300107,79.8140770252324,0.006304173399829693,False,0.006304173399829693,False,0.006304173399829693,False,
2018-06-28,2018-06-28 00:00:00+00:00,171.19000244140625,-0.21403244504474483,0.9229166392508296,-0.18542445842411082,-0.3361076001689007,0.6934712593511491,0.49569179501716487,0.26450503188459207,75.46419098143235,-0.0022781668560459822,False,-0.0022781668560459822,False,-0.0022781668560459822,False,
2018-06-29,2018-06-29 00:00:00+00:00,171.64999389648438,-0.5728764600516916,1.228076671823751,-0.2770917486957656,-0.3073313426055536,0.7054559029956948,0.3856560330220976,0.2140497197063732,72.84768211920529,-0.004951883920480404,False,-0.004951883920480404,False,-0.004951883920480404,False,
2018-07-02,2018-07-02 00:00:00+00:00,172.8000030517578,-0.370095155753052,1.493285138564687,-0.23113122734760105,-0.17749512439479553,0.5425656113905691,0.10919071180103365,0.23058761287843374,73.80952380952381,-0.011574073869668577,False,-0.011574073869668577,False,-0.011574073869668577,False,
2018-07-03,2018-07-03 00:00:00+00:00,170.8000030517578,-0.8447487832094797,1.6540343703113003,-0.2032273724592039,-0.4322399738252387,0.9481469348666876,0.27818857527154384,0.2392637676127392,74.33862433862434,0.012412149176280085,False,0.012412149176280085,False,0.012412149176280085,False,
2018-07-05,2018-07-05 00:00:00+00:00,172.9199981689453,-0.8307205171303544,1.6828414013973851,-0.22725910237060185,-0.18973318180130047,0.5755989090770551,0.013711043475638451,0.15295820978682034,67.98941798941799,0.015556340908459143,False,0.015556340908459143,False,0.012664830352742573,False,
2018-07-06,2018-07-06 00:00:00+00:00,175.61000061035156,-0.6890501590323724,1.292368498778875,-0.25168801012179176,0.12916542209933413,0.04348319066990169,-0.17252158709027385,0.024443576029003274,56.87830687830689,0.004612479675294878,False,0.004612479675294878,False,-0.0028472182578566096,False,
2018-07-09,2018-07-09 00:00:00+00:00,177.19000244140625,-0.45787097916091923,0.9420907530320545,-0.4834501394080482,0.369149340296568,-0.2649826777899249,-0.24817986696631933,-0.045865704724944154,48.80952380952381,-0.004345641750953533,False,-0.004345641750953533,False,-0.011738821617447104,False,
2018-07-10,2018-07-10 00:00:00+00:00,177.32000732421875,-0.3437173590212997,0.945046451145798,-0.3710169122044751,0.3622452919982145,-0.2573461911427208,-0.2968809369806007,-0.020596827177769887,51.19047619047619,-0.005075621013413523,False,-0.005075621013413523,False,-0.012463380456703477,False,
2018-07-11,2018-07-11 00:00:00+00:00,176.4199981689453,-0.167840604607421,1.3174051915964762,-0.47759764284362166,0.13634883152830704,0.02260869512926142,-0.16938833728545682,0.10737928983163203,64.68253968253968,0.015644453777813094,False,0.014567551019684544,False,-0.007425448204229412,False,
2018-07-12,2018-07-12 00:00:00+00:00,179.4600067138672,0.0652203935030279,1.0026026902453782,-0.41087227665027914,0.6007090844197558,-0.4619079921873501,-0.28676081530966385,0.06271985573594493,60.05291005291006,-0.0023961212441940827,False,-0.0026189747192670865,False,-0.024239417924748596,False,
2018-07-13,2018-07-13 00:00:00+00:00,179.61000061035156,-0.019043237496803034,1.0477754205211285,-0.5535370001084229,0.5066928606228747,-0.39149267984780595,-0.3135043138953734,0.0330084959127617,57.67195767195767,-0.0034518964149024,False,-0.011079591817836465,False,-0.025054284197472687,False,
2018-07-16,2018-07-16 00:00:00+00:00,179.17999267578125,0.36336095095439797,0.8415413130306794,-0.5104350679420714,0.45255795146892996,-0.28358112134039765,-0.16960940819339101,0.1251054671648561,65.74074074074075,-0.0010603147136017954,False,-0.022714545327581104,False,-0.022714545327581104,False,
2018-07-17,2018-07-17 00:00:00+00:00,180.27000427246094,0.3573753728343889,0.6871034184113963,-0.4697433034482995,0.6451065772958673,-0.46286950790017595,-0.3007773462736164,0.07160287274337887,61.111111111111114,-0.0071004534806704545,False,-0.028623750706249007,False,-0.028623750706249007,False,
2018-07-18,2018-07-18 00:00:00+00:00,179.92999267578125,0.16807466843689842,0.33823432863800873,-0.514288126800246,0.5521626161440115,-0.40861419448530006,-0.38632247840325046,-0.043241671853052,48.544973544973544,-0.005224182853777792,False,-0.02678815240166721,False,-0.02678815240166721,False,
2018-07-19,2018-07-19 00:00:00+00:00,179.02999877929688,-0.03983609616280226,0.8453136382309587,-0.505463604107161,0.31022429618977726,-0.16442913542001003,-0.20555454805955561,0.04082037382392072,57.804232804232804,-0.00022338874158245314,False,-0.021895761580034256,False,-0.021895761580034256,False,
2018-07-20,2018-07-20 00:00:00+00:00,178.99000549316406,0.21903871663763896,0.2314581608932784,-0.45201096732763374,0.26680924005051404,-0.1635875861287661,-0.21133768367583636,-0.0016382972245872138,53.17460317460318,-0.007654116620656182,False,-0.021677215284295226,False,-0.021677215284295226,False,
2018-07-23,2018-07-23 00:00:00+00:00,179.55999755859375,0.38335052005322207,-0.18706488863828163,-0.6969457191045743,0.35032894158732764,-0.26188904521709866,-0.29017399688338485,-0.07894746837755282,44.576719576719576,-0.024782785747087477,False,-0.024782785747087477,False,-0.024782785747087477,False,
2018-07-24,2018-07-24 00:00:00+00:00,180.3000030517578,1.319535733423966,-0.5483218284847545,-0.967112786305782,0.8361262780193467,-0.48666476122571717,-0.3124717349722295,0.05053923624481446,58.46560846560847,-0.028785370790683662,False,-0.028785370790683662,False,-0.028785370790683662,False,
2018-07-25,2018-07-25 00:00:00+00:00,182.82000732421875,1.2718256360077653,-0.8216317197722919,-0.851752230053178,1.0502609596268655,-0.8392769583512663,-0.2856257139463888,-0.02149624428510974,50.0,-0.04217266384960816,True,-0.04217266384960816,False,-0.04217266384960816,False,
2018-07-26,2018-07-26 00:00:00+00:00,180.0500030517578,0.13959716076744022,-1.2237788482821006,-0.810809459718417,0.6721338932219411,-0.4019217419750674,-0.36509588304879276,-0.2893117820821495,21.03174603174603,-0.027436836199253967,False,-0.027436836199253967,False,-0.027436836199253967,False,
2018-07-27,2018-07-27 00:00:00+00:00,177.6199951171875,-0.24183533965478562,-1.029253778491251,-0.9228448585390641,0.07963033039276994,0.15741288108157855,-0.0910921956949299,-0.26983093392230595,22.883597883597883,-0.014131260983201388,False,-0.014131260983201388,False,-0.014131260983201388,False,
2018-07-30,2018-07-30 00:00:00+00:00,175.11000061035156,-0.335314841099899,-1.1221770491903937,-0.7473893382819281,-0.55689558149574,0.6720606695398318,0.2330850077316992,-0.21263366119678645,29.4973544973545,0.0076523118795044365,False,0.0076523118795044365,False,0.0076523118795044365,False,
2018-07-31,2018-07-31 00:00:00+00:00,176.4499969482422,-0.6672656024173019,-1.141055120834347,-0.42347342621645717,-0.45524446124468126,0.4655160933204688,-0.026027247304834376,-0.3273476312138334,18.386243386243386,0.00379709935127881,False,0.00379709935127881,False,0.00379709935127881,False,
2018-08-01,2018-08-01 00:00:00+00:00,177.1199951171875,0.3379133288555578,-1.4204768118852724,-0.3578233938322446,-0.17269424279422427,0.30892054924041784,0.04121715250729764,-0.1371477914644943,37.96296296296296,0.013606615450248105,False,0.011912831235996402,False,0.011912831235996402,False,
2018-08-02,2018-08-02 00:00:00+00:00,179.52999877929688,0.6417204246767875,-1.2594079910636888,-0.3105694359573363,0.06565073198236875,-0.0649787630320885,-0.06275226979063037,-0.1073226540871179,41.00529100529101,0.0030635718570575232,False,-0.0016710469213928603,False,-0.0016710469213928603,False,
2018-08-03,2018-08-03 00:00:00+00:00,180.0800018310547,0.5182693064877084,-1.0391041699117955,-0.29231317998338324,0.007412178380941862,-0.07524379491929405,-0.25069172258355993,-0.1455183589309955,36.77248677248677,0.002443372039828473,False,-0.004720158234522209,False,-0.004720158234522209,False,
2018-08-06,2018-08-06 00:00:00+00:00,181.13999938964844,0.6278832395287501,-0.897258185888438,0.008271418282577492,0.08862039561645402,-0.21872390530646535,-0.3936224654982244,-0.11736115296772776,40.21164021164021,-0.004526841493831535,False,-0.010544350604754005,False,-0.010544350604754005,False,
2018-08-07,2018-08-07 00:00:00+00:00,181.8000030517578,0.667661610176904,-1.0648781940532885,0.15960653892773602,0.17131719687813277,-0.32271017734743107,-0.40515795846062214,-0.13011480080972962,39.285714285714285,-0.008140790443868728,False,-0.014136453691296569,False,-0.014136453691296569,False,
2018-08-08,2018-08-08 00:00:00+00:00,182.02000427246094,0.8190497614461242,-1.1296586380643274,0.2937764807266177,0.2511112488037412,-0.3506615651723512,-0.4587044366409735,-0.10046770838986625,42.72486772486773,-0.015328032520785961,False,-0.015328032520785961,False,-0.015328032520785961,False,
2018-08-09,2018-08-09 00:00:00+00:00,181.91000366210938,0.6533546329971202,-0.6265485755124703,0.19278818243828755,0.054002355471786834,-0.21479755882400506,-0.35650341848221284,-0.05019238362409331,47.61904761904761,-0.0147326033786922,False,-0.0147326033786922,False,-0.0147326033786922,False,
2018-08-10,2018-08-10 00:00:00+00:00,180.52000427246094,0.7090812567720187,-0.16057544000125948,0.38423631131148694,-0.24870245476845232,0.10297936927753408,-0.0014875496204605932,0.1391465622015104,67.98941798941799,-0.0071460697672866,False,-0.0071460697672866,False,-0.0071460697672866,False,
2018-08-13,2018-08-13 00:00:00+00:00,180.32000732421875,0.7136346793710507,-0.053031197307920185,0.2609033841773898,-0.3410912835560907,0.18342399395211986,0.31588545453064476,0.2095607918589004,74.07407407407408,-0.006044873294175468,False,-0.006044873294175468,False,-0.006044873294175468,False,
2018-08-14,2018-08-14 00:00:00+00:00,181.4499969482422,0.6766546252649549,-0.22374327646362238,0.0693240762480905,-0.1938958574302264,-0.011103159736305124,0.03536070736791066,0.08446897212004384,63.227513227513235,-0.012234782353489737,False,-0.012234782353489737,False,-0.012234782353489737,False,
2018-08-15,2018-08-15 00:00:00+00:00,179.22999572753906,0.7103482156792031,0.2641880449569223,0.01538005536213366,-0.4780289605627451,0.43868272392099944,0.33651841415843153,0.26657173894706676,77.24867724867724,0.0026223357245269696,False,0.0026223357245269696,False,0.0026223357245269696,False,
2018-08-16,2018-08-16 00:00:00+00:00,179.82000732421875,0.8751671711203572,-0.09831145511876656,-0.008384434999806123,-0.3657302023823658,0.262500979790243,0.004014523229137779,0.15789184270279716,69.97354497354497,-0.0006673916755001175,False,-0.0006673916755001175,False,-0.0006673916755001175,False,
2018-08-17,2018-08-17 00:00:00+00:00,179.86000061035156,0.5423951524417336,0.050515416484105534,-0.0731659544241442,-0.31044004352336846,0.24278645321011894,-0.2753131203051941,0.055668407571027846,59.65608465608465,-0.0008896011429245787,False,-0.0008896011429245787,False,-0.0008896011429245787,False,
2018-08-20,2018-08-20 00:00:00+00:00,179.6999969482422,0.18032869938359722,0.5313232265206908,-0.15290446334230962,-0.33212657104112564,0.28132237300222224,-0.3952814990404564,0.02786296665677642,57.53968253968254,0.0036728084213573098,False,0.0036728084213573098,False,0.0036728084213573098,False,
2018-08-21,2018-08-21 00:00:00+00:00,180.36000061035156,-0.5525345968708022,0.34467804520184653,-0.43836920898462356,-0.39382831526778755,0.17979531164467133,-0.23761328326026324,-0.17327997510563237,33.730158730158735,0.0024395788418565267,False,0.0024395788418565267,False,0.0024395788418565267,False,
2018-08-22,2018-08-22 00:00:00+00:00,181.05999755859375,-0.3793081624334302,0.6544844410775741,-0.5455747846572812,-0.28990763292759797,0.1452199711613796,-0.4464543590103259,-0.13597946729970697,38.492063492063494,-0.0014359577506997123,False,-0.0014359577506997123,False,-0.0014359577506997123,False,
2018-08-23,2018-08-23 00:00:00+00:00,180.8000030517578,0.3783401637015336,0.7124559371699605,-0.489113391584687,-0.15050064920326758,0.14169406120233038,-0.37734337114993244,0.06392012478732152,61.50793650793651,0.009291994731329245,False,0.0017145882376174981,False,0.0017145882376174981,False,
2018-08-24,2018-08-24 00:00:00+00:00,182.47999572753906,0.42757360528709193,0.4398273819859193,-0.675867049680059,0.27972105930491226,-0.243540278492668,-0.427096671077113,-0.00826710763091898,52.910052910052904,0.010192901435227553,False,-0.007507645491361403,False,-0.007507645491361403,False,
2018-08-27,2018-08-27 00:00:00+00:00,184.33999633789062,0.7848763430580661,0.1681096552407385,-0.6665321163608223,0.7513252596953482,-0.6171603485758252,-0.4240049065616153,0.02000424318845588,57.01058201058201,0.0014647080276926072,False,-0.017521947443345676,False,-0.017521947443345676,False,
2018-08-28,2018-08-28 00:00:00+00:00,184.61000061035156,0.8625989682308576,0.006124725259446508,-0.7789225421416002,0.6563461361681023,-0.5930539545244747,-0.40321539911889265,-0.005255702082529651,53.57142857142857,-0.006283536418797531,False,-0.018958886238169215,False,-0.018958886238169215,False,
2018-08-29,2018-08-29 00:00:00+00:00,186.74000549316406,0.7807072074580046,0.1055398746418874,-0.7221971181271954,0.8860168613049823,-0.8721467290925338,-0.39892296777763236,-0.02155869930312146,51.19047619047619,-0.026400384435839475,False,-0.030148895347540283,False,-0.030148895347540283,False,
2018-08-30,2018-08-30 00:00:00+00:00,186.41000366210938,1.0896245902834216,0.368021488210891,-0.6847262122088561,0.620815983913182,-0.6811303307796898,-0.1883803712135766,0.12387577725575641,67.85714285714286,-0.028431966888240123,False,-0.028431966888240123,False,-0.028431966888240123,False,
2018-08-31,2018-08-31 00:00:00+00:00,186.64999389648438,1.035980137155555,0.21683639873208507,-0.6153345394474953,0.6277447178525181,-0.6886505267306906,-0.3078826310742686,0.07304310941306008,63.227513227513235,-0.029681186537864446,False,-0.029681186537864446,False,-0.029681186537864446,False,
2018-09-04,2018-09-04 00:00:00+00:00,185.85000610351562,0.9386074002596573,0.3701173746580877,-0.8619126852412281,0.4353746955393741,-0.49180815129859495,-0.26452338313389034,0.07108771517093083,62.96296296296296,-0.02550446778314308,False,-0.02550446778314308,False,-0.02550446778314308,False,
2018-09-05,2018-09-05 00:00:00+00:00,183.4499969482422,0.4571565039173479,0.6000582561585782,-0.4993762203184144,-0.022996626879340166,-0.00867018160629326,-0.09725424419602828,0.10686803798304957,66.93121693121694,-0.012755499464798703,False,-0.012755499464798703,False,-0.012755499464798703,False,
2018-09-06,2018-09-06 00:00:00+00:00,181.80999755859375,0.0758283878724683,0.6982353728708542,-0.5066061931579529,-0.3381652737162211,0.3317716915739018,0.09249298646541546,0.10336850873975678,66.53439153439153,-0.0038501565240744995,False,-0.0038501565240744995,False,-0.0038501565240744995,False,
2018-09-07,2018-09-07 00:00:00+00:00,181.11000061035156,0.09129149809724073,0.21237208382666298,-0.4632097898168972,-0.4579279244036518,0.48037492252671415,0.03450596792532542,0.03808012264161803,58.994708994709,0.003368122181524047,False,0.0012699228466896972,False,-0.0053006830690293105,False,
2018-09-10,2018-09-10 00:00:00+00:00,181.72000122070312,-0.19285289846181183,-0.16607135156745,-0.4234954084724368,-0.354948502587092,0.3512269499191512,-0.05792444885601646,-0.1004125984501604,43.12169312169312,-0.002091156065704536,False,-0.002091156065704536,False,-0.014692924009518049,False,
2018-09-11,2018-09-11 00:00:00+00:00,183.1199951171875,0.23738403276676903,-0.5533482740308041,-0.37550638738703346,-0.10602111508732652,0.11325283760209791,-0.2094805646636467,-0.10822478596537888,41.53439153439153,-0.009720395515289137,False,-0.009720395515289137,False,-0.022225820084939896,False,
2018-09-12,2018-09-12 00:00:00+00:00,182.5800018310547,0.02166636539019412,-0.4301831239146387,-0.33092573121979674,-0.2740320117653945,0.2555621624540915,-0.2540367241119487,-0.13408648272751728,38.75661375661375,-0.0067915734512450365,False,-0.0067915734512450365,False,-0.0594260378721837,False,
2018-09-13,2018-09-13 00:00:00+00:00,184.52999877929688,0.2132463608685223,-0.8373035525128549,-0.38185991253218504,0.15669511336236386,-0.1380197817304394,-0.4531029127045859,-0.21585252383909279,29.100529100529098,-0.01728717532384305,False,-0.01728717532384305,False,-0.08090821424454642,True,
2018-09-14,2018-09-14 00:00:00+00:00,183.99000549316406,-0.01939577954776771,-0.9328864295398703,-0.3919291509235759,0.021360458496086292,-0.019637949852391774,-0.511198367086809,-0.2859682300463189,21.428571428571427,-0.014403006012040698,False,-0.014403006012040698,False,-0.07821076667223148,False,
2018-09-17,2018-09-17 00:00:00+00:00,181.33999633789062,-0.28970476691571295,-0.753938108541283,-0.30483331272549785,-0.4908125166747761,0.49822340530634185,-0.12191946260731032,-0.19987608989829492,30.952380952380953,0.0074997277920834104,False,0.0074997277920834104,False,-0.06474021435679245,False,
2018-09-18,2018-09-18 00:00:00+00:00,182.83999633789062,-0.04444671767566749,-1.288645435471447,-0.27503182882333843,-0.2563488330135815,0.21312784940648477,-0.20700622165597898,-0.26691734114012045,23.544973544973544,-0.0007656934612365607,False,-0.0007656934612365607,False,-0.07241298676197372,False,
2018-09-19,2018-09-19 00:00:00+00:00,182.6999969482422,0.03567262251966604,-1.1810146386736753,-0.44881648234125543,-0.22582825714517848,0.2643819728948826,-0.4111810106024687,-0.27813336564453767,22.08994708994709,0.005528241830847547,False,0.005528241830847547,False,-0.07170219520276022,False,
2018-09-20,2018-09-20 00:00:00+00:00,184.72000122070312,0.08462874888558332,-1.3629334462249199,-0.5609882560366973,-0.03904654070202226,-0.0939800520185813,-0.37036035124593886,-0.3423381545184984,17.857142857142858,-0.0054677051762748174,False,-0.012667801658872935,False,-0.08185358930959596,True,
2018-09-21,2018-09-21 00:00:00+00:00,183.7100067138672,-0.6003420883984577,-1.3088433965580766,-0.6336551624148705,-0.23594473214066966,0.1274036880458952,-0.37151765558369754,-0.463974946733551,11.64021164021164,0.0009797652234675436,False,-0.019378437141573945,False,-0.07680583579928901,False,
2018-09-24,2018-09-24 00:00:00+00:00,183.88999938964844,0.0833452310898377,-1.2396732956827659,-0.6351520748427238,-0.3114576102717342,0.1826793360594657,-0.36793495596606274,-0.3165669211407992,19.576719576719576,0.0013595084062743013,False,-0.026320062830796243,False,-0.07770946399240253,False,
2018-09-25,2018-09-25 00:00:00+00:00,184.13999938964844,0.28524198280720175,-1.026159578013927,-0.5882856218112732,-0.36186754996995146,0.21168598210739586,-0.3228033587586333,-0.2322077101475162,28.174603174603174,0.0007060110961409904,False,-0.02764199171696513,False,-0.07896162340788071,False,
2018-09-26,2018-09-26 00:00:00+00:00,184.27000427246094,0.25402299047662624,-0.6456265160592297,-0.6134362031547218,-0.3641825776633784,0.2534016605485662,-0.15751931634710323,-0.14283391743824553,38.75661375661375,0.008031669252857698,False,-0.06805235933234288,True,-0.10272973080621672,True,
2018-09-27,2018-09-27 00:00:00+00:00,185.8300018310547,0.36925732798905475,-0.7510198336734338,-0.5898032246662785,-0.3226679394399261,0.05104386441036585,-0.26159503275313745,-0.1882922565043752,32.804232804232804,-0.018565338827143285,False,-0.08733786561706214,True,-0.11026209595473357,True,
2018-09-28,2018-09-28 00:00:00+00:00,185.7899932861328,-0.04871701586001439,-0.9100116278161279,-0.5794186811293015,-0.4566701223869945,0.06274238685681911,-0.313065022582238,-0.32275206096048514,19.31216931216931,-0.0303568523249923,True,-0.08714133036047422,True,-0.11007049726702667,True,
2018-10-01,2018-10-01 00:00:00+00:00,186.1699981689453,0.3352615464183524,-1.1647118377109975,-0.6389919170221484,-0.42229795512569046,0.02264987122022018,-0.3885290453151284,-0.30807418616302923,20.238095238095237,-0.03824458928514496,True,-0.08900463140356685,True,-0.12322072657802086,True,
2018-10-02,2018-10-02 00:00:00+00:00,185.75,0.41101006616342134,-0.8563658962474334,-0.6545281748190838,-0.4566411158632855,0.11399907653850729,-0.4032381261070034,-0.23804966597953114,27.380952380952383,-0.03606997011166724,True,-0.08694478544540718,True,-0.12123824641970893,True,
2018-10-03,2018-10-03 00:00:00+00:00,185.9499969482422,0.6888524301097724,-1.3750273125065604,-0.7805969755582698,-0.25250018685598064,0.011071544536660372,-0.5510480184522859,-0.29241363122137876,21.56084656084656,-0.07647217775787951,True,-0.08792681426758753,True,-0.12218339119966248,True,
2018-10-04,2018-10-04 00:00:00+00:00,182.3800048828125,0.7198434961123529,-1.374132652126031,-0.8031722045162065,-0.834142107431118,0.6401560562458802,0.08697393913790466,-0.12216373608596548,42.32804232804233,-0.0700734643992833,True,-0.0700734643992833,True,-0.10500059569347087,True,
2018-10-05,2018-10-05 00:00:00+00:00,180.14999389648438,0.5733901359224336,-1.0924333809102182,-0.7447475753273274,-1.0421820850335954,1.042307964680827,0.29367786024499815,-0.012791885254653024,54.89417989417989,-0.05856224341051519,True,-0.05856224341051519,True,-0.09392172490812112,True,
2018-10-08,2018-10-08 00:00:00+00:00,179.0500030517578,0.6962413119853742,-0.914814190665477,-0.8116773425299331,-1.1184714509633105,1.2521183391751392,0.4861249275392104,0.1007363352426334,69.04761904761905,-0.052778535532950976,True,-0.052778535532950976,True,-0.08835524744250167,True,
2018-10-09,2018-10-09 00:00:00+00:00,179.6300048828125,0.7850397415553184,-0.558833012459066,-0.8510321117801022,-1.0601090100540318,1.2201947338405545,0.5279504042035116,0.178692461364902,75.79365079365078,-0.055836989960782235,True,-0.055836989960782235,True,-0.09129882931291189,True,
2018-10-10,2018-10-10 00:00:00+00:00,171.72999572753906,0.17978986470447758,0.2718938964936512,-0.8047843718816543,-1.9938170519592067,2.700309570536404,2.1442643014883638,0.6661058368378504,94.31216931216932,-0.012403130944012908,False,-0.037209570538781045,False,-0.04949630356647661,False,
2018-10-11,2018-10-11 00:00:00+00:00,169.60000610351562,0.07403023038716305,0.9312256068846491,-0.5690853751367043,-2.033904305293699,3.160494692169502,2.141701001952062,0.8529348426267175,96.56084656084656,0.015389153988346838,False,-0.025117981204699324,False,-0.037559022091594785,False,
2018-10-12,2018-10-12 00:00:00+00:00,174.32000732421875,0.8499310307843845,0.4354613767287762,-0.5792244881982211,-1.5021106962104938,2.2678160783567356,1.550325723289319,0.7156947197440081,94.84126984126983,-0.012104179220387201,False,-0.05151451703203613,True,-0.06361869625242333,False,
2018-10-15,2018-10-15 00:00:00+00:00,172.2100067138672,0.3546537656120852,0.4977370841821074,-0.6560157035051467,-1.597695833443204,2.5098360935310247,1.4462724658267958,0.631557082254302,93.25396825396825,0.004703545247167762,False,-0.05214569790505097,True,-0.05214569790505097,False,
2018-10-16,2018-10-16 00:00:00+00:00,177.22000122070312,0.4404668315636615,0.3404817106085052,-0.6677439850701449,-1.1005803115396526,1.5838833733058248,0.9335930800734623,0.4107994683419032,87.43386243386243,-0.023699339348337234,False,-0.07894145918519346,True,-0.07894145918519346,False,
2018-10-17,2018-10-17 00:00:00+00:00,177.2899932861328,0.5960589947071103,0.2807726848240253,-0.6626841460932313,-1.0493378002084806,1.554715624559986,0.6309037398718237,0.37478248991079266,85.58201058201058,-0.06740367421051108,True,-0.07930508258242164,True,-0.07930508258242164,False,
2018-10-18,2018-10-18 00:00:00+00:00,173.17999267578125,0.18900945821146428,0.909844770227803,-0.6195286604768045,-1.4018369815692313,2.2930890871575706,0.9308368257969363,0.5468353764842996,91.4021164021164,-0.04527079725986749,True,-0.057454656248138725,True,-0.057454656248138725,False,
2018-10-19,2018-10-19 00:00:00+00:00,173.02000427246094,0.9554514613744676,0.7106577261434849,-0.6351209864610163,-1.3286030282545471,2.276324416205785,0.9684327139209905,0.6838378243374877,94.31216931216932,-0.044387976794153405,True,-0.056583101971869,True,-0.056583101971869,False,
2018-10-22,2018-10-22 00:00:00+00:00,173.91000366210938,0.7504950689191747,0.7352398554816837,-0.6420171180781468,-1.2287374897886834,2.143771740922704,0.8869890379175007,0.6180248125980112,92.85714285714286,-0.06141111902522034,True,-0.06141111902522034,True,-0.06813872608811544,False,
2018-10-23,2018-10-23 00:00:00+00:00,173.27000427246094,0.6938175315513689,1.0691105473510445,-0.6550209679391973,-1.2724590382820382,2.240581669742567,1.224057860446269,0.7356870419144722,95.1058201058201,-0.057944296747025614,True,-0.057944296747025614,True,-0.0814336022533022,True,
2018-10-24,2018-10-24 00:00:00+00:00,165.33999633789062,0.34816565696919444,1.9840323639057604,-0.6769710935301478,-1.8168711331999363,3.5071772693111174,1.9724816082202223,1.1229419821529656,98.94179894179894,-0.01276158616841594,False,-0.01276158616841594,False,-0.03737748162974286,False,
2018-10-25,2018-10-25 00:00:00+00:00,171.05999755859375,1.0097092795871598,1.5216310698804143,-0.8078749642989861,-1.4027530647797766,2.5543175063570556,1.6918006171468796,0.988209684953416,97.4867724867725,-0.04577342419505559,True,-0.04577342419505559,False,-0.06956619938222686,False,
2018-10-26,2018-10-26 00:00:00+00:00,166.66000366210938,0.38561797847770607,2.3729446008888804,-0.7953728161588317,-1.6259173380983996,3.1792809154044748,1.6982383994182313,1.0851442664627715,98.28042328042328,-0.0205808703900211,False,-0.0205808703900211,False,-0.04500179908315427,False,
2018-10-29,2018-10-29 00:00:00+00:00,163.22999572753906,-0.9575849090960785,2.6268745205310915,-0.6188683157785326,-1.7835855451369567,3.563011372000449,1.876552232957985,0.961002253903738,97.08994708994709,0.01647982914792423,False,0.01647982914792423,False,-0.02493409405109126,False,
2018-10-30,2018-10-30 00:00:00+00:00,165.9199981689453,-1.4865762778681677,1.9361486419140579,-0.6148804627615853,-1.6072341222088167,3.0130921805048536,1.6284695854359348,0.6188462292941519,92.1957671957672,0.018322134633984577,False,0.0024710924941784285,False,-0.04074249386112383,False,
2018-10-31,2018-10-31 00:00:00+00:00,169.82000732421875,-0.8338747597611893,1.9018384589624724,-0.623218446027174,-1.2279703446651293,2.3832503752827225,1.2062794391631635,0.5898893834788234,91.66666666666666,-0.005064188983984974,False,-0.02720533610127618,False,-0.06277236604846803,False,
2018-11-01,2018-11-01 00:00:00+00:00,172.05999755859375,-1.517695419391621,1.667777437676426,-0.6634588929189003,-1.0523049543813743,1.889209850690994,0.9657175832914924,0.2934213861205409,80.02645502645503,-0.0180169178700057,False,-0.039869816969022365,False,-0.07497381192331687,False,
2018-11-02,2018-11-02 00:00:00+00:00,169.3800048828125,-2.181941688745706,1.237949593950814,-0.66944147782045,-1.2909710632922446,2.170455715126114,0.9755316188946891,0.11791176087175978,68.25396825396825,-0.0024796207157739003,False,-0.024678284414162643,False,-0.060337707675554464,False,
2018-11-05,2018-11-05 00:00:00+00:00,168.9600067138672,-2.4545408512121445,1.1621860725400832,-0.668749847823502,-1.3435228972336704,2.136435858741535,0.9862303908101666,0.039549571181523135,59.39153439153439,-0.015565842674630126,False,-0.04083812074509774,False,-0.05800190969661867,False,
2018-11-06,2018-11-06 00:00:00+00:00,170.24000549316406,-2.69106374299511,0.7328740953812559,-0.6807986810119363,-1.2866654943091447,1.9079369710810703,0.9458345230750748,-0.11860702770816996,41.7989417989418,-0.022967595958321207,False,-0.06508459512179465,True,-0.06508459512179465,False,
2018-11-07,2018-11-07 00:00:00+00:00,175.5800018310547,-1.4621984600176345,-0.3055672010902239,-0.6923316347103479,-0.5262754416119103,0.9017390691978183,0.45033759450565913,-0.21603391913918638,30.02645502645503,-0.059118377802503286,True,-0.09351861258518979,True,-0.09351861258518979,True,
2018-11-08,2018-11-08 00:00:00+00:00,174.4600067138672,-1.4716135921710365,-0.5930960608597536,-0.7624445029575018,-0.5349893785760554,0.9823928821051343,0.4966860785434163,-0.24396419251561874,26.322751322751326,-0.05307812340516749,True,-0.08769920017744481,True,-0.08769920017744481,True,
2018-11-09,2018-11-09 00:00:00+00:00,171.52000427246094,-2.0912137410320892,0.5428698856163269,-0.7298815545207212,-0.996549395182727,1.5077353920034116,0.5010916072821924,-0.1575174302363292,36.64021164021164,-0.03684705670936994,True,-0.0720615689276547,True,-0.0720615689276547,False,
2018-11-12,2018-11-12 00:00:00+00:00,166.3300018310547,-2.1579444867990154,1.285597744683695,-0.9140587260086415,-1.3630106666790838,2.1854121953913137,0.8070892676681565,0.06389358435191858,62.96296296296296,-0.025671882555488024,False,-0.043107064811001794,False,-0.043107064811001794,False,
2018-11-13,2018-11-13 00:00:00+00:00,166.47000122070312,-2.5534597587843053,1.7094450489127357,-0.900850385658137,-1.2564740928896287,2.233455715183186,0.683604177364169,0.05058063159026227,61.24338624338625,-0.04391180095506986,True,-0.04391180095506986,False,-0.04391180095506986,False,
2018-11-14,2018-11-14 00:00:00+00:00,165.1999969482422,-2.8942022489583175,2.0921329817179677,-0.34155318746375196,-1.336805799135215,2.3815276324045205,1.041353662984397,0.18487956792715776,74.33862433862434,-0.0365617033759702,True,-0.0365617033759702,False,-0.0365617033759702,False,
2018-11-15,2018-11-15 00:00:00+00:00,168.08999633789062,-2.5243879701794323,1.7451333129298485,-0.2875467055257991,-1.1156854833258352,1.8254888791821828,0.8711926650502541,0.10012121869862303,67.06349206349206,-0.05312625897040524,True,-0.05312625897040524,True,-0.06341842997414837,False,
2018-11-16,2018-11-16 00:00:00+00:00,167.5,-2.9506717077401485,2.1743948365212886,-0.25736923820349694,-1.0564408162463506,1.8379595557617687,0.5583887840754624,0.031091505640307604,59.523809523809526,-0.049791022912779814,True,-0.049791022912779814,False,-0.06011944671175373,False,
2018-11-19,2018-11-19 00:00:00+00:00,162.05999755859375,-3.664379412395513,2.554246244362742,0.26674178791706926,-1.4338154907727345,2.565653939091986,0.761842932250086,0.1273622836195199,69.84126984126983,-0.017894569543208005,False,-0.017894569543208005,False,-0.04646426565923134,False,
2018-11-20,2018-11-20 00:00:00+00:00,159.16000366210938,-3.8210806013166887,2.6603172916608,0.4934724844612537,-1.5912845330804906,2.9156799881152504,1.110442574609762,0.2507105545148366,79.1005291005291,0.0003141684506615672,False,0.0003141684506615672,False,-0.04316417578477405,False,
2018-11-21,2018-11-21 00:00:00+00:00,160.3699951171875,-3.7286269946326667,1.647959579365116,0.48674351905900215,-1.4784256226511152,2.493966731249533,0.7547716863181486,-0.021873269999996697,52.24867724867725,-0.007233200964261832,False,-0.007233200964261832,False,-0.07981535313769506,False,
2018-11-23,2018-11-23 00:00:00+00:00,159.2100067138672,-4.553016186290536,2.32999983373124,0.5670396958439021,-1.5016261590352524,2.7048465950610843,0.8280386648579885,-0.02306616448550436,52.116402116402114,0.023114079018883293,False,0.013629785047652554,False,-0.09867474437144685,True,
2018-11-26,2018-11-26 00:00:00+00:00,162.88999938964844,-3.60095593430191,1.3576521687263705,0.889180973152091,-1.200508685123312,2.0399535104049895,0.5682901703366603,-0.08605283085638424,46.42857142857143,0.0033765305041357774,False,-0.009270025860973141,False,-0.11903738389283003,True,
2018-11-27,2018-11-27 00:00:00+00:00,163.44000244140625,-2.844663842032043,1.334354039580604,0.883230019035016,-1.0584611189024329,1.8355925398674058,0.45640211990490853,0.019173103553281556,58.06878306878307,0.013950065744243068,False,-0.012603998579431397,False,-0.12200197102025134,True,
2018-11-28,2018-11-28 00:00:00+00:00,168.6999969482422,-1.8672850884692904,0.8673599211707804,0.9314142174398761,-0.5433959419707689,1.1376114652704314,0.38848905659660965,0.0734991053035395,64.81481481481481,-0.01766446817692202,False,-0.04339058801332096,False,-0.14937757797336326,True,
2018-11-29,2018-11-29 00:00:00+00:00,168.14999389648438,-2.100956956522028,1.2246006073877747,0.7644398238263511,-0.7557287004697426,1.2755550852862345,0.4166674277564937,0.06502787972448001,63.62433862433863,-0.0402616072519133,True,-0.042045746785944416,False,-0.1465952708369367,True,
2018-11-30,2018-11-30 00:00:00+00:00,169.3699951171875,-1.5962698314482273,1.5226972242782768,0.8457957709885744,-0.5609425100132135,1.1212205395028516,0.23632850485270537,0.18109862682008288,74.47089947089947,-0.047174768050543436,True,-0.07049656247049507,True,-0.1527424919584368,True,
2018-12-03,2018-12-03 00:00:00+00:00,172.3300018310547,-1.0378915937305921,1.4662514696496636,0.8650626918075321,-0.03254541675778768,0.6334071593430314,0.14265357814498875,0.2491960058660202,78.96825396825396,-0.06354086248416058,True,-0.08646207274970497,True,-0.16729531436620337,True,
2018-12-04,2018-12-04 00:00:00+00:00,165.72000122070312,-1.2622778463284339,2.4756985209067297,0.6172042272700179,-0.7670172528415306,1.5387334885911752,0.7924991857734357,0.531813578544017,89.94708994708994,-0.02618872982091458,False,-0.06752354790598625,True,-0.1340815897720813,True,
2018-12-06,2018-12-06 00:00:00+00:00,166.88999938964844,-0.9049020999560063,2.9098858664263574,0.7250531973065466,-0.6117040952009898,1.4138110128485113,0.881494988146172,0.6953133656221951,93.78306878306879,-0.03301572608896364,True,-0.08748280997609736,True,-0.14015219291264036,True,
2018-12-07,2018-12-07 00:00:00+00:00,161.3800048828125,-1.4579456148147338,3.5939282109534383,0.8221695149323061,-0.9305616078890768,2.223512879849789,1.162736898346697,0.8673827746292354,96.42857142857143,-0.0018589852688111197,False,-0.08557440290463492,True,-0.11079442521888772,True,
2018-12-10,2018-12-10 00:00:00+00:00,163.07000732421875,-1.1245045256625927,3.4355088097484034,0.7189684596420176,-0.792561164045159,1.9553346025649871,1.1565455306777523,0.8658141143357179,96.29629629629629,-0.034586462225539294,True,-0.12000985126166885,True,-0.12000985126166885,True,
2018-12-11,2018-12-11 00:00:00+00:00,163.61000061035156,-0.9286217688174042,2.7511303533388958,0.470649259077223,-0.7776064882626464,1.789327266771928,1.1310410046156592,0.7414428061831964,94.57671957671958,-0.03777280063269739,True,-0.12291425056738992,True,-0.12291425056738992,True,
2018-12-12,2018-12-12 00:00:00+00:00,165.0500030517578,-0.7067436237497988,1.8819396285637706,0.46801796479078,-0.7227117404611684,1.4405553063924827,0.8226482177075869,0.5319779597645226,89.41798941798942,-0.06373828584033403,True,-0.13056651107725203,True,-0.13056651107725203,True,
2018-12-13,2018-12-13 00:00:00+00:00,165.10000610351562,-0.1252376488641119,1.6630942117539822,0.835129576552817,-0.6613655660044965,1.419869426751462,0.6519039160378055,0.6230793933027357,91.66666666666666,-0.07758941455974933,True,-0.1308298322531417,True,-0.1308298322531417,True,
2018-12-14,2018-12-14 00:00:00+00:00,161.0800018310547,-0.4041041194397142,1.9341491581429036,0.8535249622690559,-0.912070704297885,1.8822327969181156,0.7344653694596683,0.6811830736912723,92.85714285714286,-0.08387133320873441,True,-0.10913832649128663,True,-0.10913832649128663,True,
2018-12-17,2018-12-17 00:00:00+00:00,157.42999267578125,-0.5636608556891042,2.6177109131852125,0.6339537568817767,-1.0988523202994245,2.386256582720666,1.1569913347017198,0.8871415769677022,96.56084656084656,-0.0884837281576284,True,-0.0884837281576284,True,-0.0884837281576284,True,
2018-12-18,2018-12-18 00:00:00+00:00,158.4199981689453,0.005268470171012433,2.7434050463391153,0.4706315351385786,-0.9776041448616309,2.2111450235209666,1.2844018011485694,1.0120963477035902,97.61904761904762,-0.0941800173045958,True,-0.0941800173045958,True,-0.0941800173045958,True,
2018-12-19,2018-12-19 00:00:00+00:00,154.52999877929688,0.24264383127155423,3.187875139344815,0.36141287850099846,-0.976537206080989,2.51234344328198,1.2782444004874047,1.1744883128478614,99.33862433862434,-0.07137771867228293,True,-0.07137771867228293,True,-0.07137771867228293,False,
2018-12-20,2018-12-20 00:00:00+00:00,152.2899932861328,0.2627452261121223,3.280748685587145,-0.3075774565241692,-1.050757520957338,2.6851208988892563,1.6362975590387798,1.2205736658500859,99.47089947089947,-0.057718784382750465,True,-0.057718784382750465,True,-0.057718784382750465,False,
2018-12-21,2018-12-21 00:00:00+00:00,147.57000732421875,-0.3474720217065126,3.7407335870105327,-0.17814920984887994,-1.1637314873702174,3.225324815405767,1.8118133765267044,1.306668628006351,99.60317460317461,-0.02758017972633653,False,-0.02758017972633653,False,-0.02758017972633653,False,
2018-12-24,2018-12-24 00:00:00+00:00,143.5,0.03641644596326995,4.050578239144387,-0.2481594818114078,-1.3668732136766624,3.581440479183888,2.3077395722350156,1.5628591051154528,99.73544973544973,0.06243907117677483,False,0.04404186288654177,False,0.04404186288654177,False,
2018-12-26,2018-12-26 00:00:00+00:00,152.4600067138672,0.43914017397302274,2.826398200966469,-0.26185330812470775,-0.8714903157573155,2.4598254237926542,1.8412809463947994,1.2151001608009977,99.07407407407408,-0.017316012550118276,False,-0.017316012550118276,False,-0.017316012550118276,False,
2018-12-27,2018-12-27 00:00:00+00:00,153.0500030517578,0.09081835977820951,2.7954827347813924,0.025315141618644954,-0.7947683937556498,2.3183555280826265,1.8117955666454428,1.1468325562169817,98.4126984126984,-0.02110418597278141,False,-0.02110418597278141,False,-0.02110418597278141,False,
2018-12-28,2018-12-28 00:00:00+00:00,152.97000122070312,-0.15471635772495987,3.2894586178989766,-0.48095639224600273,-0.6258853815645605,2.369304098587157,1.4818000560448332,1.090717905606968,97.61904761904762,-0.020592232930295995,False,-0.020592232930295995,False,-0.020592232930295995,False,
2018-12-31,2018-12-31 00:00:00+00:00,154.25999450683594,-0.11503082280373755,3.163663644238914,-0.35386735731633,-0.4434758899439961,2.0840564778896113,1.1059044106174505,0.9876274405532695,96.16402116402116,-0.02878249280905054,False,-0.02878249280905054,False,-0.02878249280905054,False,
2019-01-02,2019-01-02 00:00:00+00:00,154.8800048828125,-0.08759159400917767,3.1616800877798377,-0.21329277142779385,-0.32182888793594205,1.9541657598409559,0.7530097147661989,0.9285651789534004,95.63492063492063,-0.03267043775226064,True,-0.03267043775226064,False,-0.03267043775226064,False,
2019-01-03,2019-01-03 00:00:00+00:00,149.82000732421875,-0.7455476699620612,3.6642445660069654,0.027976326675247687,-0.6353371651437416,2.5321548828615232,1.0652247722506778,1.0275001398270363,96.6931216931217,0.04278459544758095,False,0.04278459544758095,False,0.04278459544758095,False,
2019-01-04,2019-01-04 00:00:00+00:00,156.22999572753906,-0.4681879569244664,1.810032677910553,0.061894180196984144,-0.3951503191107446,1.598206580399031,0.6629635031308889,0.5770181971607603,89.02116402116403,0.011905528139393606,False,0.011905528139393606,False,0.011905528139393606,False,
2019-01-07,2019-01-07 00:00:00+00:00,158.08999633789062,-0.862366164427161,1.0849828684774823,0.10047689978566493,-0.4525878899943283,1.3302979892326314,0.6406786352718665,0.326629028766507,79.76190476190477,0.007464153089410175,False,0.007464153089410175,False,0.007464153089410175,False,
2019-01-08,2019-01-08 00:00:00+00:00,159.52000427246094,-0.7101919929157651,0.3796043723288116,-0.10514157574745209,-0.3945841035767746,1.0113535935083566,0.4915389433787988,0.14577899153233842,69.44444444444444,-0.0015672015628397373,False,-0.0015672015628397373,False,-0.0015672015628397373,False,
2019-01-09,2019-01-09 00:00:00+00:00,160.82000732421875,-1.1082692632812812,0.2821538782687765,0.039032604939492746,-0.32885845174127154,0.875382579896581,0.445064046517145,0.03933304709956398,58.333333333333336,-0.009638123250628627,False,-0.009638123250628627,False,-0.009638123250628627,False,
2019-01-10,2019-01-10 00:00:00+00:00,161.27999877929688,-1.3254172581806984,0.11405552105805017,0.26534528695475895,-0.2985592132271284,0.8078067910325651,0.22565685132380048,-0.05953174829475241,48.01587301587302,-0.012462763653579345,False,-0.012462763653579345,False,-0.012462763653579345,False,
2019-01-11,2019-01-11 00:00:00+00:00,160.69000244140625,-1.4646647403028734,0.5342671887983628,0.09297307696574819,-0.21625972834178142,0.8819244251628202,0.10124635909198632,-0.039300364444551344,49.86772486772487,-0.008836879378747331,False,-0.008836879378747331,False,-0.008836879378747331,False,
2019-01-14,2019-01-14 00:00:00+00:00,159.27000427246094,-1.6843046268039419,0.6776641750764468,0.2613354193337241,-0.30067601263002636,1.0383935727659968,0.15421491692832368,-0.01565746112158879,52.64550264550265,0.016763973738443516,False,0.014440905318387598,False,0.014440905318387598,False,
2019-01-15,2019-01-15 00:00:00+00:00,162.3800048828125,-0.8890481682851,0.14400708737157067,0.18375552878515386,-0.020788960549097985,0.5499520657359643,0.1318082372078455,-0.004599301166371746,54.36507936507936,-0.002709708265643873,False,-0.0049882838664668805,False,-0.0049882838664668805,False,
2019-01-16,2019-01-16 00:00:00+00:00,162.35000610351562,-0.8620642792016784,-0.3062486707690666,0.2150495992125287,0.1999760367865315,0.43830228624764067,0.12177958313867746,-0.054832417139199445,48.544973544973544,-0.002525430530923134,False,-0.0048044271633691515,False,-0.0048044271633691515,False,
2019-01-17,2019-01-17 00:00:00+00:00,163.6300048828125,-1.1568559973662362,-0.7150692539377127,0.09661551330087818,0.18325381345729116,0.29107603703210333,0.014446699033440296,-0.24037741700211387,26.984126984126984,-0.010328194041285932,False,-0.012589363179870694,False,-0.012589363179870694,False,
2019-01-18,2019-01-18 00:00:00+00:00,165.25,-1.4321450326487393,-1.4885059308095692,0.1356286860356542,0.5859016199034803,-0.0305830100184602,-0.03868947374468312,-0.4221112813147244,13.227513227513226,-0.02003024241206508,False,-0.0222692446340772,False,-0.0222692446340772,False,0.009502573989130047
2019-01-22,2019-01-22 00:00:00+00:00,161.94000244140625,-1.482269083081652,-1.1983526314362303,0.11990314906765014,0.24321949639991833,0.2987221803023773,0.30497010023887283,-0.30699501585676214,20.37037037037037,-0.0022847666519048015,False,-0.0022847666519048015,False,-0.0022847666519048015,False,0.019933621520071707
2019-01-23,2019-01-23 00:00:00+00:00,162.14999389648438,-0.5772241215296768,-1.5888238471913194,0.09572303171633872,0.764196303276398,0.13198339936144932,0.14185943143091767,-0.17479808656306628,35.44973544973545,-0.0035768522608510267,False,-0.0035768522608510267,False,-0.0035768522608510267,False,0.0746184140227723
2019-01-24,2019-01-24 00:00:00+00:00,163.1999969482422,-1.240273301123885,-1.8424165906747891,0.042212198881258045,1.2355300530424485,-0.10868895850967208,0.013286244267483649,-0.35394696382993995,17.195767195767196,-0.009987681706516094,False,-0.009987681706516094,False,-0.009987681706516094,False,0.01717126948780904
2019-01-25,2019-01-25 00:00:00+00:00,165.14999389648438,-1.9016127434969885,-1.375633981080907,-0.285178815552243,0.925760162873121,-0.12847321327043779,-0.2876775929647584,-0.5595516642328292,7.804232804232804,-0.021677182588995758,False,-0.021677182588995758,False,-0.021677182588995758,False,0.009121844015914728
2019-01-28,2019-01-28 00:00:00+00:00,163.11000061035156,-2.0641334758795398,-1.28797757477811,-0.1883115870381155,0.5188857117093202,0.12059778449010992,-0.057592222497944344,-0.5344205209416049,8.862433862433862,-0.009441440012079028,False,-0.009441440012079028,False,-0.009441440012079028,False,0.006650199017261529
2019-01-29,2019-01-29 00:00:00+00:00,161.57000732421875,-2.388383048865922,-1.2539272962939274,-0.2942726646906082,0.2651389422832456,0.273750448320116,-0.10752343661420746,-0.6221767270026658,6.349206349206349,0.025437798881292828,False,0.025437798881292828,False,0.025437798881292828,False,0.004002293623740972
2019-01-30,2019-01-30 00:00:00+00:00,165.67999267578125,-1.9125232085900425,-1.6036974844086236,-0.4264930600112971,0.6926532801245352,-0.1915527672366717,-0.19013362231396141,-0.6381478562718781,6.349206349206349,0.01068327106897371,False,0.01068327106897371,False,0.01068327106897371,False,0.004242067119705699
2019-01-31,2019-01-31 00:00:00+00:00,168.16000366210938,-1.7249586768780176,-1.6090327593210698,-0.4745291602957551,0.9898734547487479,-0.4774032624247165,-0.26813060064862376,-0.6344253197056954,6.481481481481481,-0.004222209196033555,False,-0.004222209196033555,False,-0.004222209196033555,False,0.004793493771032415
2019-02-01,2019-02-01 00:00:00+00:00,167.4499969482422,-1.8799103409463935,-2.0718612688701747,-0.4857600121286793,1.311711548087661,-0.5379254183270185,-0.34700033564360355,-0.7155656783136481,4.894179894179894,0.004658099692518736,False,0.004658099692518736,False,0.004658099692518736,False,0.011379692053891484
2019-02-04,2019-02-04 00:00:00+00:00,169.52999877929688,-1.5012972906121564,-1.6149550452088193,-0.474694283189248,1.2924857281026052,-0.6180913991256229,-0.5416537172414014,-0.628048307280693,6.746031746031746,-0.0076682773616381095,False,-0.0076682773616381095,False,-0.0076682773616381095,False,0.009068571472369297
2019-02-05,2019-02-05 00:00:00+00:00,171.02999877929688,-1.2302012084971892,-1.3959480343537258,-0.6013570334140728,1.4153725444717178,-0.7290240654212488,-0.593024280605421,-0.5676719377284802,7.936507936507936,-0.016371414791220507,False,-0.016371414791220507,False,-0.016371414791220507,False,0.012530287025834409
2019-02-06,2019-02-06 00:00:00+00:00,170.52000427246094,-1.3595806034481601,-1.0876453555768177,-0.5624413675229959,1.2719986945847241,-0.6363068435406858,-0.5988424293067398,-0.5475371111602308,9.39153439153439,-0.01342955950941005,False,-0.01342955950941005,False,-0.01342955950941005,False,0.030666041559786916
2019-02-07,2019-02-07 00:00:00+00:00,168.22999572753906,-1.3341791492769817,-0.689049355336743,-0.5314201629231361,0.852533400048884,-0.36079398273214675,-0.3523320525538538,-0.43808044649808897,13.756613756613756,0.0010105104515405472,False,0.0010105104515405472,False,0.0010105104515405472,False,0.027424799369693064
2019-02-08,2019-02-08 00:00:00+00:00,168.55999755859375,-1.2876076140519226,-0.4803098313186798,-0.7848767758555389,0.9128233668929276,-0.3788974379718046,-0.4122439340563962,-0.4293604444654414,14.02116402116402,-0.000949238635659988,False,-0.000949238635659988,False,-0.000949238635659988,False,0.04097422826722099
2019-02-11,2019-02-11 00:00:00+00:00,168.39999389648438,-1.3845575566143367,-0.712557516671367,-0.8901251234531558,0.8609718623501593,-0.37634614003928296,-0.3320646936429802,-0.4853440385528167,11.507936507936508,0.014786256433564127,False,0.014786256433564127,False,0.014786256433564127,False,0.022057517649770778
2019-02-12,2019-02-12 00:00:00+00:00,170.88999938964844,-1.364790271224915,-1.09999682678653,-0.9146971745617294,1.2282948368044084,-0.7149885655981209,-0.4101917841344652,-0.5702191401449914,7.936507936507936,0.0007021775271582875,False,0.0007021775271582875,False,0.0007021775271582875,False,0.03830008207202029
2019-02-13,2019-02-13 00:00:00+00:00,171.00999450683594,-1.6795549621921761,-1.0188383671551786,-0.8640431292895823,0.9633381633285115,-0.6591798900018326,-0.39969236963455007,-0.64241478786867,6.349206349206349,0.0012280376622011424,False,0.0012280376622011424,False,0.0009356392447750217,False,0.026218056922859695
2019-02-14,2019-02-14 00:00:00+00:00,171.22000122070312,-1.6780376897809066,-0.7500696886565145,-0.8733185832883537,0.9796606599677523,-0.6634965239999498,-0.3588268530697746,-0.592965426002276,7.936507936507936,0.0023361400165438084,False,0.0023361400165438084,False,-0.0002920397815753262,False,0.02890751622364303
2019-02-15,2019-02-15 00:00:00+00:00,171.94000244140625,-1.5854691455824135,-0.8421295950280564,-0.8437811427853954,1.0345002302026038,-0.7546232947845665,-0.5521882328137713,-0.6339786536385077,6.878306878306878,-0.001861156913312234,False,-0.001861156913312234,False,-0.004478331170917227,False,0.04486075587095014
2019-02-19,2019-02-19 00:00:00+00:00,172.27999877929688,-1.3410796637533764,-0.5706618068358179,-0.9349108243405702,1.020553908066372,-0.7487438831995759,-0.5817835463918601,-0.5603286859184364,8.994708994708994,-0.003830994118794284,False,-0.003830994118794284,False,-0.006443003356260468,False,0.024757071709513464
2019-02-20,2019-02-20 00:00:00+00:00,172.25,-1.34606568935889,-0.9268298492400101,-0.9856863847067161,1.2589045948318316,-0.8155833184437604,-0.7269366253830729,-0.6264745532690432,7.142857142857142,-0.0036575029481131782,False,-0.0036575029481131782,False,-0.006269967088851636,False,0.012129728895513229
2019-02-21,2019-02-21 00:00:00+00:00,171.6199951171875,-1.4126891608840684,-0.9680787951672919,-1.0255750889597428,1.094322558847449,-0.7127939074632811,-0.6345909634559701,-0.6356357507046145,6.746031746031746,0.0074000950273522825,False,-0.0011071113320828552,False,-0.002622054312115041,False,0.007147760821221656
2019-02-22,2019-02-22 00:00:00+00:00,172.88999938964844,-0.9867127356075662,-0.9921448168209491,-1.105420038714964,1.2357842279229914,-0.825516986155182,-0.8525869404907265,-0.606959424656885,8.068783068783068,0.0017352250148470194,False,-0.009948529277432061,False,-0.009948529277432061,False,0.005277218712458635
2019-02-25,2019-02-25 00:00:00+00:00,173.52000427246094,-0.7426030693723139,-0.9382562333290503,-0.6431043806861103,1.1005140922591743,-0.8228224643569386,-0.5161715122056136,-0.45629116841606576,14.153439153439153,-0.0019018085692098508,False,-0.013543142264021868,False,-0.013543142264021868,False,0.009377163828702654
2019-02-26,2019-02-26 00:00:00+00:00,173.6999969482422,-0.3449859897726249,-0.9057489014279224,-0.683970357183346,1.2813001611631465,-0.8580098903077383,-0.46108709410526194,-0.344880941595176,21.03174603174603,-0.0029360651456309395,False,-0.014565335772865562,False,-0.014565335772865562,False,0.01941493281687885
2019-02-27,2019-02-27 00:00:00+00:00,173.58999633789062,-0.06461213559878147,-1.2056649201347693,-0.6807494332257016,1.380750400852999,-0.8715393585515688,-0.48193670917192033,-0.32542976187928985,22.08994708994709,-0.002304245088557977,False,-0.013940884958801525,False,-0.013940884958801525,False,0.01691142228796989
2019-02-28,2019-02-28 00:00:00+00:00,173.19000244140625,-0.4275173618962899,-1.0885084017635023,-0.7106619920750339,1.013670544943744,-0.7131619147158079,-0.5481892322422943,-0.4200655795013455,16.005291005291006,-0.01016230579603139,False,-0.011663515468477104,False,-0.011663515468477104,False,0.010603226243635749
2019-03-01,2019-03-01 00:00:00+00:00,174.38999938964844,-0.5354061281871138,-1.3395472148098584,-0.7405149455777005,0.9871370547949754,-0.7782795547424891,-0.7341619946631259,-0.5364825540785483,10.714285714285714,-0.018464368553087196,False,-0.018464368553087196,False,-0.018464368553087196,False,0.0049760649998252466
2019-03-04,2019-03-04 00:00:00+00:00,174.4199981689453,0.016174262155957398,-0.9857272995141461,-0.6064438681823312,1.0773894868278102,-0.7471071009749153,-0.5848755013777909,-0.3100567267605333,23.28042328042328,-0.01863318446346962,False,-0.01863318446346962,False,-0.01863318446346962,False,0.003246651645326031
2019-03-05,2019-03-05 00:00:00+00:00,174.5500030517578,-0.040923918453362323,-0.7585936952811555,-0.3880681323387109,0.9345621820286252,-0.6799774956383698,-0.5954962912642797,-0.27569108129295294,26.322751322751326,-0.01936410669560551,False,-0.01936410669560551,False,-0.01936410669560551,False,0.006084993067453513
2019-03-06,2019-03-06 00:00:00+00:00,173.55999755859375,0.15180920862945982,-0.48525700717869363,-0.3467543861991886,0.677229836830188,-0.48644706763175555,-0.36025068888564515,-0.14485722374978294,41.4021164021164,-0.013770450698707637,False,-0.013770450698707637,False,-0.013770450698707637,False,0.007217524991683913
2019-03-07,2019-03-07 00:00:00+00:00,171.42999267578125,0.15033983399570955,-0.2673616924819203,-0.4079734206028198,0.40327010213685566,-0.22890345022051295,-0.16053596793313085,-0.06823099744362854,50.132275132275126,-0.0015166220494896576,False,-0.0015166220494896576,False,-0.0015166220494896576,False,0.00590156074865577
2019-03-08,2019-03-08 00:00:00+00:00,171.1699981689453,0.38333831644909117,-0.30280545846623713,-0.3479663447972747,0.5690956756546574,-0.2146509608711765,-0.17545858177349874,0.003792652859418752,58.201058201058196,0.020798022998633314,False,0.020798022998633314,False,0.020798022998633314,False,0.010417408104413238
2019-03-11,2019-03-11 00:00:00+00:00,174.72999572753906,0.6305104096165667,-0.5843369020362358,-0.6631518527634677,0.9961927052267354,-0.5989285366025986,-0.5358493595689579,-0.10539031210876976,46.164021164021165,0.0054942295961830645,False,0.0054942295961830645,False,0.0054942295961830645,False,0.00957086667744482
2019-03-12,2019-03-12 00:00:00+00:00,175.69000244140625,0.8815036214582971,-0.4545017728983156,-0.692075734156074,1.193308753457776,-0.6723649498113938,-0.6522929796678328,-0.04701738793587426,52.116402116402114,0.005805704697403602,False,0.005805704697403602,False,0.005805704697403602,False,0.01335885061104882
2019-03-13,2019-03-13 00:00:00+00:00,177.00999450683594,0.928941323115636,-0.40696631251799764,-0.6866694850167905,1.21148868747507,-0.7309930408701599,-0.808696101701815,-0.07013815614938601,49.735449735449734,-0.0016947505919343575,False,-0.0016947505919343575,False,-0.0016947505919343575,False,0.012557059180719499
2019-03-14,2019-03-14 00:00:00+00:00,176.7100067138672,1.046227744033446,-0.3926330136847467,-0.6980250417719196,1.1461006727067373,-0.6741066523698435,-0.8347040892656199,-0.049298954844296805,51.85185185185185,0.009280738652814202,False,0.006734124483080528,False,0.006734124483080528,False,0.014361496288759629
2019-03-15,2019-03-15 00:00:00+00:00,178.35000610351562,0.8898816863219011,-0.37731590114623564,-0.7247759725775887,1.3126880086430497,-0.7807674291807017,-0.9026671702037591,-0.09088236374574876,47.48677248677249,0.0005606439097542992,False,-0.0025231970374594015,False,-0.0025231970374594015,False,0.006997996994882985
2019-03-18,2019-03-18 00:00:00+00:00,178.4499969482422,1.0700860579747207,-0.2884046392051093,-0.88435700049103,1.2544792016751545,-0.7707954644683902,-0.7687512283910897,-0.03741664265554809,53.3068783068783,-0.0012888525159558961,False,-0.0030821129793425772,False,-0.0030821129793425772,False,0.013330317839757376
2019-03-19,2019-03-19 00:00:00+00:00,179.0500030517578,1.137622094523606,-0.3612806885148057,-1.163839725717939,1.2160980484177994,-0.7805011019630822,-0.6166395963758878,-0.04006508934941766,52.64550264550265,-0.004635586802055336,False,-0.0064228379540490765,False,-0.0064228379540490765,False,0.02749264109951852
2019-03-20,2019-03-20 00:00:00+00:00,179.75999450683594,1.5793584585652252,-0.1262302365253868,-1.1695834057191936,1.3139204253690457,-0.7880685102892556,-0.49012818897553245,0.1214275396147169,70.8994708994709,-0.010347133217568194,False,-0.010347133217568194,False,-0.010347133217568194,False,0.0571584271710117
2019-03-21,2019-03-21 00:00:00+00:00,182.57000732421875,1.4800981961456712,-0.11642903751929384,-1.086975334732511,1.6683685475953258,-1.0413707487786803,-0.5190595105210474,0.10802698040734238,69.97354497354497,-0.025579302406671278,False,-0.025579302406671278,False,-0.025579302406671278,False,0.07266848807226602
2019-03-22,2019-03-22 00:00:00+00:00,178.55999755859375,1.5009696886092427,0.4869026789492499,-1.0912166719753724,0.7735319350069433,-0.5058389393324201,0.23807339644798647,0.32658435404085356,83.06878306878306,-0.003696257118802837,False,-0.003696257118802837,False,-0.003696257118802837,False,0.09024374614392607
2019-03-25,2019-03-25 00:00:00+00:00,178.22000122070312,1.3844444146346049,0.6719269070078443,-1.0712035044083144,0.7226906154538949,-0.4431037871086639,0.16298196173491503,0.3229367957806006,82.8042328042328,-0.0017955746943489892,False,-0.0017955746943489892,False,-0.0017955746943489892,False,0.07788509275349291
2019-03-26,2019-03-26 00:00:00+00:00,179.0500030517578,1.1299398049657352,0.44155615717513713,-1.0820734004619037,0.8418564807503932,-0.5399892803935255,-0.21232113702227684,0.15983043315262574,73.94179894179894,-0.0064228379540490765,False,-0.0064228379540490765,False,-0.0064228379540490765,False,0.06915425231006703
2019-03-27,2019-03-27 00:00:00+00:00,177.89999389648438,1.02582731075644,0.748178402743772,-1.1323953790495,0.699966289604662,-0.3886688664545841,-0.11198705912601267,0.20901644298248373,77.38095238095238,0.0023046862067233054,False,0.0023046862067233054,False,0.0023046862067233054,False,0.08711365503687336
2019-03-28,2019-03-28 00:00:00+00:00,178.30999755859375,0.9109065341283359,0.722822214062616,-1.081401975845563,0.8171906599411756,-0.43877716986091037,-0.22196951638136425,0.17289370309322466,74.33862433862434,0.007571118400537369,False,0.007571118400537369,False,0.007571118400537369,False,0.08387032316050705
2019-03-29,2019-03-29 00:00:00+00:00,179.66000366210938,0.8736093637242992,0.6984439625264213,-1.061791592880923,0.9018189996621557,-0.5536709580702706,-0.5823300928549392,0.0813819476000121,66.13756613756614,0.013247186772296526,False,0.013247186772296526,False,0.013247186772296526,False,0.12931880264286597
2019-04-01,2019-04-01 00:00:00+00:00,182.0399932861328,0.5789067365020532,0.21187239439517902,-1.0942049795390552,0.9181540674022406,-0.8127518279764048,-0.6153096649009313,-0.10974747995934916,43.25396825396825,0.0037903892927622085,False,0.0037903892927622085,False,0.0037903892927622085,False,0.16947204036732832
2019-04-02,2019-04-02 00:00:00+00:00,182.72999572753906,0.6324091040585894,0.22918175219842776,-0.7216931384164714,0.9380848349938576,-0.8490895927816321,-0.5149523668952943,-0.043405896886471784,51.19047619047619,0.005363164281957156,False,0.005363164281957156,False,0.005363164281957156,False,0.0398757385540316
2019-04-03,2019-04-03 00:00:00+00:00,183.77999877929688,0.332644225095999,-0.09139222801964286,-0.7818575752564669,0.9724569378197002,-0.9337827445546302,-0.47406015470697876,-0.16106578588876014,36.77248677248677,-0.00038084702304164164,False,-0.00038084702304164164,False,-0.00038084702304164164,False,0.021063660388242544
2019-04-04,2019-04-04 00:00:00+00:00,183.7100067138672,0.4298889616378441,-0.2609955729795639,-0.7823547963099864,1.113421001910522,-0.956477831502235,-0.48936920154325475,-0.15356327957288404,37.83068783068783,0.004191328645865022,False,0.004191328645865022,False,0.004191328645865022,False,0.015972062965986873
2019-04-05,2019-04-05 00:00:00+00:00,184.66000366210938,0.1643507110847868,-0.4167557478565362,-0.8893500071619257,1.2086202031097855,-1.0345860221803045,-0.636161857908053,-0.2714347662289194,24.074074074074073,-0.000974807381135423,False,-0.000974807381135423,False,-0.000974807381135423,False,0.011991395466282563
2019-04-08,2019-04-08 00:00:00+00:00,185.1300048828125,0.11367383707794372,-0.3006543112407994,-1.160002081341714,0.9791280902921081,-0.9687615019170318,-0.5573693218983842,-0.2967205386239695,21.428571428571427,-0.003511095652403262,False,-0.003511095652403262,False,-0.003511095652403262,False,0.005977611938321986
2019-04-09,2019-04-09 00:00:00+00:00,184.47999572753906,0.2784449633003078,-0.1869472984556745,-1.0174427531904082,0.750568770385572,-0.8284491305914702,-0.32504788049265887,-0.1922114640863205,32.93650793650794,0.002981369603727302,False,0.002981369603727302,False,0.002981369603727302,False,0.006363759797353842
2019-04-10,2019-04-10 00:00:00+00:00,185.47000122070312,0.16359950654039476,-0.15707003474948553,-0.993255088583285,0.7776575666915658,-0.882881124578233,-0.6112103023457377,-0.27233576314373165,24.074074074074073,-0.002372364471398547,False,-0.002372364471398547,False,-0.00377417880862152,False,0.006785740771652109
2019-04-11,2019-04-11 00:00:00+00:00,185.02999877929688,-0.013186304645723623,-0.2731879695640635,-0.6721709865811278,0.7211685563983957,-0.8212392790736548,-0.6644778453855951,-0.2998006964539577,20.8994708994709,0.004323639718076588,False,0.004323639718076588,False,-0.0014051478600832779,False,0.0070481294239605
2019-04-12,2019-04-12 00:00:00+00:00,185.8300018310547,0.04174888911428414,-0.6570545034199576,-0.6492420675479422,0.6928649321111587,-0.8638507901564124,-0.8335392630613768,-0.39068087527181505,14.550264550264549,0.0001614313028106551,False,0.0001614313028106551,False,-0.03901415233580663,False,0.00720955765843724
2019-04-15,2019-04-15 00:00:00+00:00,185.86000061035156,0.02176871835305022,-0.5105067601260104,-0.5506294611540044,0.6745984180609735,-0.8323591200989148,-0.7869847536783554,-0.34996422851,17.59259259259259,0.003443448765451107,False,0.003443448765451107,False,-0.0391692604938656,False,0.005908165014227844
2019-04-16,2019-04-16 00:00:00+00:00,186.5,0.024787276304952293,-0.616838615402128,-0.006476294985652553,0.6904768772138001,-0.8486393937736469,-0.896499189502227,-0.33367215162099884,18.386243386243386,0.003485221965063623,False,0.003485221965063623,False,-0.04246647811766924,False,0.00518385111795189
2019-04-17,2019-04-17 00:00:00+00:00,187.14999389648438,0.14622535775838938,-0.6235348488159166,0.05718124974492381,0.6640293816009776,-0.8386686730201998,-0.7260252703420449,-0.27190141222851955,24.33862433862434,0.0012824231952517362,False,0.0012824231952517362,False,-0.04579210443453119,False,0.0029273687095714997
2019-04-18,2019-04-18 00:00:00+00:00,187.38999938964844,0.2049469214235935,-0.4680904708608819,-0.03576618580413993,0.5476195632995153,-0.7834910253546391,-0.8411822798476895,-0.2755925314703659,23.544973544973544,0.002828319446198435,False,0.002828319446198435,False,-0.04701423548369155,False,0.0030423493395708785
2019-04-22,2019-04-22 00:00:00+00:00,187.9199981689453,0.46900758435305273,-0.882659828749401,-0.02758829507534022,0.859395930910477,-0.8855508594260405,-0.7270824588121051,-0.2349735609603912,28.968253968253972,0.009525375491503674,False,0.0010110815413877372,False,-0.049701981848114474,False,0.0021786721628548177
2019-04-23,2019-04-23 00:00:00+00:00,190.30999755859375,0.45654922622107463,-1.0402669376832847,0.018366590299787044,1.0756124017497581,-1.0894938823517217,-0.7444210318710016,-0.26833465896038,24.6031746031746,-0.004046052663228439,False,-0.02138611800557977,False,-0.06163625599294942,False,0.0027126497207714344
2019-04-24,2019-04-24 00:00:00+00:00,189.7100067138672,0.3424631470926498,-0.6754445543096171,0.055182306402434184,0.9140780354170818,-0.9820336366746933,-0.5052801936603952,-0.18765688384212467,34.12698412698413,-0.004111612516372931,False,-0.020768553592161454,False,-0.0586685176791939,False,0.0023289252181208833
2019-04-25,2019-04-25 00:00:00+00:00,190.47999572753906,0.861011352332245,-0.8624718530081981,0.40507378715749937,0.9920441221523935,-1.0404696190585583,-0.5137824502029533,-0.07870492429847409,47.61904761904761,-0.012442225799802697,False,-0.029976856274428143,False,-0.06420619488585433,False,0.007282917531976275
2019-04-26,2019-04-26 00:00:00+00:00,190.64999389648438,0.7793992137623599,-0.8291646624488562,0.1480361838749579,0.9753212712548636,-1.0479479360654242,-0.5596361390789187,-0.12890986256799974,41.66666666666667,-0.013322808116699614,False,-0.030841803368827025,False,-0.06551267051787368,False,0.009258987143619647
2019-04-29,2019-04-29 00:00:00+00:00,191.02000427246094,0.8845771538994741,-0.819117672756492,0.20065262449082458,0.8984599560922835,-1.02852025847401,-0.4969015416020926,-0.09620232428587455,45.63492063492063,-0.015234025740878399,False,-0.06512408210222043,True,-0.0708302715772029,False,0.00845621713958221
2019-04-30,2019-04-30 00:00:00+00:00,189.5399932861328,0.40404321812945215,-0.47888466660010964,0.1032288837727603,0.5422227448292328,-0.8188627463820531,-0.47563285956307705,-0.15826687745149115,36.904761904761905,-0.017410509179384803,False,-0.05782416293817594,True,-0.07127780408032947,False,0.014815308206351427
2019-05-01,2019-05-01 00:00:00+00:00,188.92999267578125,0.5821995256815061,-0.26344293759624754,-0.5728344130838243,0.3203385053877526,-0.6877682249617144,-0.13901631317689794,-0.09766610863107791,45.370370370370374,-0.016725710717318987,False,-0.054782148128740826,True,-0.06827922720889412,False,0.01917534328976897
2019-05-02,2019-05-02 00:00:00+00:00,188.11000061035156,0.34098437728823255,-0.29054913595315507,-0.6363547834334107,0.16317076379088008,-0.5745020907551451,-0.21542454986571657,-0.17253068683420816,35.317460317460316,-0.017755549024791373,False,-0.050661840138085945,True,-0.07527512421543292,False,0.021598985561354703
2019-05-03,2019-05-03 00:00:00+00:00,191.11000061035156,0.5035623000023147,-0.3713116825347796,-0.7404059905845122,0.5763719517687113,-0.8717986563521859,-0.4879630736827389,-0.2145214446798835,30.952380952380953,-0.033174592212037335,True,-0.06556432807953316,True,-0.10983206229986864,True,0.03029734517067717
2019-05-06,2019-05-06 00:00:00+00:00,189.94000244140625,0.6663386023336019,-0.20453552370929762,-0.6481639111996764,0.2091444587829792,-0.7109432660574692,0.10756875840415411,-0.05153223192285805,49.86772486772487,-0.05980836297954639,True,-0.05980836297954639,True,-0.10434877892735073,True,0.024816719688395196
2019-05-07,2019-05-07 00:00:00+00:00,186.24000549316406,0.7526044285970301,0.33748879595633136,-0.6485174452610363,-0.44873340801267486,-0.27579338533374737,1.0405565080331496,0.22193507392473133,78.57142857142857,-0.04112974353617349,True,-0.04112974353617349,False,-0.08655503597785408,True,0.013499798274232316
2019-05-08,2019-05-08 00:00:00+00:00,185.77000427246094,0.5572443482139028,0.13498040385264576,-0.8413384015474565,-0.5264413118380982,-0.22881364455883954,0.8322124856454807,0.08927566150754528,67.06349206349206,-0.038703785735295426,True,-0.038703785735295426,False,-0.08424400492729833,True,0.00997130989564301
2019-05-09,2019-05-09 00:00:00+00:00,184.77000427246094,0.3805034846260391,0.36658121277796246,-1.1749186627192223,-0.571441800437093,-0.10011333151640271,0.7844672676184641,0.06475052972482831,64.15343915343915,-0.033501121926037825,True,-0.03528713601611744,False,-0.07928781088120018,False,0.011887333995057751
2019-05-10,2019-05-10 00:00:00+00:00,185.0,0.5350920666110258,0.28819045680384453,-1.3826128537343423,-0.31095728749309465,-0.14009747093197622,0.30172578085443674,-0.002332234670124486,56.08465608465608,-0.03470269280510985,True,-0.03697295317778715,False,-0.08043245882601346,True,0.03896870073678221
2019-05-13,2019-05-13 00:00:00+00:00,178.5800018310547,0.5464925203735413,1.2001578218645192,-1.2442650206996757,-0.7588674532351988,0.5689266762657113,1.0863533435035733,0.3821215612529957,85.58201058201058,0.007671604340577787,False,-0.006103686452651136,False,-0.047373763171257854,False,0.0038841436531425358
2019-05-14,2019-05-14 00:00:00+00:00,180.5399932861328,0.24048576492988047,0.934454800949919,-1.2191453356801607,-0.5623346732912613,0.35001972306867907,0.3001396692414048,0.11203251702877547,69.17989417989418,-0.0032679536935373843,False,-0.02498058421708349,False,-0.05771573366811278,False,0.004432144106306359
2019-05-15,2019-05-15 00:00:00+00:00,183.08999633789062,0.44781833658787,1.09281501446266,-1.2510121214516212,-0.30704360586360235,0.11578954703697812,0.01219370482385751,0.10792481683443768,68.78306878306879,-0.017150032511080493,False,-0.038560258341829856,False,-0.07083948593656164,False,0.010529857610704274
2019-05-16,2019-05-16 00:00:00+00:00,184.92999267578125,0.37633574107834433,0.7537663308471562,-0.8402394694866987,-0.2418784476228848,-0.06966586342461101,-0.1906285096761545,0.0159675091304866,57.53968253968254,-0.03612173763231907,True,-0.05937379636838658,True,-0.08008434621288607,True,0.016766908611202065
2019-05-17,2019-05-17 00:00:00+00:00,183.0399932861328,0.45945008883091626,0.7762132889143465,-0.13140820358797722,-0.3527132091018075,0.1438277881372798,0.11931353137680614,0.1949024732820836,75.79365079365078,-0.026660783451815995,False,-0.07058565692115404,True,-0.07058565692115404,False,0.02901151084071576
2019-05-20,2019-05-20 00:00:00+00:00,179.9499969482422,0.15752259215526335,0.80017506940156,-0.44376078480650416,-0.5305244862328328,0.46057939604773884,-0.09128499547061579,0.10143490754113595,67.5925925925926,-0.013670416764639759,False,-0.05462629618094428,True,-0.05462629618094428,False,0.011914487273976862
2019-05-21,2019-05-21 00:00:00+00:00,181.8300018310547,0.05282497743191916,0.6374884797179634,-0.34825916508691857,-0.3836153830731092,0.29505374756501834,-0.28030262435051967,0.01677026811731984,57.53968253968254,-0.03189794309712879,True,-0.06440085022243691,True,-0.06440085022243691,False,0.0181005201055223
2019-05-22,2019-05-22 00:00:00+00:00,181.02000427246094,0.29078462753614503,0.6132449380940459,-0.03714152900509016,-0.39773697009679587,0.3715044952534228,-0.24589416317446391,0.11189103422209923,68.91534391534393,-0.027566044499995668,False,-0.06021439011164409,True,-0.06021439011164409,False,0.030881198805123206
2019-05-23,2019-05-23 00:00:00+00:00,178.25,-0.03711566970303385,1.1896778871027063,-0.08402010215902123,-0.5671072794024715,0.6855444414111914,0.23384705444147097,0.2614387461690588,80.02645502645503,-0.02412343928054872,False,-0.04561012556977562,False,-0.04561012556977562,False,0.026312107994214972
2019-05-24,2019-05-24 00:00:00+00:00,178.16000366210938,0.14330528149054222,1.207930536550937,-0.0015971586123220138,-0.4569711850947607,0.6757031992157382,-0.08940271248755807,0.2584053405009387,79.8941798941799,-0.04512802188851661,True,-0.04512802188851661,False,-0.04512802188851661,False,0.028806416895592657
2019-05-28,2019-05-28 00:00:00+00:00,177.49000549316406,0.22697089599370232,1.5649818358850471,0.5135908981894429,-0.5043050499726598,0.7723898654878086,0.16779934332447927,0.4438926286670004,87.96296296296296,-0.041523523285148634,True,-0.041523523285148634,False,-0.041523523285148634,False,0.04319754703951656
2019-05-29,2019-05-29 00:00:00+00:00,176.02999877929688,0.5261001868697774,1.6250862030944127,0.6348695605246266,-0.5014067401364645,0.8950410022158201,0.3232039906783538,0.5809079114489452,92.06349206349206,-0.03357384368058325,True,-0.03357384368058325,False,-0.03357384368058325,False,0.04244598934826516
2019-05-30,2019-05-30 00:00:00+00:00,176.77000427246094,0.39867157946291415,1.5484114296086895,0.9229355195671697,-0.4761636565124519,0.8016406945374075,0.17533030762210539,0.528259234245638,90.21164021164022,-0.037619556454971725,True,-0.037619556454971725,False,-0.037619556454971725,False,0.05485532138456052
2019-05-31,2019-05-31 00:00:00+00:00,173.9499969482422,0.37474706502240657,2.2445973947431526,0.664382391582183,-0.503833102988446,1.0810229527902906,0.2371463156627791,0.6661361496165197,93.65079365079364,-0.022017832125598047,False,-0.022017832125598047,False,-0.022017832125598047,False,0.04354345777824213
2019-06-03,2019-06-03 00:00:00+00:00,170.1199951171875,-0.618959526532656,2.5012626637424824,0.6046279838769372,-0.6312268789397116,1.4436247279619776,0.3531124910978676,0.5765237046135472,91.53439153439153,0.028156646381410244,False,0.028156646381410244,False,0.028156646381410244,False,0.034064612908196956
2019-06-04,2019-06-04 00:00:00+00:00,174.91000366210938,-0.7674322924523488,1.7038651340017543,1.194722454151753,-0.5288682468562523,0.8985329029498773,-0.03202788467285252,0.3155363236519358,81.61375661375662,0.007432411094502989,False,0.007432411094502989,False,0.007432411094502989,False,0.04462321584702283
2019-06-05,2019-06-05 00:00:00+00:00,176.2100067138672,-0.7080226664317243,1.2106002968366147,1.1263904803375908,-0.5284521681788817,0.6777890075566643,-0.2036519767395089,0.16818414020950526,72.61904761904762,0.007945030606336223,False,0.007945030606336223,False,0.007945030606336223,False,0.051763405149655974
2019-06-06,2019-06-06 00:00:00+00:00,177.61000061035156,-0.5348504929455976,1.1471474259022119,0.9942871114753566,-0.46205623246310384,0.5178327249819781,-0.16675979303209318,0.16543687796425932,72.4867724867725,0.019311934373031914,False,0.019311934373031914,False,0.019311934373031914,False,0.06144007839548348
2019-06-07,2019-06-07 00:00:00+00:00,181.0399932861328,-0.017537444285186554,1.0611639806637898,0.9740773436244785,-0.3595897975396676,0.1528890145957437,-0.12389854147501592,0.20493446759817444,75.79365079365078,0.0071807506626624384,False,0.0071807506626624384,False,0.0071807506626624384,False,0.07375372459035512
2019-06-10,2019-06-10 00:00:00+00:00,183.14999389648438,0.02659564743825507,0.8315340549541291,1.0271616777023174,-0.29341254365348274,-0.05059350842100404,-0.18173272491333725,0.14228827728611146,70.23809523809523,-0.004422591239896856,False,-0.004422591239896856,False,-0.004422591239896856,False,0.09948507762027825
2019-06-11,2019-06-11 00:00:00+00:00,183.39999389648438,0.19176543611112407,0.3535691664496788,0.5536189175849869,0.021536770674545763,-0.19007407002408525,-0.11983308042071214,0.0879994394603977,64.28571428571429,-0.005779703347166043,False,-0.005779703347166043,False,-0.005779703347166043,False,0.24191191438222562
2019-06-12,2019-06-12 00:00:00+00:00,182.33999633789062,0.23467532720231243,0.6451409672746814,0.4487250782483452,-0.16195747618138498,-0.0570913844312587,-0.08504301497534389,0.13585821704797094,69.57671957671958,0.0016452948216687524,False,0.0016452948216687524,False,0.0016452948216687524,False,0.18767072991754247
2019-06-13,2019-06-13 00:00:00+00:00,183.4199981689453,-0.001381658849084061,0.5943245082140617,0.27039826066442474,-0.2546414478678575,-0.12763609405912035,-0.10867177183239526,0.03045438017025317,57.27513227513228,-0.004252528552412427,False,-0.004252528552412427,False,-0.004252528552412427,False,0.08853058948690155
2019-06-14,2019-06-14 00:00:00+00:00,182.63999938964844,0.020868030745387123,0.8025610636552161,0.2075109337116971,-0.2112530889106926,-0.018691725421168093,-0.2518930386767838,0.059503942912335274,60.18518518518518,0.0060228104861566045,False,0.0060228104861566045,False,0.0060228104861566045,False,0.07818875748689738
2019-06-17,2019-06-17 00:00:00+00:00,183.74000549316406,0.2706315058767807,0.7729438561781868,-0.25346425005790907,-0.09708249475652941,-0.1626731790421604,-0.27433019629487115,0.04275840531540753,58.46560846560847,0.014531392669652643,False,0.006476472989228599,False,0.006476472989228599,False,0.06836628773927571
2019-06-18,2019-06-18 00:00:00+00:00,186.41000366210938,0.2794344604989165,0.5360839827439934,-0.49985797841566293,0.4230166384563819,-0.513759678036926,-0.34947109855681013,-0.02287996788047393,49.60317460317461,-0.00793954700527133,False,-0.00793954700527133,False,-0.00793954700527133,False,0.13249953288467423
2019-06-19,2019-06-19 00:00:00+00:00,187.11000061035156,0.15040446066381777,0.5781113320847333,-0.5177458175648385,0.417263101696276,-0.5538143691751075,-0.5160373066262466,-0.08635785971683976,42.592592592592595,-0.011650942907696749,False,-0.011650942907696749,False,-0.011650942907696749,False,0.1748428301412721
2019-06-20,2019-06-20 00:00:00+00:00,188.85000610351562,0.09673599392518813,0.32103063261521353,-0.6666024767670585,0.5968505778977112,-0.7639108662288222,-0.42380567436207917,-0.1471741754329098,33.86243386243386,-0.020757285152459448,False,-0.020757285152459448,False,-0.020757285152459448,False,0.215826963841463
2019-06-21,2019-06-21 00:00:00+00:00,188.57000732421875,0.023914533315026187,-0.061475586870247505,-0.7472344586404249,0.6743683581986462,-0.7625357705449735,-0.3049961278867609,-0.19151300318812434,28.835978835978835,-0.01930325347115791,False,-0.01930325347115791,False,-0.01930325347115791,False,0.05095973858435463
2019-06-24,2019-06-24 00:00:00+00:00,188.16000366210938,0.32848131121872587,0.09171953142028716,-1.015021484670346,0.6595946187281868,-0.714001833111003,-0.3654855820745298,-0.1390062467381249,35.05291005291005,-0.0171662995507188,False,-0.0171662995507188,False,-0.0171662995507188,False,0.14121763238238363
2019-06-25,2019-06-25 00:00:00+00:00,184.92999267578125,-0.1559196753523268,0.17068165443632008,-1.4177768968856275,0.2210071603026409,-0.39355260233658607,-0.10145000737220138,-0.21320882448994144,27.513227513227513,0.004650411747213479,False,0.004650411747213479,False,0.004650411747213479,False,0.06586479891135129
2019-06-26,2019-06-26 00:00:00+00:00,185.7899932861328,-0.16476398490306807,-0.0958340023765971,-1.5889852929790758,0.3891875259985686,-0.4935723069593367,-0.03417476252241367,-0.2533977116315756,22.354497354497354,0.003821555194168713,False,0.003821555194168713,False,0.003821555194168713,False,0.053682584543563706
2019-06-27,2019-06-27 00:00:00+00:00,186.5,-0.5050584659566767,-0.14216497325133926,-0.40709324663530644,0.39136222629264017,-0.571207816759288,-0.14809301911557815,-0.2482015970736441,22.75132275132275,0.0012868927247402517,False,0.0012868927247402517,False,0.0012868927247402517,False,0.0379762479492996
2019-06-28,2019-06-28 00:00:00+00:00,186.74000549316406,-0.6803285372255031,-0.5529693932576332,-0.486504518581118,0.5893586875037818,-0.6831263124328507,-0.36415460050337145,-0.3887139477535345,11.904761904761903,0.013494639282122689,False,0.013494639282122689,False,0.013494639282122689,False,0.01709409854268117
2019-07-01,2019-07-01 00:00:00+00:00,189.25999450683594,-0.05864212410806787,-0.7279656055299674,0.7546273864869951,1.3120374133812207,-1.020968178808324,-0.585861042655469,-0.1700207592879847,31.746031746031743,0.002377746064105457,False,0.002377746064105457,False,0.002377746064105457,False,0.05345580421826808
2019-07-02,2019-07-02 00:00:00+00:00,190.00999450683594,0.340720368120407,-0.2634401530814996,0.49606293415293257,1.2423229779017124,-0.9833279596897526,-0.9341403893728097,-0.11891087905010589,38.35978835978836,-0.0015788000717928963,False,-0.0015788000717928963,False,-0.0015788000717928963,False,0.1008905273442186
2019-07-03,2019-07-03 00:00:00+00:00,191.44000244140625,0.2228759218978679,-0.22868985307785458,0.26587480459265245,1.2875385336259673,-1.108719229081328,-0.9992993135865774,-0.1916137416125254,29.100529100529098,-0.009036751491207085,False,-0.009036751491207085,False,-0.009036751491207085,False,0.0960448831389967
2019-07-05,2019-07-05 00:00:00+00:00,191.0500030517578,0.21998646834780475,-0.3344245420615579,0.8117162859964839,1.0616216682669946,-1.0335786281356243,-0.8232132422569739,-0.13710988287849488,36.507936507936506,-0.007013851434106488,False,-0.007013851434106488,False,-0.019366641659983697,False,0.060985442703124164
2019-07-08,2019-07-08 00:00:00+00:00,189.7100067138672,-0.03518823338829561,-0.2867314935605468,0.7172688042998131,0.5761427676594479,-0.8112316008305469,-0.6493320779399704,-0.1840118108869461,30.158730158730158,0.005007626981295976,False,0.005007626981295976,False,-0.04733546290930424,False,0.029483804599783437
2019-07-09,2019-07-09 00:00:00+00:00,190.66000366210938,-0.007847047355765017,-0.10662580262016891,0.9079206979704246,0.5657162560799691,-0.8617735932926549,-0.5205557991499876,-0.11837965014366905,39.15343915343915,0.00923106300760912,False,0.0018356804678700822,False,-0.052082281253746476,False,0.039965825169800205
2019-07-10,2019-07-10 00:00:00+00:00,192.55999755859375,0.20684554507576156,-0.2379662999688877,1.261295905425029,0.8059940025529159,-1.0180167303868206,-0.6665809654822398,-0.08421668422855265,44.047619047619044,-0.0018695503475066877,False,-0.008049455086257762,False,-0.06143540704737993,False,0.06804213138462295
2019-07-11,2019-07-11 00:00:00+00:00,192.4199981689453,0.29532038839388725,-0.5329733678329123,1.8160648504686112,0.8177037656414418,-1.0286561686803655,-0.6561149633154116,-0.053574104002237416,46.82539682539682,-0.0011433386487716968,False,-0.007327739712747472,False,-0.060752533794031116,False,0.06163811138265343
2019-07-12,2019-07-12 00:00:00+00:00,193.52999877929688,0.1851691939876404,-0.5735259673471579,1.2184250065479534,0.861427998807661,-1.101950132488551,-0.8268580881763716,-0.18369999996158562,30.158730158730158,-0.013021259176127842,False,-0.013021259176127842,False,-0.0661396327830035,False,0.049074869548368
2019-07-15,2019-07-15 00:00:00+00:00,194.14999389648438,0.20145875472238398,-0.544240705108842,1.8297093609722852,0.9527231472186225,-1.149066978556132,-0.8172743605591728,-0.10873321446488862,39.81481481481482,-0.01617305943013625,False,-0.01617305943013625,False,-0.06912180577301741,False,0.05757465592039021
2019-07-16,2019-07-16 00:00:00+00:00,193.14999389648438,-0.02142655270029087,-0.5842553588095333,1.8881955214652024,0.6969260512716176,-1.0214203877198902,-0.7802861183144433,-0.15890645573109202,32.93650793650794,-0.011079469103143391,False,-0.011079469103143391,False,-0.06430234823409631,False,0.03443920687414474
2019-07-17,2019-07-17 00:00:00+00:00,192.1999969482422,-0.08574092125235933,-0.17791297693788952,1.8445843087140703,0.4010683918227904,-0.8546057033468767,-0.4458499119209856,-0.05930756419990217,46.164021164021165,-0.006191480022378459,False,-0.006191480022378459,False,-0.059677426653611754,False,0.0418382236241194
2019-07-18,2019-07-18 00:00:00+00:00,192.4199981689453,-0.13022115637513412,-0.10170642646978634,1.9005795324078572,0.43298405346759555,-0.8757081321940152,-0.5213228413941083,-0.06570082870219446,45.10582010582011,-0.007327739712747472,False,-0.011797132803565757,False,-0.060752533794031116,False,0.051566186929820644
2019-07-19,2019-07-19 00:00:00+00:00,191.00999450683594,-0.22661593513935915,-0.005573023974273043,1.6605707189966492,0.1137932698134267,-0.6883133743582147,-0.23612548316511878,-0.047920849757000575,47.61904761904761,0.007957721146400809,False,-0.0191612402941006,False,-0.053819166928089524,False,0.03159221011808844
2019-07-22,2019-07-22 00:00:00+00:00,192.52999877929688,0.09499041097274157,-0.07601128188036028,1.9735361916800689,0.3348168587824303,-0.8296661113533706,-0.46098924116910667,-0.0029585326066298018,53.57142857142857,0.0039993989370123995,False,-0.0612891659823076,True,-0.0612891659823076,False,0.11884712059109744
2019-07-23,2019-07-23 00:00:00+00:00,193.7899932861328,-0.3725245419698535,-0.3795514664013977,2.071098294777539,0.4767822548701121,-0.9664137757480079,-0.6903606615440928,-0.18416534810432977,28.968253968253972,-0.0025284599378231354,False,-0.06739252805128348,True,-0.06739252805128348,False,0.0313174988648465
2019-07-24,2019-07-24 00:00:00+00:00,195.14999389648438,-0.35584231003859995,-0.5254558418574856,1.9365789483172002,0.876039873906255,-1.1378698911557295,-0.9269798745181894,-0.23789291550346836,23.015873015873016,-0.020753204814943693,False,-0.07389187097076866,True,-0.07389187097076866,False,0.0429481885043636
2019-07-25,2019-07-25 00:00:00+00:00,193.3000030517578,-0.10645516990063203,-0.45509978464602296,1.610431679246008,0.584647966531841,-0.9188073222657017,-0.7022526901046511,-0.16502764124672345,31.613756613756617,-0.016295960194216863,False,-0.06502849004535716,True,-0.06502849004535716,False,0.027695503082738084
2019-07-26,2019-07-26 00:00:00+00:00,195.2899932861328,0.347397307842519,-0.5894898596864895,1.5504360097985836,0.7869210396121074,-1.1003301234787937,-0.877895312392976,-0.14150734763714912,34.65608465608466,-0.04065741950732604,True,-0.07455577888858289,True,-0.07455577888858289,False,0.030633940332544907
2019-07-29,2019-07-29 00:00:00+00:00,194.6199951171875,0.5733658583186452,-0.47039194216100366,1.2975639795700928,0.6611388802638065,-1.0114605285214149,-0.6242131348558017,-0.054093122339284594,46.42857142857143,-0.0713698475908644,True,-0.0713698475908644,True,-0.0713698475908644,False,0.055507960894871845
2019-07-30,2019-07-30 00:00:00+00:00,193.77999877929688,0.3205674334757882,-0.3932207951124105,0.6504648900681018,0.2975962959732473,-0.8717643053474159,-0.2887245575599907,-0.11728147175038794,38.35978835978836,-0.06734442736074608,True,-0.06734442736074608,True,-0.06734442736074608,False,0.017688390487771297
2019-07-31,2019-07-31 00:00:00+00:00,191.10000610351562,0.08346127312476492,-0.19410393515577237,0.582960396784622,-0.21741184420855217,-0.5658298348724475,0.362862088946272,-0.027332621786468614,50.0,-0.05426483539911198,True,-0.05426483539911198,True,-0.05426483539911198,False,0.007568809170293317
2019-08-01,2019-08-01 00:00:00+00:00,190.14999389648438,0.4751284791380173,0.47651550554331684,0.6622938745808991,-0.28799845900485016,-0.400389494372414,0.7001040640453452,0.24947555420104967,78.70370370370371,-0.04953982893143538,True,-0.04953982893143538,False,-0.04953982893143538,False,0.017375103742605508
2019-08-02,2019-08-02 00:00:00+00:00,187.35000610351562,0.4511335239858901,0.7922007988696106,0.5124010666952287,-0.3297001201696797,-0.12530183682464444,0.6997764357961473,0.32573683306599116,82.27513227513228,-0.03533498884605768,True,-0.03533498884605768,False,-0.03533498884605768,False,0.03832701444725023
2019-08-05,2019-08-05 00:00:00+00:00,180.72999572753906,0.39542080764882126,1.6573680146724736,0.07112001035814197,-0.9450080416241587,0.5587702663523487,2.1892505067782277,0.742654313148941,95.23809523809523,0.013998776291186399,False,0.010070311333169712,False,0.007414439375629911,False,0.01329035107311606
2019-08-06,2019-08-06 00:00:00+00:00,183.25999450683594,0.5109662620951748,1.4300819274589587,0.015350313492692391,-0.5565791793144635,0.2959596833312575,1.0706141436287246,0.508068461381975,89.28571428571429,0.0054021910009778296,False,-0.0038742304723339283,False,-0.0064934367471717325,False,0.032822188393960144
2019-08-07,2019-08-07 00:00:00+00:00,184.25,0.2139525758148008,1.5051998485558693,-0.15540844702199624,-0.445822015025398,0.2448313230132355,0.7150428740653842,0.37813118490605524,84.52380952380952,-0.008086868348244569,False,-0.009226577738085107,False,-0.011831710587686617,False,0.029082605775406816
2019-08-08,2019-08-08 00:00:00+00:00,188.25999450683594,0.23019719640402334,1.3869160061720356,-0.17806119813292087,-0.1672387548907177,-0.18466136048412007,0.1502270379816851,0.20429804265922327,75.13227513227513,-0.030330349631826792,True,-0.030330349631826792,False,-0.03287999236817374,False,0.08687410578639677
2019-08-09,2019-08-09 00:00:00+00:00,186.49000549316406,0.5002238586770912,1.4193620276218588,-0.17412690645485002,-0.2629875898987909,0.027313052184399722,0.3655168461008179,0.33465422640543696,82.53968253968253,-0.021127150653393434,False,-0.02370099221809141,False,-0.02370099221809141,False,0.14667020647210263
2019-08-12,2019-08-12 00:00:00+00:00,184.35000610351562,0.5697043806076991,1.8763655352376436,-0.21033312500325174,-0.4395488244570857,0.2834017743494735,0.5474497406022188,0.4746003732286369,88.22751322751323,-0.009764052032344872,False,-0.012367771650718673,False,-0.012367771650718673,False,0.1267936069505675
2019-08-13,2019-08-13 00:00:00+00:00,188.38999938964844,0.7574476715126512,1.4691725630765617,-0.23887558690656957,-0.14982878370208497,-0.12940595970771462,0.19560175560080406,0.3387427016966627,82.67195767195767,-0.030999502929089706,True,-0.033547386198340634,False,-0.033547386198340634,False,0.3645372881110819
2019-08-14,2019-08-14 00:00:00+00:00,182.75999450683594,0.771798584713557,2.084356339407021,0.29868435615220423,-0.5527605392412815,0.47740160452612396,1.029298044274213,0.7153074523428602,94.31216931216932,-0.0011490012113688497,False,-0.003775373185357478,False,-0.003775373185357478,False,0.24287139795189694
2019-08-15,2019-08-15 00:00:00+00:00,182.5500030517578,0.940723114078385,2.197301141921504,0.17794704393341032,-0.4445194962010426,0.49102654518739625,0.9594648482387662,0.7589548527523198,95.5026455026455,0.016050356761432294,False,-0.002629393149902959,False,-0.002629393149902959,False,0.35399979656426467
2019-08-16,2019-08-16 00:00:00+00:00,185.47999572753906,0.9009271330660026,1.8004021811060849,0.19512292446032894,-0.23539381084755887,0.15492810091796777,0.37966556206421725,0.5413677071944494,90.07936507936508,-0.018384669408389565,False,-0.018384669408389565,False,-0.018384669408389565,False,0.3976412594650837
2019-08-19,2019-08-19 00:00:00+00:00,188.42999267578125,0.823023217483016,1.4074389142529566,0.42925377746154236,-0.08917250998772301,-0.11357450232575665,-0.10481356478528454,0.3615923684603342,83.46560846560847,-0.03375251074018615,True,-0.03375251074018615,False,-0.03375251074018615,False,0.32035713592902587
2019-08-20,2019-08-20 00:00:00+00:00,186.97000122070312,0.8245773642495146,1.7291141619086903,0.35817706319565407,-0.11076827222121145,0.06656155562304562,0.148774815840677,0.48655233691533467,88.22751322751323,-0.026207380138487113,False,-0.026207380138487113,False,-0.026207380138487113,False,0.4185177983524917
2019-08-21,2019-08-21 00:00:00+00:00,188.6300048828125,1.0379611168232745,1.378121714421227,0.7001042349641944,0.016739058482225986,-0.08608721228104155,-0.4231458697594431,0.3849851463884954,84.25925925925925,-0.03477706297399075,True,-0.03477706297399075,False,-0.03477706297399075,False,0.37138065963884626
2019-08-22,2019-08-22 00:00:00+00:00,188.02000427246094,0.7648739568064645,1.1912484612123937,0.7027160358179122,-0.10271684130183849,-0.05418328437763773,-0.27086422346344463,0.3215166363614509,80.29100529100529,-0.031645552670129806,True,-0.031645552670129806,False,-0.031645552670129806,False,0.4341995857880948
2019-08-23,2019-08-23 00:00:00+00:00,182.07000732421875,0.6187890234169878,1.8438144963471708,0.6083578599818942,-0.41516566294036567,0.5962201911017709,0.4778157700676493,0.6136981079264917,91.93121693121694,0.012961966587720308,False,0.012961966587720308,False,0.012961966587720308,False,0.5225515448300517
2019-08-26,2019-08-26 00:00:00+00:00,184.82000732421875,0.8215617944340705,1.4840502565232498,0.47390811609688177,-0.3268131072007895,0.30564639995177406,0.47143399446531464,0.540704821778289,89.81481481481481,-0.0021102404121936535,False,-0.0021102404121936535,False,-0.0021102404121936535,False,0.4974404857808866
2019-08-27,2019-08-27 00:00:00+00:00,184.42999267578125,1.0109739034899095,1.6924572959655269,0.40214378354951436,-0.40791779566847736,0.34316309495674857,0.5288962041343893,0.6095019439157183,91.7989417989418,0.003578613502791983,False,0.003578613502791983,False,0.003578613502791983,False,0.7543730988093138
2019-08-28,2019-08-28 00:00:00+00:00,185.08999633789062,0.917947766918244,1.3895141322745588,0.2792869353959102,-0.39647847131158137,0.20881219248934368,0.4544219365236037,0.4931204218702759,88.09523809523809,0.0030255420048279635,False,0.0030255420048279635,False,0.0030255420048279635,False,0.7778680210837248
2019-08-29,2019-08-29 00:00:00+00:00,187.9199981689453,0.6653051002716356,0.821521096984549,0.4208403381196147,-0.40775297812148287,-0.1085992361315179,0.12299366796989224,0.24008915806342335,75.92592592592592,-0.012079631197208451,False,-0.012079631197208451,False,-0.012079631197208451,False,0.5744702534746714
2019-08-30,2019-08-30 00:00:00+00:00,187.47000122070312,0.6198681601672952,0.6991123291482458,0.4071150599294702,-0.5207701044782693,-0.12080460857606334,0.11108196909816895,0.18949194383132367,71.56084656084656,-0.009708258987399798,False,-0.009708258987399798,False,-0.009708258987399798,False,0.5665153374884777
2019-09-03,2019-09-03 00:00:00+00:00,185.64999389648438,0.6697934694463612,0.4202340709137118,0.1916775936174272,-0.308642070856962,-0.05041341739343291,0.215424458219485,0.20286746142473783,72.88359788359789,0.01443580944077305,False,0.01443580944077305,False,0.007433368856354372,False,0.5244172929751351
2019-09-04,2019-09-04 00:00:00+00:00,188.3300018310547,0.535764320181717,0.4352017591792224,0.14478132301101942,-0.06581823708218483,-0.2860036054613729,-0.2190991109961661,0.07601798136049318,60.58201058201058,0.012265690735064005,False,0.012265690735064005,False,-0.022726059245389618,False,0.3985581430467063
2019-09-05,2019-09-05 00:00:00+00:00,191.77999877929688,0.4795526892040778,-0.13064373991614672,-0.07975094913265283,0.165933081629386,-0.6211189152975454,-0.31811697854022747,-0.09461833458301841,38.62433862433862,-0.005944308045180313,False,-0.005944308045180313,False,-0.04030657929263437,False,0.2802629238185167
2019-09-06,2019-09-06 00:00:00+00:00,191.58999633789062,0.1878782852961318,0.026133817590815737,-0.009453066700929689,-0.06135458520586525,-0.5248310199437242,-0.5107024509025472,-0.1757594589223783,26.984126984126984,-0.004958489307378855,False,-0.004958489307378855,False,-0.03935483809308693,False,0.25519468595414574
2019-09-09,2019-09-09 00:00:00+00:00,191.19000244140625,-0.14568930251216025,-0.33908438830493415,0.0827712274502015,-0.05966929164338308,-0.5146957522450509,-0.5911492285646338,-0.30184278591159647,14.02116402116402,-0.002876735418874121,False,-0.0036089880882642644,False,-0.03734504575801045,False,0.09430253892815062
2019-09-10,2019-09-10 00:00:00+00:00,190.63999938964844,-0.502926338331493,-1.0017242529246273,0.12156051791367647,-0.13566575669092842,-0.5037558159915015,-0.6240205007955892,-0.4845929806746825,6.481481481481481,0.005455273234695968,False,-0.014005445748497491,False,-0.03456775261744183,False,0.033215864327451335
2019-09-11,2019-09-11 00:00:00+00:00,192.42999267578125,-0.6430807771023992,-0.8648168715693391,0.020132122050317197,-0.14990424688209153,-0.6175806415035859,-0.6415842951525257,-0.5306440983143851,5.6878306878306875,-0.0038975213248780838,False,-0.023177215739921597,False,-0.0435482510158518,False,0.023743701154900078
2019-09-12,2019-09-12 00:00:00+00:00,193.22999572753906,-0.4237558118781966,-1.4854037009214454,-0.2986334169325735,0.2852051687335786,-0.7926105050167404,-0.7144985266003717,-0.5960660902204991,4.232804232804233,-0.008021544718881946,False,-0.02722141811902079,False,-0.04750811405453503,False,0.012709833742331556
2019-09-13,2019-09-13 00:00:00+00:00,192.5399932861328,-0.6923343635909318,-1.9013616797375044,-0.37914611754271477,0.12381006109712596,-0.729629820262514,-0.7129852984966523,-0.731537251020348,2.380952380952381,-0.009037032798631106,False,-0.02861740261228507,False,-0.04409468437945807,False,0.0061399790857157395
2019-09-16,2019-09-16 00:00:00+00:00,191.67999267578125,-0.7740390328988758,-1.604428802620055,-0.3167818717337265,-0.18145194126499467,-0.5877041554934092,-0.5808749487966316,-0.6880839261939135,3.0423280423280423,-0.00615605551371845,False,-0.024259151054693784,False,-0.03980587393348478,False,0.004931003319689731
2019-09-17,2019-09-17 00:00:00+00:00,192.60000610351562,-0.6734040573968113,-1.2855337303916308,-0.03183335015126254,-0.19799194638659837,-0.6194867956200123,-0.6429538208051395,-0.6128811212962532,4.365079365079365,-0.024039484611044326,False,-0.0289200786485182,False,-0.044392537802737664,False,0.011111476914140486
2019-09-18,2019-09-18 00:00:00+00:00,192.52000427246094,-0.3972277769878083,-1.3719962734172857,-0.029096013215945793,-0.06634395634343045,-0.6314600255882055,-0.6780545672051719,-0.5600091097419391,5.423280423280423,-0.023633923492534792,False,-0.04399543441062925,False,-0.04399543441062925,False,0.007604796199395652
2019-09-19,2019-09-19 00:00:00+00:00,192.83999633789062,-0.2604032150734587,-1.1381912288784897,-0.12657162659917928,-0.08968942551702919,-0.6226554219245036,-0.6356424250135863,-0.5005794732215555,6.613756613756613,-0.02525407181949113,False,-0.045581795545832415,False,-0.045581795545832415,False,0.013713842708049663
2019-09-20,2019-09-20 00:00:00+00:00,190.8000030517578,-0.5461826458374187,-0.803198646293548,-0.16509827891206824,-0.2853210155526684,-0.4215966463560035,-0.3021355006975323,-0.4337707357463301,8.597883597883598,-0.019758931929567458,False,-0.03537735792472152,False,-0.03537735792472152,False,0.01136960955389796
2019-09-23,2019-09-23 00:00:00+00:00,190.5,-0.39751345590712295,-1.1141926762304741,-0.005862107544163553,0.1557346918089695,-0.5034819637098877,-0.5564615904700113,-0.4358463104350465,8.597883597883598,-0.018215229505003316,False,-0.03385825169680934,False,-0.03385825169680934,False,0.018019882334208415
2019-09-24,2019-09-24 00:00:00+00:00,187.97000122070312,-0.4998589631909009,-0.6667051038670923,0.5097668704214816,-0.36783759328169413,-0.19133814789058545,-0.06562195831061068,-0.2555685314085892,19.17989417989418,-0.005000810955480883,False,-0.020854381781605036,False,-0.020854381781605036,False,0.01894835493073046
2019-09-25,2019-09-25 00:00:00+00:00,190.0800018310547,-0.4030867459118889,-1.1145689535464796,0.5624760723256904,-0.13675881276236376,-0.408107688218657,-0.17904215730801423,-0.32949887600146954,13.227513227513226,-0.031723478120840976,True,-0.031723478120840976,False,-0.031723478120840976,False,0.009492102478740761
2019-09-26,2019-09-26 00:00:00+00:00,189.3800048828125,-0.4688021507315668,-0.9318089104678355,0.7288263554765289,-0.2511871162646074,-0.31587561330259745,-0.14906655639189154,-0.29131563254742465,16.26984126984127,-0.028144480376124603,False,-0.028144480376124603,False,-0.028144480376124603,False,0.016673952016797115
2019-09-27,2019-09-27 00:00:00+00:00,187.02999877929688,-0.33931363635149836,-0.6967015363721988,0.672950640870368,-0.6445061099248841,-0.03940997235409697,0.013495655009053748,-0.20693167359683393,25.0,-0.015933249997266863,False,-0.015933249997266863,False,-0.015933249997266863,False,0.009693851371996102
2019-09-30,2019-09-30 00:00:00+00:00,188.80999755859375,-0.29173451545702833,-0.7468093795843026,0.6306506099424413,-0.4527493373691958,-0.2185331940716672,-0.11798776776197664,-0.24251984200691504,20.634920634920633,-0.02521050033570793,False,-0.02521050033570793,False,-0.02521050033570793,False,0.011057171644467956
2019-10-01,2019-10-01 00:00:00+00:00,187.27000427246094,-0.07237910320534831,-0.5830401382126773,0.3345380695635076,-0.6179852421942387,-0.056144350467909866,0.20641741121345691,-0.1311212085966469,34.25925925925926,-0.017194431287662626,False,-0.017194431287662626,False,-0.017194431287662626,False,0.011707273802175667
2019-10-02,2019-10-02 00:00:00+00:00,184.0500030517578,-0.09143520697291219,-0.14112439833360582,0.3085711145925655,-0.8839511024738584,0.33518377912301894,0.6657261700492566,0.05899073477800959,57.67195767195767,0.007443602795280668,False,0.007443602795280668,False,0.007443602795280668,False,0.011591274640415827
2019-10-03,2019-10-03 00:00:00+00:00,186.07000732421875,0.07017299165929818,0.32063778954339733,0.3589296759908808,-0.5419249087019674,0.17181165066174187,0.3825232998554893,0.12760148816060846,66.4021164021164,-0.0034933580356173444,False,-0.0034933580356173444,False,-0.0034933580356173444,False,0.028349700738518318
2019-10-04,2019-10-04 00:00:00+00:00,188.80999755859375,0.3589791240196131,0.20141428927550456,0.34629135254948007,-0.31658202094236737,-0.1290145059312934,-0.0888741755064608,0.04557206402129038,56.34920634920635,-0.01795455449119643,False,-0.01795455449119643,False,-0.01795455449119643,False,0.037871261007481574
2019-10-07,2019-10-07 00:00:00+00:00,188.24000549316406,0.6068805044061251,0.27267420237642687,0.21499316800512125,-0.3307661513735714,-0.06814148329725124,0.12705576228410181,0.14594448112953556,67.98941798941799,-0.014980913949883878,False,-0.014980913949883878,False,-0.014980913949883878,False,0.10434141564416212
2019-10-08,2019-10-08 00:00:00+00:00,185.4199981689453,1.0620341792502745,0.736982158275123,-0.12263274063880722,-0.41887203948174845,0.24013703873566875,0.3820436146089247,0.37229621027409915,82.93650793650794,0.009761609192469933,False,0.009761609192469933,False,0.009761609192469933,False,0.16388084396372019
2019-10-09,2019-10-09 00:00:00+00:00,187.22999572753906,1.0793682545748948,0.5122136705612106,-0.24654623754677316,-0.29069986303392986,0.06859484403227341,-0.07449762722199842,0.22326554165144877,74.86772486772487,0.00774446926950878,False,0.00774446926950878,False,0.00774446926950878,False,0.17728557491140715
2019-10-10,2019-10-10 00:00:00+00:00,188.67999267578125,0.8527821103761011,0.22538982167076024,-0.4088038625808271,-0.23908433557001948,-0.06358066670250896,-0.19265425873056125,0.07637487364563458,60.18518518518518,0.01277296881313017,False,0.01277296881313017,False,0.01277296881313017,False,0.1911585339672999
2019-10-11,2019-10-11 00:00:00+00:00,191.11000061035156,0.6452975690555506,-0.048865284449992406,-0.24851791713734964,-0.09101051364394364,-0.32487435178300894,-0.46137798102225736,-0.07402411417776852,40.34391534391534,-0.00010467412692716227,False,-0.00010467412692716227,False,-0.00010467412692716227,False,0.24954416954683467
2019-10-14,2019-10-14 00:00:00+00:00,191.08999633789062,0.8031709961549605,-0.031141273733736485,-0.2474797113607919,-0.022027419164509437,-0.31555191861677756,-0.714915633749223,-0.0781825863130241,40.07936507936508,0.0031399137318244286,False,0.0031399137318244286,False,0.0031399137318244286,False,0.40205931088589797
2019-10-15,2019-10-15 00:00:00+00:00,193.52000427246094,0.7193563743300322,-0.4123219639849334,-0.16552463401095913,0.08336564179511087,-0.5367412597029159,-1.021229128372752,-0.23361871447869645,21.164021164021165,-0.009456396189812977,False,-0.009456396189812977,False,-0.009456396189812977,False,0.3609424948972763
2019-10-16,2019-10-16 00:00:00+00:00,193.0399932861328,0.6867480866791115,-0.3310513163143088,-0.0902236316533751,0.028659190611836766,-0.46766226632673985,-0.9481583175813959,-0.20019568146651318,24.47089947089947,-0.006993322066301322,False,-0.006993322066301322,False,-0.006993322066301322,False,0.31350307405347205
2019-10-17,2019-10-17 00:00:00+00:00,193.5500030517578,0.520571663121481,-0.4475486406863029,-0.1614384542041932,0.005804120955280527,-0.5083803265669374,-0.9084776676629641,-0.26166278960175676,18.386243386243386,-0.009609922919268432,False,-0.009609922919268432,False,-0.009609922919268432,False,0.20022684119235518
2019-10-18,2019-10-18 00:00:00+00:00,191.69000244140625,0.5867187604984004,-0.5742094177064581,-0.1337238710081784,-0.10195702289191834,-0.35031931643209857,-0.6786240935246248,-0.20324228308223888,24.47089947089947,0.0008347000890580603,False,0.0008347000890580603,False,0.0008347000890580603,False,0.17678110046268686
2019-10-21,2019-10-21 00:00:00+00:00,193.38999938964844,0.5189594542357945,-0.7958650912101685,-0.20751455096496563,0.0620824223991658,-0.5330158933102528,-0.6502862196241411,-0.2636873871578669,17.989417989417987,-0.007963148513331242,False,-0.007963148513331242,False,-0.007963148513331242,False,0.08694999288339945
2019-10-22,2019-10-22 00:00:00+00:00,191.85000610351562,0.2657182573010483,-0.857129837336542,-0.46316664773596533,-0.0023336328184545376,-0.42609081742953575,-0.4609848020089749,-0.29950765772433846,14.947089947089948,0.0019285645317512756,False,0.0019285645317512756,False,0.0019285645317512756,False,0.06194338424197863
2019-10-23,2019-10-23 00:00:00+00:00,192.22000122070312,0.3569184183800896,-0.6955146078230517,-0.0029306473700949076,-0.04933661356567526,-0.4251260553452763,-0.5799676332395107,-0.24165580198625805,19.973544973544975,0.009728410702902979,False,0.009728410702902979,False,0.009728410702902979,False,0.07524441687917217
2019-10-24,2019-10-24 00:00:00+00:00,194.08999633789062,0.2821714178836139,-0.8228486398757551,-0.04451229039289867,0.17132251514768101,-0.5793844890675585,-0.6499180531165043,-0.29160637260859074,15.608465608465607,0.007986001756934646,False,0.007986001756934646,False,0.007986001756934646,False,0.07465693906525175
2019-10-25,2019-10-25 00:00:00+00:00,195.63999938964844,0.3570724693910452,-1.0171025317294622,-0.05242084710308312,0.5283970859268201,-0.7263738469473275,-0.903267450085804,-0.3330616671091219,12.698412698412698,0.002044540470927503,False,0.002044540470927503,False,0.002044540470927503,False,0.12019101385404027
2019-10-28,2019-10-28 00:00:00+00:00,197.57000732421875,0.55130124776081,-1.1709177267638318,-0.18823364876327772,0.5286496779937794,-0.8372019229164502,-0.7622367525985768,-0.324791057742679,13.492063492063492,-0.007744161468674404,False,-0.007744161468674404,False,-0.007744161468674404,False,0.10876489223688836
2019-10-29,2019-10-29 00:00:00+00:00,196.0399932861328,-0.0024526840272458064,-1.227597709180993,-0.3228177943379919,0.34315245470440764,-0.7130099193109469,-0.768561268790065,-0.4617533420309386,7.936507936507936,0.0048460122401894346,False,0.0048460122401894346,False,0.0048460122401894346,False,0.06373204278304206
2019-10-30,2019-10-30 00:00:00+00:00,196.99000549316406,0.18302788935404765,-1.183653705294084,-0.2931473676741262,0.7625254270038638,-0.8497150206169928,-0.9216351779458372,-0.41014844035270204,10.052910052910052,0.00045685738048151237,False,0.00045685738048151237,False,0.00045685738048151237,False,0.07429324566118577
2019-10-31,2019-10-31 00:00:00+00:00,197.0800018310547,0.5336141794745473,-0.8487189155740461,-0.27335297185831964,0.5936584378018779,-0.7820193253467815,-0.6697712296961148,-0.24922964396532699,19.576719576719576,0.009082571897209846,False,0.009082571897209846,False,0.009082571897209846,False,0.03544756777163836
2019-11-01,2019-11-01 00:00:00+00:00,198.8699951171875,0.1947734954446898,-0.9735424985635884,-0.3576696868136408,0.5852043437046827,-0.8976956014112197,-0.8080550304175022,-0.39621311918700636,10.44973544973545,0.0044752824030793725,False,0.0044752824030793725,False,0.0044752824030793725,False,0.01779215717296427
2019-11-04,2019-11-04 00:00:00+00:00,200.10000610351562,0.022368804570902956,-1.215149319839342,-0.2958561984112744,0.6493999523836277,-0.9873345466506868,-0.6995124785167542,-0.4473436690787922,8.201058201058201,-0.0016992083273790204,False,-0.0016992083273790204,False,-0.0016992083273790204,False,0.014215927333672442
2019-11-05,2019-11-05 00:00:00+00:00,200.2100067138672,-0.13133600962470873,-1.5488857621572674,-0.33956936301473273,0.7583594370186275,-1.018746634649119,-0.6783411875919712,-0.5182206514454291,6.481481481481481,-0.002247700873784897,False,-0.002247700873784897,False,-0.002247700873784897,False,0.01043690024295879
2019-11-06,2019-11-06 00:00:00+00:00,199.75999450683594,-0.06402618396662145,-1.223395471681565,-0.6362711556030529,0.658903277413312,-0.912521707513525,-0.6815459466985512,-0.4799197123362827,7.5396825396825395,0.003354015755754336,False,0.003354015755754336,False,0.003354015755754336,False,0.009845355220235484
2019-11-07,2019-11-07 00:00:00+00:00,200.42999267578125,0.09808763435981709,-1.3428847134279174,-0.603548292103096,0.5925888584993262,-0.9284230329312478,-0.713027172820593,-0.4815717217280031,7.5396825396825395,0.002644384859821436,False,0.002644384859821436,False,0.002644384859821436,False,0.011124527304496982
2019-11-08,2019-11-08 00:00:00+00:00,201.22999572753906,0.3102107291683936,-1.1719831238898515,0.09744378441602305,0.6341973434360919,-0.9321766180615373,-0.8039362406794746,-0.3561039145409853,12.698412698412698,-0.00134169368088366,False,-0.00134169368088366,False,-0.00134169368088366,False,0.024823994937627478
2019-11-11,2019-11-11 00:00:00+00:00,200.9600067138672,0.35723960911622404,-1.1583470683605956,0.31101435447175424,0.5404963148912886,-0.8768248453787897,-0.689200211449057,-0.30333326711554515,15.873015873015872,0.0023387039520914588,False,0.0023387039520914588,False,0.0022392363316492414,False,0.016471519675176176
2019-11-12,2019-11-12 00:00:00+00:00,201.5399932861328,0.4361429937683499,-0.9234057072918139,0.3315343737949755,0.4917528331174423,-0.8599327379800625,-0.7295198556328413,-0.26225641371556896,19.444444444444446,-0.0005458004069465172,False,-0.0005458004069465172,False,-0.0006449817820470827,False,0.01711318688342671
2019-11-13,2019-11-13 00:00:00+00:00,201.58999633789062,0.44391092875358207,-0.8090301075161984,0.25097830824588474,0.4978242188273259,-0.8472571532169426,-0.6123961092340673,-0.22473151921822793,23.28042328042328,-0.000793708343747368,False,-0.000793708343747368,False,-0.0008928651175703628,False,0.019298143249183955
2019-11-14,2019-11-14 00:00:00+00:00,201.42999267578125,0.4345616798733691,-0.5285214973773421,0.282021524679881,0.49182792000695175,-0.8101611314432526,-0.6074808702362147,-0.1739179484987901,28.835978835978835,0.0013404372848067059,False,0.0013404372848067059,False,-9.923553789747963e-05,False,0.02011237396287883
2019-11-15,2019-11-15 00:00:00+00:00,202.91000366210938,0.6147335206164942,-0.7065972757296466,0.37771938211615513,0.8594177609181811,-0.9661730986732476,-0.8055233769655056,-0.1706975800145561,29.100529100529098,-0.005963267912025283,False,-0.005963267912025283,False,-0.007392439864610356,False,0.04303243535507243
2019-11-18,2019-11-18 00:00:00+00:00,203.07000732421875,0.7023385863461633,-0.4769837685501557,0.47330428754152454,0.7199828277787009,-0.9267183346683859,-0.7560235331965737,-0.11230036866532506,36.11111111111111,-0.006746492965793882,False,-0.008174538839992418,False,-0.008174538839992418,False,0.059883203677385775
2019-11-19,2019-11-19 00:00:00+00:00,203.3699951171875,0.7945891743722339,-0.33096679829430886,0.47977091324504806,0.8758115433310868,-0.9582839542053265,-0.6585545885124136,-0.034746070589079775,46.03174603174603,-0.008211625161238856,False,-0.009637564548048094,False,-0.009637564548048094,False,0.11059160057225147
2019-11-20,2019-11-20 00:00:00+00:00,202.14999389648438,0.7538120028939307,-0.06516909902770614,0.4628381492353755,0.7328183089319298,-0.8064069482749011,-0.6588839916417422,0.004135409004628582,51.32275132275132,-0.0022260547208950987,False,-0.003660599835357603,False,-0.003660599835357603,False,0.12948978031555203
2019-11-21,2019-11-21 00:00:00+00:00,201.6999969482422,0.8185706957356021,-0.1390906682684122,0.614293570319926,0.5080047994468194,-0.7029699593775683,-0.5870202607014441,0.022482571840071644,53.3068783068783,0.0006445457847272795,False,-0.0014377456148758627,False,-0.0014377456148758627,False,0.06614576187115644
2019-11-22,2019-11-22 00:00:00+00:00,201.8300018310547,0.6197077852012426,-0.19224372531232992,0.0916544609354949,0.4376234457869718,-0.6799586473667875,-0.6926720432237914,-0.10461217691312148,36.77248677248677,0.005796948710948824,False,-0.0020809501319674073,False,-0.0020809501319674073,False,0.08772825923898896
2019-11-25,2019-11-25 00:00:00+00:00,204.22000122070312,0.3320460252153802,-0.16611624666962574,-0.06463892468134647,0.5669223055608299,-0.87103348083922,-0.8300022385460852,-0.2201409224684391,22.75132275132275,-0.01375965890606845,False,-0.01375965890606845,False,-0.01375965890606845,False,0.07583699992935278
2019-11-26,2019-11-26 00:00:00+00:00,204.61000061035156,0.6864119180322898,-0.17098727385506493,-0.07485906941323694,0.7842553381365877,-0.9159669541481282,-0.9677113755414295,-0.15494897963054888,30.02645502645503,-0.015639494348744454,False,-0.015639494348744454,False,-0.015639494348744454,False,0.0739661288525011
2019-11-27,2019-11-27 00:00:00+00:00,206.0399932861328,0.5039518036675185,-0.4718789391101263,-0.06865688498542755,0.7316817435799018,-1.0010470690793105,-0.8922517107781474,-0.24576466306606437,19.444444444444446,-0.022471315156731064,False,-0.022471315156731064,False,-0.022471315156731064,False,0.03830374220056477
2019-11-29,2019-11-29 00:00:00+00:00,205.10000610351562,0.2621486853544559,-0.6330858446452662,-0.12425289500680092,0.4065659761761635,-0.8702559438231633,-0.6918703608282711,-0.30639879363044126,14.153439153439153,-0.01799123516136747,False,-0.01799123516136747,False,-0.01799123516136747,False,0.02440366716123685
2019-12-02,2019-12-02 00:00:00+00:00,203.0,0.4520476551276002,-0.5593359116455822,0.035988927347637034,-0.14131997472011482,-0.5748522737309467,0.02901460111606926,-0.1202574937175463,34.39153439153439,-0.007832494275323287,False,-0.007832494275323287,False,-0.007832494275323287,False,0.021240575743226065
2019-12-03,2019-12-03 00:00:00+00:00,201.41000366210938,0.5601998309878455,0.08768889023723152,-0.03455641449138336,-0.3405509838143641,-0.3646051361522897,0.3614584855121791,0.07002568058383876,59.39153439153439,0.005064242069043656,False,0.005064242069043656,False,0.005064242069043656,False,0.041353366654662604
2019-12-04,2019-12-04 00:00:00+00:00,202.42999267578125,0.4129237708202947,-0.09934115357146765,-0.03369802525803228,-0.17392340649641747,-0.4653025237867053,0.08591217421901436,-0.03765280228546525,44.84126984126984,0.001976036999191688,False,0.001976036999191688,False,0.001976036999191688,False,0.0828052729415533
2019-12-05,2019-12-05 00:00:00+00:00,202.8300018310547,0.4288822024741881,-0.33655543601473864,-0.13438349728665522,-0.13593608698704301,-0.490449327867688,-0.05081993289325428,-0.10678948983628361,35.978835978835974,0.0052753145775787935,False,0.0052753145775787935,False,0.0052753145775787935,False,0.05591962364015293
2019-12-06,2019-12-06 00:00:00+00:00,205.0,0.30284484457296834,-0.3318301796932676,-0.30850730960355466,0.13172586264993755,-0.695164743828735,-0.3703487881121478,-0.21340011599043787,23.015873015873016,-0.005365883431783569,False,-0.005365883431783569,False,-0.005365883431783569,False,0.07820125479788495
2019-12-09,2019-12-09 00:00:00+00:00,204.07000732421875,0.31838831147704444,-0.20332261990668607,-0.43423748558817626,-0.18868893834219994,-0.553742304507549,-0.056646476319322514,-0.16062557616611592,28.57142857142857,-0.0008331132534545871,False,-0.0008331132534545871,False,-0.0008331132534545871,False,0.05128180125162213
2019-12-10,2019-12-10 00:00:00+00:00,203.89999389648438,0.1867094150656774,-0.3417387801767576,-0.4395389257321994,-0.22753409781816666,-0.5133987749456808,-0.20219503045654602,-0.23512170233976848,20.238095238095237,0.005296723214238908,False,0.005296723214238908,False,0.005296723214238908,False,0.05729701793300558
2019-12-11,2019-12-11 00:00:00+00:00,204.97999572753906,-0.012466081509000637,-0.2494946877008096,-0.3789891201733308,-0.09511542616447893,-0.5876578841841288,-0.26903754960658605,-0.26342273215706946,16.7989417989418,0.007464137043551089,False,0.007464137043551089,False,0.007464137043551089,False,0.07254047728783211
2019-12-12,2019-12-12 00:00:00+00:00,206.50999450683594,-0.47852707071431905,-0.7817901584905682,-0.24276704149185946,-0.019295641358246757,-0.729173935895011,-0.4634027952493726,-0.4786603344982487,4.894179894179894,0.003292857259495907,False,0.003292857259495907,False,0.003292857259495907,False,0.09002819031874915
2019-12-13,2019-12-13 00:00:00+00:00,207.19000244140625,0.022179901980996435,-0.670457250332348,-0.14605307170626103,0.18813386151625708,-0.7513172983450239,-0.6803120533540922,-0.36884370543666367,9.39153439153439,0.01003910327016344,False,0.01003910327016344,False,0.01003910327016344,False,0.10669777269619236
2019-12-16,2019-12-16 00:00:00+00:00,209.27000427246094,0.07078554405704646,-0.8515239555006823,-0.13939440709351658,0.30450184331751945,-0.8809107091070617,-0.9868366566753549,-0.45538512188190017,5.6878306878306875,0.0005733985508562522,False,0.0005733985508562522,False,0.0005733985508562522,False,0.10827293583070942
2019-12-17,2019-12-17 00:00:00+00:00,209.38999938964844,-0.009519592387164386,-0.9857343740409221,0.024545137800018546,0.22079725974632247,-0.8603850204468984,-0.9599908078185401,-0.4782651374947087,4.894179894179894,0.000764141852885869,False,0.000764141852885869,False,0.000764141852885869,False,0.07239151795371687
2019-12-18,2019-12-18 00:00:00+00:00,209.5500030517578,-0.13957769869601458,-1.2737725328327605,-0.04462916916043555,0.08502300360701572,-0.832778302095711,-0.8383947433885564,-0.5449254951359616,3.0423280423280423,0.006251479549108874,False,0.006251479549108874,False,0.006251479549108874,False,0.03161790058807283
2019-12-19,2019-12-19 00:00:00+00:00,210.86000061035156,-0.04421456419483937,-1.302100931133611,0.0770716738404702,0.3096323443867091,-0.949162552652168,-0.7796578966101761,-0.49577012331942505,3.968253968253968,0.004031139623708713,False,0.004031139623708713,False,0.004031139623708713,False,0.030875300331827765
2019-12-20,2019-12-20 00:00:00+00:00,211.7100067138672,-0.5182359382505871,-1.1599042446627912,0.07143323534474219,0.4434842773685809,-0.996809935187306,-0.6516221342252106,-0.5336532730922782,3.439153439153439,0.00047230098510042673,False,0.00047230098510042673,False,0.00047230098510042673,False,0.020912838314554285
2019-12-23,2019-12-23 00:00:00+00:00,211.80999755859375,-0.1691603782993196,-1.1444671226448075,-0.09134580945253151,0.46758632600431344,-0.9985484062165476,-0.5905076317919692,-0.4623099837028945,5.952380952380952,0.0005193362523934208,False,0.0005193362523934208,False,0.0005193362523934208,False,0.040681614792237746
2019-12-24,2019-12-24 00:00:00+00:00,211.9199981689453,-0.158683292889831,-1.0324263477017654,-0.14258591949413008,0.3266600774099924,-0.9504786672815061,-0.628408906169011,-0.46763770576124863,5.82010582010582,0.001368481254377274,False,0.001368481254377274,False,0.001368481254377274,False,0.035651731139837765
2019-12-26,2019-12-26 00:00:00+00:00,213.7899932861328,0.34475922193075426,-1.0623052040872105,-0.12907464360387935,0.5307696388131161,-1.098898167704185,-0.659280897652389,-0.37532176783666604,9.523809523809524,-0.007390367285109556,False,-0.007390367285109556,False,-0.007390367285109556,False,0.02394507721295325
2019-12-27,2019-12-27 00:00:00+00:00,213.61000061035156,0.370885614412289,-0.8779655195824517,-0.18278373605948584,0.3537741706383573,-1.018782841638121,-0.4723573786573866,-0.3209579971242065,12.3015873015873,-0.006553971688985305,False,-0.006553971688985305,False,-0.006553971688985305,False,0.027913687211892923
2019-12-30,2019-12-30 00:00:00+00:00,212.2100067138672,0.20531508554881117,-0.8848440369477292,-0.1967976191012527,0.11468368347037322,-0.8261041447601758,-0.0811911812884611,-0.2755998630316938,15.476190476190476,0.001884896488522747,False,0.001884896488522747,False,0.001884896488522747,False,0.01962356861655647
2019-12-31,2019-12-31 00:00:00+00:00,212.61000061035156,0.1173102214567358,-1.062248680375312,-0.38873632442114586,0.3813281462825054,-0.9032449120834035,-0.41169296382876774,-0.3805372434471227,8.994708994708994,0.007384375433529211,False,0.007384375433529211,False,0.007384375433529211,False,0.02449775084913096
2020-01-02,2020-01-02 00:00:00+00:00,216.16000366210938,0.5570113646908329,-1.328206768351732,-0.41506147523812764,0.9368084571642146,-1.2893354237114882,-0.7418201306966856,-0.3950447321454086,8.465608465608465,-0.009159932239005575,False,-0.009159932239005575,False,-0.009159932239005575,False,0.028082227310038576
2020-01-03,2020-01-03 00:00:00+00:00,214.17999267578125,0.5423365690621124,-0.720226049951127,-0.1993078303547039,0.5487575087665802,-0.9771516407475872,-0.23391304787115458,-0.17939668812447832,26.190476190476193,0.006303138246714024,False,0.006303138246714024,False,0.006303138246714024,False,0.026661633911220242
2020-01-06,2020-01-06 00:00:00+00:00,215.55999755859375,0.9063988049752191,-0.6626860344810354,-0.37481644662293767,0.7049872466437813,-1.1197583214183917,-0.3260078957289659,-0.1390099452723096,31.216931216931215,-0.00013916672683544906,False,-0.00013916672683544906,False,-0.00013916672683544906,False,0.029834019166486474
2020-01-07,2020-01-07 00:00:00+00:00,215.52999877929688,0.547980281409879,-0.5323758927537183,-0.5019389876816346,0.49476522357778974,-1.0186380467967966,-0.4904534166628908,-0.2480577355545145,18.253968253968253,0.0075163324194438275,False,0.0075163324194438275,False,0.0075163324194438275,False,0.0318266772901539
2020-01-08,2020-01-08 00:00:00+00:00,217.14999389648438,0.7232151456502797,-0.7529856580498233,-0.3956509375047391,0.7403968785196483,-1.1993180055210826,-0.43039141563925964,-0.22275226578201268,21.56084656084656,0.005894537486872187,False,0.005894537486872187,False,0.004374912427969502,False,0.05561517596438347
2020-01-09,2020-01-09 00:00:00+00:00,218.99000549316406,0.9369368157063466,-0.7809800138996404,-0.3061884183533987,1.0458394638718316,-1.3753541341261108,-0.5220667751127436,-0.18298674304601276,25.793650793650798,-0.0025572528578263753,False,-0.0025572528578263753,False,-0.004064109627488044,False,0.08699466336844515
2020-01-10,2020-01-10 00:00:00+00:00,218.42999267578125,0.9136162852033598,-0.6972683855595987,-0.4643345732481674,0.8575807313767534,-1.224743532439635,-0.6436483968622533,-0.21334173427194922,23.015873015873016,0.00755394959758382,False,-0.0015107200628597939,False,-0.0015107200628597939,False,0.05765075915004777
2020-01-13,2020-01-13 00:00:00+00:00,220.9499969482422,1.3351608701018318,-0.4818556933518547,-0.4212479684466327,1.155729504122436,-1.4382795981880623,-0.6679563896700023,-0.09525874878032256,38.492063492063494,-0.003937520385625115,False,-0.012898804634942751,False,-0.012898804634942751,False,0.054253979534898834
2020-01-14,2020-01-14 00:00:00+00:00,220.0800018310547,0.6058584699451303,-0.4838749004956697,-0.6177072423462744,0.8801905278399577,-1.2756103587634278,-0.6578272302892538,-0.2678392039544945,16.534391534391535,0.0004089255595323138,False,-0.008996708974307488,False,-0.008996708974307488,False,0.0285504298197102
2020-01-15,2020-01-15 00:00:00+00:00,220.1699981689453,0.7075727725739464,-0.16657439010154207,-0.7225326645354946,0.8051752194801104,-1.2199087486822953,-0.6244675749714342,-0.20382385226272084,24.074074074074073,0.00958350650815043,False,-0.009401789901643642,False,-0.009401789901643642,False,0.03216360756021978
2020-01-16,2020-01-16 00:00:00+00:00,222.27999877929688,0.5940253983974081,-0.2568581238810939,-0.853603173397196,1.0264011799832056,-1.4567350591540842,-0.5729703459866916,-0.25706486027307646,17.59259259259259,0.0018895005005030718,False,-0.018805077824080696,False,-0.018805077824080696,False,0.034444904995224984
2020-01-17,2020-01-17 00:00:00+00:00,223.3800048828125,0.9619598314319822,-0.19860163397576738,-0.8955374921643937,1.2075961697028434,-1.5219548523242532,-0.6626937222582627,-0.18274231748748473,26.455026455026452,-0.023636846019708946,False,-0.023636846019708946,False,-0.023636846019708946,False,0.03666425800327081
2020-01-21,2020-01-21 00:00:00+00:00,223.27999877929688,1.1710470648823066,0.07244520129706404,-0.5713733189139665,1.0035843916742284,-1.4159981616558956,-0.46530441601851874,-0.03778399550412434,45.63492063492063,-0.023199537370570567,False,-0.023199537370570567,False,-0.023199537370570567,False,0.031502807691958595
2020-01-22,2020-01-22 00:00:00+00:00,223.8699951171875,1.540602538899823,-0.0058246231774941775,-0.3495844332424512,0.9486272351769678,-1.40880295310912,-0.4502064275113943,0.04278058013153768,56.481481481481474,-0.025773838118196668,False,-0.025773838118196668,False,-0.025773838118196668,False,0.07527936647047469
2020-01-23,2020-01-23 00:00:00+00:00,224.58999633789062,1.2090035184880066,0.2739488025841876,-0.23142439162640063,1.0501286737783986,-1.4341137222226343,-0.46262573524248174,0.03792199449632595,55.158730158730165,-0.028897058373922202,False,-0.028897058373922202,False,-0.028897058373922202,False,0.034550119404647785
2020-01-24,2020-01-24 00:00:00+00:00,222.6999969482422,1.5262469176147337,0.629384650748135,-0.33918139173251816,0.7427463995333351,-1.099033169503376,0.12807476755354175,0.28295922150194863,77.5132275132275,-0.020655549653176064,False,-0.020655549653176064,False,-0.020655549653176064,False,0.028434060573157817
2020-01-27,2020-01-27 00:00:00+00:00,218.10000610351562,1.060462073711002,1.3254677684033858,-0.3632934556405525,-0.27535352289792264,-0.36198225011228585,1.3458394346286668,0.5300516429072409,89.15343915343915,0.004447506618788122,False,0.004447506618788122,False,-0.012517243970329828,False,0.03245311609978382
2020-01-28,2020-01-28 00:00:00+00:00,221.4499969482422,1.223687252982418,0.7171643646907494,-0.5261449117179658,0.17351315295935713,-0.8174988433105518,0.672865774333933,0.2967979732768793,78.3068783068783,-0.01074730032432425,False,-0.01074730032432425,False,-0.02745541618804226,False,0.02304006816602574
2020-01-29,2020-01-29 00:00:00+00:00,221.80999755859375,1.9881020594400394,0.9623953147405069,-0.20092740838179152,0.38595606948896427,-0.8498134022583699,0.6887321834033246,0.5475641349132403,90.07936507936508,-0.012352870765670487,False,-0.012352870765670487,False,-0.07290022247384864,False,0.028720405221536526
2020-01-30,2020-01-30 00:00:00+00:00,222.60000610351562,2.018883188899141,1.0773117777541683,-0.2995831971506763,0.539499844283425,-0.9252536937393407,0.43403019632492484,0.5180953618875164,88.75661375661376,-0.015858035411083105,False,-0.015858035411083105,False,-0.07619050426252139,False,0.06703319872062025
2020-01-31,2020-01-31 00:00:00+00:00,219.07000732421875,1.9538973563940638,1.5534598060743754,-0.2937328630337925,-0.3169740826246462,-0.2566207828039756,1.281527325623134,0.7518603520567247,95.37037037037037,0.01510931413671357,False,0.01510931413671357,False,-0.06130464000347702,False,0.021647543669985506
2020-02-03,2020-02-03 00:00:00+00:00,222.3800048828125,2.0436116601287555,1.3013110209938101,-0.21157419728636104,0.2322825097550695,-0.730925505449318,0.7319892596782849,0.6178166927552404,91.93121693121694,0.0228887320178488,False,0.0228887320178488,False,-0.07527657669575794,False,0.027168191620518475
2020-02-04,2020-02-04 00:00:00+00:00,227.47000122070312,1.597337010038502,0.7350864150094409,-0.28410876376506006,0.6450925185401751,-1.3037091019943807,0.47387154373023516,0.3321158540108077,80.02645502645503,0.0032971380664490457,False,0.0032971380664490457,False,-0.09596870670376478,True,0.04674377987018536
2020-02-05,2020-02-05 00:00:00+00:00,228.22000122070312,1.6277877893968846,0.29816835123886537,-0.48966643824813105,0.7447518689257665,-1.4121381266077702,0.2598197122907147,0.20256526421584756,71.42857142857143,0.004294083438336926,False,0.004294083438336926,False,-0.098939627159227,True,0.03435282135036728
2020-02-06,2020-02-06 00:00:00+00:00,230.19000244140625,1.7793163359347393,0.4236859390835055,-0.6698631577311178,0.8772242343882203,-1.522932936374678,0.27674460719054145,0.23477581159776767,74.20634920634922,-0.004300818813432472,False,-0.004300818813432472,False,-0.10665103953855204,True,0.043646004655005836
2020-02-07,2020-02-07 00:00:00+00:00,229.1999969482422,2.131554281798224,0.8158236421337571,-0.7094845009009361,0.6719776813224487,-1.273484930105126,0.10493267377637601,0.344822153522232,80.55555555555556,0.012085533635877166,False,-0.0340750334318608,False,-0.1554537089809359,True,0.02203083175302585
2020-02-10,2020-02-10 00:00:00+00:00,231.97000122070312,2.4559901860284197,0.7046342061214833,-0.5427820213383426,1.0411188563260818,-1.5714074915358858,0.07909284176470074,0.40031986448474743,83.73015873015873,0.00017240714714117367,False,-0.07156100364771689,True,-0.16553862005608855,True,0.02893573960429327
2020-02-11,2020-02-11 00:00:00+00:00,232.00999450683594,1.6812710394644537,0.6177131162085452,-0.47872446264860563,0.7847532100163864,-1.4916346092321746,0.2121888054728481,0.2428625498099046,74.47089947089947,0.008447940865795145,False,-0.07172104557400072,True,-0.16568246236256257,True,0.03648306031341046
2020-02-12,2020-02-12 00:00:00+00:00,234.27000427246094,1.7694591408689053,0.2724363830954475,-0.7014762859888606,1.1408010788627425,-1.7028755553316668,-0.12825874060632841,0.12950295968102443,64.68253968253968,-0.0012805867003310434,False,-0.12220943509914828,True,-0.2430955560235024,True,0.0516683111135955
2020-02-13,2020-02-13 00:00:00+00:00,233.97000122070312,1.5960456099845597,0.2553415758646757,-0.5763485218502833,1.0184912187445219,-1.6001438007576254,-0.022370688996904843,0.12814629105235723,64.41798941798942,-0.01581398012111812,False,-0.12108390683954007,True,-0.24212503141822284,True,0.060080991432889704
2020-02-14,2020-02-14 00:00:00+00:00,234.63999938964844,1.810686072024622,0.48064267255469567,-0.6849737143892489,1.0218825748888107,-1.5746549550640705,-0.31212227449118096,0.14166318417147514,65.60846560846561,-0.056469485315659096,True,-0.1235935905021972,True,-0.2784691293379419,True,0.0547797084489276
2020-02-18,2020-02-18 00:00:00+00:00,234.72999572753906,1.6470882061584724,0.7424766975982654,-0.6344842624482323,0.8619063923230227,-1.4863878176862473,-0.008912747799626775,0.2075665653778896,71.6931216931217,-0.08247774448402212,True,-0.12392960792133534,True,-0.27874576690969055,True,0.07402412032445617
2020-02-19,2020-02-19 00:00:00+00:00,236.97999572753906,1.3359995441049985,0.5072488380719948,-0.41483785623592784,1.0335216910267746,-1.6578887301881255,-0.18842369259158218,0.08756921800628074,59.65608465608465,-0.09118913410394791,True,-0.13224743397296235,True,-0.285593695231535,True,0.08459509807079224
2020-02-20,2020-02-20 00:00:00+00:00,234.77999877929688,1.0020674840057626,0.6235891320339059,-0.24816107598584322,0.6637327582024395,-1.3174609920516842,0.3194360321379791,0.169090680755279,67.85714285714286,-0.12411619192928469,True,-0.12411619192928469,True,-0.2788993784308391,True,0.04384646086397765
2020-02-21,2020-02-21 00:00:00+00:00,230.27000427246094,0.6816686931129027,0.7946788517101786,-0.2800244615384707,-0.04552994929457649,-0.6574325377362137,0.7955710682370715,0.24833133393124532,74.60317460317461,-0.10696141236732548,True,-0.10696141236732548,True,-0.2647761327548419,True,0.058492453351985586
2020-02-24,2020-02-24 00:00:00+00:00,221.38999938964844,-0.10027753330532152,1.549867776094703,-0.24219953637251374,-1.4234703749991233,0.6094955482044956,3.092241742157783,0.7150316079384771,93.91534391534393,-0.0711414248313893,True,-0.12566056344968968,True,-0.23528613072631055,True,0.07003831705884092
2020-02-25,2020-02-25 00:00:00+00:00,215.3699951171875,0.41229609535342177,1.6897394336338116,-0.15118648668091927,-1.7977558810877567,1.4421305884422797,3.5914676524166564,1.057857751456288,98.01587301587301,-0.04517804684094806,True,-0.10122109990812278,True,-0.2139109119650674,True,0.06281742986145183
2020-02-26,2020-02-26 00:00:00+00:00,216.47999572753906,0.9694736265742634,1.889432600470297,0.15198820222158532,-1.5216898524715747,1.413805925605545,3.4288400972234676,1.2327841623026223,99.20634920634922,-0.050073893901650846,True,-0.10582958636120232,True,-0.21794158170236577,True,0.1902582121106871
2020-02-27,2020-02-27 00:00:00+00:00,205.63999938964844,-0.5587005710019842,2.7112840154894813,0.19342249684247526,-2.601337491717903,2.90343155194533,5.562954618403568,1.6173713481193672,99.73544973544973,0.0007780765540958967,False,-0.13771635941200677,True,-0.1767165748188575,True,0.5387274476651202
2020-02-28,2020-02-28 00:00:00+00:00,205.8000030517578,0.13592109106874847,3.0653852642319497,0.17879658490135825,-2.3137730199464213,2.8559300417482234,5.131864729404606,1.7553646675772807,99.73544973544973,0.010787177783203372,False,-0.13838676047238185,True,-0.17735665431851533,True,0.738602546868051
2020-03-02,2020-03-02 00:00:00+00:00,216.4199981689453,1.176137405217877,2.1763142427737105,0.15322073335198783,-1.7251827973341627,1.343676736607866,3.6688206573337645,1.3207187499830324,99.20634920634922,-0.10558169780081517,True,-0.21772477366164622,True,-0.21772477366164622,True,0.41432961572813737
2020-03-03,2020-03-03 00:00:00+00:00,209.47999572753906,0.4874179308450131,2.9409067541589935,0.12953977199390554,-1.9980436877090355,2.326599263366209,4.028444591410976,1.5228757942913238,99.33862433862434,-0.07594991754732372,True,-0.19180825613554775,True,-0.19180825613554775,True,0.39318189875829723
2020-03-04,2020-03-04 00:00:00+00:00,218.22000122070312,0.4540107369058017,2.3610729247893514,-0.017644116211513128,-1.4892778825459887,1.2014556454398029,3.373866701119843,1.134871461408443,97.88359788359789,-0.112959370170445,True,-0.2241774259705399,True,-0.2241774259705399,True,0.548057339546489
2020-03-05,2020-03-05 00:00:00+00:00,211.58999633789062,0.5514839670811121,3.60297443061009,-0.16809802801843532,-1.7415713456781574,2.1379986282279377,3.746529807867281,1.5496031405732125,99.33862433862434,-0.16196412688124306,True,-0.1998676403330496,True,-0.1998676403330496,True,0.868735686398628
2020-03-06,2020-03-06 00:00:00+00:00,208.02000427246094,0.5084864764177164,4.497664761717036,-0.16265697138510432,-1.6917424797620295,2.622481479508306,3.719168190362334,1.7746498744124122,99.86772486772487,-0.1475819455711186,True,-0.1861359505117034,True,-0.1861359505117034,True,0.9288313312182315
2020-03-09,2020-03-09 00:00:00+00:00,193.57000732421875,0.6383853129223953,6.062401237382495,0.6418337256390102,-2.15273022354735,4.425443335515312,5.063999241710202,2.6761996026687545,100.0,-0.12538101644956834,True,-0.12538101644956834,True,-0.12538101644956834,True,0.9840894800927061
2020-03-10,2020-03-10 00:00:00+00:00,204.11000061035156,0.9437927379990646,4.261695219169024,0.5453754500241805,-1.7162955321370834,3.034642913917244,4.072058409419713,2.0464463103244137,99.86772486772487,-0.17054528173289485,True,-0.17054528173289485,True,-0.17054528173289485,True,0.9484670360517766
2020-03-11,2020-03-11 00:00:00+00:00,195.22000122070312,1.709203044043603,4.485549953359599,0.32755865980426924,-1.961493846543317,4.04188121583048,4.599578526829933,2.4814968393436723,99.86772486772487,-0.13277327121641513,True,-0.13277327121641513,True,-0.13277327121641513,True,0.9762206488331048
2020-03-12,2020-03-12 00:00:00+00:00,177.32000732421875,1.9893496712978642,5.808481337162996,2.945696151783147,-2.438865465746965,5.816913614085132,5.6869381724210495,3.4986522874515287,100.0,-0.045228986810252336,True,-0.045228986810252336,False,-0.045228986810252336,False,0.9923629290341378
2020-03-13,2020-03-13 00:00:00+00:00,192.33999633789062,2.4759305702547696,4.090469528250407,2.825342180502854,-1.675607651303712,3.8881093024311486,4.2791337884091805,2.7733982318113095,99.86772486772487,-0.1197878430113809,True,-0.1197878430113809,True,-0.1197878430113809,True,0.9642400833091254
2020-03-16,2020-03-16 00:00:00+00:00,169.3000030517578,2.5151261438978856,6.275177202153138,3.034456247740906,-2.3637609209248347,5.923450519104492,5.332386871884802,3.644350773935772,100.0,0.006851763976370107,False,0.006851763976370107,False,0.006851763976370107,False,0.9974303039683372
2020-03-17,2020-03-17 00:00:00+00:00,182.13999938964844,3.236027823872208,4.569714658560648,2.9175870635702736,-1.757806678112696,4.462762612726857,4.825592657111189,3.218421522166271,99.73544973544973,-0.06412645610475975,True,-0.06412645610475975,True,-0.06412645610475975,False,0.9397492963180315
2020-03-18,2020-03-18 00:00:00+00:00,176.60000610351562,6.078307157285721,4.839315441613483,2.8525302415650002,-1.4295161991844143,4.854758684208992,4.382184124304115,3.859772903680626,100.0,-0.03476783226184843,True,-0.03476783226184843,False,-0.03476783226184843,False,0.41732589749297383
2020-03-19,2020-03-19 00:00:00+00:00,177.66000366210938,5.011822730142619,4.990945273495098,2.8270483832755513,-1.1595726869540732,4.46303209526679,3.600090974118564,3.472399886214303,99.60317460317461,-0.040526831024589094,True,-0.040526831024589094,False,-0.040526831024589094,False,0.786412597883193
2020-03-20,2020-03-20 00:00:00+00:00,170.6999969482422,4.42361107477004,5.725719318776835,2.775636107302012,-1.116251287281613,4.790722230357077,3.3907159123741266,3.4899936589547336,99.60317460317461,-0.0014059182112801105,False,-0.0014059182112801105,False,-0.0014059182112801105,False,0.9345975993809496
2020-03-23,2020-03-23 00:00:00+00:00,170.4600067138672,4.68597200587024,5.621301798979636,2.3501127861526845,-0.9606798307778694,4.53798561021738,2.7199941084209067,3.322894918747239,99.33862433862434,0.06945908642233678,False,0.06945908642233678,False,0.06945908642233678,False,0.978941947014818
2020-03-24,2020-03-24 00:00:00+00:00,183.66000366210938,3.95255651420492,4.08560950582654,2.203319719783508,-0.6962690357976523,3.2257667080948296,2.6427705872406975,2.6929518043907734,98.94179894179894,-0.007404990652475685,False,-0.007404990652475685,False,-0.007404990652475685,False,0.8376601609728215
2020-03-25,2020-03-25 00:00:00+00:00,182.3000030517578,1.9674481281629428,3.521683703170549,2.1707666467237146,-0.9391667276769193,3.184838663803116,2.5909366169897057,2.1530988927875683,98.54497354497354,5.482450174776332e-05,False,5.482450174776332e-05,False,5.482450174776332e-05,False,0.9577931438366396
2020-03-26,2020-03-26 00:00:00+00:00,191.89999389648438,2.4662478911725128,2.3580103148235176,0.6242413094351541,-0.6411971393675987,2.2119504483982233,2.347683994589379,1.7251225740939262,97.75132275132276,-0.04997392726892791,True,-0.04997392726892791,False,-0.04997392726892791,False,0.7566414431251244
2020-03-27,2020-03-27 00:00:00+00:00,185.3000030517578,2.196674295515612,2.4138189444295564,1.1608141292917198,-0.909828933723377,2.6738046480871116,2.402909248194079,1.7963575528944595,98.28042328042328,-0.01613602506163425,False,-0.01613602506163425,False,-0.01613602506163425,False,0.7556889698083425
2020-03-30,2020-03-30 00:00:00+00:00,192.0399932861328,2.1980117842694304,2.333949742229341,0.7744952921820706,-0.5390836832416249,2.2087493273945795,1.9102114737546745,1.6100739551501018,97.35449735449735,-0.05066650733028155,True,-0.05066650733028155,True,-0.05066650733028155,False,0.7556350378164789
2020-03-31,2020-03-31 00:00:00+00:00,190.39999389648438,2.5243757697997435,2.17157542746847,0.8994699660212896,-0.49343744165328873,2.2269566894350885,1.6052238223741893,1.6129789507962107,97.35449735449735,-0.04248947792660618,True,-0.04248947792660618,False,-0.04248947792660618,False,0.6537928085056206
2020-04-01,2020-04-01 00:00:00+00:00,182.30999755859375,2.6556079197516187,3.0293485183392144,0.7899822957995734,-0.5787747918762655,2.873766933637386,1.5985757438373276,1.872174407994666,98.28042328042328,0.005814259079527817,False,0.005814259079527817,False,0.005814259079527817,False,0.6502014777971595
2020-04-02,2020-04-02 00:00:00+00:00,186.00999450683594,2.8963750300315003,2.4590372261841735,1.2382856186321725,-0.4115043793029123,2.4594188419358995,1.3065589700554479,1.7634290572999762,97.61904761904762,-0.014192782471973087,False,-0.014192782471973087,False,-0.014192782471973087,False,0.5247194548277575
2020-04-03,2020-04-03 00:00:00+00:00,183.3699951171875,2.748879347021719,2.365425913675351,1.2395230594817117,-0.4330356425283401,2.555942808500552,0.9944278302190135,1.67366084376848,97.22222222222221,0.07105851080472414,False,0.07105851080472414,False,0.07105851080472414,False,0.34463675759319284
2020-04-06,2020-04-06 00:00:00+00:00,196.47999572753906,1.9997352077766646,1.109522517083241,1.0189386555956805,-0.08425885372410569,1.3603587463437379,0.9806134154826603,1.123824888984051,94.84126984126983,-0.0004071754519254789,False,-0.0004071754519254789,False,-0.0004071754519254789,False,0.11995600741702954
2020-04-07,2020-04-07 00:00:00+00:00,196.39999389648438,1.6464803689120118,1.4801922532754659,1.194291823338778,-0.13482175954641182,1.4700612483786966,1.0409947125944494,1.1527420223702676,95.1058201058201,0.02123224825522274,False,0.02123224825522274,False,0.02123224825522274,False,0.1821349605284383
2020-04-08,2020-04-08 00:00:00+00:00,200.57000732421875,1.04860262819537,0.8680016035014604,1.0739320823852594,0.1763334035249433,0.9835347623701084,0.7888857618533237,0.828248089776247,91.66666666666666,0.0014458457174209016,False,0.0014458457174209016,False,0.0014458457174209016,False,0.08711728263355228
2020-04-09,2020-04-09 00:00:00+00:00,200.86000061035156,0.49561549499179164,-0.5849157636312444,0.05852571678742338,0.8713460659303478,0.6396002453709994,0.6779167526476118,0.4114436156256884,80.42328042328042,0.010803535608639558,False,0.010803535608639558,False,0.010803535608639558,False,0.012728652146118338
2020-04-13,2020-04-13 00:00:00+00:00,203.02999877929688,1.1180524696488974,0.09934263291741507,0.0989241747244371,0.4673174092157555,0.7314434020674166,0.6471936280055364,0.5942293237367894,86.90476190476191,0.03152240523550143,False,0.009161210764589978,False,0.009161210764589978,False,0.06677000186578612
2020-04-14,2020-04-14 00:00:00+00:00,211.86000061035156,1.2810199596207095,-1.052909478058952,-0.0605741825569058,2.3537725170509476,-0.2596985607397432,0.38307817220020124,0.4699519518093423,81.74603174603175,-0.032899089968012385,True,-0.032899089968012385,False,-0.032899089968012385,False,0.0012266690042415426
2020-04-15,2020-04-15 00:00:00+00:00,209.42999267578125,1.4521602291727251,-0.1536567166357921,0.04985152813204982,1.4773343397259862,0.15698143881761434,0.4576845194939037,0.6169020337735828,87.43386243386243,-0.02167785629998653,False,-0.02167785629998653,False,-0.02167785629998653,False,0.04931299859635305
2020-04-16,2020-04-16 00:00:00+00:00,213.25,0.24173830500416804,-0.3286278084055425,-0.05567027498193232,1.7967199508250005,-0.1918279350799529,0.4531765636664793,0.3152641805828644,74.07407407407408,-0.03920281646120316,True,-0.03920281646120316,False,-0.03920281646120316,False,0.3188614609941341
2020-04-17,2020-04-17 00:00:00+00:00,215.2899932861328,-0.22072906839571949,-0.8129195300203413,-0.3389538155234717,1.7402465153108742,-0.38142956966966574,0.3593619130688113,0.056644321241917955,52.64550264550265,-0.048306907988343806,True,-0.048306907988343806,False,-0.048306907988343806,False,0.09113235759338192
2020-04-20,2020-04-20 00:00:00+00:00,212.74000549316406,-0.035009743967165774,-1.1496071518687792,-0.2482551603304878,1.7143258802914954,-0.293301589328349,0.6087776575067532,0.11597555807260629,59.78835978835979,-0.03689952947645225,True,-0.03689952947645225,False,-0.03689952947645225,False,0.03891051938056931
2020-04-21,2020-04-21 00:00:00+00:00,204.88999938964844,-0.43053598576411645,-1.1124008544091273,-0.031625571544947856,0.9907273242191749,0.26563457871129975,0.7868543057833608,0.10297699306312119,58.46560846560847,0.02747818292539339,False,0.02747818292539339,False,0.02747818292539339,False,0.01794698349224347
2020-04-22,2020-04-22 00:00:00+00:00,210.97000122070312,-0.03670890411014688,-0.7954939429831575,-0.19034318651893267,0.9995097091991769,0.004954550467796405,0.47533858525720624,0.10028489260348081,57.936507936507944,-0.002132990214904651,False,-0.002132990214904651,False,-0.002132990214904651,False,0.06218722996534759
2020-04-23,2020-04-23 00:00:00+00:00,210.52000427246094,0.911894678571414,-0.5647350512361221,-0.2317207602426382,1.2254458180196437,-0.005809658932622437,0.4630635894866738,0.34976426081835754,76.85185185185185,0.004655119264916685,False,0.004655119264916685,False,0.004655119264916685,False,0.021456834161124476
2020-04-24,2020-04-24 00:00:00+00:00,213.83999633789062,0.724084893718793,-0.08640244243541641,-0.2926025856521238,1.2842616997137462,-0.13989960472247528,0.2132189793152362,0.3098994836888479,73.67724867724867,-0.010942744004695748,False,-0.010942744004695748,False,-0.010942744004695748,False,0.03112442340897274
2020-04-27,2020-04-27 00:00:00+00:00,215.55999755859375,-0.12799703624120196,-0.49540800695520876,-0.634035828419277,1.6486909906046971,-0.38937822897767016,-0.041910820478698575,-0.0022683524340186,46.56084656084656,-0.018834652090261583,False,-0.018834652090261583,False,-0.018834652090261583,False,0.0126162419304935
2020-04-28,2020-04-28 00:00:00+00:00,211.5,-1.2693165275237828,-0.330994113318899,-0.6408547201098356,0.9917680332576783,-0.05921493782027246,-0.038639738862945826,-0.23840362486156694,19.31216931216931,0.005862910133163313,False,0.005862910133163313,False,0.005862910133163313,False,0.00819107189232608
2020-04-29,2020-04-29 00:00:00+00:00,219.0,-1.0548343458009979,-0.7601033613244211,-0.9993494849819416,1.530623352139502,-0.6293296287444418,-0.08523856402709261,-0.33823745759043844,10.978835978835978,-0.028584449802903866,False,-0.028584449802903866,False,-0.028584449802903866,False,0.0010157306580197186
2020-04-30,2020-04-30 00:00:00+00:00,218.91000366210938,0.15646725531073882,-1.2208958103184806,-0.6569343363683748,1.747586454375269,-0.7098627115041358,0.03928700875078363,-0.08951152651684191,36.11111111111111,-0.028185090063169493,False,-0.028185090063169493,False,-0.028185090063169493,False,0.0007105225041983092
2020-05-01,2020-05-01 00:00:00+00:00,212.74000549316406,0.20658615152581125,-0.7642645551804446,-0.753800503948892,1.1498322546441588,-0.2029393984808844,0.340910545624294,0.051366564258512104,51.98412698412699,0.011657401821486557,False,0.011657401821486557,False,0.011657401821486557,False,0.0016507685703041916
2020-05-04,2020-05-04 00:00:00+00:00,215.22000122070312,0.31540121857440834,-0.9708434481924879,-0.8933718071672907,1.3768305235768865,-0.4143378683486334,0.3441588480412557,0.02060532024433684,48.67724867724868,0.011337247595794242,False,0.011337247595794242,False,0.011337247595794242,False,0.0011820066388901177
2020-05-05,2020-05-05 00:00:00+00:00,217.66000366210938,0.5816284107736299,-0.8108977198745274,-0.9898497028958285,1.1335293937312705,-0.4261602337855093,0.10746853664701383,0.001997123515955518,46.56084656084656,0.006156373772605583,False,0.006156373772605583,False,0.006156373772605583,False,0.0024469338021561606
2020-05-06,2020-05-06 00:00:00+00:00,219.0,0.8731358906742036,-0.7682339083990151,-0.9711318199277139,1.217177063303381,-0.4898184367727758,0.20143393456183228,0.08717856893553552,56.481481481481474,0.0015524946935645545,False,0.0015524946935645545,False,0.0015524946935645545,False,0.0069164100574172745
2020-05-07,2020-05-07 00:00:00+00:00,221.82000732421875,0.9308653825817514,-0.4587030446373664,-1.0259368656370949,1.379352204965244,-0.6408457604393621,-0.03818074079770462,0.0858714637544091,56.21693121693122,-0.011180285386535371,False,-0.011180285386535371,False,-0.011180285386535371,False,0.006156532884699575
2020-05-08,2020-05-08 00:00:00+00:00,224.86000061035156,0.6803083622898289,-0.3146962313857297,-0.9134352776340005,1.7566490642522077,-0.8506050945783592,-0.2978668352083852,0.031316683667188566,49.47089947089947,-0.024548626956673703,False,-0.024548626956673703,False,-0.024548626956673703,False,0.005614608919480892
2020-05-11,2020-05-11 00:00:00+00:00,226.8699951171875,0.6192892770475956,-0.4023777189954308,-0.1553008800560602,1.7063078126975022,-0.925456831935405,-0.27205001978625515,0.06441591111489176,53.70370370370371,-0.03319080945634667,True,-0.03319080945634667,False,-0.03319080945634667,False,0.008516728462428609
2020-05-12,2020-05-12 00:00:00+00:00,222.1199951171875,0.6646393774040588,-0.1904313316309075,-0.23589351293399416,0.9854430208048449,-0.4814167975238142,0.08078901734576674,0.14846472152789342,62.96296296296296,-0.012515752027772997,False,-0.012515752027772997,False,-0.012515752027772997,False,0.018372622319891715
2020-05-13,2020-05-13 00:00:00+00:00,219.33999633789062,0.7786318678499214,-0.27664979800016654,-0.027893604960074106,0.7960670470636885,-0.2787257270835246,0.22663919586323042,0.22043229418944635,69.04761904761905,0.011352263767380855,False,0.011352263767380855,False,0.011352263767380855,False,0.018414374050442023
2020-05-14,2020-05-14 00:00:00+00:00,221.8300018310547,0.3828726399993361,-0.2633996104991804,-0.274300451581908,0.8425152023014153,-0.4286180746099317,0.15921443163958507,0.08213109301794232,55.68783068783068,0.006491468374521192,False,0.006491468374521192,False,0.006491468374521192,False,0.01357896311239549
2020-05-15,2020-05-15 00:00:00+00:00,223.27000427246094,1.0671412100848927,-0.17701127581169737,-0.023029409002899195,0.9165612365483079,-0.5470257894725999,0.22075044210526934,0.2568027257537141,71.42857142857143,0.01607916992517122,False,0.01607916992517122,False,0.01607916992517122,False,0.016123151638252002
2020-05-18,2020-05-18 00:00:00+00:00,227.42999267578125,-0.21530052684285658,-0.8147589130390785,-0.1653984682476219,1.0836350954484029,-0.9205073111181713,0.06946980372222031,-0.18947602631112506,24.33862433862434,-0.002506230856904823,False,-0.002506230856904823,False,-0.002506230856904823,False,0.0033852303968224962
2020-05-19,2020-05-19 00:00:00+00:00,226.86000061035156,-0.06166465482866279,-0.99381636705399,-0.1368875841579938,1.2417329026598454,-0.9079553921482834,-0.02625804613579204,-0.1756768966974687,26.190476190476193,0.008860065685569074,False,0.008860065685569074,False,0.008860065685569074,False,0.0029284209511722423
2020-05-20,2020-05-20 00:00:00+00:00,231.38999938964844,-0.14901708170070793,-1.0199796369279175,0.04197278639963164,1.3099736240399864,-1.081737458362172,-0.22865322852019565,-0.24418517700984158,18.650793650793652,-0.010890722499278693,False,-0.010890722499278693,False,-0.010890722499278693,False,0.001953092544082768
2020-05-21,2020-05-21 00:00:00+00:00,228.8699951171875,-0.24376168381907815,-1.0034859434218797,0.437635020855147,1.0901938117833985,-0.8888861630474872,-0.053666043057967974,-0.1804930956451641,25.66137566137566,0.0007427717593924132,False,0.0007427717593924132,False,0.0007427717593924132,False,0.0028240930298536293
2020-05-22,2020-05-22 00:00:00+00:00,229.66000366210938,-0.2681523088346381,-1.026680166981682,0.3696099572249595,0.9693773451472714,-0.864937020713655,-0.11979984305130864,-0.222212262072586,21.56084656084656,-0.0026996880871288376,False,-0.0026996880871288376,False,-0.0026996880871288376,False,0.002791524037612272
2020-05-26,2020-05-26 00:00:00+00:00,229.0399932861328,-0.8556062386028872,-1.0852748118750382,0.08245258104941147,0.8291001248503839,-0.8166437431099102,-0.05986327868291526,-0.3766035970278996,9.39153439153439,0.0041478005364958825,False,0.0041478005364958825,False,0.0041478005364958825,False,0.0030457176362488647
2020-05-27,2020-05-27 00:00:00+00:00,230.2899932861328,-0.9099608054049358,-1.1692140306570307,0.041339155898316354,1.022097302866024,-0.9256795900987034,-0.12098371187882687,-0.4092584150553125,8.068783068783068,-0.0013026523154048286,False,-0.0013026523154048286,False,-0.0013026523154048286,False,0.005269576767859358
2020-05-28,2020-05-28 00:00:00+00:00,229.99000549316406,-0.7574908555653358,-0.9975483045139373,-0.07047784338988117,0.7474864125900221,-0.7773965217723617,-0.0377420141417615,-0.35908294642346716,10.317460317460316,0.01465278941126713,False,0.01465278941126713,False,0.01465278941126713,False,0.036825962475644236
2020-05-29,2020-05-29 00:00:00+00:00,233.36000061035156,-1.6762368672854595,-0.9506435084841026,0.11479497808631298,0.865662147896129,-0.9155897545135415,-0.15079777894304153,-0.5497925864279734,2.91005291005291,0.002999644096723264,False,0.0028282638857692888,False,0.0028282638857692888,False,0.08883131362746685
2020-06-01,2020-06-01 00:00:00+00:00,234.05999755859375,-2.045539863574993,-1.2469312207013743,-0.2149776278430951,0.9913700620725434,-0.9869341381970461,-0.10605476093033357,-0.6875376891191087,0.5291005291005291,0.004144241779120428,False,-0.00017086766876006632,False,-0.00017086766876006632,False,0.025002272886648358
2020-06-02,2020-06-02 00:00:00+00:00,235.6300048828125,-2.2935996776337446,-1.3929646824846742,0.19886677854103446,0.915312964768292,-1.0019101038108966,-0.1848278768706016,-0.7478286114664026,0.13227513227513227,-0.002546390914068941,False,-0.006832748703427094,False,-0.006832748703427094,False,0.024079583879437906
2020-06-03,2020-06-03 00:00:00+00:00,236.69000244140625,-3.0658438953189684,-1.4638504810671806,0.15964207786094853,0.8406706583512703,-1.0148620609510384,-0.2550590007867781,-0.9446657570326488,0.13227513227513227,-0.007013408445590397,False,-0.011280570118741173,False,-0.011280570118741173,False,0.016544526858328995
2020-06-04,2020-06-04 00:00:00+00:00,235.02999877929688,-3.4361215548594726,-1.4583557463818462,0.036803674033721,0.631525560819015,-0.8581284476162724,-0.2464587469968788,-1.0284859103255775,0.13227513227513227,-0.004297300396041592,False,-0.004297300396041592,False,-0.004297300396041592,False,0.007925160244401201
2020-06-05,2020-06-05 00:00:00+00:00,239.69000244140625,-3.5746671601896813,-1.7278279640033638,-0.13435096271062702,0.7034274699608579,-1.0817104111447016,-0.28875322490272126,-1.1561213296248596,0.13227513227513227,-0.023655547211783978,False,-0.023655547211783978,False,-0.023655547211783978,False,0.007524117260482363
2020-06-08,2020-06-08 00:00:00+00:00,241.5500030517578,-3.5204161203616327,-1.5684064784763594,-0.13176124032250572,0.6986451376319373,-1.133281137652167,-0.21077523979585994,-1.116534824720846,0.26455026455026454,-0.031173664600134154,True,-0.031173664600134154,False,-0.031173664600134154,False,0.007910488572416732
2020-06-09,2020-06-09 00:00:00+00:00,243.3000030517578,-2.56581457694709,-1.335513283026058,-0.5091323519799112,0.7353497343237098,-1.1180885123868387,-0.05603155546428977,-0.8889246964629871,0.6613756613756614,-0.038142205766116266,True,-0.038142205766116266,False,-0.038142205766116266,False,0.0041746531722573295
2020-06-10,2020-06-10 00:00:00+00:00,246.22000122070312,-1.8345086386233591,-1.245308554190087,-0.4018096600217287,1.0677896749520597,-1.2271684474794327,-0.0552027855326348,-0.6901847722149623,1.1904761904761905,-0.04954917101680356,True,-0.04954917101680356,False,-0.04954917101680356,False,0.004490033401851211
2020-06-11,2020-06-11 00:00:00+00:00,234.02000427246094,-1.5869420273189527,-0.7594939673992861,-0.07035076266395374,0.20962363401646175,-0.39628400900329,0.9924481530838991,-0.2876712029214878,16.534391534391535,0.007948041092188163,False,0.007948041092188163,False,0.007948041092188163,False,0.003306497798645845
2020-06-12,2020-06-12 00:00:00+00:00,235.8800048828125,-1.819857649842673,-0.9767694338082974,-0.1887876470166916,0.24099035730532434,-0.47302786122416735,0.7251948533813225,-0.44278375771421874,7.804232804232804,0.012167182710604685,False,0.012167182710604685,False,0.012167182710604685,False,0.0034655780025622802
2020-06-15,2020-06-15 00:00:00+00:00,238.75,-1.9440204057416324,-1.0856828061747108,0.024858523931301724,0.3194832655562206,-0.6096878336413668,0.572547961681605,-0.5086761342399222,5.158730158730158,0.017172800433573387,False,0.006157073175719896,False,0.006157073175719896,False,0.0039876092276468315
2020-06-16,2020-06-16 00:00:00+00:00,242.85000610351562,-1.3586788563922296,-0.9539165468271222,-0.23712781046778847,0.5010820756631778,-0.7995727920171939,0.45070485733599075,-0.43314730993605716,8.73015873015873,0.0031706361717926956,False,-0.010829750120292192,False,-0.010829750120292192,False,0.0074613178465603985
2020-06-17,2020-06-17 00:00:00+00:00,243.6199951171875,-1.2490734782583444,-0.8747475949946438,-0.17613252404791166,0.41605574001592815,-0.8002031413314757,0.4316641965946939,-0.40993951525062383,9.656084656084655,0.00036947540630394293,False,-0.013956136461003132,False,-0.013956136461003132,False,0.014053208303898146
2020-06-18,2020-06-18 00:00:00+00:00,244.27999877929688,-1.2074086188720132,-0.7043197320790568,-0.11517088900272004,0.3508644176641363,-0.7609609716650771,0.0504472680370653,-0.44811985056251524,7.804232804232804,-0.002333355445709895,False,-0.01662026190798327,False,-0.01662026190798327,False,0.011875114604506892
2020-06-19,2020-06-19 00:00:00+00:00,244.24000549316406,-1.166997911240142,-0.6459120688159178,-0.15616426607313044,0.3908591758153987,-0.7313945172821373,0.2525619610224257,-0.38304045405736165,10.978835978835978,-0.01645923756161005,False,-0.01645923756161005,False,-0.01645923756161005,False,0.014344613243157575
2020-06-22,2020-06-22 00:00:00+00:00,246.74000549316406,-0.7651070252958884,-0.6666294087269885,-0.22200754129279562,0.5741685547075237,-0.8396771093189036,0.07438903897312928,-0.34214890136053194,13.35978835978836,-0.026424593204613434,False,-0.026424593204613434,False,-0.026424593204613434,False,0.015069652086047543
2020-06-23,2020-06-23 00:00:00+00:00,248.83999633789062,0.17014663100192895,-0.5903535341174448,-0.241892900883375,0.7922870617303142,-0.9125448186073823,0.05578776211408115,-0.13122134604468155,33.86243386243386,-0.03464071388862555,True,-0.03464071388862555,False,-0.03464071388862555,False,0.02219978310317113
2020-06-24,2020-06-24 00:00:00+00:00,243.7100067138672,0.7014295754615555,-0.2937593141716625,-0.11277889785758344,0.4951107058594817,-0.5388875394482596,0.243881182239305,0.10020946261793472,58.333333333333336,-0.014320320860938485,False,-0.014320320860938485,False,-0.014320320860938485,False,0.04463481651849614
2020-06-25,2020-06-25 00:00:00+00:00,246.02999877929688,0.7162949220124689,-0.2969986547959357,-0.3146330568509948,0.6607943809244651,-0.6676929812526001,0.12083517065987885,0.05699347551812946,53.17460317460318,-0.023614996494007445,False,-0.023614996494007445,False,-0.023614996494007445,False,0.024059699676259746
2020-06-26,2020-06-26 00:00:00+00:00,240.22000122070312,0.1642189432964958,-0.05399799881485074,-0.2189673299872142,0.20480210823761333,-0.2476079462279728,0.21057045900348986,0.026160174629095537,50.0,0.010906648505010885,False,0.010906648505010885,False,0.010906648505010885,False,0.021679894257833652
2020-06-29,2020-06-29 00:00:00+00:00,242.83999633789062,0.32193794618414645,0.04178713760768496,-0.38040395657969617,0.4189371738032228,-0.39761725722704017,0.0870303073321887,0.03333845031152553,50.92592592592593,0.01960142413691135,False,0.01960142413691135,False,0.01960142413691135,False,0.02757919718848702
2020-06-30,2020-06-30 00:00:00+00:00,247.60000610351562,0.4174059163517991,-0.04220649493022824,-0.42136280887136,0.49324495350591097,-0.6397504241715968,0.012930878107787655,-0.016363238043185596,46.03174603174603,0.011672048943489166,False,0.011672048943489166,False,0.011672048943489166,False,0.049962441820949985
2020-07-01,2020-07-01 00:00:00+00:00,250.49000549316406,1.3193066050411282,0.049034424049341684,-0.4777079532124964,0.7171622964290657,-0.7470232009914023,-0.15054443647771504,0.15150650626491363,63.888888888888886,0.006786685739797127,False,0.006786685739797127,False,0.006786685739797127,False,0.06402653933979005
2020-07-02,2020-07-02 00:00:00+00:00,252.19000244140625,1.3793746473778021,0.0016369444874442622,-0.4689908516757548,0.8091130677425754,-0.8159667611451221,-0.17912880546983942,0.15156923281949555,64.15343915343915,0.017526400203684567,False,0.017526400203684567,False,0.013362921148987628,False,0.11495881441883
2020-07-06,2020-07-06 00:00:00+00:00,258.3900146484375,1.9878947021955176,0.015125735893392686,-0.59037193989485,0.9910185966851711,-1.0281186215116938,-0.22237925743744835,0.23936382054657462,70.63492063492063,-0.006888924478358427,False,-0.006888924478358427,False,-0.010952501758607958,False,0.13010255011444713
2020-07-07,2020-07-07 00:00:00+00:00,256.6099853515625,2.301159959964854,0.23244708038601367,-0.40494732724546234,0.8276471836675724,-0.8599137928215366,-0.0662934844012982,0.3935099434318955,79.23280423280423,0.007521231844174636,False,0.007521231844174636,False,-0.00409176514129117,False,0.27193998418964005
2020-07-08,2020-07-08 00:00:00+00:00,259.989990234375,1.967148114943343,0.03734489383364764,-0.46515035038740726,0.8345022419004825,-0.9895626673654677,-0.11888166583412671,0.2560027916701285,71.6931216931217,-0.0055770673638089185,False,-0.0055770673638089185,False,-0.01703908935796994,False,0.24243534243523285
2020-07-09,2020-07-09 00:00:00+00:00,262.17999267578125,1.9080199203807038,0.0617136163746693,-0.522261274555028,0.7869157751775426,-0.9961981353863808,-0.012519163145712452,0.2549288056470511,71.42857142857143,-0.013883531285931006,False,-0.015905038624792978,False,-0.025249810443674692,False,0.1726951564176497
2020-07-10,2020-07-10 00:00:00+00:00,263.9700012207031,1.5674364780738648,-0.4130119268569467,-0.628250374580238,1.2061863589138286,-1.174265338316113,-0.18585140335738357,0.09761507463058212,58.333333333333336,-0.02057049153566992,False,-0.03185969475022976,False,-0.03185969475022976,False,0.07750782877230158
2020-07-13,2020-07-13 00:00:00+00:00,258.5400085449219,1.6575361536289908,-0.1739900620763465,-0.6625061839462013,0.8252364297822852,-0.8318053164292895,0.18722005874848277,0.2340265159509075,69.97354497354497,0.0022433145861247006,False,-0.01152630497345386,False,-0.01152630497345386,False,0.10127716950165346
2020-07-14,2020-07-14 00:00:00+00:00,260.3699951171875,1.3768194142705183,-0.22253087827889137,-0.645140032288777,0.8450755790575123,-0.9011996775762948,-0.021083132214142764,0.1197750227839316,60.978835978835974,-0.00480086040420058,False,-0.018473701458683323,False,-0.018473701458683323,False,0.12653331565313966
2020-07-15,2020-07-15 00:00:00+00:00,260.8999938964844,0.8529078410761987,-0.20341711479511568,-0.6447262590364555,0.7415564775048354,-0.8897231029718812,-0.10481601778969733,-0.01207797743426356,46.56084656084656,-0.0068225328514308625,False,-0.020467598554292588,False,-0.020467598554292588,False,0.1134441348691791
2020-07-16,2020-07-16 00:00:00+00:00,259.1199951171875,0.6029237335609132,-0.2368843927122322,-0.5787319189083476,0.523847522546912,-0.7574717285714936,-0.11572411517552901,-0.06888314445285466,40.87301587301587,-0.004283673095395457,False,-0.013738799111136624,False,-0.013738799111136624,False,0.09136797382360189
2020-07-17,2020-07-17 00:00:00+00:00,259.4200134277344,0.21703115286853455,-0.3214350130728752,-0.6249579257735718,0.502874503243028,-0.7501642759405186,-0.20846133149244706,-0.18359875996472053,27.91005291005291,-0.014879406635355474,False,-0.014879406635355474,False,-0.014879406635355474,False,0.11434512609375262
2020-07-20,2020-07-20 00:00:00+00:00,266.7799987792969,1.0149812319212919,-0.44339074029741293,-0.5319841315337968,0.8349187196430677,-1.0636299065603354,-0.3454114421646166,-0.07328123961226349,40.87301587301587,-0.042057130489700834,True,-0.042057130489700834,False,-0.042057130489700834,False,0.08167961938203046
2020-07-21,2020-07-21 00:00:00+00:00,264.0,0.4289474343918079,-0.46796593162424466,-0.7013137444583452,0.5542919700518459,-0.8868592776556143,-0.2492494455878818,-0.198614726452032,26.71957671957672,-0.03196970621744788,True,-0.03196970621744788,False,-0.03196970621744788,False,0.05930587404296761
2020-07-22,2020-07-22 00:00:00+00:00,264.92999267578125,0.12875449347710044,-0.4487569993470686,-0.6714870797844061,0.5021612893640296,-0.8967710259467968,-0.23750920531116765,-0.2602432120320693,20.105820105820104,-0.03536781555969171,True,-0.03536781555969171,False,-0.03536781555969171,False,0.07496964344354567
2020-07-23,2020-07-23 00:00:00+00:00,258.010009765625,-0.6985333791388939,-0.5235287325316308,-0.7989362323810076,0.18641413695729533,-0.5637356454897569,-0.08772673414872563,-0.40045996432972636,10.052910052910052,-0.009495802931277053,False,-0.009495802931277053,False,-0.009495802931277053,False,0.06268877499845195
2020-07-24,2020-07-24 00:00:00+00:00,255.55999755859375,-0.6745429297894131,-0.49533031053680454,-0.7746847873298078,-0.017622909672257586,-0.3874158442618945,-0.024106613451904724,-0.3716245392649826,11.904761904761903,0.004891219329869578,False,0.004891219329869578,False,0.004891219329869578,False,0.07619233203937546
2020-07-27,2020-07-27 00:00:00+00:00,260.1199951171875,-0.3749664668975869,-0.7212172842322128,-0.8238368869038157,0.3632710815775564,-0.6521410919248227,-0.11438246630638198,-0.3643736241143384,12.433862433862434,-0.012724887054924583,False,-0.012724887054924583,False,-0.012724887054924583,False,0.024376366904154127
2020-07-28,2020-07-28 00:00:00+00:00,256.80999755859375,-0.4530875924188979,-0.6102867431069616,-0.7797573990085156,0.050585376772728084,-0.43254782534932407,-0.09122922002064379,-0.3573038724087597,12.962962962962962,0.01152599775405072,False,0.01152599775405072,False,0.01152599775405072,False,0.04052838226212727
2020-07-29,2020-07-29 00:00:00+00:00,259.7699890136719,-0.5499447084168357,-0.5813981246603593,-0.8757322036867067,0.06407796303779228,-0.5463545295296023,-0.18660218488675712,-0.4217515291786948,9.39153439153439,0.005235461857254986,False,0.005235461857254986,False,0.005235461857254986,False,0.040883877098370304
2020-07-30,2020-07-30 00:00:00+00:00,261.1300048828125,-0.6459261937795573,-0.5227840551020326,-0.9000528621985359,-0.0127831787325882,-0.5531723170529976,-0.18381969829946226,-0.4469240131214502,8.068783068783068,0.01784553124869981,False,0.015547801794802307,False,0.015547801794802307,False,0.041761125593637094
2020-07-31,2020-07-31 00:00:00+00:00,265.7900085449219,0.32604191031356106,-0.5090000760584187,-0.973735119233444,0.21008700582863374,-0.7482854052912845,-0.17662053547857032,-0.2619832785490709,20.634920634920633,0.013506889734283822,False,-0.002257444163534905,False,-0.002257444163534905,False,0.020749823072993594
2020-08-03,2020-08-03 00:00:00+00:00,269.3800048828125,0.3005080647845228,-0.40163208572456965,-0.9264824950757953,0.21335171741397282,-0.8309681994880022,-0.19714054281263318,-0.2664104402573916,20.238095238095237,0.0034523448619945274,False,-0.01555424443335729,False,-0.01555424443335729,False,0.026997711779447372
2020-08-04,2020-08-04 00:00:00+00:00,270.3800048828125,0.05515798880323952,-0.4509062574055082,-0.8108018310152533,0.2710669231229696,-0.8616282190123034,-0.267972205277968,-0.32294457034131246,15.608465608465607,-0.01919521542895042,False,-0.01919521542895042,False,-0.01919521542895042,False,0.020214212440733854
2020-08-05,2020-08-05 00:00:00+00:00,271.04998779296875,-0.11372725569902409,-0.4912818849190947,-0.921787154576989,0.1909925805734678,-0.8488820601563795,-0.2893516371133557,-0.3876143017032948,11.243386243386242,-0.021619574305380307,False,-0.021619574305380307,False,-0.021619574305380307,False,0.01805300058114071
2020-08-06,2020-08-06 00:00:00+00:00,274.6400146484375,0.32522392394383465,-0.5849278570112172,-0.9176598202832525,0.27238066511818104,-0.9392868427238684,-0.34859320409136946,-0.33117928538656133,14.814814814814813,-0.03440872306654974,True,-0.03440872306654974,False,-0.03440872306654974,False,0.007706538199333236
2020-08-07,2020-08-07 00:00:00+00:00,271.4700012207031,-0.03725726003043498,-0.5212469366131448,-0.8570647824826263,0.04971036644385459,-0.756902710085182,-0.3637753897545482,-0.38802403574768923,11.243386243386242,-0.023133306630780504,False,-0.023133306630780504,False,-0.023133306630780504,False,0.012663504431529521
2020-08-10,2020-08-10 00:00:00+00:00,270.30999755859375,-0.14114897475524657,-0.6192413417484832,-0.36139387811194984,0.10175564386651952,-0.729230802872305,-0.3573757223143189,-0.35931334248186364,13.227513227513226,-0.01894119774862435,False,-0.01894119774862435,False,-0.01894119774862435,False,0.013396648610533581
2020-08-11,2020-08-11 00:00:00+00:00,265.19000244140625,-0.44020183629670595,-0.46993636815951007,-0.1900503483025291,-0.23218933540042866,-0.43953893063313093,-0.15323752558328663,-0.3309195488668684,15.211640211640212,0.025151713295187283,False,0.025151713295187283,False,0.017949431433323726,False,0.014925030932359437
2020-08-12,2020-08-12 00:00:00+00:00,271.8599853515625,0.30717724165132754,-0.4920020878340221,-0.18839377365457666,0.11956479014910786,-0.7414836716557248,-0.23051027275083227,-0.20766831256924073,28.04232804232804,0.00110357657144311,False,0.00110357657144311,False,-0.007025576574137271,False,0.021024777324290842
2020-08-13,2020-08-13 00:00:00+00:00,272.4800109863281,0.4788407639018369,-0.5183976538081958,-0.25516314893919345,0.1858367222499124,-0.755070450303128,-0.2341406276763674,-0.17747451744319356,31.216931216931215,-0.001174424953450326,False,-0.001174424953450326,False,-0.009285080289518244,False,0.019030880732560217
2020-08-14,2020-08-14 00:00:00+00:00,272.1600036621094,0.6382432040002874,-0.4651369352630524,-0.17377105681427746,0.19838163622526483,-0.7086635687360993,-0.23104422420547369,-0.11768331832535296,38.095238095238095,0.011610830465862865,False,0.011610830465862865,False,-0.00812019189205282,False,0.010785208069860415
2020-08-17,2020-08-17 00:00:00+00:00,275.32000732421875,0.13417432429870257,-0.4740377487880172,-0.3484834500412451,0.10388052427794953,-0.7631509487501105,-0.29169607085488514,-0.2745064677418933,19.841269841269842,0.002833062467481051,False,0.002833062467481051,False,-0.01950455823889241,False,0.012249889144768775
2020-08-18,2020-08-18 00:00:00+00:00,277.9700012207031,0.799950734369229,-0.4331555082091478,-0.2537433953473267,0.33678066394772493,-0.854673026034361,-0.3360285127523125,-0.11798072705743498,38.22751322751323,-0.00672732708197088,False,-0.00672732708197088,False,-0.028851994742066234,False,0.013459315292542528
2020-08-19,2020-08-19 00:00:00+00:00,276.1000061035156,0.9134039467906905,-0.3990906163552843,0.019651642076263496,0.2035168120021471,-0.7298761957580931,-0.17285929909741612,-0.025237216058307987,47.22222222222222,0.013871736644691213,False,0.013871736644691213,False,-0.022274515612211276,False,0.01379895913082454
2020-08-20,2020-08-20 00:00:00+00:00,279.92999267578125,1.7801123507806489,-0.45277828927961244,-0.005332611062559875,0.6291214467184376,-0.918243131463021,-0.16717366418644705,0.16485732353580396,66.66666666666666,0.006930312907388991,False,0.006930312907388991,False,-0.04665451327225234,False,0.010996442336619713
2020-08-21,2020-08-21 00:00:00+00:00,281.8699951171875,2.0634015456267667,-0.43484092310276057,0.04737412573212356,0.7759222458919809,-0.9791970780759961,-0.19751595399050154,0.23323731370364922,71.82539682539682,0.0062440479515859515,False,0.00606659624898076,False,-0.05321602249208446,False,0.011536297134183015
2020-08-24,2020-08-24 00:00:00+00:00,283.6300048828125,1.8524763707974568,-0.4813034197303008,-0.34955548954852583,0.6927417495891154,-0.9913076399344898,-0.18961974167827517,0.13106999836090794,64.15343915343915,0.007862286889115833,False,-0.04823182470216225,False,-0.059091102764496806,False,0.010959426788011836
2020-08-25,2020-08-25 00:00:00+00:00,285.8599853515625,1.8787229162354155,-0.6046031957842687,-0.3271215218306929,0.8622641676090753,-1.0746085257255735,-0.24393422832102765,0.11797302602841461,62.698412698412696,0.01815575004323655,False,-0.055656524032086874,True,-0.07591122508022796,False,0.01009433776923749
2020-08-26,2020-08-26 00:00:00+00:00,291.9599914550781,2.4799957404289166,-0.5761846884224888,-0.3111989181544118,1.021358883622436,-1.241222172410781,-0.16434556791189583,0.25054183748579884,73.67724867724867,-0.003116877958428743,False,-0.07538697044876919,True,-0.09521848406152644,True,0.011768358045806152
2020-08-27,2020-08-27 00:00:00+00:00,291.04998779296875,2.2306293808511897,-0.657263924418693,-0.18695229518272807,0.8707600047748768,-1.1572694098698957,-0.05620962933033776,0.21675925086534603,71.03174603174604,-0.012506388192837115,False,-0.07249605384263558,True,-0.09238957312716645,True,0.009618849796665458
2020-08-28,2020-08-28 00:00:00+00:00,292.5299987792969,1.53541384729429,-0.6261411315173487,-0.2577049862788265,0.7682423862463504,-1.1577902215110896,-0.18559908327342628,0.03394959808342243,53.17460317460318,-0.030595194490749322,True,-0.0771886188305132,True,-0.09698148988333888,True,0.018075539329014564
2020-08-31,2020-08-31 00:00:00+00:00,294.8800048828125,1.6144402215587788,-0.5480135758930316,-0.15064044280986463,0.6605475914055285,-1.1594048042403766,0.11324556583998091,0.11547225467756472,62.56613756613757,-0.08454283865631584,True,-0.08454283865631584,True,-0.10417797311456056,True,0.01724985428152419
2020-09-01,2020-09-01 00:00:00+00:00,299.9200134277344,1.9141990595963996,-0.5600642529877835,-0.3055558554474659,0.8471539454523623,-1.298778292102978,0.10556068242546042,0.15670415830871665,66.7989417989418,-0.09992664670216944,True,-0.09992664670216944,True,-0.119231822368004,True,0.01468373125977715
2020-09-02,2020-09-02 00:00:00+00:00,302.760009765625,1.5246055131185907,-0.4975100730025403,-0.19896277152098893,0.911538083954996,-1.383460781902567,0.09525002326718111,0.08948687538741046,60.05291005291006,-0.10836965418250877,True,-0.10836965418250877,True,-0.12749374044939743,True,0.0266523100630034
2020-09-03,2020-09-03 00:00:00+00:00,287.4100036621094,0.6316426413075987,-0.29834610641775283,0.415311144576338,-0.11005956957069353,-0.5953386240672774,0.724214834814515,0.13237403347033408,64.81481481481481,-0.060749421497536926,True,-0.07146587899935986,True,-0.08089488780402243,True,0.030327451435232113
2020-09-04,2020-09-04 00:00:00+00:00,283.5799865722656,0.699324408957586,-0.3393928002237812,0.26499554783024326,-0.11384723714093455,-0.41957211204630945,0.6187802494909438,0.13822005845876104,65.21164021164022,-0.04806395024551924,True,-0.05892514368541257,True,-0.06848150021054955,False,0.043989744567255795
2020-09-08,2020-09-08 00:00:00+00:00,269.95001220703125,0.16186884897344525,-0.1271759966714112,0.4358884233582908,-0.7146910940180043,0.20794629229406236,0.5749417155019519,0.1062601500863087,61.904761904761905,0.001852194767142823,False,-0.011409583073037965,False,-0.02144844705723281,False,0.08614343629573575
2020-09-09,2020-09-09 00:00:00+00:00,277.8800048828125,0.8304827818969737,-0.30480744245989355,0.26816981627875963,-0.20763158298473353,-0.1895323727855519,0.3924718142860834,0.15663557249068294,67.32804232804233,-0.026738133529667363,False,-0.049373833955736135,False,-0.049373833955736135,False,0.09063535129166732
2020-09-10,2020-09-10 00:00:00+00:00,272.3399963378906,0.3183099736646464,-0.09257866389805909,0.26088076020403994,-0.6312281443443295,0.14992969459444377,0.45703308582790425,0.10257160560144461,61.24338624338625,-0.007417158848624261,False,-0.030035957941456304,False,-0.030035957941456304,False,0.1116016457440115
2020-09-11,2020-09-11 00:00:00+00:00,270.45001220703125,-0.03252720607441418,-0.07278021934076682,0.1893423875998673,-0.6207302836966633,0.2400093511231782,0.06632085363283205,-0.03033173695930856,46.95767195767196,-0.013237259856742845,False,-0.023257564285509513,False,-0.023257564285509513,False,0.08924410285904309
2020-09-14,2020-09-14 00:00:00+00:00,275.1600036621094,-0.3044058707445085,-0.10749027213813833,0.18069168769847976,-0.47742922518781267,0.01928921252499689,0.06466307616825095,-0.1137594722392968,38.88888888888889,-0.03012795622397879,True,-0.03997674027329845,False,-0.03997674027329845,False,0.14338701873753168
2020-09-15,2020-09-15 00:00:00+00:00,279.05999755859375,-0.10437473948022341,-0.13997097842507553,0.14627563487185977,-0.3719262731255415,-0.11340556211904958,0.030095034095555674,-0.09969407774615005,40.476190476190474,-0.04368237134685249,True,-0.053393514035833256,True,-0.053393514035833256,False,0.11619675927044298
2020-09-16,2020-09-16 00:00:00+00:00,274.6099853515625,-0.9262820399545819,-0.1561052284710125,0.17668698214532966,-0.6052255425391803,0.10387563239199449,0.13267615681976289,-0.23447696758556086,25.132275132275133,-0.038053902796268635,True,-0.038053902796268635,False,-0.038053902796268635,False,0.11570222831662536
2020-09-17,2020-09-17 00:00:00+00:00,270.32000732421875,-1.1880320480153892,-0.10992869234214647,0.01440911015851662,-0.6997295918841543,0.28843363843711417,0.1441535731770483,-0.27109679889833876,20.502645502645503,-0.022787819973388523,False,-0.022787819973388523,False,-0.022787819973388523,False,0.11467618302763366
2020-09-18,2020-09-18 00:00:00+00:00,266.8699951171875,-1.708898594174815,-0.06807842263079676,-0.3919320661568372,-0.7699920519086229,0.49313912104711993,0.14680366857585678,-0.37869493870696425,12.037037037037036,-0.010154725164543521,False,-0.010154725164543521,False,-0.010154725164543521,False,0.07415012810495865
2020-09-21,2020-09-21 00:00:00+00:00,267.510009765625,-1.3028012192062655,0.08761861255879676,-0.09830415854416497,-0.7645789950448738,0.5160667792284838,0.2667701698039175,-0.2153673272621009,27.380952380952383,-0.012522918699194419,False,-0.012522918699194419,False,-0.012522918699194419,False,0.12553638304206044
2020-09-22,2020-09-22 00:00:00+00:00,272.4800109863281,-0.8965139220338806,0.08222101638702171,-0.26876454440097935,-0.655309164009192,0.31134139476697237,0.19198293147284998,-0.19147759574223513,30.02645502645503,-0.03053437679373927,True,-0.03053437679373927,False,-0.03053437679373927,False,0.1679356961060961
2020-09-23,2020-09-23 00:00:00+00:00,264.1600036621094,-1.4520283866243842,0.3242408022380886,-0.1252797614877184,-0.8501438778836495,0.7213093633018257,0.32003256856302753,-0.17355072844751218,32.93650793650794,0.004656310453044377,False,0.004656310453044377,False,0.004656310453044377,False,0.21581717433431982
2020-09-24,2020-09-24 00:00:00+00:00,265.3900146484375,-1.5971369490083849,0.36279576708515315,-0.21255956725679853,-0.8503085570265516,0.7074448060999923,0.258277033070882,-0.22066589718439172,26.71957671957672,0.023248737969021382,False,0.023248737969021382,False,0.023248737969021382,False,0.1572100865256828
2020-09-25,2020-09-25 00:00:00+00:00,271.55999755859375,-1.4135868543374457,0.4120918941116533,-0.1727921261372658,-0.7006003350924725,0.42147837611348526,0.12758173239704326,-0.2334608279262329,25.66137566137566,0.010126675595534484,False,0.010126675595534484,False,0.010126675595534484,False,0.21755546396825642
2020-09-28,2020-09-28 00:00:00+00:00,277.20001220703125,-1.335229467606739,0.2888487067915217,-0.08235222250300492,-0.6493991486262284,0.17967265996057816,0.06239657060526599,-0.2809498359336855,19.444444444444446,-0.010425737810859315,False,-0.010425737810859315,False,-0.010425737810859315,False,0.18830935929385503
2020-09-29,2020-09-29 00:00:00+00:00,275.95001220703125,-1.426694195917604,0.26009085915622027,-0.08479280144068939,-0.691317861466437,0.2610466710412895,0.07676289500202568,-0.29094025646545923,18.78306878306878,-0.00594315845584048,False,-0.00594315845584048,False,-0.00594315845584048,False,0.17034219174062606
2020-09-30,2020-09-30 00:00:00+00:00,277.8399963378906,-1.4352222727019586,0.11787958031866606,-0.014848742282073696,-0.699227692404414,0.20710467766577112,0.022195725904149956,-0.32987146486747704,15.343915343915343,-0.012705149819408734,False,-0.012705149819408734,False,-0.022314935830596294,False,0.14837517525474475
2020-10-01,2020-10-01 00:00:00+00:00,282.25,-1.1402680547994224,0.12205375971040745,0.004026450365078954,-0.6149756371269418,0.04792833580987536,0.024979880689926494,-0.2870076042358964,19.17989417989418,-0.02813109810949954,False,-0.02813109810949954,False,-0.03759073640943311,False,0.1294331327498957
2020-10-02,2020-10-02 00:00:00+00:00,274.30999755859375,-1.3441922653668856,-0.019895874394199143,-0.21892619025173612,-0.7690544403940075,0.2876048164664106,0.13190981828756038,-0.3251706923659875,15.74074074074074,0.0030987062486997896,False,0.0030987062486997896,False,-0.01797234048944274,False,0.15656309554600917
2020-10-05,2020-10-05 00:00:00+00:00,280.1600036621094,-1.178882228899287,-0.24331125132095668,-0.4725660727763804,-0.7295710520264267,-0.007695400222150872,0.1524462464278159,-0.40001522931847,10.317460317460316,-0.017846944369797724,False,-0.017846944369797724,False,-0.0384780077041198,False,0.1709042213654418
2020-10-06,2020-10-06 00:00:00+00:00,275.1600036621094,-1.1665005159980135,-0.2654822074462188,-0.4027256726672473,-0.6732969938702794,0.1339696499820419,0.22736080030407835,-0.3421234606065781,14.285714285714285,0.017299061281704997,False,0.017299061281704997,False,-0.021005955452721214,False,0.18255695181890202
2020-10-07,2020-10-07 00:00:00+00:00,279.9200134277344,-1.5130451084489225,-0.2994874895950534,-0.5376014806112377,-0.6681874407358483,-0.029626513531303786,0.07241129539821117,-0.4929634529271621,5.423280423280423,0.005322914271578716,False,0.005322914271578716,False,-0.037653644038720846,False,0.1712714202700019
2020-10-08,2020-10-08 00:00:00+00:00,281.4100036621094,-1.5860993150036062,-0.401396366796895,-0.4215656895857914,-0.44653411709964635,-0.13758187612064277,-0.10396109662215089,-0.5348745990923403,4.365079365079365,0.015280152578128536,False,0.00849288973297857,False,-0.042749009000196625,False,0.15251295368494586
2020-10-09,2020-10-09 00:00:00+00:00,285.7099914550781,-1.2321788029690883,-0.4556988402287277,-0.4958263355034942,-0.1884766596826116,-0.3301587317142187,-0.25928189789895467,-0.5105328450535027,5.158730158730158,0.009800211383181878,False,-0.006685113294015443,False,-0.05715581204948228,False,0.1677747560240811
2020-10-12,2020-10-12 00:00:00+00:00,294.5299987792969,-0.5348057688139344,-0.5024819653903775,-0.6324383225426984,0.056508587417817585,-0.6593603350967949,-0.24004299373255264,-0.4169816584788102,9.656084656084655,-0.03643096129697998,True,-0.047737064532871076,False,-0.08539026245448866,True,0.1287714116319675
2020-10-13,2020-10-13 00:00:00+00:00,294.5199890136719,-0.6494816346894223,-0.34309026100955187,-0.5273769763306219,-0.05304953995057957,-0.5923797750082431,-0.20497082074623435,-0.40152511386586187,10.317460317460316,-0.03639821275494304,True,-0.04770470024809259,False,-0.08535917787805014,True,0.14160858089400952
2020-10-14,2020-10-14 00:00:00+00:00,292.05999755859375,-0.4050831641586343,-0.2831312133801211,-0.5541721393339485,-0.0038914962024285626,-0.49743783144135506,-0.14792184138398576,-0.30855918776757235,17.32804232804233,-0.028281893565269445,False,-0.0699170823832509,True,-0.077655251884439,False,0.15541980951647988
2020-10-15,2020-10-15 00:00:00+00:00,290.1000061035156,-0.3671059397819179,-0.32506197742460824,-0.6392230130391822,0.023176532625951502,-0.439665089777014,-0.05630447783287683,-0.28182021950207853,19.576719576719576,-0.021716712092377022,False,-0.06363319912682486,True,-0.07142364972343251,False,0.1456002910754255
2020-10-16,2020-10-16 00:00:00+00:00,288.510009765625,-0.5058860575732379,-0.36125054206335144,-0.582085175985074,0.03286789860324374,-0.39415745490322457,-0.004891559217434871,-0.28845292845630305,19.17989417989418,-0.016325332963256667,False,-0.06630620857263503,True,-0.06630620857263503,False,0.1866741784354143
2020-10-19,2020-10-19 00:00:00+00:00,283.79998779296875,-0.9918366333311622,-0.40646842906479225,-0.6806229167086024,-0.29645437764261723,-0.15084665511616926,0.15740377193909721,-0.37055661597861855,12.698412698412698,-0.01173356841260631,False,-0.050810371847780256,True,-0.050810371847780256,False,0.09907515399327198
2020-10-20,2020-10-20 00:00:00+00:00,284.4100036621094,-1.1881044372400942,-0.4630745864862451,-0.8133647761801651,-0.42865971278668114,-0.1378842951684495,0.1058980471621392,-0.45911475955823633,7.4074074074074066,-0.013853248446517807,False,-0.05284623812723943,True,-0.05284623812723943,False,0.07537482478998035
2020-10-21,2020-10-21 00:00:00+00:00,284.19000244140625,-0.7638754654860828,-0.5995502358763575,-1.0252003796447404,-0.19081138334055434,-0.17530712693997028,0.01115729540561578,-0.4066793402510983,10.44973544973545,-0.04416055345070169,True,-0.052113013939141806,True,-0.052113013939141806,False,0.04836957311487131
2020-10-22,2020-10-22 00:00:00+00:00,284.17999267578125,-1.1577988076483239,-0.7017675345819206,-1.0058159417581627,-0.2747854539452758,-0.17177892462651315,-0.03511232871127552,-0.5200025546521183,4.894179894179894,-0.044126885602571275,True,-0.05207962620315054,True,-0.05207962620315054,False,0.051764701411424766
2020-10-23,2020-10-23 00:00:00+00:00,284.739990234375,-1.291947062213468,-0.6670802130173077,-0.9304679678925201,-0.43658200446489115,-0.14739363895959323,-0.10629142457167222,-0.5677225545605284,3.3068783068783065,-0.0539438992707677,True,-0.0539438992707677,True,-0.0539438992707677,False,0.052253119925660334
2020-10-26,2020-10-26 00:00:00+00:00,280.4700012207031,-1.061919160201882,-0.3650211080007637,-0.7846507017372724,-0.781069473729248,0.12040336243965166,0.18888493244100896,-0.4009048304974733,10.978835978835978,-0.039540757619792144,True,-0.039540757619792144,False,-0.039540757619792144,False,0.059840907580239425
2020-10-27,2020-10-27 00:00:00+00:00,282.6600036621094,-0.639759680021808,-0.33394189132166346,-0.9947152121531286,-0.6397556565319676,0.038222613777281096,0.23041224594817128,-0.3197511174526287,17.59259259259259,-0.04698223521985001,True,-0.04698223521985001,False,-0.04698223521985001,False,0.05307554517777591
2020-10-28,2020-10-28 00:00:00+00:00,271.6400146484375,-1.118760038387524,-0.05817947619903719,-0.8304783269999705,-1.1180331813431323,0.5682301197162754,0.7730540111944847,-0.21497491282667525,28.439153439153444,-0.008319870577793709,False,-0.008319870577793709,False,-0.008319870577793709,False,0.06536657076340881
2020-10-29,2020-10-29 00:00:00+00:00,276.3900146484375,-0.9591947972316112,-0.1896723533437048,-0.8752438802905687,-0.9799227732824317,0.38863048105140424,0.5924020146932495,-0.2585961173203688,23.677248677248677,-0.025362746098268385,False,-0.025362746098268385,False,-0.025362746098268385,False,0.053094021877259624
2020-10-30,2020-10-30 00:00:00+00:00,269.3800048828125,-1.0356392799795895,-0.26525260588904054,-0.9826598873997945,-1.0845546027710962,0.6309396501158987,0.6386986359251565,-0.2539372688267068,24.074074074074073,0.002227359464844536,False,0.002227359464844536,False,0.002227359464844536,False,0.08395750374557719
2020-11-02,2020-11-02 00:00:00+00:00,269.9800109863281,-1.3798535528861375,-0.06184049152985476,-0.8163149730058039,-0.9852187634783834,0.6148663755784812,0.35818504949695157,-0.32005081111395706,17.59259259259259,0.0172975135940443,False,0.0172975135940443,False,0.0172975135940443,False,0.06847013623818797
2020-11-03,2020-11-03 00:00:00+00:00,274.6499938964844,-1.379906130776222,-0.33695930935943813,-0.8935900367445196,-0.9132151641538835,0.3467811395948945,0.22326800686220616,-0.43885657156527447,8.73015873015873,0.03193162106734082,False,0.03193162106734082,False,0.03193162106734082,False,0.07280894047306205
2020-11-04,2020-11-04 00:00:00+00:00,286.9100036621094,-0.7336981723934025,-0.2500016326809192,-0.6319598174961123,-0.4140047240028708,-0.14530539638274145,-0.2520048027815447,-0.38899860956371746,12.037037037037036,-0.012164059077163225,False,-0.012164059077163225,False,-0.012164059077163225,False,0.12633109642269874
2020-11-05,2020-11-05 00:00:00+00:00,294.3900146484375,-0.3798804646108788,-0.3305771618710027,-0.8474849016869388,-0.11284605419595102,-0.47202123663275297,-0.3332231807066136,-0.388286948968786,12.3015873015873,-0.03726349629692294,True,-0.03726349629692294,False,-0.03726349629692294,False,0.09956828388239662
2020-11-06,2020-11-06 00:00:00+00:00,294.6099853515625,-0.4725457323165861,-0.32034883514389495,-0.8490846933143448,-0.14808388407033396,-0.43992628286245306,-0.5021869753411379,-0.43810517531760423,8.994708994708994,-0.03798232402230006,True,-0.03798232402230006,False,-0.03798232402230006,False,0.09020294083930712
2020-11-09,2020-11-09 00:00:00+00:00,288.5899963378906,-1.7857631045623057,-0.5390872481260466,-0.7208617915936708,-0.5747042899203291,-0.17330019892920565,-0.4323961798693035,-0.7174468065384865,1.0582010582010581,-0.01791462966756152,False,-0.01791462966756152,False,-0.01791462966756152,False,0.06404065273089354
2020-11-10,2020-11-10 00:00:00+00:00,283.4200134277344,-2.051172470971073,-0.6384801319621485,-0.5217439918875706,-0.6705222491695652,0.027004942474051538,-0.4451170520599387,-0.7423816724699063,0.9259259259259258,0.017571026154861835,False,0.017571026154861835,False,0.017571026154861835,False,0.05147998069711985
2020-11-11,2020-11-11 00:00:00+00:00,289.760009765625,-1.6517496840966466,-0.6557067928534205,-0.7603319876425476,-0.540184670226619,-0.25273055840110925,-0.4106211209349585,-0.7184371909128036,1.1904761904761905,-0.0046935940892626205,False,-0.0046935940892626205,False,-0.0046935940892626205,False,0.07670328232113281
2020-11-12,2020-11-12 00:00:00+00:00,288.3999938964844,-1.3854054419115887,-0.42397128096942266,-0.8555775430862942,-0.5448661196028591,-0.18486485567549146,-0.2406897797481721,-0.5930753798615221,3.439153439153439,0.005929235406613387,False,0.005929235406613387,False,0.005929235406613387,False,0.10686020660135416
2020-11-13,2020-11-13 00:00:00+00:00,290.92999267578125,-1.6985715725607855,-0.5154715100649158,-0.8405440813137394,-0.4320397039258917,-0.3241815998297514,-0.34706190938009035,-0.7001441065841205,1.5873015873015872,-0.0028185726630549635,False,-0.0028185726630549635,False,-0.0028185726630549635,False,0.10518472290982449
2020-11-16,2020-11-16 00:00:00+00:00,293.20001220703125,-1.6912401344497427,-0.667196947553748,-0.9486214531583093,-0.24462864738228043,-0.46779281313704363,-0.4408787972596532,-0.7516183335255232,0.7936507936507936,-0.010538972465276908,False,-0.010538972465276908,False,-0.010538972465276908,False,0.07738994722228475
2020-11-17,2020-11-17 00:00:00+00:00,292.2699890136719,-1.590514381963409,-0.5356054969640217,-1.03058265165,-0.27240951832080745,-0.40200009961258737,-0.41004064896789566,-0.7047715435665028,1.7195767195767195,-0.007390439467968579,False,-0.007390439467968579,False,-0.007390439467968579,False,0.10376609538496062
2020-11-18,2020-11-18 00:00:00+00:00,290.1099853515625,-1.5961536530677793,-0.4626344701511498,-1.0679541195452087,-0.3786848822372922,-0.27802084374897795,-0.2932726049754072,-0.6664827351712201,2.380952380952381,0.0009307488362484406,False,0.0009307488362484406,False,0.0009307488362484406,False,0.10058539383766002
2020-11-19,2020-11-19 00:00:00+00:00,292.3800048828125,-1.4571815520607447,-0.4116086533895332,-0.6210986390320523,-0.26263873451543424,-0.36813241347776526,-0.4043317213118064,-0.6091761094590136,3.7037037037037033,-0.006840413046718452,False,-0.006840413046718452,False,-0.006840413046718452,False,0.12849275820820746
2020-11-20,2020-11-20 00:00:00+00:00,290.3800048828125,-1.571670694469711,-0.32845680808842714,-0.8067392907813161,-0.36946782248708976,-0.2622103092749873,-0.29428839989113964,-0.6109965043916268,3.7037037037037033,3.447126336753037e-05,False,3.447126336753037e-05,False,3.447126336753037e-05,False,0.13646587778515026
2020-11-23,2020-11-23 00:00:00+00:00,290.3900146484375,-1.9904011457180957,-0.5335321680476693,-0.7877048369922849,-0.3301918322413328,-0.3016745353592135,-0.38298478745655623,-0.7433411774493519,1.0582010582010581,0.014050023645630905,False,0.014050023645630905,False,0.014050023645630905,False,0.10614448836531265
2020-11-24,2020-11-24 00:00:00+00:00,294.4700012207031,-2.1581300566094175,-0.6839630648642796,-0.9833183045986844,-0.25731778188551585,-0.4712548048348844,-0.46530261912964477,-0.8584614535871271,0.7936507936507936,0.006146628013347755,False,0.006146628013347755,False,0.006146628013347755,False,0.06503577574834368
2020-11-25,2020-11-25 00:00:00+00:00,296.2799987792969,-1.6548141153559122,-0.8033152650463121,-0.7806786929747437,0.12394007537714653,-0.6091677284809297,-0.5806425218510513,-0.7488990208854278,1.0582010582010581,0.009214293902983783,False,0.009214293902983783,False,0.009214293902983783,False,0.06359159552906851
2020-11-27,2020-11-27 00:00:00+00:00,299.010009765625,-1.7726292546794349,-0.6730419893820626,-0.044840748560702984,0.10324876629653006,-0.7014509214142466,-0.5901222550682066,-0.7027935445512777,2.2486772486772484,0.0020400164932292686,False,0.0020400164932292686,False,0.0020400164932292686,False,0.08592483795061333
2020-11-30,2020-11-30 00:00:00+00:00,299.6199951171875,-1.5567781439100317,-0.6230872216561585,-0.3726491810551099,0.3438010286306641,-0.7426904154219721,-0.6266110818970562,-0.6643737753051472,3.0423280423280423,0.012816221882617329,False,0.005640486178985604,False,0.005640486178985604,False,0.0963139781206263
2020-12-01,2020-12-01 00:00:00+00:00,303.4599914550781,-1.1441274574403792,-0.7424744839184011,-0.0319855046875851,0.44419576523101606,-0.862172831228496,-0.550315758095188,-0.5592635676246789,5.952380952380952,0.001285225925722111,False,-0.007084933622304668,False,-0.007084933622304668,False,0.11180643989647725
2020-12-02,2020-12-02 00:00:00+00:00,303.8500061035156,-1.0168453297815419,-0.6931061978303465,0.10732705395974615,0.3371207419413393,-0.8155434109167455,-0.4533710536360733,-0.4998170718542486,7.936507936507936,-0.008359415810103799,False,-0.008359415810103799,False,-0.008359415810103799,False,0.10943070418710983
2020-12-03,2020-12-03 00:00:00+00:00,304.2799987792969,-1.563575109124165,-0.6289211863963999,0.09237572936657418,0.048761848071529314,-0.711885507044673,-0.47385949331537686,-0.6276503497089162,3.968253968253968,-0.009760750731622525,False,-0.009760750731622525,False,-0.009760750731622525,False,0.04743193631990275
2020-12-04,2020-12-04 00:00:00+00:00,305.5199890136719,-1.9459951407718108,-0.7120206660000735,0.19050400656736172,-0.11592671197030636,-0.6985825269863916,-0.5224844321578843,-0.7385541260220382,1.5873015873015872,-0.013779757811164806,False,-0.013779757811164806,False,-0.013779757811164806,False,0.05228347304505957
2020-12-07,2020-12-07 00:00:00+00:00,307.25,-1.721699367649551,-0.6015027468794796,0.2637528400876605,-0.053275861124893964,-0.7204246864117897,-0.46450224351888003,-0.6531667667079339,3.3068783068783065,-0.019332798832892628,False,-0.019332798832892628,False,-0.019332798832892628,False,0.041589662521346826
2020-12-08,2020-12-08 00:00:00+00:00,308.2900085449219,-1.1559822890658744,-0.3935098568691,0.42115449110856096,0.24792441667158857,-0.7845599732012025,-0.5514590862806834,-0.4781226366283228,9.656084656084655,-0.022641054827798768,False,-0.022641054827798768,False,-0.022641054827798768,False,0.10880149476253935
2020-12-09,2020-12-09 00:00:00+00:00,301.30999755859375,-1.198585517050023,-0.35034376857075117,0.5189059958939333,0.05428044463564325,-0.5190204375336736,-0.397158800078925,-0.41547184993339714,13.227513227513226,0.001792202546538002,False,0.001792202546538002,False,0.001792202546538002,False,0.12544741213546937
2020-12-10,2020-12-10 00:00:00+00:00,302.5199890136719,-1.3338345693984286,-0.31620443699366074,0.5053079212605214,-0.06520069686411105,-0.5033605328118165,-0.38027927589059,-0.45017485357278064,10.846560846560847,-0.0022146731934661323,False,-0.0022146731934661323,False,-0.0022146731934661323,False,0.08527192463402825
2020-12-11,2020-12-11 00:00:00+00:00,301.8500061035156,-1.2993719851424357,-0.40008312628926185,0.18791871476054423,-0.12028615675495384,-0.46793567752996873,-0.2805613023706974,-0.46883731398919826,9.788359788359788,0.007255267176158986,False,0.007255267176158986,False,0.007255267176158986,False,0.06710142471881067
2020-12-14,2020-12-14 00:00:00+00:00,304.0400085449219,-1.0546582525838395,-0.33364085793718967,0.5178208235874311,-0.10454988866630675,-0.5013822292984598,-0.1949402561643549,-0.3641426772411122,17.32804232804233,0.010689382675503456,False,0.010689382675503456,False,0.010689382675503456,False,0.07840722882354438
2020-12-15,2020-12-15 00:00:00+00:00,307.2900085449219,-1.0022176848115472,-0.3479995809753478,0.3133942185688133,0.013433003323238296,-0.6257424191242333,-0.34082539646262217,-0.41260266487061564,13.492063492063492,0.0053044512918949405,False,0.0029613838289712646,False,0.0008135637119599526,False,0.09546561155112335
2020-12-16,2020-12-16 00:00:00+00:00,308.9800109863281,-0.8770500747402568,-0.3879103289378359,0.0831090195432159,0.09591375040650436,-0.6736843530431434,-0.4500250493337,-0.4356404802487981,12.3015873015873,-0.0025244311980149314,False,-0.0025244311980149314,False,-0.004660503560762641,False,0.08650135630297068
2020-12-17,2020-12-17 00:00:00+00:00,311.0,-0.9629376644819451,-0.43602844303516464,-0.12052384651107445,0.21124613318772908,-0.7466840782571578,-0.5170128968372941,-0.49109665904350225,8.862433862433862,-0.009003176183179251,False,-0.009003176183179251,False,-0.011125374453627379,False,0.07487470352190101
2020-12-18,2020-12-18 00:00:00+00:00,310.05999755859375,-1.1745913644628727,-0.42871209274866356,-0.3676884216689303,0.08601280048417054,-0.6612139150474375,-0.5629926096978062,-0.5679333138481902,5.6878306878306875,-0.005998791737753972,False,-0.005998791737753972,False,-0.008127423832529845,False,0.06091588734027529
2020-12-21,2020-12-21 00:00:00+00:00,308.9200134277344,-0.8518142397272435,-0.4130125287734063,-0.17921491849673582,0.014782401157675526,-0.6114350708953674,-0.2897839257718112,-0.42826265827091764,13.095238095238097,-0.0023307043551956674,False,-0.0044671915797883655,False,-0.0044671915797883655,False,0.06434353955277264
2020-12-22,2020-12-22 00:00:00+00:00,309.760009765625,-0.5525200913749251,-0.3425051960301422,-0.5915622254345612,0.10972130037107437,-0.6302907459034556,-0.30766328871900583,-0.39216863209179353,15.74074074074074,-0.005036148984415734,False,-0.007166842557833286,False,-0.007166842557833286,False,0.07053198590995978
2020-12-23,2020-12-23 00:00:00+00:00,308.20001220703125,-0.6331595788957741,-0.3488335555207007,-0.4070929307123196,-0.034949364922744613,-0.5316365955364813,-0.4150037520714986,-0.4142367164384996,14.02116402116402,0.004412671309853566,False,-0.0021414783775739465,False,-0.0021414783775739465,False,0.07868046215429725
2020-12-24,2020-12-24 00:00:00+00:00,309.55999755859375,-0.6490993585575461,-0.35290942772116923,-0.5877795173450766,0.009698889762682017,-0.556380793886538,-0.5760066694215278,-0.4665568968014032,10.44973544973545,-0.0008075978872323919,False,-0.0065253554386965895,False,-0.0065253554386965895,False,0.06425071969210742
2020-12-28,2020-12-28 00:00:00+00:00,312.67999267578125,-0.20303261728727953,-0.4078418336660321,-1.26200242740093,0.08407593248582125,-0.6350748659008779,-0.5532803515241806,-0.45304269485959225,11.375661375661375,-0.010777776628266289,False,-0.016438481038948516,False,-0.016438481038948516,False,0.031300496912476584
2020-12-29,2020-12-29 00:00:00+00:00,312.9599914550781,-0.18302452204795064,-0.3972191220829709,-1.1371629939716976,0.05096249520489937,-0.6014451670136264,-0.5658972464536921,-0.43572818053193435,12.83068783068783,-0.01731845302320134,False,-0.01731845302320134,False,-0.01731845302320134,False,0.02754587999475172
2020-12-30,2020-12-30 00:00:00+00:00,312.9700012207031,-0.5315248584275251,-0.3136777256771755,-1.3712134420521853,-0.042499514497723934,-0.5593340323833199,-0.579628690385778,-0.524645446470778,7.671957671957672,-0.01734988227179024,False,-0.01734988227179024,False,-0.01734988227179024,False,0.028515187558068446
2020-12-31,2020-12-31 00:00:00+00:00,313.739990234375,-0.5619810965277174,-0.26895659955820134,-0.9091726259224489,-0.013918938176906148,-0.5654672173906706,-0.5582760662738722,-0.47049346929096303,10.185185185185185,-0.01976152827958433,False,-0.01976152827958433,False,-0.01976152827958433,False,0.04003008593815445
2021-01-04,2021-01-04 00:00:00+00:00,309.30999755859375,-0.4503851469822469,-0.23733804864756206,-0.9602669362580616,-0.2988582239219713,-0.344722892270464,-0.06730140093287137,-0.34893802254835266,19.973544973544975,-0.005722378932600081,False,-0.005722378932600081,False,-0.005722378932600081,False,0.04837899723742231
2021-01-05,2021-01-05 00:00:00+00:00,311.8599853515625,-0.29404168679703974,-0.1964892584655024,-1.2116531366858194,-0.150850254694729,-0.42859446700564724,-0.2323744797753408,-0.36426836735822227,18.915343915343914,-0.013852295932646475,False,-0.013852295932646475,False,-0.013852295932646475,False,0.05043217387546651
2021-01-06,2021-01-06 00:00:00+00:00,307.5400085449219,-0.9546260200208575,-0.35894700122363693,-1.6265637844973473,-0.41036256210633537,-0.2653551688746322,-0.3150060969969734,-0.5850502701277231,5.555555555555555,0.020745284208706805,False,0.014046877435816896,False,0.014046877435816896,False,0.02590256810932489
2021-01-07,2021-01-07 00:00:00+00:00,314.9800109863281,-0.7431036928761209,-0.5054499032375523,-1.7726389177559922,-0.12927452081514265,-0.5394237603295644,-0.507632496036783,-0.6305045452319971,4.1005291005291005,-0.0033652851661108985,False,-0.009905471858342896,False,-0.009905471858342896,False,0.024883599384685946
2021-01-08,2021-01-08 00:00:00+00:00,319.0299987792969,-0.4787098518604118,-0.5875496066152289,-2.017184953354404,0.20563580126256087,-0.6877542970103566,-0.5885317887971889,-0.6100047536719321,5.026455026455026,-0.022474417625831355,False,-0.022474417625831355,False,-0.022474417625831355,False,0.0326729587653935
2021-01-11,2021-01-11 00:00:00+00:00,314.4200134277344,-0.7560733029877387,-0.5461876117508041,-0.8952267260323021,-0.08336469391592682,-0.4710800281727541,-0.4924795067923732,-0.527882086043813,8.068783068783068,-0.008142064648694047,False,-0.008142064648694047,False,-0.008142064648694047,False,0.031753399624608596
2021-01-12,2021-01-12 00:00:00+00:00,313.9200134277344,-0.9815863190380676,-0.5866395788873741,-0.08777349439789045,-0.09648338063035722,-0.4442959729845332,-0.5002928612359371,-0.4964808240191564,9.126984126984127,-0.006562270604152154,False,-0.006562270604152154,False,-0.006562270604152154,False,0.0327739266685283
2021-01-13,2021-01-13 00:00:00+00:00,316.0400085449219,-0.7050743357671468,-0.5509531271454334,-0.39486545263133926,-0.021928137920028807,-0.4818694927522687,-0.5802614199165064,-0.4788597847101376,10.185185185185185,-0.013226246931850816,False,-0.013226246931850816,False,-0.013226246931850816,False,0.023924899674511457
2021-01-14,2021-01-14 00:00:00+00:00,314.3500061035156,-0.9135892060160531,-0.5168827214706458,-0.3827362025556903,-0.19255603255532758,-0.3739490020198563,-0.3951369594795099,-0.4812244668625489,10.052910052910052,-0.007921172907924712,False,-0.007921172907924712,False,-0.007921172907924712,False,0.02667698250271209
2021-01-15,2021-01-15 00:00:00+00:00,311.8599853515625,-1.0263149551834416,-0.4218000624111444,-0.06725372853237988,-0.34611150375601524,-0.2310534581260194,-0.25742361833857974,-0.42487051410792004,14.285714285714285,0.014589939473695468,False,0.008657770582485957,False,0.008657770582485957,False,0.03011714724038452
2021-01-19,2021-01-19 00:00:00+00:00,316.4100036621094,-0.8981116034709746,-0.43974975399411353,0.36496415609656274,-0.20728379768481556,-0.38423811444343414,-0.48310692941150013,-0.41364994660736487,15.211640211640212,0.02326091231749472,False,-0.005846863506538291,False,-0.005846863506538291,False,0.02829660558057193
2021-01-20,2021-01-20 00:00:00+00:00,323.7699890136719,-0.25543752542601444,-0.4841175272488459,0.6257874653204023,0.1473131117190454,-0.6231826041183318,-0.5611018692879146,-0.27588631556388205,26.455026455026452,-0.013404566467423162,False,-0.02844609373195861,False,-0.02844609373195861,False,0.03295955099954241
2021-01-21,2021-01-21 00:00:00+00:00,326.3599853515625,-0.06470007240400542,-0.5495990916665018,1.4508465856768002,0.2546723524992499,-0.6793753996088935,-0.5549742373140366,-0.15896429417279484,38.88888888888889,-0.0212341983908233,False,-0.03615635593394673,False,-0.03615635593394673,False,0.032688670160180275
2021-01-22,2021-01-22 00:00:00+00:00,325.4200134277344,-0.008586962039612936,-0.5026760814063916,1.4527039175776655,0.19168014834994726,-0.6173525645309252,-0.5578575994189612,-0.1381384233986,40.476190476190474,-0.0333723047785206,True,-0.0333723047785206,False,-0.0333723047785206,False,0.024157178590065987
2021-01-25,2021-01-25 00:00:00+00:00,328.1099853515625,0.23851373007545187,-0.3736177321386704,1.5723817023611295,0.3265723662462976,-0.6912982115821258,-0.46332610303234817,-0.033040751555547386,50.264550264550266,-0.041297090603476305,True,-0.041297090603476305,False,-0.041297090603476305,False,0.038513430447672574
2021-01-26,2021-01-26 00:00:00+00:00,328.5899963378906,0.44062811566253374,-0.35062146163871505,1.1944017872376342,0.3296811035021161,-0.6614435925044629,-0.44639228648393514,-0.017142427661899294,51.71957671957672,-0.04269758341903318,True,-0.04269758341903318,False,-0.04269758341903318,False,0.029714392636316443
2021-01-27,2021-01-27 00:00:00+00:00,319.42999267578125,0.28022695714260276,-0.2011692629370839,1.1574268877944196,-0.4481030950452891,-0.24162969178656088,0.8933142746379371,0.20473414308088178,73.14814814814815,-0.015245891834992809,False,-0.015245891834992809,False,-0.020661823419363623,False,0.04261978761801749
2021-01-28,2021-01-28 00:00:00+00:00,321.32000732421875,0.03697199500610112,-0.3076482850306015,1.215967416941084,-0.23980497835015088,-0.3050373813258454,0.28873459604079343,0.04361259413120538,57.01058201058201,-0.02103824726607828,False,-0.02103824726607828,False,-0.02642232216615914,False,0.04178757170823741
2021-01-29,2021-01-29 00:00:00+00:00,314.55999755859375,-0.020462198540195542,-0.24998084610760274,1.2566735404483422,-0.5678805360899873,-0.008041686023955554,0.516788542895967,0.10064507838155891,63.49206349206349,0.024987334467652778,False,0.024987334467652778,False,-0.0054997806452038445,False,0.05715311891862683
2021-02-01,2021-02-01 00:00:00+00:00,322.4200134277344,0.1518720932956181,-0.26193793160450485,1.152010394132574,-0.29351799317616617,-0.30288215486864295,0.22531306370507212,0.0467432511225662,57.27513227513228,0.012282089480049274,False,0.012282089480049274,False,-0.029743894473282184,False,0.06209774623618073
2021-02-02,2021-02-02 00:00:00+00:00,327.67999267578125,0.12431761053333142,-0.4101108471610664,0.873614974643137,0.0669460884276075,-0.5279470347393104,-0.1625317467620183,-0.07734545053930457,45.8994708994709,-0.003967247992021972,False,-0.003967247992021972,False,-0.05651852242317479,False,0.05754527852109287
2021-02-03,2021-02-03 00:00:00+00:00,326.3800048828125,0.4035287524518228,-0.41734037151667963,0.6534762022105639,0.05120913949479044,-0.4539877723180689,-0.7188738070158556,-0.14343862995864734,39.41798941798942,0.011826660009238044,False,0.011826660009238044,False,-0.06826398200250217,False,0.02024908588397309
2021-02-04,2021-02-04 00:00:00+00:00,330.239990234375,0.6150624960765181,-0.38623576642832075,0.17129504890923442,0.3251722467398031,-0.6114128234962714,-0.6855244224617235,-0.12840497303864956,41.269841269841265,0.0033914581828584645,False,0.002361914978084023,False,-0.07915450855091033,False,0.03934711158134441
2021-02-05,2021-02-05 00:00:00+00:00,331.3599853515625,0.38988610771401855,-0.35933179730091735,0.2619627526366569,0.21912454261933592,-0.5823275807240216,-0.8071400871568724,-0.19475112497194658,34.25925925925926,0.004194877806270814,False,-0.02691931224191846,False,-0.0948212949636047,True,0.03367950433247216
2021-02-08,2021-02-08 00:00:00+00:00,333.5799865722656,0.261094290763289,-0.3434098844089901,-0.21670262221903458,0.16143971513373492,-0.6156209545497281,-0.7669335227231964,-0.2732578249151188,26.455026455026452,-0.002488118609255463,False,-0.03627308613526847,False,-0.10084533091007764,True,0.015281119875886968
2021-02-09,2021-02-09 00:00:00+00:00,333.510009765625,0.3136520122293715,-0.33364980572968,-0.35726203966948067,0.25270239590068805,-0.6244457484559981,-0.6387662139755326,-0.23778030548172874,30.82010582010582,-0.002278821454741675,False,-0.0360708777159372,False,-0.1006566709881066,True,0.024772846885543168
2021-02-10,2021-02-10 00:00:00+00:00,332.75,0.2664743677579142,-0.26456291785970004,-0.5000392542891721,0.21896451803547043,-0.578462278890873,-0.5435177727402554,-0.22794482217719453,31.746031746031743,-0.0008414689084804694,False,-0.05986480368966007,True,-0.09860254713326444,True,0.03378511610024003
2021-02-11,2021-02-11 00:00:00+00:00,334.5799865722656,-0.01855757009878567,-0.3148536793478569,-0.3995656835558957,0.21287349755896104,-0.6000661172544298,-0.5853642681896158,-0.29605118673249026,24.206349206349206,-0.01064019876103628,False,-0.06500687689908269,True,-0.10353274410027369,True,0.03617521790270763
2021-02-12,2021-02-12 00:00:00+00:00,336.45001220703125,0.06943533319541056,-0.3855741595854883,-0.26641142912887206,0.33968458254809986,-0.652059939017553,-0.6846763039110947,-0.2869847614151429,25.396825396825395,-0.04164068734526927,True,-0.07020367001868699,True,-0.10851540627425782,True,0.04424785701621855
2021-02-16,2021-02-16 00:00:00+00:00,335.5400085449219,0.11520526235017879,-0.5356289518929179,-0.5341035590135372,0.29358669654636244,-0.6135719515274672,-0.5890371301333371,-0.30719745806546217,23.28042328042328,-0.04190259641336158,True,-0.06768200928151269,True,-0.10609764915336328,True,0.03173712945300351
2021-02-17,2021-02-17 00:00:00+00:00,333.92999267578125,0.11105965791967981,-0.47601236911719985,-0.5269511187442203,0.1446611038787898,-0.504128938558173,-0.5916457809856557,-0.29934081398501333,24.206349206349206,-0.03728320894356152,True,-0.07417719149810398,True,-0.10178777282631368,True,0.027790501510456037
2021-02-18,2021-02-18 00:00:00+00:00,332.4700012207031,-0.14276025306417062,-0.41455388240196217,-0.2752313331982861,-0.0973005601398302,-0.37244596933679924,-0.5285825532884999,-0.31305905483899144,22.883597883597883,-0.05907304291011772,True,-0.08533099230915175,True,-0.09784341041254585,True,0.030274340687530977
2021-02-19,2021-02-19 00:00:00+00:00,331.0199890136719,-0.7184470596583283,-0.46279569689054495,-0.8296499833172313,-0.2446698093607603,-0.29761549832662537,-0.5396838143967244,-0.5002340987457545,8.994708994708994,-0.054951371654643366,True,-0.0813243423467227,True,-0.09389157030931428,True,0.02329170620781221
2021-02-22,2021-02-22 00:00:00+00:00,322.44000244140625,-0.9743023739175544,-0.4730993495151594,-0.5501227812282543,-0.5540490298698991,0.022921864360559558,-0.3228650744279613,-0.4639336518275754,11.64021164021164,-0.029804043531748037,False,-0.06978042373662585,True,-0.06978042373662585,False,0.02505117943311085
2021-02-23,2021-02-23 00:00:00+00:00,321.4800109863281,-1.0302797479798365,-0.5352413302569023,0.5644710050960383,-0.591442408873906,0.09021210734626577,-0.363321908848408,-0.3732333702564131,18.650793650793652,-0.02690688104533623,False,-0.06700263720545263,True,-0.06700263720545263,False,0.02976781276979857
2021-02-24,2021-02-24 00:00:00+00:00,324.1300048828125,-1.1921598316396327,-0.6024602221203067,0.5255288251446646,-0.5624308609275621,-0.008135769407103121,-0.478963707963213,-0.4580326417447037,12.16931216931217,-0.046185175686266566,True,-0.07463055587881173,True,-0.07463055587881173,False,0.028278259481740675
2021-02-25,2021-02-25 00:00:00+00:00,312.8299865722656,-1.203269925911733,-0.708586504795409,0.5629372297340396,-0.9768596963643157,0.3933064156892188,0.23010843277529788,-0.31249422268999794,23.544973544973544,-0.027906469467348538,False,-0.04120443910156202,False,-0.04120443910156202,False,0.03332394605942242
2021-02-26,2021-02-26 00:00:00+00:00,314.1400146484375,-1.050154517901576,-0.39477579883084873,0.7431342569143602,-0.8747664875745573,0.3805026391044984,0.23612047340426873,-0.2028241983479367,35.58201058201058,-0.031960298200653936,True,-0.045202812583181595,False,-0.045202812583181595,False,0.04514223901213197
2021-03-01,2021-03-01 00:00:00+00:00,323.5899963378906,-0.7616687497355213,-0.6289802725485832,0.5514178526542965,-0.47333572098413224,-0.02502205321765794,-0.21882052040397895,-0.3113078784359093,23.677248677248677,-0.07308629489209917,True,-0.07308629489209917,True,-0.07308629489209917,False,0.032269113500705285
2021-03-02,2021-03-02 00:00:00+00:00,318.3999938964844,-0.906170540475501,-0.5274708072639579,0.7219874248712312,-0.7519816572124455,0.23946093632733256,-0.10690521294827644,-0.27444209060362634,27.91005291005291,-0.05797736120899455,True,-0.05797736120899455,True,-0.05797736120899455,False,0.027309904554412026
2021-03-03,2021-03-03 00:00:00+00:00,309.1600036621094,-1.0351089662118487,-0.4604786491500131,0.7518822330523789,-0.9564304107650462,0.6281735381952676,0.29697549936663487,-0.15934012141201026,40.476190476190474,-0.02982274909913618,False,-0.02982274909913618,False,-0.02982274909913618,False,0.021806033760743936
2021-03-04,2021-03-04 00:00:00+00:00,304.1000061035156,-0.877443672073012,-0.4077912461675406,0.8461652199520224,-1.069936769516959,0.8359195285555758,0.15778902172252945,-0.11378970471645403,45.23809523809524,-0.013679722389394855,False,-0.013679722389394855,False,-0.013679722389394855,False,0.016825285114628514
2021-03-05,2021-03-05 00:00:00+00:00,308.67999267578125,-1.0262604371089288,-0.4426712969256548,1.0123555319264184,-0.894402488190543,0.6691189648868899,-0.12320752246792314,-0.19539531351278028,36.37566137566138,-0.02831408073653463,False,-0.02831408073653463,False,-0.02831408073653463,False,0.0224446325134074
2021-03-08,2021-03-08 00:00:00+00:00,299.94000244140625,-1.238833124007412,-0.3422318954162435,0.7838479362304769,-1.012942669935278,0.9880002346816962,0.18805878980373392,-0.13744621108407684,42.72486772486773,0.036473969301721976,False,0.036473969301721976,False,0.036473969301721976,False,0.02065228326855641
2021-03-09,2021-03-09 00:00:00+00:00,311.7699890136719,-0.8812595024630179,-0.2659502323430207,-0.02936829014978365,-0.8162459639419427,0.5800579963963522,0.02562575952624522,-0.22038140776580695,33.99470899470899,-0.002854617706068985,False,-0.002854617706068985,False,-0.002854617706068985,False,0.02911933430047235
2021-03-10,2021-03-10 00:00:00+00:00,310.8800048828125,-0.8449772363591267,-0.29760423328886354,-0.037297833614559975,-0.7777312649210311,0.6067443832356401,-0.2330254159051272,-0.2592817618986629,30.158730158730158,0.014732329195607408,False,0.003184477029161803,False,0.0014474449381933763,False,0.019563658335480894
2021-03-11,2021-03-11 00:00:00+00:00,318.0400085449219,-0.7062361830672762,-0.4180413937781409,-0.33688416579862174,-0.6874572187754135,0.34121648383763453,-0.3843625097724665,-0.34938965026331703,20.502645502645503,-0.018865550996086444,False,-0.02109804361833456,False,-0.02109804361833456,False,0.015076152550421983
2021-03-12,2021-03-12 00:00:00+00:00,315.4599914550781,-0.7513916207851589,-0.5007072458750533,-0.3908177124822677,-0.6819035206321867,0.4669516967134261,-0.39303192041470725,-0.3519677551216008,20.37037037037037,-0.010841257220547629,False,-0.013092008478674644,False,-0.013092008478674644,False,0.011768034522914703
2021-03-15,2021-03-15 00:00:00+00:00,318.8299865722656,-0.8407286815726348,-0.3967735236558452,-0.05613792223548255,-0.5985243316605712,0.36465653149124266,-0.49692575432664904,-0.3495080514026189,20.634920634920633,-0.021296547731732063,False,-0.023523508816194916,False,-0.023523508816194916,False,0.014323284027990478
2021-03-16,2021-03-16 00:00:00+00:00,320.5799865722656,-0.6595747725465124,-0.28855465143253567,-0.19485545154223086,-0.5421292941356248,0.3435328972291818,-0.47884345332784406,-0.3030652027184821,25.132275132275133,-0.02663914899571762,False,-0.02885395342018593,False,-0.02885395342018593,False,0.021434807947551312
2021-03-17,2021-03-17 00:00:00+00:00,321.8999938964844,-0.6008045332046082,-0.3748192480097013,-0.1838552380540641,-0.5138006520083013,0.30663948364488897,-0.49017704832070097,-0.30854692838419084,24.47089947089947,-0.03115874175046518,True,-0.032836307936115805,False,-0.032836307936115805,False,0.0203316610692564
2021-03-18,2021-03-18 00:00:00+00:00,312.0400085449219,-0.7772700031043546,-0.33837602113907456,-0.2521870333535156,-0.7982011082301878,0.7514915540910847,-0.15171094067311247,-0.2312031506780174,34.12698412698413,-0.0022754196680327965,False,-0.0022754196680327965,False,-0.0022754196680327965,False,0.013330294893624476
2021-03-19,2021-03-19 00:00:00+00:00,313.1400146484375,-0.6837658952927294,-0.29010971754004383,-0.326782696920996,-0.7519149579397667,0.737212960317582,-0.20684572661915918,-0.2196617033329325,35.18518518518518,-0.005780251617488075,False,-0.005780251617488075,False,-0.005780251617488075,False,0.015574884072107192
2021-03-22,2021-03-22 00:00:00+00:00,318.6099853515625,-0.3073017514365526,-0.2846540308883068,0.19384600777670882,-0.5787863597001773,0.48810560508737694,-0.4950544341457742,-0.1729815739095917,41.00529100529101,-0.02284924865510396,False,-0.02284924865510396,False,-0.02284924865510396,False,0.08136973416592926
2021-03-23,2021-03-23 00:00:00+00:00,317.2200012207031,-0.019125750833830096,-0.11215120198233657,0.183915357700784,-0.6635656994865907,0.6206073358921133,-0.27131873802907863,-0.031933430044419786,54.232804232804234,-0.018567601745703155,False,-0.018567601745703155,False,-0.018567601745703155,False,0.09794042965367247
2021-03-24,2021-03-24 00:00:00+00:00,311.8699951171875,-0.035979802447961486,0.06618238965153932,0.3921785215672098,-0.7994396690357178,0.9331027134299074,-0.08189480175016968,0.0922748820954495,66.93121693121694,-0.0017315181113173317,False,-0.0017315181113173317,False,-0.0017315181113173317,False,0.10836115290760427
2021-03-25,2021-03-25 00:00:00+00:00,311.3299865722656,-0.14632330580507558,-0.024642621747631155,0.5038124993461858,-0.7428987764117664,0.8809673853098886,-0.439753269989826,-0.005771797886293617,56.74603174603175,0.009604024285849055,False,0.009604024285849055,False,0.009604024285849055,False,0.11044340360153465
2021-03-26,2021-03-26 00:00:00+00:00,316.0,-0.4785613906850783,-0.5054666911624022,0.3430301754304198,-0.7036232731325599,0.6662099289613169,-0.5172322770535381,-0.2129772248566622,36.37566137566138,-0.005316432518295056,False,-0.005316432518295056,False,-0.005316432518295056,False,0.08590352999692212
2021-03-29,2021-03-29 00:00:00+00:00,315.9100036621094,-0.3460379172370976,-0.34316399681650495,0.07824503078929473,-0.8181795069020845,0.799659983217389,-0.10765587211057896,-0.09718378370491645,48.80952380952381,-0.00503306739089926,False,-0.00503306739089926,False,-0.00503306739089926,False,0.09336600146017429
2021-03-30,2021-03-30 00:00:00+00:00,314.32000732421875,-0.37545095530574696,-0.328166756751175,0.04606804299100917,-0.7987641812124555,0.8542760440018379,-0.39304186604619373,-0.1472761918654642,42.98941798941799,0.015302867926037855,False,0.015302867926037855,False,0.015302867926037855,False,0.07331561629771899
2021-03-31,2021-03-31 00:00:00+00:00,319.1300048828125,-0.13042172817558878,-0.49035912965248235,0.1400432588990371,-0.5038026614841067,0.5540846591690828,-0.5103952684882683,-0.1524664102795395,42.98941798941799,0.017046352139166165,False,0.017046352139166165,False,0.017046352139166165,False,0.11170497138798421
2021-04-01,2021-04-01 00:00:00+00:00,324.57000732421875,-0.26503207120300293,-0.36691985200803384,0.027342608011082015,-0.0873595575978429,0.2344503549858233,-0.7915357661253443,-0.2298311471082781,34.25925925925926,0.019256246291903256,False,0.019256246291903256,False,0.019256246291903256,False,0.1610551915529259
2021-04-05,2021-04-05 00:00:00+00:00,331.04998779296875,0.23497516804669893,-0.4000735492339626,0.06005610419880644,0.03813518658234613,-0.057015505681471144,-0.6158663127757661,-0.1358664740599695,45.10582010582011,-0.0006947001275644515,False,-0.0006947001275644515,False,-0.0006947001275644515,False,0.168224715954958
2021-04-06,2021-04-06 00:00:00+00:00,330.82000732421875,0.40552909187335656,-0.2825603614614669,-0.18458403247251914,0.252033746346707,-0.10764675969353749,-0.745568520544081,-0.11257463318731828,47.75132275132275,0.002418196527590011,False,0.002418196527590011,False,-0.0020554762732799547,False,0.22140616483936715
2021-04-07,2021-04-07 00:00:00+00:00,331.6199951171875,0.5463347271629807,-0.3675124664305396,-0.05883281320223155,0.08253046986595343,-0.002574713046087714,-0.9108194831855416,-0.12204247461864079,46.2962962962963,0.010433603238717337,False,0.010433603238717337,False,-0.007810133212791892,False,0.11345745197214542
2021-04-08,2021-04-08 00:00:00+00:00,335.0799865722656,0.6555676930745542,-0.190023798466496,-0.28812453167492236,0.25472086223027834,-0.19380318750232184,-0.9880339068750175,-0.12436177386348192,46.03174603174603,0.004267706967485463,False,0.0003581999509831846,False,-0.018055354051006445,False,0.12583550132204163
2021-04-09,2021-04-09 00:00:00+00:00,337.1099853515625,0.8043204641097824,-0.12248107997486261,-0.3793031470845068,0.21051507151389529,-0.22112392446117377,-0.932998715491663,-0.09468565114620663,50.132275132275126,-0.0017797621310795542,False,-0.005665726995714437,False,-0.023968398811560654,False,0.11654956256964219
2021-04-12,2021-04-12 00:00:00+00:00,336.6700134277344,0.8966088940381823,0.12386862272928023,-0.23250072521242188,0.2610922827711875,-0.19143446044477067,-0.9881333904689098,-0.022097728071271673,56.481481481481474,-0.00047525367786793726,False,-0.004366296854705354,False,-0.032405629331319075,False,0.14281374945137731
2021-04-13,2021-04-13 00:00:00+00:00,340.6000061035156,1.1986947155066876,0.27168666348339626,-0.2152987448422028,0.37268999512071393,-0.3109011700411916,-1.0633821523979077,0.04000890291991391,62.16931216931217,-0.012301827264597387,False,-0.015854356428999017,False,-0.04489139245721241,False,0.12312222857561121
2021-04-14,2021-04-14 00:00:00+00:00,336.510009765625,0.8173932913991843,0.2526060913702924,-0.12113967581027806,0.0990764776163655,-0.04310127515739326,-0.8850751351476024,0.018481793985808615,59.92063492063492,-0.0002971861181344515,False,-0.003892893288690469,False,-0.05830434325223366,False,0.09188989040930985
2021-04-15,2021-04-15 00:00:00+00:00,341.6099853515625,0.8114100214423582,0.5139726015758024,-0.15434913969004488,0.2956480777432251,-0.31130621492997695,-0.9229620261464841,0.02143654400202903,60.449735449735456,-0.018764009892552003,False,-0.018764009892552003,False,-0.07236313855897636,False,0.14829700916194255
2021-04-16,2021-04-16 00:00:00+00:00,342.010009765625,0.9610944249524462,0.37568130406142003,-0.03489458187556929,0.661586753165512,-0.4219665020308167,-1.0527916636332164,0.04936800225416548,63.62433862433863,-0.019911690781391322,False,-0.019911690781391322,False,-0.0734481284170656,False,0.24585611316669062
2021-04-19,2021-04-19 00:00:00+00:00,338.8800048828125,1.1720473675686556,0.40384350116891676,0.4871664702415503,0.4534867853466846,-0.19964952270397351,-0.8352878374622092,0.2047381914819898,78.43915343915344,-0.010859279458089621,False,-0.010859279458089621,False,-0.06489019687655906,False,0.18718977279219995
2021-04-20,2021-04-20 00:00:00+00:00,336.4100036621094,0.9587461389905649,0.6457859620899611,0.3086679382041754,0.14456121578611444,0.04124502724167025,-0.5179391515104066,0.24582927344619457,81.34920634920636,-0.0035967760824777706,False,-0.018637938662399156,False,-0.058024401180643226,False,0.12070338863052893
2021-04-21,2021-04-21 00:00:00+00:00,339.2900085449219,0.5553055169419282,0.3338475086445733,0.3846739963622513,0.3165190430617069,-0.17176837880564366,-0.7494825987355007,0.06283329027232393,65.07936507936508,-0.012054573476628305,False,-0.030239646046831825,False,-0.06602019904019252,False,0.08703272903107398
2021-04-22,2021-04-22 00:00:00+00:00,335.20001220703125,0.419326767837237,0.4558918699835434,0.622919472536329,0.2050560111475487,0.038856997067086375,-0.4281583108319199,0.1674392202377774,76.19047619047619,0.011336478683126483,False,-0.01840696062959435,False,-0.054624095739247314,False,0.13059619787940105
2021-04-23,2021-04-23 00:00:00+00:00,339.4200134277344,0.5231164918825014,0.3826712410536621,0.6455918035219581,0.48519748236352517,-0.24658665502666258,-0.6639377662906023,0.1172579029778212,71.6931216931217,-0.004213137519257781,False,-0.030611084312650916,False,-0.06637793261443525,False,0.19742802123153913
2021-04-26,2021-04-26 00:00:00+00:00,341.6300048828125,0.7110075809314021,0.6055123054869122,0.5388535720556438,0.49390824138294415,-0.3263473682493169,-0.6854695342042397,0.1586365749316119,75.52910052910053,-0.015923667018862386,False,-0.046453750813343464,False,-0.0724174981142579,False,0.15821944544379338
2021-04-27,2021-04-27 00:00:00+00:00,340.1499938964844,0.535221639102884,0.5852332535446005,0.5986706174362956,0.4213258672846761,-0.23128896260175313,-0.7806587198816736,0.1155057211919125,71.29629629629629,-0.029428132963874587,False,-0.04362780127641808,False,-0.06838153657331958,False,0.12093199066731736
2021-04-28,2021-04-28 00:00:00+00:00,339.0,0.6314285875916527,0.5003560117958853,0.573755707244535,0.4267610113368991,-0.16808691358289507,-0.7776385525375844,0.13358374848860577,73.4126984126984,-0.029410033099419253,False,-0.06522119572732299,True,-0.06522119572732299,False,0.13741139568748337
2021-04-29,2021-04-29 00:00:00+00:00,340.2200012207031,0.6375053113970655,0.5012084717613458,0.648151677825835,0.35883936335713523,-0.19072367723572003,-0.8034907588594529,0.12248051811073415,72.08994708994709,-0.03289048968684005,True,-0.06857323640161683,True,-0.06857323640161683,False,0.09659054587755722
2021-04-30,2021-04-30 00:00:00+00:00,337.989990234375,0.7825025709328536,0.5173637323577626,0.500082661908601,0.07260899611687692,0.04488177075625167,-0.5037756718482681,0.20322590943022345,77.91005291005291,-0.02650963553348107,False,-0.06242781205238057,True,-0.06242781205238057,False,0.06501318047443362
2021-05-03,2021-05-03 00:00:00+00:00,336.19000244140625,0.43202927630971416,0.8616923990506864,0.22363550183005956,-0.10387093779376937,0.22729287321393313,-0.6389040888259071,0.14012038151109155,73.94179894179894,-0.03102410125238353,True,-0.057407976598984334,True,-0.057407976598984334,False,0.056886852068165614
2021-05-04,2021-05-04 00:00:00+00:00,330.1400146484375,0.31238464992244935,0.9419929017005478,0.5594642620487857,-0.46586937353436336,0.6279407427993837,-0.31503019994426873,0.25242399398531906,82.14285714285714,-0.01463020801942827,False,-0.04013448661807861,False,-0.04013448661807861,False,0.0453563078630296
2021-05-05,2021-05-05 00:00:00+00:00,329.0299987792969,0.15306517816146806,0.99796461150096,0.26670770540795763,-0.47556577730609034,0.7135743786630554,-0.3718275788097963,0.20399299127297166,78.17460317460318,-0.03689628354830499,True,-0.03689628354830499,False,-0.03689628354830499,False,0.039634255694540356
2021-05-06,2021-05-06 00:00:00+00:00,331.510009765625,0.26740192956197867,0.9055078430904152,0.16414775158726302,-0.362114703629675,0.5955200658786991,-0.5723240386312379,0.1560433374397253,75.13227513227513,-0.0441012177204656,True,-0.0441012177204656,False,-0.0441012177204656,False,0.033525494070668856
2021-05-07,2021-05-07 00:00:00+00:00,334.20001220703125,0.028659837627254308,0.9188543593211208,0.061868804777187064,-0.21295645039762492,0.44078090398248443,-0.9788164069702681,0.010196433744137201,59.523809523809526,-0.05179532293933764,True,-0.05179532293933764,True,-0.05179532293933764,False,0.03234797982197488
2021-05-10,2021-05-10 00:00:00+00:00,325.760009765625,-0.20833282446346493,0.9410110613503972,0.3342175002400472,-0.6502920509533121,0.9937252117298314,-0.23858816780758502,0.1863904454753238,77.5132275132275,-0.02722861877235705,False,-0.02722861877235705,False,-0.02722861877235705,False,0.023259821315395685
2021-05-11,2021-05-11 00:00:00+00:00,325.30999755859375,-0.40290311228293857,0.8535577022464516,0.27430214880160464,-0.8159886522137786,1.0930693465543821,0.10733071755940157,0.19256496275123042,77.91005291005291,-0.02588295156419118,False,-0.02588295156419118,False,-0.02588295156419118,False,0.017948200058459724
2021-05-12,2021-05-12 00:00:00+00:00,316.8900146484375,-0.2900243082462069,0.9623211955247905,0.9748591703253918,-1.3272678742933108,1.636577303989956,1.2779127646771153,0.5676370673014339,89.68253968253968,0.007731331301717326,False,0.007731331301717326,False,0.007731331301717326,False,0.01690981364617287
2021-05-13,2021-05-13 00:00:00+00:00,319.3399963378906,-0.2894313668460278,0.7933822366456885,0.8760923172563446,-0.930363194281453,1.4966101999277017,0.422854610994848,0.3930687768955742,86.90476190476191,0.00901861625803102,False,0.00901861625803102,False,0.00901861625803102,False,0.020140790401029326
2021-05-14,2021-05-14 00:00:00+00:00,326.3900146484375,-0.22862635878470597,0.812780020463487,1.0714956393097141,-0.5665289276908027,1.0261891381803736,-0.18846194030913516,0.2659073956641806,83.2010582010582,-0.01277616728632458,False,-0.01277616728632458,False,-0.01277616728632458,False,0.04272771106973501
2021-05-17,2021-05-17 00:00:00+00:00,324.4100036621094,-0.22219851338141275,0.8358725777689301,1.484786121866138,-0.6524487162338151,1.1227668197660048,-0.24231036922773058,0.3076437788482534,83.994708994709,-0.006750724135151098,False,-0.006750724135151098,False,-0.006750724135151098,False,0.03017388206294764
2021-05-18,2021-05-18 00:00:00+00:00,322.2200012207031,-0.4087743683295841,0.8064553898167451,1.329927214086469,-0.8152394162636898,1.2676301230843607,-0.12600022303824449,0.2782462237849117,83.46560846560847,0.0011482686232568984,False,0.0011482686232568984,False,0.0011482686232568984,False,0.019882785823220676
2021-05-19,2021-05-19 00:00:00+00:00,322.5899963378906,-0.2866348750376949,0.9000025530234548,2.006574782632052,-0.8094095625261383,1.292016473703253,-0.2615400501175118,0.363014736547412,86.11111111111111,0.01370164443383648,False,0.01370164443383648,False,0.01370164443383648,False,0.014253846206369974
2021-05-20,2021-05-20 00:00:00+00:00,328.8299865722656,-0.1839539102639586,0.7218643433559283,1.9125323067416788,-0.626070381198791,0.8511085080409284,-0.2877989261134088,0.28149345933045067,83.33333333333334,-0.00553470450068172,False,-0.00553470450068172,False,-0.00553470450068172,False,0.04614516054309101
2021-05-21,2021-05-21 00:00:00+00:00,327.010009765625,-0.27700846562633114,0.8754270308538955,2.1762684097614065,-0.5905890242443537,1.0066985366790533,-0.1513359386041327,0.3760233684572898,86.37566137566137,0.01681905701890285,False,0.009143421134166552,False,0.009143421134166552,False,0.06808953728243854
2021-05-24,2021-05-24 00:00:00+00:00,332.510009765625,-0.06924245526039047,0.8506059412738044,1.9996054259619265,-0.38566267553405664,0.6768777749773432,-0.5213761823508121,0.2869538599303829,83.33333333333334,0.0009322954181507637,False,-0.007548674301246505,False,-0.007548674301246505,False,0.06851644462714063
2021-05-25,2021-05-25 00:00:00+00:00,332.9700012207031,0.05691478478773835,1.1975178012596923,2.0102059111200736,-0.36254088950689295,0.6600937376877528,-0.5885595014399512,0.35195693208203527,85.71428571428571,-0.0004504727030497646,False,-0.008919726130927064,False,-0.008919726130927064,False,0.06621130826561906
2021-05-26,2021-05-26 00:00:00+00:00,334.1300048828125,0.02349744144762875,1.1058352097676498,1.654335502525579,-0.25527835336767596,0.570181427248683,-0.9512991549257827,0.2214930214666598,79.1005291005291,-0.012360472937056333,False,-0.012360472937056333,False,-0.012360472937056333,False,0.05043808721009027
2021-05-27,2021-05-27 00:00:00+00:00,332.8800048828125,-0.17362576363914373,1.1362405168872485,1.7154823536825625,-0.2508953617421417,0.648897673347641,-1.025760484953441,0.19425229359103352,77.11640211640211,-0.008651780943785936,False,-0.008651780943785936,False,-0.008651780943785936,False,0.04932364215031301
2021-05-28,2021-05-28 00:00:00+00:00,333.92999267578125,-0.32097477948573977,1.0224797366165683,1.7865800214932124,-0.2634931232216105,0.5783845883357718,-1.0250493238306428,0.13897809116244275,73.28042328042328,-0.011768911933576875,False,-0.011768911933576875,False,-0.011768911933576875,False,0.05950844582802417
2021-06-01,2021-06-01 00:00:00+00:00,332.82000732421875,-0.26044942349457084,0.9416231156709644,1.4369923301044125,-0.36675004309005893,0.6329414802077022,-0.7109403862994325,0.16224052798031685,75.52910052910053,-0.008473070314765074,False,-0.008473070314765074,False,-0.008473070314765074,False,0.0541333534684978
2021-06-02,2021-06-02 00:00:00+00:00,333.4700012207031,-0.1070184848527554,0.805139182008626,1.3251797386006703,-0.2908160693458408,0.536292241530981,-0.8691144290806507,0.12169830627899977,71.6931216931217,-0.010405737271721005,False,-0.010405737271721005,False,-0.010405737271721005,False,0.0845723535443065
2021-06-03,2021-06-03 00:00:00+00:00,330.0,-0.22316881389378299,0.7917144384283149,0.7309353732730652,-0.4762726032499502,0.760088946180228,-0.6780385302467227,0.09218613301200568,68.12169312169311,0.016969715465198876,False,0.016969715465198876,False,0.016969715465198876,False,0.0792860511480503
2021-06-04,2021-06-04 00:00:00+00:00,335.6000061035156,-0.274956512679364,1.0191307398912397,1.1907002806494882,-0.2199240334885366,0.4290028085766549,-0.930841261477175,0.08359204090937744,66.93121693121694,0.0029797377288829363,False,0.0029797377288829363,False,0.0029797377288829363,False,0.11336255514143274
2021-06-07,2021-06-07 00:00:00+00:00,336.6000061035156,-0.17968624650258122,1.0740478118481331,1.2368723046899788,-0.23951579263727307,0.40912461839785985,-0.9549824019036144,0.10375822734895973,69.70899470899471,0.0004753525228997635,False,0.0004753525228997635,False,0.0004753525228997635,False,0.10418946719551384
2021-06-08,2021-06-08 00:00:00+00:00,336.760009765625,0.008001756888706116,1.2482078932917233,1.332654569047786,0.02439117940296909,0.3109513628691088,-1.0055934545221512,0.1868272508561152,77.11640211640211,0.0002375180245459685,False,0.0002375180245459685,False,0.0002375180245459685,False,0.14901201291949218
2021-06-09,2021-06-09 00:00:00+00:00,336.8399963378906,0.07684295786654183,1.4376679397743606,1.2123207938868474,-0.0028524069099478966,0.3279626258134231,-0.8063396893117204,0.25614758819199557,82.27513227513228,0.010420406732530862,False,0.010420406732530862,False,0.010420406732530862,False,0.12096831363640564
2021-06-10,2021-06-10 00:00:00+00:00,340.3500061035156,0.06740445086160889,1.438367306550096,1.1547330836557268,0.5569854301876355,0.022087341477956008,-1.2211422247650747,0.1884461323911304,76.98412698412699,0.0019391909806771856,False,0.0019391909806771856,False,0.0019391909806771856,False,0.21921906683014175
2021-06-11,2021-06-11 00:00:00+00:00,341.239990234375,0.0720523366363147,1.3846538706542988,1.0448732118961248,0.5221432513792786,0.003470523934598004,-1.1722262642524806,0.17116620875833552,76.05820105820106,-0.0006739552084503719,False,-0.0006739552084503719,False,-0.0006739552084503719,False,0.22102941998446313
2021-06-14,2021-06-14 00:00:00+00:00,344.510009765625,0.3115411451287862,1.2424415551491763,0.680178857826018,0.45661279953875294,-0.06372279877515342,-1.025495715624731,0.16734056513157153,75.52910052910053,-0.010159356479601533,False,-0.010159356479601533,False,-0.010159356479601533,False,0.1871041807804865
2021-06-15,2021-06-15 00:00:00+00:00,342.260009765625,0.28721961854057937,1.2274603235959556,0.5762497712120067,0.3378353481489569,0.07629570164742859,-0.9415383767054497,0.17681471657944922,76.19047619047619,-0.0036521941340911246,False,-0.0036521941340911246,False,-0.0036521941340911246,False,0.17420940748078914
2021-06-16,2021-06-16 00:00:00+00:00,341.010009765625,0.4466256857229976,0.8592477107961205,0.8274857411163982,0.23325496153075442,0.15946578477365803,-0.7169476165142024,0.22445274575716173,79.8941798941799,0.004750579369505736,False,0.004750579369505736,False,0.004750579369505736,False,0.1236710801478554
2021-06-17,2021-06-17 00:00:00+00:00,345.3399963378906,0.6601508059891582,1.136266124112245,0.7286972800478674,0.44691401993907376,-0.05910897524063702,-0.5740987640078818,0.31573536296061244,84.39153439153439,-0.007847314194173394,False,-0.007847314194173394,False,-0.007847314194173394,False,0.2097624683958356
2021-06-18,2021-06-18 00:00:00+00:00,342.6300048828125,0.6798910913353863,1.7727162312206264,0.6269137804971001,-0.007067526495889394,0.27463680475393426,0.07938170948734506,0.5343206048737537,89.15343915343915,0.005049121338166707,False,0.005049121338166707,False,0.005049121338166707,False,0.12464337903606966
2021-06-21,2021-06-21 00:00:00+00:00,344.3599853515625,0.6489383206038719,1.1989142826186623,0.7761253811242503,0.2810079991283696,0.07393597803698693,-0.581701007462906,0.32783553861007037,84.92063492063492,0.009321704347789117,False,0.009321704347789117,False,0.009321704347789117,False,0.15265848320131467
2021-06-22,2021-06-22 00:00:00+00:00,347.57000732421875,0.6328532590188973,1.2770610473680304,0.6830336660358614,0.38699457018695554,-0.03793262851138826,-0.9169364664238021,0.2535085420535754,81.48148148148148,0.0004890609275087776,False,0.0004890609275087776,False,0.0004890609275087776,False,0.13909232067154753
2021-06-23,2021-06-23 00:00:00+00:00,347.739990234375,0.6428637607065518,1.024866277281767,0.898212404628965,0.37459556210287115,-0.02845460950463921,-1.0578585768619877,0.21105063123857715,78.43915343915344,0.004946227839782935,False,0.004946227839782935,False,0.004946227839782935,False,0.08919144761997913
2021-06-24,2021-06-24 00:00:00+00:00,349.8900146484375,0.5190312929865925,0.8721375398527073,0.7808681354346992,0.4148585384585027,-0.1317545257590772,-1.103583409409628,0.12787489685372885,70.8994708994709,-0.0012290239085315235,False,-0.0012290239085315235,False,-0.0012290239085315235,False,0.1084661732515613
2021-06-25,2021-06-25 00:00:00+00:00,349.4599914550781,0.4105446290386729,0.6543226993336487,1.1329467173439347,0.43532140087809323,-0.1267014891497669,-1.3384704664849132,0.06581582144695335,64.15343915343915,0.012161621083729424,False,0.012161621083729424,False,0.012161621083729424,False,0.09842211897668014
2021-06-28,2021-06-28 00:00:00+00:00,353.7099914550781,0.6718851771746285,0.9229019871630303,1.1518191084014584,0.6046965640759512,-0.3001814102330413,-1.1273559294477618,0.19319126102475814,76.5873015873016,0.0020355693593534507,False,0.0020355693593534507,False,0.0020355693593534507,False,0.13302766586876408
2021-06-29,2021-06-29 00:00:00+00:00,354.989990234375,0.6875579760702141,0.9179246117160872,1.0683434486619483,0.6577891043513447,-0.3448596209489252,-0.9784509133117734,0.21604089063821272,78.70370370370371,-0.0015775023916140274,False,-0.0015775023916140274,False,-0.0015775023916140274,False,0.18738064790687198
2021-06-30,2021-06-30 00:00:00+00:00,354.42999267578125,0.6550128282187809,1.0286715736998353,0.9882331249117168,0.6198991211333714,-0.2861887461390071,-1.0279972616420108,0.2142742808037053,78.70370370370371,0.0003950417609426271,False,0.0003950417609426271,False,0.0003950417609426271,False,0.15592692186621898
2021-07-01,2021-07-01 00:00:00+00:00,354.57000732421875,0.8216292492227044,0.9897413956645723,1.0617642609422255,0.779455526283924,-0.35068653934192334,-1.1327665148512849,0.23919120339239625,80.15873015873017,0.011478712920286904,False,0.008545558611014359,False,0.00028204896480188424,False,0.18065283343243344
2021-07-02,2021-07-02 00:00:00+00:00,358.6400146484375,1.0676987834269738,0.9794131160362026,0.8387088608392654,0.8768963637949964,-0.48910939209926024,-1.2061904974457598,0.23679708683499712,80.02645502645503,0.00036240898930861576,False,-0.011069599204078684,False,-0.011069599204078684,False,0.15100002920525743
2021-07-06,2021-07-06 00:00:00+00:00,360.19000244140625,1.4376069021115956,1.4585030497335614,0.3527678230464355,0.8715594574913602,-0.5074362755045281,-0.9082477198694837,0.38917073973589855,86.90476190476191,-0.003942401005328833,False,-0.015325214404222187,False,-0.015325214404222187,False,0.1458300609886542
2021-07-07,2021-07-07 00:00:00+00:00,360.95001220703125,1.6045099243143535,1.5446115091469608,0.4633340293818263,0.9271829039730531,-0.5310872949043298,-0.9796477848475783,0.4358575338186737,87.56613756613757,-0.006039681727753932,False,-0.017398527682262133,False,-0.017398527682262133,False,0.15463699012772344
2021-07-08,2021-07-08 00:00:00+00:00,358.7699890136719,1.649567840227146,1.7534195467364018,0.46055790488521764,0.6078400876519268,-0.3241355783574345,-0.28579206849442396,0.6081727743218286,90.47619047619048,0.004877776998045702,False,-0.011427866631791406,False,-0.011427866631791406,False,0.11780219011402347
2021-07-09,2021-07-09 00:00:00+00:00,361.010009765625,1.4739305708248696,1.1094238866342074,0.4700379391179489,0.8001547684572293,-0.4817627775929742,-0.8740046777487663,0.3570732152721362,85.44973544973546,-0.009445731613711206,False,-0.017561829773104276,False,-0.017561829773104276,False,0.1133369808939729
2021-07-12,2021-07-12 00:00:00+00:00,362.4200134277344,1.5741058237747643,1.1150102445157597,0.2584724114456093,0.8631572388494018,-0.5316568799635999,-0.831109558060201,0.3648402407995278,85.71428571428571,-0.021384028786659015,False,-0.021384028786659015,False,-0.021384028786659015,False,0.1277848988788807
2021-07-13,2021-07-13 00:00:00+00:00,362.4200134277344,1.5755078795191133,1.2011691133998958,0.41885470874839403,0.707122103150044,-0.430751565905799,-0.7409577915526185,0.4088888577694696,87.03703703703704,-0.021384028786659015,False,-0.021384028786659015,False,-0.021384028786659015,False,0.11038387512046283
2021-07-14,2021-07-14 00:00:00+00:00,363.07000732421875,1.7470165538371072,1.4093700380368357,0.511259711680679,0.8883101949733637,-0.4500549791366139,-0.8938278593216575,0.47640474919536496,87.83068783068782,-0.02313601709596258,False,-0.02313601709596258,False,-0.02313601709596258,False,0.16879141424670058
2021-07-15,2021-07-15 00:00:00+00:00,360.5199890136719,1.5545986136501446,1.8789275030942398,0.5077900578897551,0.7592554222045905,-0.25970045301332917,-0.901467593863275,0.5251925579385082,88.35978835978835,-0.01622649440865165,False,-0.01622649440865165,False,-0.01622649440865165,False,0.15389155951604394
2021-07-16,2021-07-16 00:00:00+00:00,357.6000061035156,1.2577105035945697,1.7673833648975406,0.4221348771488355,0.3583139703556817,0.04113280531608659,-0.33536112747233343,0.5537645242905315,89.55026455026454,-0.00819349168280803,False,-0.00819349168280803,False,-0.00819349168280803,False,0.09944978059530171
2021-07-19,2021-07-19 00:00:00+00:00,354.6700134277344,1.1935865995707904,2.3846177767944456,0.44690727121303914,0.012861588192774498,0.3177010174047267,0.5502481556815881,0.816619786400808,93.25396825396825,0.011616417969394943,False,0.011616417969394943,False,0.011616417969394943,False,0.07616080082415297
2021-07-20,2021-07-20 00:00:00+00:00,358.7900085449219,1.1006510583442297,2.1907392139034507,0.32527268036642065,0.3690894179179442,-0.006251132428070544,-0.1215502315586711,0.6110715016813489,90.47619047619048,0.007720362740605946,False,0.007720362740605946,False,0.007720362740605946,False,0.12469900021805927
2021-07-21,2021-07-21 00:00:00+00:00,361.55999755859375,0.9216571480198535,1.5553829121803107,0.2133214858985118,0.5004046010386487,-0.17127115315227467,-0.45411836388432897,0.388953801769345,85.71428571428571,0.006610285055249188,False,0.006610285055249188,False,0.0017977483705979846,False,0.0898132075054498
2021-07-22,2021-07-22 00:00:00+00:00,363.95001220703125,1.0631358759789935,1.7142820328882085,0.08421391088879787,0.6413354466027463,-0.27187056924618863,-0.5916377217702008,0.4016895300050438,86.24338624338624,0.0013188087722248998,False,0.0013188087722248998,False,-0.00478093335236196,False,0.09738172916031802
2021-07-23,2021-07-23 00:00:00+00:00,368.20001220703125,1.2667171851140502,1.482347913965679,0.06490457789023985,0.8304321077209272,-0.46781035075427674,-0.788361605899762,0.3555165067340172,84.12698412698413,-0.01023905324894503,False,-0.01023905324894503,False,-0.016268388249224386,False,0.09335384718682939
2021-07-26,2021-07-26 00:00:00+00:00,368.489990234375,1.588918553606488,1.644227641246658,-0.2454193404494651,0.8730026797298104,-0.4559891789455796,-0.9469858458957473,0.3902313198545559,85.71428571428571,-0.011017931738149578,False,-0.011017931738149578,False,-0.01704252203785106,False,0.06237005111174895
2021-07-27,2021-07-27 00:00:00+00:00,364.42999267578125,1.2503705805627698,1.8828295875348717,-0.5516452436197753,0.41214378610801955,-0.09357011364928268,-0.3969275169705952,0.4410560716730345,86.77248677248677,0.0003842017705772971,False,0.0003842017705772971,False,-0.006091708326208423,False,0.05357175563098722
2021-07-28,2021-07-28 00:00:00+00:00,365.8299865722656,1.0362164741364566,1.8680161326893419,-0.6135561510934311,0.5127205875651254,-0.14292918256194415,-0.4774599336735341,0.3789203645090226,84.92063492063492,-0.0034441661271471524,False,-0.0034441661271471524,False,-0.009895293579145759,False,0.06711431088165164
2021-07-29,2021-07-29 00:00:00+00:00,366.4800109863281,0.8200449790039626,1.4364597812800513,-0.7439842824813628,0.5480508100159881,-0.1769661685601648,-0.6168348219432472,0.22852695814637972,77.38095238095238,-0.005211753997083957,False,-0.005211753997083957,False,-0.011651439105117567,False,0.07052472612454863
2021-07-30,2021-07-30 00:00:00+00:00,364.57000732421875,0.3907383267042885,1.7607827781332468,-0.9910982343964565,0.3787975581915333,0.01762237198035266,-0.48931631224076144,0.2056361042978473,75.66137566137566,8.228537371213207e-05,False,8.228537371213207e-05,False,-0.0064734229962089,False,0.09031854631861869
2021-08-02,2021-08-02 00:00:00+00:00,364.6000061035156,0.2456950144937409,2.238310588387315,-0.6511590868305509,0.23003151508546416,0.09823330868518552,-0.303841295312504,0.3131528124111463,81.61375661375662,0.006061413653544179,False,0.0044157578842864975,False,-0.0065551689753919895,False,0.072540003863267
2021-08-03,2021-08-03 00:00:00+00:00,366.80999755859375,0.05667596266722579,1.8408702146138822,-0.6506190884817472,0.34149921709070147,-0.04214615681099809,-0.7446887598774874,0.11626171510326086,67.06349206349206,8.178288349980356e-05,False,-0.002944267003227252,False,-0.012540569052458372,False,0.046550243960909225
2021-08-04,2021-08-04 00:00:00+00:00,367.3399963378906,0.06768721593134674,1.8335288846159348,-0.5180843127091822,0.33556453133824987,-0.003919760624425198,-0.6973687053264204,0.14683533111830974,70.37037037037037,-0.0030761825395486664,False,-0.01396527721989127,False,-0.01396527721989127,False,0.04880651043297923
2021-08-05,2021-08-05 00:00:00+00:00,369.6700134277344,-0.030340367297206832,1.2134575806369952,-0.6169479377956971,0.4782635858187299,-0.1723724748067026,-0.7843249206627754,-0.005344171364547928,55.29100529100529,-0.009359758289760878,False,-0.02018021938940573,False,-0.02018021938940573,False,0.045027752838974915
2021-08-06,2021-08-06 00:00:00+00:00,368.04998779296875,0.06283224260180031,1.1727611920343952,-0.6258673037757365,0.4101460275081797,-0.036232952524845964,-1.068997295766663,-0.03363024858412916,52.910052910052904,-0.004999310960242864,False,-0.015867399895624135,False,-0.015867399895624135,False,0.0472581676576138
2021-08-09,2021-08-09 00:00:00+00:00,368.7300109863281,-0.0007894378201075969,1.1817324149326949,-0.4707887830675802,0.3156850039941958,-0.02670898667563307,-1.0337203795020575,-0.034710026267284075,52.77777777777778,-0.006834321742646088,False,-0.017682367415143063,False,-0.017682367415143063,False,0.04566524380703025
2021-08-10,2021-08-10 00:00:00+00:00,366.8399963378906,-0.1791908037777251,1.172961832829027,-0.2317131430570309,0.20099978856123932,0.10683067729625338,-0.9551459824269241,-0.022578292878842318,53.835978835978835,-0.0030258024278795315,False,-0.01262131972803715,False,-0.01262131972803715,False,0.03693163377542193
2021-08-11,2021-08-11 00:00:00+00:00,366.2099914550781,-0.41752610682280317,0.9606401573553995,-0.1830949633253251,0.15380007369187274,0.1634091670602994,-1.0729350088775576,-0.11655385140345396,46.164021164021165,-0.010922694883628403,False,-0.010922694883628403,False,-0.010922694883628403,False,0.029315066827956242
2021-08-12,2021-08-12 00:00:00+00:00,367.5299987792969,-0.07755397916496758,0.5409993137119556,-0.11236956933814062,0.30473915983466154,0.06585843575484733,-1.1293440803694097,-0.1125841106577275,46.56084656084656,-0.014475028819112667,False,-0.014475028819112667,False,-0.014475028819112667,False,0.0278256580294295
2021-08-13,2021-08-13 00:00:00+00:00,368.82000732421875,0.03018850876809123,0.7318574783955922,-0.13244157178816449,0.4137704524864665,-0.008131405422723559,-1.0781416301900695,-0.05261687291544801,51.32275132275132,-0.017922064253227843,False,-0.017922064253227843,False,-0.017922064253227843,False,0.04370576393266404
2021-08-16,2021-08-16 00:00:00+00:00,368.9800109863281,0.16231369900054451,0.15242739566675234,-0.21553731858975228,0.38146261772653367,-0.021995582416280374,-0.9453147776188147,-0.10246956205689248,47.75132275132275,-0.01834793032054205,False,-0.01834793032054205,False,-0.01834793032054205,False,0.02061841813634384
2021-08-17,2021-08-17 00:00:00+00:00,365.7300109863281,0.12793277863974073,0.6103057905393806,-0.21808805794235858,-0.031591576826416556,0.29458490594059145,-0.5672880744133201,0.03604424829611116,58.994708994709,-0.009624639557899384,False,-0.009624639557899384,False,-0.009624639557899384,False,0.02598351189601742
2021-08-18,2021-08-18 00:00:00+00:00,362.2099914550781,0.10753737712544127,1.1580258124010279,-0.1506637250035911,-0.49015089771685383,0.6325789436373204,0.2818850920490683,0.289515147264633,80.95238095238095,0.004831451481970062,False,0.004831451481970062,False,0.004831451481970062,False,0.03006726468163885
2021-08-19,2021-08-19 00:00:00+00:00,363.9599914550781,0.07551787277268891,1.1952004013934545,-0.18623688579255696,-0.4558858648727358,0.5798621241308504,0.3679359782884421,0.2969366869372484,81.21693121693121,0.010358335036161126,False,0.010358335036161126,False,0.010358335036161126,False,0.0309459357010731
2021-08-20,2021-08-20 00:00:00+00:00,367.7300109863281,0.11461294022167735,1.1776016389980144,-0.19410949258081647,-0.13296462989522176,0.35139854992061625,-0.2851874155158729,0.17344941703262137,72.75132275132276,0.012753928973125328,False,0.012753928973125328,False,-0.0055203511235104585,False,0.037067151273599094
2021-08-23,2021-08-23 00:00:00+00:00,373.2300109863281,0.09731563182663243,0.9730664595958977,-0.1290983772479169,0.14634105545531123,0.02731663008827115,-0.5772912897846818,0.06446948395893398,61.64021164021164,-0.0021702369443796776,False,-0.0021702369443796776,False,-0.020175223207258952,False,0.04915263511916863
2021-08-24,2021-08-24 00:00:00+00:00,374.3699951171875,-0.026449773402908456,0.42692750035824045,-0.05705706815532824,0.2493749915211413,-0.067043306762177,-0.73659264444263,-0.07027747795516867,50.0,-0.005208701858819498,False,-0.005208701858819498,False,-0.02315886161614611,False,0.03320621339839555
2021-08-25,2021-08-25 00:00:00+00:00,374.79998779296875,-0.03438259867075643,0.08626418949034044,-0.13016506609876682,0.24307527406145205,-0.0650573474935822,-1.0455625375448634,-0.19261608381894824,37.56613756613756,-0.006349985172755757,False,-0.006349985172755757,False,-0.02427955144695504,False,0.015426770060328358
2021-08-26,2021-08-26 00:00:00+00:00,372.4200134277344,0.16203412937786102,0.3769157425558145,-0.03415235451469205,-0.0004133845139257057,0.15322500990316149,-0.6617380966707016,-0.01623567322312171,55.026455026455025,0.00972019490539533,False,0.00972019490539533,False,-0.018044146335887246,False,0.014045609580497612
2021-08-27,2021-08-27 00:00:00+00:00,376.0400085449219,0.4398042969051641,0.19355206357426538,0.029445222535214158,0.3536889421911688,-0.12808809231390858,-0.9200054500790893,-0.03662717597923023,52.910052910052904,0.010397839520425167,False,0.0007711361045485976,False,-0.027497064415834327,False,0.02267456797799532
2021-08-30,2021-08-30 00:00:00+00:00,380.260009765625,0.8433225808084229,-0.10410896085914552,-0.04686165369465364,0.521788991753595,-0.32812099773629727,-0.8474581768335314,-0.008485479487579106,55.68783068783068,-0.0008152252422883866,False,-0.013148897784654667,False,-0.05362124368798338,False,0.02114668553326965
2021-08-31,2021-08-31 00:00:00+00:00,379.95001220703125,0.8116377057926792,-0.1765634845270724,-0.16747230810069463,0.40165159623413155,-0.25056464633249353,-0.797762909001809,-0.03032198396233525,53.835978835978835,0.0011843181339548092,False,-0.012343735467103212,False,-0.054401928579150716,False,0.016173453219500464
2021-09-01,2021-09-01 00:00:00+00:00,380.5799865722656,0.6980701940492233,-0.18492594502990167,-0.2739731324864192,0.4356304615222146,-0.2711972287852993,-0.8515126580075918,-0.07471957432352858,49.86772486772487,-0.002916562590586258,False,-0.013978603695258829,False,-0.059435587564435344,False,0.01213194762233775
2021-09-02,2021-09-02 00:00:00+00:00,380.3999938964844,0.5597296870219899,0.05242879799039126,-0.18735159610646632,0.31627984303545026,-0.24608061198852552,-0.9467422984273831,-0.09004750813555415,48.94179894179894,-0.010015766613367894,False,-0.017271312906504965,False,-0.05899054364210288,False,0.01281937542989175
2021-09-03,2021-09-03 00:00:00+00:00,381.57000732421875,0.7079806451603128,0.11773327062840906,-0.10251822065694699,0.42848411641018114,-0.289589813689196,-0.7781467908523478,-0.0002704058861523889,56.87830687830689,-0.013732789924184696,False,-0.04159130647735321,False,-0.07587077509064422,False,0.02608754971847994
2021-09-07,2021-09-07 00:00:00+00:00,382.1099853515625,1.0307328984516044,0.02184526834340686,0.05899090107097216,0.31757117690553915,-0.24874001422845568,-0.4088047083941243,0.13144919206024402,68.91534391534393,-0.017926711806903306,False,-0.04294567997073706,False,-0.07717670661561638,False,0.01834326415517541
2021-09-08,2021-09-08 00:00:00+00:00,380.7799987792969,0.9929940312607594,0.20439833520571474,-0.0005839854564592128,0.30405058703767573,-0.12901281546101429,-0.4594697323951603,0.1571112364717796,71.16402116402116,-0.014496530887567194,False,-0.03960288518464461,False,-0.07395347379690276,False,0.02552952010063451
2021-09-09,2021-09-09 00:00:00+00:00,379.4700012207031,0.9583321413491763,0.4688862678529276,0.05191558148362552,0.1956319630853407,0.0023224536212108466,-0.23452173049018926,0.25009586568514236,78.70370370370371,-0.011094398612631173,False,-0.036287424485139,False,-0.07075659740465079,False,0.031898249518726524
2021-09-10,2021-09-10 00:00:00+00:00,376.5899963378906,0.5420746048977976,0.4784812143145398,0.03769361150578188,-0.2199012350415336,0.2942619675786254,0.21608853027244262,0.25304137859130227,79.1005291005291,-0.007328951359474312,False,-0.02891734840744009,False,-0.06365012733688324,False,0.031620585925238
2021-09-13,2021-09-13 00:00:00+00:00,376.3299865722656,0.5717095061304839,0.23253635076602172,0.0035625459557914185,-0.16466233886708054,0.3337694300360264,-0.1338703079598828,0.16485908202174582,71.42857142857143,-0.028246418687109087,False,-0.028246418687109087,False,-0.06300319480527272,False,0.030656399169613695
2021-09-14,2021-09-14 00:00:00+00:00,375.260009765625,0.5793127444798903,0.5403936455587178,-0.2074209852547025,-0.2436262026294019,0.47331340380215936,-0.2765913075807195,0.17897998605419319,72.75132275132276,-0.025475663033118323,False,-0.041011603282880005,False,-0.06033154095630311,False,0.02362506477062639
2021-09-15,2021-09-15 00:00:00+00:00,378.04998779296875,0.6389908363976194,0.17946926973237987,-0.2796582612919176,0.046233504548907615,0.2135842219817242,-0.5109956845660881,0.07420546477565246,62.16931216931217,-0.032667573031904706,True,-0.049649489802260915,False,-0.06726621742336214,False,0.03024797783050503
2021-09-16,2021-09-16 00:00:00+00:00,378.30999755859375,0.5888373717739516,-0.1520276732702813,-0.1543858983750362,0.09190717237034841,0.1883962691030084,-0.45688925274900055,0.03961221265309834,59.12698412698413,-0.03333241371610707,True,-0.053791880296168326,True,-0.06790727870581137,False,0.026069010050068495
2021-09-17,2021-09-17 00:00:00+00:00,373.8299865722656,0.27176546227382603,-0.26388690868118286,-0.13718621554594868,-0.46210495763874276,0.5999895681542786,-0.12368162740109687,0.026997279102817837,57.804232804232804,-0.021747785510146,False,-0.04245244011242433,False,-0.056736998681024775,False,0.008829566851259789
2021-09-20,2021-09-20 00:00:00+00:00,365.70001220703125,0.06209083169993703,0.5571419315965782,0.2665561448905967,-1.2830946348514194,1.3092869219592462,1.030095576777314,0.3980573750881328,85.84656084656085,0.0012304667061329155,False,-0.03576706768726834,False,-0.03576706768726834,False,0.01128013525472458
2021-09-21,2021-09-21 00:00:00+00:00,366.1499938964844,0.06825132829394702,0.5966499740595644,0.26672307950878194,-1.1590558382049596,1.352168329156784,0.6899975209098178,0.3643948640011787,83.994708994709,-0.017151437618410315,False,-0.0369520661063345,False,-0.0369520661063345,False,0.015947249943631493
2021-09-22,2021-09-22 00:00:00+00:00,369.57000732421875,0.24938642384171839,0.7018983302458487,0.1652299026500268,-0.7819960730265998,1.0799744116633263,0.12343646761775466,0.29506778947244994,80.68783068783068,-0.02784319165785165,False,-0.04586414446819875,False,-0.04586414446819875,False,0.0267647993837917
2021-09-23,2021-09-23 00:00:00+00:00,372.9800109863281,0.31128436577587565,0.14249470186154203,0.10650651709511297,-0.5614401708771687,0.7958223117331965,-0.3404489773189173,0.10114037139519828,64.28571428571429,-0.04027030695701428,True,-0.05458741827825975,True,-0.05458741827825975,False,0.031641574999952224
2021-09-24,2021-09-24 00:00:00+00:00,373.3299865722656,0.36317033876226334,-0.11022272560528594,0.1490276815856527,-0.4823030675882188,0.7733236978572977,-0.6612250636560513,0.02107769377224153,56.74603174603175,-0.04116999884822359,True,-0.05547368869355285,True,-0.05547368869355285,False,0.021831209200729826
2021-09-27,2021-09-27 00:00:00+00:00,370.3500061035156,0.15757574375365752,-0.1832462586534104,0.13477321721231447,-0.6787915235979515,1.0445764783928901,-0.7241527309982985,-0.020228447386823015,53.57142857142857,-0.0478736619255582,True,-0.0478736619255582,False,-0.0478736619255582,False,0.010104875218651584
2021-09-28,2021-09-28 00:00:00+00:00,359.8699951171875,-0.3788603711465728,-0.07861918179544387,0.30428313571653665,-1.3416649235236229,1.950082027676306,0.2475109728866522,0.18113222365707074,72.4867724867725,-0.020146164165865343,False,-0.020146164165865343,False,-0.020146164165865343,False,0.004647290100425124
2021-09-29,2021-09-29 00:00:00+00:00,359.2799987792969,-0.4060564709529686,0.008304034393820103,0.3306269878487911,-1.2750924366187928,1.9786426765491079,0.30242299426047436,0.21804627842245597,75.66137566137566,-0.018537084404190773,False,-0.018537084404190773,False,-0.018537084404190773,False,0.009746204165479751
2021-09-30,2021-09-30 00:00:00+00:00,357.9599914550781,-0.35227977449789377,0.20990653305049115,0.21943482634049197,-1.3053450981849886,2.1507657731264467,0.5698070812025756,0.3312863138301003,82.53968253968253,-0.014917858043810961,False,-0.014917858043810961,False,-0.014917858043810961,False,0.011203240236301525
2021-10-01,2021-10-01 00:00:00+00:00,360.17999267578125,-0.09202414025412249,0.39241284396908976,0.14464108795004443,-1.0466255355247398,1.9003811113993467,0.2672460368562469,0.3314528066619512,82.53968253968253,-0.020989498895900516,False,-0.020989498895900516,False,-0.020989498895900516,False,0.016533651007588083
2021-10-04,2021-10-04 00:00:00+00:00,352.6199951171875,-0.44577260374586086,0.7700543362397472,-0.2075875560386,-1.323826397187463,2.4848238858108354,0.5471559804593009,0.4134168877588377,86.5079365079365,0.013498978593210698,False,0.012818386914638324,False,0.012818386914638324,False,0.008564127079392872
2021-10-05,2021-10-05 00:00:00+00:00,357.3800048828125,-0.4811374215092766,0.5208905962326046,-0.5856264781914896,-1.1204065269382262,2.0861048662861843,-0.004553414018957836,0.1715927687265978,71.03174603174604,-0.0006715267533047298,False,-0.0006715267533047298,False,-0.0006715267533047298,False,0.007017655871547533
2021-10-06,2021-10-06 00:00:00+00:00,359.6700134277344,-0.324224295000739,0.4654433341941078,-0.5218492215018042,-1.0265710604965907,1.8937868843173253,0.004638346678196559,0.17848610610340374,71.42857142857143,-0.007034222161545922,False,-0.007034222161545922,False,-0.007034222161545922,False,0.009377794275419855
2021-10-07,2021-10-07 00:00:00+00:00,362.9700012207031,-0.3271361334775229,-0.12098266143354548,-0.298308398229579,-0.8869460299552715,1.5928307963389943,-0.2699112226506745,0.0181365445108789,55.29100529100529,-0.016061896445047297,False,-0.016061896445047297,False,-0.016061896445047297,False,0.009174785920981919
2021-10-08,2021-10-08 00:00:00+00:00,361.1600036621094,-0.16475323139192333,-0.06785834722282275,-0.5002706376245756,-0.8460781268380101,1.6875116620227926,-0.2893431235940823,0.059565526535774904,59.523809523809526,-0.011130770220704855,False,-0.011130770220704855,False,-0.011130770220704855,False,0.01108304622760148
2021-10-11,2021-10-11 00:00:00+00:00,358.3900146484375,-0.23556961889628428,0.018359296827811938,-0.7223265475148444,-0.9788846122815046,1.8918623174039186,-0.1482198004764989,0.08530312753668873,61.64021164021164,-0.003487820388149432,False,-0.003487820388149432,False,-0.003487820388149432,False,0.007867293992763522
2021-10-12,2021-10-12 00:00:00+00:00,357.1400146484375,-0.5108229723625778,0.07523592705319372,-0.7300378055708517,-1.0173984951640676,1.9487091103575997,-0.16703960121714215,0.039841141581859724,57.804232804232804,0.008008022720102703,False,0.008008022720102703,False,0.008008022720102703,False,0.006555973571259137
2021-10-13,2021-10-13 00:00:00+00:00,360.0,-0.5730174769157544,0.29563426435985535,-0.7667041762659509,-0.8565303681585279,1.753449192292966,-0.38272306580683824,-0.0012631032823212929,54.36507936507936,0.018416680230034732,False,0.018416680230034732,False,0.018416680230034732,False,0.00903784624922354
2021-10-14,2021-10-14 00:00:00+00:00,366.6300048828125,-0.4120185165535572,0.11882249076228922,-0.5746124888839426,-0.5977466018932861,1.2215892150461736,-0.5951790877041786,-0.08642154340035624,46.69312169312169,0.006300623320047327,False,0.006300623320047327,False,0.006300623320047327,False,0.011576735662842142
2021-10-15,2021-10-15 00:00:00+00:00,368.94000244140625,-0.02144634502787125,-0.19256943135416357,-0.4329490548795421,-0.487678746921147,0.9855866628446207,-0.6952790575104792,-0.09155988016799674,46.2962962962963,0.010055812409952347,False,0.010055812409952347,False,0.010055812409952347,False,0.015869414589042497
2021-10-18,2021-10-18 00:00:00+00:00,372.6499938964844,0.27782083634331173,-0.7010477421484307,-0.6351241831844585,-0.2150832534512237,0.6513120568315105,-0.8014238782300863,-0.17539026466944685,38.22751322751323,0.0038910834047511944,False,0.0038910834047511944,False,0.0038910834047511944,False,0.010071713273430377
2021-10-19,2021-10-19 00:00:00+00:00,375.4700012207031,0.2028599767041964,-1.037710498339207,-0.7096208474642437,-0.0865046882465746,0.43683589210190266,-0.909591919684958,-0.2935735729100634,25.396825396825395,-0.0036487472041267788,False,-0.0036487472041267788,False,-0.0036487472041267788,False,0.011547286936857916
2021-10-20,2021-10-20 00:00:00+00:00,374.9800109863281,-0.04841629700333364,-1.097405251709721,-0.6207970559383982,-0.22624382234500306,0.49067066013185406,-0.9104627832273069,-0.35426875072180575,20.105820105820104,-0.0023468047816675996,False,-0.0023468047816675996,False,-0.0023468047816675996,False,0.011523526714960697
2021-10-21,2021-10-21 00:00:00+00:00,377.2699890136719,-0.046182377645466614,-0.5727288703158204,-0.39106727122161555,-0.1326589649935812,0.374076076498227,-0.8775757048675284,-0.2548513036215254,30.02645502645503,-0.008402425325279128,False,-0.008402425325279128,False,-0.008402425325279128,False,0.02204817939625607
2021-10-22,2021-10-22 00:00:00+00:00,374.1000061035156,-0.4303004090795384,-0.05816261501103868,-0.36446541614258315,-0.345074390074255,0.6031554110529916,-0.7216467457751392,-0.20669044113738957,35.317460317460316,0.010237868243193393,False,0.010237868243193393,False,0.010237868243193393,False,0.033921583043123295
2021-10-25,2021-10-25 00:00:00+00:00,377.92999267578125,-0.019137742846896216,-0.0861419363583326,-0.31369831249112046,-0.03480393157951653,0.30417865106740954,-0.7395822586867832,-0.14041998153304341,41.93121693121693,0.003148737767492138,False,0.003148737767492138,False,0.003148737767492138,False,0.04727092763408984
2021-10-26,2021-10-26 00:00:00+00:00,379.1199951171875,0.5179196501664739,-0.018095167747629815,-0.22875325286368953,0.3842796482685733,0.13303814258793925,-0.6092901572297323,0.04038587389670872,59.25925925925925,0.0023211777119285237,False,0.0023211777119285237,False,0.0023211777119285237,False,0.09201050732645115
2021-10-27,2021-10-27 00:00:00+00:00,380.0,1.3195983365863706,0.5544506356939626,-0.01935686922425006,0.45354624013407213,0.12603104608095145,-0.3533842464712499,0.3677128716909946,85.58201058201058,0.011105266370271316,False,0.011105266370271316,False,0.011105266370271316,False,0.0892238082255647
2021-10-28,2021-10-28 00:00:00+00:00,384.2200012207031,1.3097496554474972,0.0035800758658728893,-0.15051178099500223,0.6766737563520134,-0.179970053466512,-0.3824380221033395,0.23645521270871184,78.04232804232805,0.004919015472528043,False,0.004919015472528043,False,0.004919015472528043,False,0.05973727934532248
2021-10-29,2021-10-29 00:00:00+00:00,386.1099853515625,1.286918320053658,0.1176107944553801,-0.2002789614096445,0.6762657749127765,-0.22226074467055443,-0.42452773253593695,0.22707955783369232,77.5132275132275,0.0034187339729554456,False,0.0034187339729554456,False,0.0034187339729554456,False,0.07476827462154506
2021-11-01,2021-11-01 00:00:00+00:00,387.42999267578125,1.08472071767701,0.06087402257024832,-0.10940410822289331,0.9971045638774285,-0.3748832189444454,-0.4712935072526162,0.19546517544085187,74.73544973544973,0.0041813879870244985,False,0.0041813879870244985,False,0.0041813879870244985,False,0.09682940444257943
2021-11-02,2021-11-02 00:00:00+00:00,389.04998779296875,1.1152513333251781,0.3282761700301285,-0.1377312612318119,0.9585133919144804,-0.3939864192325584,-0.6180823916561421,0.19988181265580568,74.86772486772487,0.010615614991383193,False,0.0011824238197921666,False,-0.00496078328322247,False,0.07841485860260997
2021-11-03,2021-11-03 00:00:00+00:00,393.17999267578125,1.158877699704101,-0.12022570956955021,-0.18062961962256802,1.110679527196149,-0.5846752706526267,-0.8577462989778428,0.07379633669645931,62.301587301587304,-0.00933410391810685,False,-0.00933410391810685,False,-0.015412782113740087,False,0.04702330473119376
2021-11-04,2021-11-04 00:00:00+00:00,398.2200012207031,1.5360818499911668,0.36740791740424616,-0.28527836207879587,1.2721536219667522,-0.7722353343128304,-0.7019570948169742,0.22978427887004257,78.04232804232805,-0.021872310352012758,False,-0.021872310352012758,False,-0.0378936173261859,False,0.06175034839518622
2021-11-05,2021-11-05 00:00:00+00:00,398.6000061035156,1.5275991509690694,0.5899021334102206,-0.33712954060312916,1.2533197210802738,-0.8101350427340887,-0.4478752853294659,0.29668808869436425,82.27513227513228,-0.022804807322381104,False,-0.022804807322381104,False,-0.03881084040095473,False,0.062358921521674396
2021-11-08,2021-11-08 00:00:00+00:00,398.05999755859375,1.4293043127608895,0.34305445137104823,-0.34186750810470257,1.2040066198727928,-0.7951081586666717,-0.32965820248714073,0.2587800001975213,81.08465608465607,-0.0214791434592978,False,-0.0214791434592978,False,-0.03750689033650911,False,0.059376886110632805
2021-11-09,2021-11-09 00:00:00+00:00,395.32000732421875,1.187170278000875,0.4412759679114549,-0.4692793203570301,1.00905712372739,-0.5837887274655009,-0.12653046560810513,0.2659922486955775,81.34920634920636,-0.014696947918016012,False,-0.014696947918016012,False,-0.030835784214201745,False,0.058990239666955185
2021-11-10,2021-11-10 00:00:00+00:00,389.510009765625,1.0566615578986724,0.1504852376521792,-0.44584259075047616,0.4786541139545759,-0.0759473241306549,0.31118766663967523,0.3081670237475042,82.67195767195767,0.0027726798931699825,False,0.0027726798931699825,False,-0.016379565923482886,False,0.04024586436566769
2021-11-11,2021-11-11 00:00:00+00:00,390.5899963378906,0.8374136108220503,0.2624710299330409,-0.3425020336730157,0.45604369713586096,-0.07391671976104067,-0.04294118795164277,0.21763814631490708,76.32275132275133,0.010292094143123709,False,0.001561780575181304,False,-0.01909928960040408,False,0.03805210121766069
2021-11-12,2021-11-12 00:00:00+00:00,394.70001220703125,0.7806912791696113,0.4594517014118773,-0.36372502124992745,0.7157629052910573,-0.3489092838272962,-0.47268084549041467,0.13172991885082755,67.85714285714286,-0.00022808931513673691,False,-0.008867494025219691,False,-0.029313420234073795,False,0.03747043719433777
2021-11-15,2021-11-15 00:00:00+00:00,394.6099853515625,0.6499760317560328,0.20086679292309814,-0.39413759981508256,0.5707657169384065,-0.2842619332560232,-0.47897674584881145,0.05367858702795705,59.65608465608465,0.007121026280336951,False,-0.008641375715551791,False,-0.029091966485648713,False,0.02583370666877615
2021-11-16,2021-11-16 00:00:00+00:00,397.4200134277344,0.6737955047963052,0.38375960348697996,-0.11357185573060052,0.6616849509468609,-0.4510839165322165,-0.5354526815896321,0.08291127892690739,62.301587301587304,0.0001509676326469922,False,-0.025917210916756694,False,-0.035956942433952976,False,0.031035788339164597
2021-11-17,2021-11-17 00:00:00+00:00,397.6300048828125,1.0731004169959861,0.849481150938406,-0.1627190682885405,0.6827523306080555,-0.4120281974214837,-0.461515021336651,0.25347455505068545,79.8941798941799,-0.0003772197637061936,False,-0.026431631508096243,False,-0.03646606096608174,False,0.031799388001669426
2021-11-18,2021-11-18 00:00:00+00:00,401.75,1.7178570062786962,0.9647161803200496,-0.08460597826374167,0.8366260564285408,-0.5708475612160288,-0.2785692133648936,0.43542878402546925,88.35978835978835,-0.026260081625311127,False,-0.046347218711107696,False,-0.046347218711107696,False,0.02963527061355103
2021-11-19,2021-11-19 00:00:00+00:00,403.989990234375,2.323108727577424,1.0166283483315408,-0.15404854155775954,1.0666605346122344,-0.6657313944726163,-0.13474030783785346,0.6016158833391813,91.66666666666666,-0.031659145861321014,True,-0.051634906447708184,True,-0.05767466609618532,False,0.029574545675972754
2021-11-22,2021-11-22 00:00:00+00:00,399.29998779296875,2.1954947976305466,0.8184190100667816,0.12774755096071955,0.5867990171486293,-0.26564306830062684,0.246908954099781,0.6589095958643237,92.5925925925926,-0.020285439102335268,False,-0.04049582620708758,False,-0.046606526222113254,False,0.026090409963250537
2021-11-23,2021-11-23 00:00:00+00:00,397.4800109863281,1.7884440122445024,0.42611165758521014,0.023555874700964763,0.3921552803544217,-0.11660285844304208,0.3180734276660026,0.5230785444545338,89.41798941798942,-0.02606424369223681,False,-0.03610245976371684,False,-0.042241139380212456,False,0.02806797910574056
2021-11-24,2021-11-24 00:00:00+00:00,398.760009765625,1.4195268580229874,0.34276399592617784,-0.014172003453430726,0.43402373484592705,-0.19656339134805142,0.03128686546200531,0.3659510256978609,85.44973544973546,-0.029190526540710637,False,-0.039196520463521844,False,-0.045315495239453885,False,0.022563560045064934
2021-11-26,2021-11-26 00:00:00+00:00,391.20001220703125,1.304179423007614,2.1172701169038253,0.1000472897787672,-0.6779588914471205,0.5177261758902754,2.287090552717077,1.0477006431193756,94.97354497354497,-0.020628852434564693,False,-0.020628852434564693,False,-0.026866077294657398,False,0.04625486365620939
2021-11-29,2021-11-29 00:00:00+00:00,399.69000244140625,1.6439399437851492,1.3576389998714085,0.06449333805656271,0.06492026952140943,-0.06875971491154198,1.002776180630555,0.7354245061154114,93.12169312169311,-0.04143210352383386,True,-0.04143210352383386,False,-0.04753684076144826,False,0.02397099487936507
2021-11-30,2021-11-30 00:00:00+00:00,393.82000732421875,2.443495667132161,2.2251720219593127,0.06923891561274598,-0.42935030746511815,0.4753447411244052,1.7943076105580311,1.2189267524983234,96.03174603174604,-0.027144386375996254,False,-0.027144386375996254,False,-0.03334011639485601,False,0.023905582682869807
2021-12-01,2021-12-01 00:00:00+00:00,387.1199951171875,2.2809428527470295,2.572973679887294,-0.11900759006913375,-0.931021499252338,1.0177064083391592,2.5624814574269577,1.4066182117909594,96.56084656084656,-0.010306856490755911,False,-0.010306856490755911,False,-0.016609818032868096,False,0.05104080783094904
2021-12-02,2021-12-02 00:00:00+00:00,389.9100036621094,1.6812062297628376,2.206051120869693,-0.07448436684821641,-0.6491156591648574,0.7841738462249802,1.9513257084938012,1.1094330394672276,94.97354497354497,-0.01738862485090875,False,-0.01738862485090875,False,-0.023646485430245723,False,0.10564000125730112
2021-12-03,2021-12-03 00:00:00+00:00,383.1300048828125,1.2284601420424173,2.5436987964318885,-0.042056091244037086,-0.9247900826376108,1.345608334913025,1.752495368790159,1.1039434670938582,94.84126984126983,0.008012965012118567,False,0.004645939385095499,False,-0.006368601806983398,False,0.051979033039195856
2021-12-06,2021-12-06 00:00:00+00:00,386.20001220703125,1.0605964183231478,1.608712833507644,0.2097771567188727,-0.6907211317910948,1.0725380302782617,1.4782490205661818,0.8809531647628879,93.65079365079364,0.015691344813695052,False,-0.014267243892968184,False,-0.014267243892968184,False,0.10831865601308568
2021-12-07,2021-12-07 00:00:00+00:00,397.8299865722656,1.3946998764531922,0.9392593146386892,-0.2635980761762348,-0.19064554736196904,0.1844765223376025,0.40572084676420317,0.4829117065848841,88.09523809523809,-0.024206255662643672,False,-0.04308369079600771,False,-0.04308369079600771,False,0.0713470537398507
2021-12-08,2021-12-08 00:00:00+00:00,399.6099853515625,1.6116039489189606,0.3204754858132803,-0.19577216863346247,0.06003801145090012,0.037378584854849975,-0.09153287952895783,0.34898973857525145,83.5978835978836,-0.02855277286050084,False,-0.04734612147769812,False,-0.04734612147769812,False,0.03602809087730795
2021-12-09,2021-12-09 00:00:00+00:00,393.7300109863281,1.6236798624903042,0.9815956950243501,-0.0635782169593393,-0.12403217023425184,0.4543993937556978,0.2659922665216034,0.591091011576102,90.74074074074075,-0.017499338267807918,False,-0.03311916333798259,False,-0.035227250267308774,False,0.0718328890823622
2021-12-10,2021-12-10 00:00:00+00:00,398.010009765625,1.91057145757972,0.8295340810268584,-0.15901279306297844,0.22451430661440033,0.16799021599371808,-0.2996441178723119,0.49798948998011616,88.62433862433863,-0.03291376041328653,True,-0.04351651189480876,False,-0.045601929521195794,False,0.05484065853846639
2021-12-13,2021-12-13 00:00:00+00:00,392.260009765625,1.5329210088048921,1.3615719230844963,0.035493042832219324,-0.2040126811436516,0.6674988610181556,0.07332186363431385,0.631931537265821,92.06349206349206,-0.0294957605572177,False,-0.0294957605572177,False,-0.031611747579039506,False,0.07053819309623488
2021-12-14,2021-12-14 00:00:00+00:00,388.20001220703125,1.3436941531725521,1.5892749786901657,0.015940207087421054,-0.39441758820358735,1.0068712380667824,0.5288598116730212,0.7567076698642,93.12169312169311,-0.01934572264160528,False,-0.01934572264160528,False,-0.021483839755834233,False,0.1200151149893353
2021-12-15,2021-12-15 00:00:00+00:00,397.04998779296875,1.5769550717134493,1.1482532968251429,-0.016280959159104214,-0.07601517748383903,0.3785793029074307,0.219434952989024,0.594201487507266,90.87301587301587,-0.04120384297831281,True,-0.04120384297831281,False,-0.04883512083362607,False,0.10174420916705382
2021-12-16,2021-12-16 00:00:00+00:00,386.8399963378906,0.8369602617403801,1.3131729360655295,0.01181209970741992,-0.48957593703077334,1.1309546526567449,0.4596320773815613,0.6102301581816927,91.53439153439153,-0.015898030076271108,False,-0.015898030076271108,False,-0.023730722682984595,False,0.08578753907634683
2021-12-17,2021-12-17 00:00:00+00:00,384.9100036621094,0.19786998929818125,1.6605739404046524,-0.08824170881644788,-0.6257183579696658,1.3728581709102183,0.7241651915149987,0.6053828368282828,91.26984126984127,-0.010963604948048156,False,-0.010963604948048156,False,-0.03730746338758828,False,0.08370959726058093
2021-12-20,2021-12-20 00:00:00+00:00,380.69000244140625,-0.019567280792001356,1.4999663847360558,-0.26687203436315615,-0.8297340367872432,1.7509251719913301,0.7739777381259103,0.5749147746210541,90.34391534391534,0.022380385507978273,False,0.022380385507978273,False,-0.037326936257710774,False,0.053255511636407016
2021-12-21,2021-12-21 00:00:00+00:00,389.2099914550781,-0.21215233648630258,0.9685081194930006,-0.29903235286473756,-0.6079436017579845,1.0385388232533201,0.4372866686602964,0.2769160734592414,79.8941798941799,0.012178569039896336,False,-0.012640947093271349,False,-0.07063022748106362,False,0.08941216094710701
2021-12-22,2021-12-22 00:00:00+00:00,393.95001220703125,0.17709660960214338,1.0409494434133795,-0.3184252707267692,-0.34847474158574493,0.6671789484694298,0.2076057738331852,0.28240494458242,80.29100529100529,0.007539030660423718,False,-0.025206302540081826,False,-0.10727251797473292,True,0.13021552865476946
2021-12-23,2021-12-23 00:00:00+00:00,396.9200134277344,0.13021713732555226,0.4158962402499358,-0.5187991610653866,-0.29402430958985254,0.4601435296773448,-0.003615562742036893,0.08374989434464586,61.64021164021164,0.002343022887029589,False,-0.042981022621772946,False,-0.11395245756375283,True,0.06235102305375806
2021-12-27,2021-12-27 00:00:00+00:00,403.4800109863281,0.3756136860414177,-0.704238220354919,-0.5945314693240773,0.0828586269672601,-0.10300280781180503,-0.08421812937717936,-0.1149815361700699,44.17989417989418,-0.013953615370064232,False,-0.058540757885440775,True,-0.14466646189504417,True,0.024792437061700097
2021-12-28,2021-12-28 00:00:00+00:00,401.6099853515625,0.050500392253629324,-0.31170678166591004,-0.584434383430685,-0.1816266810534529,0.1403595727745679,-0.21196584290958356,-0.1366646333272502,42.32804232804233,-0.012798447046479478,False,-0.05415701997787836,True,-0.14202828641676313,True,0.023715582490199574
2021-12-29,2021-12-29 00:00:00+00:00,401.54998779296875,-0.4872135016362454,-1.1881958831640267,-0.5183704589582667,-0.20122710980845748,0.10414364900039504,-0.25693945980367106,-0.3882523573296036,17.724867724867725,-0.04298338880026509,True,-0.05401569692635422,True,-0.150541610078743,True,0.01760295028447359
2021-12-30,2021-12-30 00:00:00+00:00,400.3500061035156,-0.7984924661698077,-1.140093406538722,-0.4172975994921091,-0.147974159701043,0.14562768907436166,-0.1639652307874797,-0.39830589646176084,16.7989417989418,-0.040789351419721065,True,-0.05667541425124756,True,-0.14799550167779973,True,0.01725116928680285
2021-12-31,2021-12-31 00:00:00+00:00,397.8500061035156,-0.612652883943073,-0.7757870187267542,-0.432228268552887,-0.2958973386511497,0.3772821372361874,-0.21683867347316022,-0.2944173644979835,25.793650793650798,-0.045218098469181234,True,-0.050747774617736385,True,-0.14264169694453732,True,0.01760024225459081
2022-01-03,2022-01-03 00:00:00+00:00,401.67999267578125,0.14620818295596666,-1.8362296544450327,-0.5809150877455818,0.060328612637353306,0.016620548770798688,-0.33130965519693173,-0.3581728497397434,20.105820105820104,-0.054321867461870066,True,-0.07749951566031643,True,-0.15081653972535092,True,0.009796645055424243
2022-01-04,2022-01-04 00:00:00+00:00,396.4700012207031,0.04972719730816363,-1.286452913159499,-0.5929670404512166,-0.2695192473033075,0.427028265557899,-0.16046496845119737,-0.22943442923156962,33.33333333333333,-0.041894760809139564,True,-0.07564252059938437,True,-0.13965746449090022,True,0.01202752565378259
2022-01-05,2022-01-05 00:00:00+00:00,384.2900085449219,-0.44776598761592706,-0.504031953050979,-0.27037089482714144,-0.9714999493375585,1.5100593374232363,0.47677366292594014,0.059446527705655144,60.449735449735456,-0.011527812576062613,False,-0.05873170476036571,True,-0.1123890850166549,True,0.013632510628201358
2022-01-06,2022-01-06 00:00:00+00:00,384.0199890136719,-0.831453710149601,-0.36726495539688714,-0.25650367107340427,-1.0217303359175909,1.552122813517385,0.4332269994965669,-0.0032204402316419467,55.026455026455025,-0.016561599743538546,False,-0.08418829096710023,True,-0.11176497093391724,True,0.01853695556381937
2022-01-07,2022-01-07 00:00:00+00:00,379.8599853515625,-0.8530254918801862,-0.7293669004274923,-0.08998017027380567,-1.175154735092203,1.7909332258862205,0.3135983549125899,-0.044375044571609984,51.19047619047619,-0.005791559454247364,False,-0.07415885851752657,True,-0.10203754210166227,True,0.020123629345825622
2022-01-10,2022-01-10 00:00:00+00:00,380.1099853515625,-0.8685447017297622,-0.6145959865665985,-0.10117758576079461,-1.2145031515489244,1.8084441926531885,0.5461040155908553,0.012718072009448467,56.34920634920635,-0.02515060884220588,False,-0.09207861237222859,True,-0.10262813593798825,True,0.03211502255227474
2022-01-11,2022-01-11 00:00:00+00:00,385.82000732421875,-0.9124858054116721,-1.0889727185056024,-0.2966234289211247,-1.0875945269291931,1.3142829923403017,0.39373141397196043,-0.19704170952721375,36.507936507936506,-0.050126991785676145,True,-0.10691513974633282,True,-0.11590897405982181,True,0.03767621362838631
2022-01-12,2022-01-12 00:00:00+00:00,387.3500061035156,-0.5433337545595579,-1.2563264544741493,-0.4092043507594588,-0.9901152894182021,1.1624641689661805,0.07630201015257394,-0.23880021174795926,32.01058201058201,-0.06616756029161674,True,-0.11940105659283284,True,-0.11940105659283284,True,0.02682845320055058
2022-01-13,2022-01-13 00:00:00+00:00,377.6600036621094,-1.1453122832739888,-0.331467777707581,-0.34479232931497455,-1.34746357550278,1.9643017334305277,0.6927363296211314,0.016026220042482525,56.481481481481474,-0.0687655588859718,True,-0.09680664408218298,True,-0.09680664408218298,True,0.028659640232071806
2022-01-14,2022-01-14 00:00:00+00:00,380.010009765625,-0.6325834388657815,-1.0275835735083931,-0.43217587429986104,-1.1861147888833818,1.6910230831619133,0.5067733866090742,-0.06222973560771114,50.132275132275126,-0.07452437198084705,True,-0.10239204932024693,True,-0.10239204932024693,True,0.03662043278596728
2022-01-18,2022-01-18 00:00:00+00:00,370.54998779296875,-0.6832775602978293,-1.4355966086168008,-0.389521250261803,-1.6349935867058651,2.372602330197064,1.218234838265674,0.08197126730840165,62.301587301587304,-0.06865471131959644,True,-0.07947640712353021,True,-0.07947640712353021,False,0.021267435887870334
2022-01-19,2022-01-19 00:00:00+00:00,366.4800109863281,-0.988059838334423,-1.1460726071933813,-0.3869385149706602,-1.7321145989880937,2.6111251364475847,1.485287970167609,0.15124872123186678,69.57671957671958,-0.05978498964552459,True,-0.06925344936141509,True,-0.06925344936141509,False,0.05624386907231536
2022-01-20,2022-01-20 00:00:00+00:00,361.7200012207031,-0.9441666779384797,-0.3436061655103257,-0.5414669213282433,-1.7395970897364432,2.992785961219937,1.8199806127493567,0.40709279878632315,88.09523809523809,-0.05700540486453842,True,-0.05700540486453842,True,-0.05700540486453842,False,0.057057022807991825
2022-01-21,2022-01-21 00:00:00+00:00,351.69000244140625,-1.5017304674497678,0.34301344674949413,0.03506481200105571,-2.0013911226253365,3.6646221928552882,2.1802944843458905,0.6233870717690114,93.51851851851852,-0.030111735518142835,True,-0.030111735518142835,False,-0.030111735518142835,False,0.027944014317186388
2022-01-24,2022-01-24 00:00:00+00:00,353.29998779296875,-1.6947157794593124,0.49893954841359517,-0.1756731964679346,-1.9152063633278302,3.4530766445158823,2.5116699971662646,0.6239988305606381,93.51851851851852,-0.034531508947014844,True,-0.034531508947014844,False,-0.04307954074887188,False,0.0692396814023518
2022-01-25,2022-01-25 00:00:00+00:00,345.1099853515625,-1.7513153617921506,0.8033487858850811,-0.16530119676119504,-1.9820574857694522,3.9270433097796578,2.295389564625938,0.7008870778639139,93.91534391534393,-0.011619424004674639,False,-0.011619424004674639,False,-0.045463685751789495,False,0.034224687099760814
2022-01-26,2022-01-26 00:00:00+00:00,344.57000732421875,-1.1985885879287925,0.5266649635616931,-0.16508652139449664,-1.9322453087185962,3.7984620975239487,2.407461879168115,0.7741213738396691,94.84126984126983,-0.010070526009067549,False,-0.010070526009067549,False,-0.04396782533144039,False,0.06333768987715035
2022-01-27,2022-01-27 00:00:00+00:00,341.1000061035156,-0.9892446190255678,1.3960326474875808,-0.1012965943753189,-1.7342629180206233,3.8831010175562386,2.061375095698109,0.9301820988282676,95.23809523809523,0.031369045728500966,False,0.031369045728500966,False,-0.03424213563994094,False,0.06245056319673952
2022-01-28,2022-01-28 00:00:00+00:00,351.79998779296875,-0.428276517487377,0.9218938862119037,-0.2272505150469501,-1.388692782574599,3.053270926112591,1.5902598807318826,0.75030597191232,94.17989417989418,0.004974417455153146,False,-0.013473537233788746,False,-0.063615620073315,False,0.058678438445993616
2022-01-31,2022-01-31 00:00:00+00:00,363.04998779296875,-0.4841527787311574,0.6738737481899059,-0.21772112271202276,-1.0574610347265796,2.259795700906612,1.2613207504670638,0.5280825292768004,89.68253968253968,-0.02616719548112867,False,-0.04404349475833991,False,-0.09263180139372995,True,0.08012830417013286
2022-02-01,2022-02-01 00:00:00+00:00,365.5199890136719,-0.9081400666094549,0.9406806659769326,-0.27948563655042846,-0.8558324048193304,2.0762692970894117,0.7588303752220468,0.37017059665899826,85.18518518518519,-0.032747870377768606,True,-0.050503370567752004,True,-0.09876334173501855,True,0.07659077022090013
2022-02-02,2022-02-02 00:00:00+00:00,368.489990234375,-0.3959659903762645,0.8865577484809863,-0.14129536207171112,-0.7557106280895196,1.8062696627863974,0.7018490462003566,0.42792807557364687,87.56613756613757,-0.040543848781085745,True,-0.0581562409935501,True,-0.10602724047345358,True,0.1271693461502312
2022-02-03,2022-02-03 00:00:00+00:00,353.54998779296875,-1.1640175366798264,1.0549268142946209,-0.2824249016224327,-1.2394533044580562,2.580607458480562,1.0651170964317629,0.4404199399597412,87.83068783068782,0.004469006206751613,False,-0.02291041115996495,False,-0.06825053089625444,False,0.16494402181521808
2022-02-04,2022-02-04 00:00:00+00:00,358.010009765625,-0.5363723356690476,0.69998711507994,-0.5431844055893155,-1.0321106120922567,2.2513372544078964,0.9622525351704478,0.43130652567108035,87.43386243386243,-0.03058577109114846,True,-0.04608809684064952,False,-0.09259524457364898,True,0.09990747042352786
2022-02-07,2022-02-07 00:00:00+00:00,355.1300048828125,-0.7655961238463513,0.825802552937091,-0.6882746491390253,-1.059571151114146,2.3326561702706656,0.8657260248243016,0.3826644596092624,85.44973544973546,-0.02272409318632973,False,-0.048010638572128284,False,-0.08948835170878844,True,0.09938090802587303
2022-02-08,2022-02-08 00:00:00+00:00,359.1199951171875,-1.0032072450648255,0.5753471061291123,-0.6867289000745558,-0.9152535591636419,2.0360427992803385,0.7532796818725117,0.23756418925497,76.32275132275133,-0.033582083210539015,True,-0.08270211097480518,True,-0.09960455975724625,True,0.09482037889594055
2022-02-09,2022-02-09 00:00:00+00:00,366.7300109863281,-1.0881240382672706,0.3359522857637221,-0.734528789982237,-0.6771889577609587,1.574399823697106,0.3973476628336559,0.05208630985488906,57.804232804232804,-0.053636225120576975,True,-0.10173696299969481,True,-0.11828866900241153,True,0.052138833680632164
2022-02-10,2022-02-10 00:00:00+00:00,358.42999267578125,-1.4384158008203676,0.6732446933651954,-0.6523528145035193,-1.034297173122413,2.07797510809632,0.9054850870500829,0.18961572545127248,71.42857142857143,-0.03621343284319145,True,-0.08093624931183685,True,-0.09787123647321927,True,0.06636255448873908
2022-02-11,2022-02-11 00:00:00+00:00,347.05999755859375,-1.4611716618422896,1.341589855527057,-0.49543932903183296,-1.3846188557742363,2.6343171183526986,1.5035718847894042,0.4793451853197025,88.4920634920635,-0.01599143615516152,False,-0.05082690098239062,True,-0.08324204556585901,True,0.13713939022453728
2022-02-14,2022-02-14 00:00:00+00:00,347.489990234375,-1.2499516279386058,1.261196212807808,-0.4531136294976553,-1.3581632952903266,2.5893846464703354,1.5894783726616044,0.5259258529165235,89.55026455026454,-0.027079927268588433,False,-0.052001431161953104,True,-0.08437646444683167,True,0.15332040435254615
2022-02-15,2022-02-15 00:00:00+00:00,356.1300048828125,-1.1435494767622234,0.7999918160072853,-0.5648972603715643,-1.0435820971788679,1.9438965255061804,1.2367514075909902,0.3143914230540956,80.95238095238095,-0.07500067696870216,True,-0.07500067696870216,True,-0.10659026460735643,True,0.17104503574447447
2022-02-16,2022-02-16 00:00:00+00:00,356.0400085449219,-0.9703232330345304,0.41906717993038095,-0.7065934817878203,-0.9722460718607122,1.8740199194774076,1.1001441964659642,0.24713199461343655,76.5873015873016,-0.07476686461720727,True,-0.07476686461720727,True,-0.10636443716523902,True,0.14239706280488038
2022-02-17,2022-02-17 00:00:00+00:00,345.45001220703125,-1.0901785406489066,0.9216756600824675,-0.2184734519186908,-1.3439951092294313,2.4257518234299447,1.4596545452946754,0.4738503030512291,87.96296296296296,-0.046403236974529194,True,-0.046403236974529194,False,-0.07896945380030185,False,0.13212613080805047
2022-02-18,2022-02-18 00:00:00+00:00,341.510009765625,-0.8859119081797285,0.7312349848336758,-0.08341744045941196,-1.3614653936675267,2.5047552938311037,1.172744091751598,0.45544119010957584,87.6984126984127,-0.035401587046270944,True,-0.04875413293299735,False,-0.0683435204546673,False,0.16032637696418867
2022-02-22,2022-02-22 00:00:00+00:00,338.0799865722656,-0.9183233144932835,1.0620628524118803,0.3198631480849391,-1.4179114178910541,2.671388699708858,1.3047957790764344,0.5901812628450197,91.13756613756614,-0.02561516057881219,False,-0.043569513292090245,False,-0.05889130955782096,False,0.15935885957175674
2022-02-23,2022-02-23 00:00:00+00:00,329.4200134277344,-1.1851740906458736,0.7670650240598055,0.44330800709929336,-1.6314270765381913,3.0132881152725566,1.8061119568228499,0.641521689128078,93.12169312169311,0.03360444525350337,False,-0.01842634653874886,False,-0.03415093054893559,False,0.28783830357615225
2022-02-24,2022-02-24 00:00:00+00:00,340.489990234375,-1.1073202057354439,0.5548937295440076,0.39290021427625405,-1.410732876195957,2.319937683218558,2.021906160965923,0.5578188771196404,90.34391534391534,0.002936943900499589,False,-0.05033917184778658,True,-0.06555251974155463,False,0.4269078352567596
2022-02-25,2022-02-25 00:00:00+00:00,345.7699890136719,-1.28902365533386,-0.39138888977727815,0.2769368687137574,-1.1352440831730632,1.8884129833369794,1.4146177996918214,0.20150016646781274,71.03174603174604,-0.02449605659781018,False,-0.06484074275535157,True,-0.07982177882085129,False,0.36293990542607096
2022-02-28,2022-02-28 00:00:00+00:00,346.79998779296875,-1.4019415237124262,0.6354778179311322,0.1077183707541239,-1.2405757182298645,1.8929622027761581,1.670428462585019,0.35229698036035273,82.53968253968253,-0.06326413844773227,True,-0.08255471560836902,True,-0.08255471560836902,True,0.21583399330892672
2022-03-01,2022-03-01 00:00:00+00:00,341.489990234375,-1.4605721766166706,1.9249113279193126,0.03676042270089905,-1.3286633562846897,2.2604953984203298,1.9944192222898962,0.6519817268339945,93.12169312169311,-0.05312010497997133,True,-0.06828890296501933,True,-0.06828890296501933,False,0.13553353387318637
2022-03-02,2022-03-02 00:00:00+00:00,347.2200012207031,-1.3910324799307212,0.6209402664857833,0.2540866213301454,-1.1426523624658933,1.8985225383407,1.549129563958242,0.3584757722096422,82.67195767195767,-0.06874602567037902,True,-0.08366450000241699,True,-0.08366450000241699,True,0.14435523699885894
2022-03-03,2022-03-03 00:00:00+00:00,342.260009765625,-1.6408506927303252,1.2106469570661713,0.29841035811284056,-1.203859987764363,2.1522098969439805,1.5408532287063692,0.44130156779056023,86.90476190476191,-0.05525040356031863,True,-0.07038507465241739,True,-0.07038507465241739,False,0.14372851750913432
2022-03-04,2022-03-04 00:00:00+00:00,337.29998779296875,-1.1654050858829372,2.041161176740666,0.4954088663643528,-1.1690447254688652,2.2564565378864474,1.7511754536763422,0.7488037354631758,94.04761904761905,-0.041357788895075465,True,-0.0567150164765976,True,-0.0567150164765976,False,0.15940384491963067
2022-03-07,2022-03-07 00:00:00+00:00,324.8599853515625,-1.6118515664704667,2.73912308245117,0.19255190247700898,-1.549412848070693,2.9209340855235144,2.2775916854169926,0.9150465662987806,95.1058201058201,-0.020593400928059058,False,-0.020593400928059058,False,-0.020593400928059058,False,0.1700138706497828
2022-03-08,2022-03-08 00:00:00+00:00,323.3500061035156,-1.4116636834588778,2.4331897069285104,-0.12997547172333457,-1.4627796186137811,2.8970018695030646,1.9418285273850757,0.8179973087607286,94.70899470899471,-0.01601976984074327,False,-0.01601976984074327,False,-0.01601976984074327,False,0.1559931626825463
2022-03-09,2022-03-09 00:00:00+00:00,334.989990234375,-1.0278749828226488,1.4763283590269463,-0.3152071138538728,-1.1609937778826847,2.230012292379559,1.6713983405683828,0.5904866058113106,90.47619047619048,-0.05021038627116159,True,-0.05021038627116159,True,-0.05021038627116159,False,0.1445876374744825
2022-03-10,2022-03-10 00:00:00+00:00,331.2699890136719,-0.8082299761478492,1.7767550902557063,0.12649257101349393,-1.0375658456930499,2.407642864153392,1.1728305463689694,0.6779763306606502,92.98941798941799,-0.03954470981492031,True,-0.03954470981492031,False,-0.03954470981492031,False,0.053268900984838934
2022-03-11,2022-03-11 00:00:00+00:00,324.3999938964844,-0.6224997596492382,2.1486326978463217,0.2669004354488355,-1.1329413096161896,2.62941698188822,1.1756779440434175,0.8155627850358833,94.44444444444444,-0.019204625727391234,False,-0.019204625727391234,False,-0.019204625727391234,False,0.05427738550075146
2022-03-14,2022-03-14 00:00:00+00:00,318.1700134277344,-0.5544406262156002,1.2247098467206639,0.5295362040156304,-1.2563266352624156,2.763839936868066,1.127515925050741,0.7155941492609418,93.25396825396825,0.03136681663124974,False,0.03136681663124974,False,0.03136681663124974,False,0.07739799205102356
2022-03-15,2022-03-15 00:00:00+00:00,328.1499938964844,-0.31069641042616614,0.776260562755259,0.6415918362673807,-1.0020312935840372,2.186273112197442,0.9886586784228552,0.6031406500412476,90.60846560846561,0.037086739765637367,False,0.037086739765637367,False,0.034435528022930484,False,0.08275327102790704
2022-03-16,2022-03-16 00:00:00+00:00,340.32000732421875,-0.6218247602764589,0.20497949352055336,0.45212025626436236,-0.7241245296963541,1.5908496294940102,0.7471943781905124,0.31058411968167887,78.43915343915344,0.012106238330156227,False,0.012106238330156227,False,-0.00255640308669447,False,0.11734820533741003
2022-03-17,2022-03-17 00:00:00+00:00,344.44000244140625,-0.5707581438688257,-0.4358643147590706,0.34195692033075087,-0.6259903796880734,1.3275360806893317,0.6778358458228656,0.16184024439467784,65.60846560846561,0.01637435864267478,False,0.01637435864267478,False,-0.01744864046866157,False,0.13139146124255308
2022-03-18,2022-03-18 00:00:00+00:00,351.489990234375,-0.3916466384617013,-0.9473258138875597,-0.2088204437148577,-0.26989148970783633,0.8689479325326235,0.4487230699608589,-0.01825976710443893,48.544973544973544,-0.004011504456127413,False,-0.004011504456127413,False,-0.037156100945820114,False,0.17169635331343713
2022-03-21,2022-03-21 00:00:00+00:00,350.0799865722656,0.074957773995825,-1.4542803302956575,-0.2449292591631803,-0.2099828580647,0.8756241009952145,0.30884540178738995,-0.022246948814685752,48.28042328042328,0.004998857595759132,False,0.004998857595759132,False,-0.03327809170285001,False,0.2809202847561977
2022-03-22,2022-03-22 00:00:00+00:00,356.9599914550781,0.1965151780200316,-2.411283412099715,-0.34391967337225543,0.1813624399063042,0.479379465142929,0.25270590682552446,-0.18316000316854011,34.39153439153439,-0.014371372158266338,False,-0.014371372158266338,False,-0.05191057603896432,False,0.32122574753967237
2022-03-23,2022-03-23 00:00:00+00:00,351.8299865722656,0.5369569384504924,-1.4960038680834682,-0.1076841293358175,0.27626183157378553,0.635799678403233,0.4177376718666638,0.12436913933404374,62.16931216931217,0.021374015343360808,False,0.004064529028044106,False,-0.05025152303824387,False,0.40293698524836313
2022-03-24,2022-03-24 00:00:00+00:00,359.6499938964844,0.6343127830495043,-1.8574737709684161,-0.4558106336090618,0.4038971519145154,0.3405767096372747,0.20558608659814367,-0.02752244036200671,47.883597883597886,-0.0008341103797018246,False,-0.017767229916034855,False,-0.09523147666132858,True,0.2745472391375414
2022-03-25,2022-03-25 00:00:00+00:00,359.3500061035156,0.9236680349454529,-1.8577758396046153,-0.5663108190838283,0.30104399884835514,0.37878177614141756,0.11830440979789633,-0.005990013844868476,49.735449735449734,0.0069570055865808555,False,-0.028384616763003523,False,-0.09447616983552098,True,0.2283509202094522
2022-03-28,2022-03-28 00:00:00+00:00,364.9100036621094,0.9659803127612657,-2.52422725623452,-0.9212670270508151,0.4856323811046061,0.11918486376337896,-0.029473902664133078,-0.1867776792024662,33.86243386243386,-0.008385622558671146,False,-0.06582441909680647,True,-0.13090895983740902,True,0.20294710477281777
2022-03-29,2022-03-29 00:00:00+00:00,371.19000244140625,0.6906019312935553,-3.498680106880387,-1.001161132401625,0.8320496043031581,-0.25981187931973837,-0.13146871568933363,-0.4402464213698501,10.582010582010582,-0.027182834320769067,False,-0.08550874222261762,True,-0.1466364727438294,True,0.1620504601390422
2022-03-30,2022-03-30 00:00:00+00:00,367.0899963378906,0.7620102700899004,-2.1130505522643217,-0.7681491992680576,0.5530877328294496,-0.03183869367139308,-0.13746803936760216,-0.19226863543185552,33.2010582010582,-0.03767464847921298,True,-0.07529484433407974,True,-0.13710530680312805,True,0.1467215015115613
2022-03-31,2022-03-31 00:00:00+00:00,362.5400085449219,0.7673475145088666,-1.9644606419852586,-0.6531542003044026,0.40227320428295044,0.11635337006410178,0.12249770439111744,-0.09840381789296929,42.857142857142854,-0.025597171513684125,False,-0.06650304876945234,True,-0.13595743196109733,True,0.20586153211710093
2022-04-01,2022-04-01 00:00:00+00:00,361.8500061035156,0.5665344682766119,-2.745236870679186,-0.8959449375336461,0.4156710233560832,0.06939127038082527,-0.006719300032862285,-0.3131880831269151,20.238095238095237,-0.03509744919942914,True,-0.06472298751608851,True,-0.13430981147921406,True,0.2442864431530286
2022-04-04,2022-04-04 00:00:00+00:00,369.29998779296875,1.0426644751377014,-3.5056197069871886,-1.05290873259467,1.2189166190536538,-0.4096307713802849,-0.1513520052808508,-0.351959996754184,17.724867724867725,-0.07692925557435437,True,-0.0835905663080968,True,-0.15177359774079013,True,0.36095880079617837
2022-04-05,2022-04-05 00:00:00+00:00,361.1000061035156,0.9476873330257586,-3.3469316545534027,-0.7938040598525078,0.7023379246221547,-0.004213219436360864,0.34649270821131567,-0.21807610111479525,30.82010582010582,-0.059955673028368794,True,-0.06278042936735817,True,-0.1325117842556851,True,0.446138857840842
2022-04-06,2022-04-06 00:00:00+00:00,353.260009765625,0.2321323918484645,-2.4459712988239013,-0.6678190596104596,-0.04526580944478643,0.5023781852903161,0.489344650987592,-0.19569642657607458,32.93650793650794,-0.03909301131412013,True,-0.0540961765862471,True,-0.11396707425880459,True,0.3544658496361127
2022-04-07,2022-04-07 00:00:00+00:00,354.1000061035156,0.25724431463832276,-2.5566319238533946,-0.7927501032356546,0.08695119000335816,0.41797244832107294,0.32509839057143075,-0.2496640896949056,27.116402116402117,-0.04425307302353865,True,-0.08105058376825114,True,-0.12665915089084867,True,0.4217872809187455
2022-04-08,2022-04-08 00:00:00+00:00,349.1499938964844,-0.10925221385519261,-2.7802635438866043,-0.6279876358110423,-0.002568778515372322,0.522283803858579,0.31889029526708157,-0.33383923488730716,18.78306878306878,-0.030703140220822656,True,-0.0680223411575982,True,-0.14893312590295193,True,0.5096503239443445
2022-04-11,2022-04-11 00:00:00+00:00,340.8900146484375,-0.6265633954617117,-2.47348068194091,-0.018254629477218343,-0.4110614305294722,0.8692157181874807,0.9292268123793906,-0.2001309527972472,32.67195767195767,-0.00721646826526523,False,-0.0696705652246622,True,-0.1283112407885063,True,0.6612317858554333
2022-04-12,2022-04-12 00:00:00+00:00,339.45001220703125,-0.8207152812173445,-2.209899657277561,-0.041039869456278355,-0.7492582201556036,0.9536305060011014,0.7336357355421532,-0.27466747649542045,24.074074074074073,-0.003004918234110643,False,-0.06684342797303411,True,-0.14025633865673037,True,0.47658686123650784
2022-04-13,2022-04-13 00:00:00+00:00,346.3500061035156,-0.814862340372922,-2.0150441117938196,-0.21057340274766062,-0.5136483093718621,0.7022075638516511,0.2761564769448547,-0.3676608633649016,16.26984126984127,-0.03522451852761033,True,-0.08543379765105852,True,-0.15937638583593183,True,0.26309191693527195
2022-04-14,2022-04-14 00:00:00+00:00,338.42999267578125,-1.1251374255652256,-1.8220525114996737,-0.18296318379236598,-0.8955508262880881,1.109828749154226,0.4981346989269112,-0.3293716145442185,19.444444444444446,-0.03850131212152852,True,-0.07440236746364226,True,-0.13970392637330908,True,0.2569524681558452
2022-04-18,2022-04-18 00:00:00+00:00,338.69000244140625,-0.7860961803590077,-1.9111606639853693,-0.1966989614156298,-0.8189359741414745,1.148856903637517,0.41580255366886654,-0.27347173647111434,24.47089947089947,-0.03923944742721208,True,-0.07511294179935946,True,-0.1403643691937625,True,0.2014276682371646
2022-04-19,2022-04-19 00:00:00+00:00,346.260009765625,-1.0904321387078868,-2.1132080188030486,-0.2264751911330125,-0.6827750648007003,0.7343291447554313,0.19742484162892218,-0.47378061211857025,8.465608465608465,-0.08409863771706738,True,-0.09533301228740987,True,-0.1591578995981755,True,0.14606106500039379
2022-04-20,2022-04-20 00:00:00+00:00,341.2099914550781,-1.5047562741517073,-1.2999870077859754,-0.330777424361,-0.6576539517853931,1.0000538890521842,0.02990618937780969,-0.42168312551614795,12.16931216931217,-0.0716566991054014,True,-0.08194364806213239,True,-0.14674241100947527,True,0.09705660801819743
2022-04-21,2022-04-21 00:00:00+00:00,334.1499938964844,-1.46793376758028,-1.6121906286634438,-0.4280658808803892,-0.9776686738649966,1.2994737939159322,0.596158583150477,-0.3457457615700791,18.51851851851852,-0.052042449344609554,True,-0.06329491031813805,True,-0.13338323548803055,True,0.16702139115887138
2022-04-22,2022-04-22 00:00:00+00:00,325.3999938964844,-1.6640466798385425,-0.7948772449713122,-0.3582217519133294,-1.3346295958747183,1.8006597744418051,1.3858251701186395,-0.0507605483738571,46.42857142857143,-0.037338642054030036,True,-0.04963120528398657,False,-0.11284573420239341,True,0.20146818754850113
2022-04-25,2022-04-25 00:00:00+00:00,329.5799865722656,-1.726844627732831,-0.6271926176120592,-0.49754804067563035,-1.1867474824758444,1.5631488100380952,1.251199362192209,-0.10434511018125393,42.46031746031746,-0.0495478707372452,True,-0.09839794282736414,True,-0.12409732254029449,True,0.29450795398049495
2022-04-26,2022-04-26 00:00:00+00:00,317.1400146484375,-2.2799645728757785,0.35718527734006006,-0.6233139840921978,-1.649050653021437,2.211470803178799,2.297724362401289,0.18973491377943552,68.78306878306879,-0.012265921891785658,False,-0.0630321619115547,True,-0.09428020127705383,True,0.4286454508916906
2022-04-27,2022-04-27 00:00:00+00:00,316.760009765625,-2.0924265623695706,0.3867623968397161,-0.6108622493405195,-1.433281193195853,2.2158225833981726,1.9791853622180242,0.2024522322618528,69.70899470899471,-0.011080975051813158,False,-0.07867158940351415,True,-0.09319364383494066,True,0.4339937814284363
2022-04-28,2022-04-28 00:00:00+00:00,328.010009765625,-1.4945728791433777,-0.3622929592107536,-0.5411271937939023,-1.1927439857702662,1.604267451666143,1.6455932521361483,0.0636893038052396,56.21693121693122,-0.04576082838554285,True,-0.11237466775931149,True,-0.12429504685049597,True,0.3875457759783841
2022-04-29,2022-04-29 00:00:00+00:00,313.25,-2.0587979751731362,-0.08480867580225165,-0.544826030037713,-1.6469528987730453,2.2647005382252785,1.8634775376388686,0.09962918094813639,59.39153439153439,-0.012769353551476459,False,-0.07055069785639467,True,-0.08303275264365517,True,0.34539406435773096
2022-05-02,2022-05-02 00:00:00+00:00,318.4800109863281,-1.6606206939358465,-0.4175724882577934,-0.481427680028935,-1.429272231280305,1.9757194700261975,1.7827950158702712,0.09440928245851612,59.12698412698413,-0.06697442964720135,True,-0.0858139165632501,True,-0.09809099370225216,True,0.37214269688373575
2022-05-03,2022-05-03 00:00:00+00:00,318.82000732421875,-1.8846394514100606,-0.28422065760516274,-0.3585222278980436,-1.229229168881224,1.9610373194805348,1.03936955230713,-0.039716212687241514,46.03174603174603,-0.06796942767050818,True,-0.0867888237628569,True,-0.09905280836948538,True,0.15415326666122595
2022-05-04,2022-05-04 00:00:00+00:00,329.6000061035156,-1.474128711853499,-0.5628018623348361,-0.39737215024048245,-0.878027698931812,1.340999497372815,0.7473184007072418,-0.13302381196873386,39.15343915343915,-0.11456313430335896,True,-0.11668686511795512,True,-0.12851946324247598,True,0.18192601084797302
2022-05-05,2022-05-05 00:00:00+00:00,313.0,-1.5048208065149151,-0.22028463990395888,-0.06625425239546884,-1.4445642096307232,2.068338405428944,1.5560340416668226,0.16755757544642114,66.7989417989418,-0.0698083262093151,True,-0.07482432405026962,True,-0.08230035068889774,True,0.27741195505025096
2022-05-06,2022-05-06 00:00:00+00:00,309.25,-1.0137816306453984,-0.16314922171144217,-0.08971083189121937,-1.363423008785633,2.2144249894652925,1.2747520491724234,0.25712216383478037,76.05820105820106,-0.05852871820053562,True,-0.06651578762883992,True,-0.0711722223625707,False,0.17079961991384163
2022-05-09,2022-05-09 00:00:00+00:00,297.1499938964844,-0.7159428978260353,1.0325681024686377,1.146007901834338,-1.4993375163671303,2.7245125125502176,1.8805742088258917,0.8224141428086746,94.70899470899471,-0.020191822726707387,False,-0.02850412719057216,False,-0.03335017286105557,False,0.07929563112180495
2022-05-10,2022-05-10 00:00:00+00:00,300.760009765625,-0.14623479290812244,0.9306730411398321,0.8660111345967653,-1.2974560475916863,2.453009849544821,1.7461759656147346,0.842173866942185,94.84126984126983,-0.03195243901152112,True,-0.044952849754812285,False,-0.044952849754812285,False,0.11678177464429956
2022-05-11,2022-05-11 00:00:00+00:00,291.8399963378906,-0.49093577445891823,1.7944293171877215,1.1951123812910698,-1.3369432051537469,2.791551874594282,1.9181949054163354,1.0318963560445429,95.23809523809523,-0.002398511849769469,False,-0.015762082515207276,False,-0.015762082515207276,False,0.13027873939796308
2022-05-12,2022-05-12 00:00:00+00:00,291.1499938964844,-1.0140860754231473,2.071720941233943,1.177240480781038,-1.2397019104878535,2.7854489325692833,1.4851575498196836,0.8938309840831812,94.84126984126983,-0.005392434680170255,False,-0.01342951655186897,False,-0.01342951655186897,False,0.07716910184520186
2022-05-13,2022-05-13 00:00:00+00:00,301.94000244140625,-0.9541135075424733,1.5648661813880043,1.0811644244061114,-0.945389167519763,2.178839153575288,1.168716842632648,0.6797264922539399,92.1957671957672,-0.04391604179111119,True,-0.048685209273931496,False,-0.08786513401597129,True,0.11471068658197554
2022-05-16,2022-05-16 00:00:00+00:00,298.44000244140625,-1.1435313890919165,1.8892270392114796,1.0196077185978814,-0.9347275818961732,2.285389118861247,0.8155249536630546,0.6366122271435611,91.4021164021164,-0.032703423421065025,True,-0.037528522032599154,False,-0.07716793523287291,False,0.08588808626232762
2022-05-17,2022-05-17 00:00:00+00:00,306.1700134277344,-0.9418506151657136,1.6282232168462112,0.914730144530283,-0.6989581065532903,1.9403423399997157,0.7028908949417177,0.5711393049521103,88.4920634920635,-0.06182846903074468,True,-0.06182846903074468,True,-0.10046708827311501,True,0.0746907044850357
2022-05-18,2022-05-18 00:00:00+00:00,291.1400146484375,-0.9449797511455208,2.5091191970014166,1.2604023031946185,-1.1322514933883812,2.5443092475695317,1.2544071589049406,0.9033177169272075,94.84126984126983,-0.013395700411610978,False,-0.013395700411610978,False,-0.06783677614308314,False,0.09657601594686739
2022-05-19,2022-05-19 00:00:00+00:00,289.5799865722656,-1.7439222458823023,2.327521692346043,1.0195626552852304,-1.149650807283679,2.502778424311547,1.001852829722144,0.6307786999181555,91.005291005291,-0.008080656282877019,False,-0.008080656282877019,False,-0.06281501749876195,False,0.18549216962831142
2022-05-20,2022-05-20 00:00:00+00:00,288.67999267578125,-1.7589553345445728,2.31000919520944,1.116688968592145,-1.1379861635267623,2.418196747891539,1.1249120312646288,0.6443030405339352,91.4021164021164,-0.004988230836708962,False,-0.004988230836708962,False,-0.05989323287382187,False,0.24040394821054234
2022-05-23,2022-05-23 00:00:00+00:00,293.4800109863281,-1.356566833365186,1.6102244070050762,0.5568336419129918,-0.9991874700593861,2.1759829610837564,1.0051926988173654,0.5122606700403399,86.11111111111111,-0.021262166138612537,False,-0.021262166138612537,False,-0.07526916829412178,False,0.21058531734586297
2022-05-24,2022-05-24 00:00:00+00:00,287.239990234375,-1.2398796677177015,1.399816269611991,0.5621882805416187,-1.1504562899472572,2.3037208797291733,1.135858464099856,0.5335627602261375,87.03703703703704,0.013995333755476791,False,0.013995333755476791,False,-0.05518025388110004,False,0.25488809305361787
2022-05-25,2022-05-25 00:00:00+00:00,291.260009765625,-1.4100299730266859,0.9628898120827057,0.28437665356930564,-1.1020996253049309,2.077646604267314,0.7742819440247758,0.29593590842667755,76.45502645502646,0.027707122626049685,False,0.027707122626049685,False,-0.0682208145676324,False,0.1965274930581953
2022-05-26,2022-05-26 00:00:00+00:00,299.3299865722656,-1.8547098361982355,0.4911864942608098,0.3293426717867586,-0.9645874244848307,1.7723292156186463,0.705936346984319,0.08663527292601872,57.67195767195767,0.022283144779829955,False,-0.035044902632374475,False,-0.09334170706977507,True,0.2136803582593872
2022-05-27,2022-05-27 00:00:00+00:00,309.1000061035156,-1.3188793517985673,-0.2906463148339194,0.44928157747747893,-0.7162595998003844,1.2001963926882269,0.4652475277074978,-0.03679481572796618,46.42857142857143,-0.010029136338733813,False,-0.10899385886819968,True,-0.12199932290667537,True,0.1991720335049498
2022-05-31,2022-05-31 00:00:00+00:00,308.2799987792969,-1.0668404907075002,-0.20225738436463578,0.5184128147977811,-0.7086004910041902,1.2614664912093865,0.5610484697787581,0.06634749423058313,56.21693121693122,-0.0073958699504510506,False,-0.1066238330327739,True,-0.11966389086847495,True,0.15460404533273284
2022-06-01,2022-06-01 00:00:00+00:00,306.0,-0.7849708007109156,-0.07123652108265936,0.920768893732719,-0.6964567307158193,1.3381586412628383,0.48883134874160056,0.18532673946220476,67.32804232804233,0.0006536346635008794,False,-0.09996730829376022,True,-0.11310452729268794,True,0.17238371420955287
2022-06-02,2022-06-02 00:00:00+00:00,314.3800048828125,-0.9701783629919292,-0.07039696764178245,0.5472672746544147,-0.49104764384678984,1.033449398088048,0.38111821259821266,0.05938788528102193,55.158730158730165,-0.04764937576711359,True,-0.13674530684736086,True,-0.13674530684736086,True,0.16605895415077743
2022-06-03,2022-06-03 00:00:00+00:00,306.20001220703125,-1.1817508028301926,0.07370615951034731,0.7500436133720306,-0.642736521518355,1.2197084253973094,0.35901133264335044,0.06904359807809538,56.481481481481474,-0.05669502017329442,True,-0.11368385424837157,True,-0.11368385424837157,True,0.23882160425349527
2022-06-06,2022-06-06 00:00:00+00:00,307.2200012207031,-1.4070641875748635,-0.01936780436758546,0.5041814485479603,-0.6573664606313727,1.109009708532546,0.40342039710421185,-0.03001881128266877,47.61904761904761,-0.10354142774624175,True,-0.11662647754019695,True,-0.11662647754019695,True,0.2646210201883319
2022-06-07,2022-06-07 00:00:00+00:00,309.8699951171875,-1.5229439384341166,-0.5614727749812422,-0.2040576180948156,-0.23204448795825625,0.8480741876131844,0.22655503499184437,-0.22909629441622387,29.629629629629626,-0.11120790008095471,True,-0.12418104713300016,True,-0.12418104713300016,True,0.48215039739039134
2022-06-08,2022-06-08 00:00:00+00:00,307.6400146484375,-1.6325836503224904,-0.34833158804252545,0.018647409446672855,-0.44296112364847007,0.9587315700617028,0.23508241964929172,-0.2045830979312812,32.142857142857146,-0.10476534082589906,True,-0.11783252591970361,True,-0.11783252591970361,True,0.4378527222623788
2022-06-09,2022-06-09 00:00:00+00:00,299.3999938964844,-1.3815280922989108,-0.329529424528571,-0.14334088841018627,-0.6509638707881353,1.211629884474241,0.559543028793211,-0.08347911894481633,44.17989417989418,-0.0935537068104656,True,-0.0935537068104656,True,-0.0935537068104656,True,0.509962515848908
2022-06-10,2022-06-10 00:00:00+00:00,288.8399963378906,-1.2814055178328887,0.07030402361874621,0.006733994479556558,-1.1625208479599192,1.6295179518620262,0.7774677796105951,0.061956918524726234,56.21693121693122,-0.06041400744597647,True,-0.06041400744597647,True,-0.06041400744597647,False,0.4561689706792902
2022-06-13,2022-06-13 00:00:00+00:00,275.4100036621094,-1.0467411810747522,1.1582619958206735,2.2536999183660074,-1.3547832663282968,2.2552054487714592,1.5546806572983893,0.7485207862594767,92.85714285714286,-0.014596379798185732,False,-0.014596379798185732,False,-0.014596379798185732,False,0.16125410465635312
2022-06-14,2022-06-14 00:00:00+00:00,275.9100036621094,-1.026716562482352,0.35336798137761455,2.544560707103784,-1.3785087216588348,2.1489626942688047,1.414825611554262,0.6080993083363384,89.55026455026454,-0.01638211356485375,False,-0.01638211356485375,False,-0.01638211356485375,False,0.2616709303515812
2022-06-15,2022-06-15 00:00:00+00:00,282.79998779296875,-0.7499089646351588,0.5156010227172322,2.309709058999032,-1.0775659234380923,1.860973149056066,1.0285166823150669,0.574592344138969,88.22751322751323,-0.0403464414322543,True,-0.0403464414322543,False,-0.0403464414322543,False,0.22858124348695513
2022-06-16,2022-06-16 00:00:00+00:00,271.3900146484375,-0.5088857925943185,0.9752798162273298,2.7280244093391115,-1.28140030453316,2.1757258619849797,1.257875924381282,0.8118275664424253,93.65079365079364,0.012159577047238024,False,0.012159577047238024,False,0.012159577047238024,False,0.1709701582729621
2022-06-17,2022-06-17 00:00:00+00:00,274.69000244140625,-0.26238360040172065,0.8695184683019382,2.508349324602494,-1.0716611356084151,1.9739088229722188,0.9689665749683393,0.7566118918720455,93.12169312169311,0.021770035069273108,False,0.020350199454685303,False,0.020350199454685303,False,0.10137502802547028
2022-06-21,2022-06-21 00:00:00+00:00,281.0799865722656,0.08216921042432597,0.18050104322084784,2.590331308518303,-0.9444801494576532,1.6198358855825399,0.6330114356722023,0.6114395712521231,89.81481481481481,-0.0014585639821989016,False,-0.0028461214998780626,False,-0.0028461214998780626,False,0.14129716587402627
2022-06-22,2022-06-22 00:00:00+00:00,280.6700134277344,-0.19005064765353893,1.318665972933062,2.627842426681272,-0.779969661322376,1.6333153124229431,0.5163941995055258,0.7355204622647161,92.32804232804233,0.010225513877087034,False,-0.001389584315311665,False,-0.001389584315311665,False,0.1077839900207138
2022-06-23,2022-06-23 00:00:00+00:00,284.8500061035156,-0.25009597726839045,0.9643834613980028,2.4840486403010997,-0.7053714821973042,1.3565408178902814,0.6277186399901502,0.6340893570326229,90.60846560846561,-0.016043557052120905,False,-0.016043557052120905,False,-0.016043557052120905,False,0.17422911881172004
2022-06-24,2022-06-24 00:00:00+00:00,294.6099853515625,-0.04758980596885576,0.4526083880715189,2.4376259031487395,-0.2991936611067659,0.9216723162817789,0.3234147869794638,0.5062742588180642,85.18518518518519,-0.048640532516796564,True,-0.048640532516796564,False,-0.048640532516796564,False,0.17068839339121483
2022-06-27,2022-06-27 00:00:00+00:00,292.45001220703125,-0.009122776424173548,0.8366131546586452,2.391674552570743,-0.32148903282320535,1.0483871831065161,0.30860418039767357,0.5860097909483934,87.6984126984127,-0.041613995280393334,True,-0.041613995280393334,False,-0.041613995280393334,False,0.13172728750389337
2022-06-28,2022-06-28 00:00:00+00:00,283.5400085449219,-0.2986996130944564,1.7531811658063148,1.720132153083413,-0.44183571090266366,1.4668494876098437,0.5116901675174538,0.7046830419504573,91.66666666666666,-0.011497530039428328,False,-0.011497530039428328,False,-0.011497530039428328,False,0.09922001708004423
2022-06-29,2022-06-29 00:00:00+00:00,283.79998779296875,-0.27076201333228295,2.330188856883386,1.332423318358472,-0.36465540595088,1.4174550771508116,0.516538109763523,0.7607185841921335,93.38624338624338,-0.012403062597168613,False,-0.012403062597168613,False,-0.012403062597168613,False,0.13822862871988528
2022-06-30,2022-06-30 00:00:00+00:00,280.2799987792969,-0.3950019098299311,2.632545726854375,1.3908359629597635,-0.410342211980411,1.4714339380087795,0.5500051368016351,0.7977015565231675,93.51851851851852,0.006600564120069041,False,0.006600564120069041,False,0.006600564120069041,False,0.1408600856276716
2022-07-01,2022-07-01 00:00:00+00:00,282.1300048828125,-0.6150906095882545,2.858447563660476,1.1101468187541752,-0.23417308240321452,1.3671195213689964,0.33425521997175284,0.7219126804145057,91.7989417989418,0.01711971959264602,False,0.012476478760683252,False,0.012476478760683252,False,0.12356210154593893
2022-07-05,2022-07-05 00:00:00+00:00,286.9599914550781,-0.0914120442300242,2.7774813011016897,1.0772808109796326,-0.09772401610243946,1.0805774698340882,0.4643700716859758,0.8003987733058588,93.51851851851852,-0.0025090648248636827,False,-0.004565087808761081,False,-0.004565087808761081,False,0.1254774276424093
2022-07-06,2022-07-06 00:00:00+00:00,288.79998779296875,0.16622319355522555,2.549458082302415,0.9487516735745346,-0.027416888474856127,0.9676934516653372,0.31014608753820144,0.7619938929833401,93.12169312169311,-0.010907181543035604,False,-0.010907181543035604,False,-0.010907181543035604,False,0.1402788195202707
2022-07-07,2022-07-07 00:00:00+00:00,294.9800109863281,0.23989797130452753,1.517785478015998,0.7475976213441442,0.013137459533912968,0.6775996324642697,0.23577149608954687,0.5350520227385699,85.58201058201058,-0.03162931975847061,True,-0.03162931975847061,False,-0.03162931975847061,False,0.15985439191025688
2022-07-08,2022-07-08 00:00:00+00:00,295.3500061035156,0.3620645823981619,1.0888806993488913,0.9253197907629921,0.029019786795730484,0.6272641898113894,0.044629493376638685,0.46700870511523046,82.8042328042328,-0.03284243103631945,True,-0.03284243103631945,False,-0.03284243103631945,False,0.142937823142713
2022-07-11,2022-07-11 00:00:00+00:00,289.0400085449219,0.32435984290316705,1.435615980742991,1.3244746914322651,-0.11520105655099787,0.8083836548266636,0.2682037475402141,0.6106991568260345,88.4920634920635,-0.011728530820018457,False,-0.011728530820018457,False,-0.011728530820018457,False,0.16203478156592666
2022-07-12,2022-07-12 00:00:00+00:00,286.239990234375,0.31096151132024824,1.175579489918846,1.3402222890539228,-0.21206766633179827,0.8123082814507304,0.34920474203088403,0.573043909403822,86.37566137566137,-0.0020611946549031757,False,-0.0020611946549031757,False,-0.0020611946549031757,False,0.17591638093697148
2022-07-13,2022-07-13 00:00:00+00:00,285.6499938964844,0.2520611946397871,1.1653570172840972,-0.09036567435214085,0.1632605233357479,0.6916265409492072,0.22047680736940967,0.4230889722494435,81.34920634920636,0.003570871881830362,False,0.003570871881830362,False,0.003570871881830362,False,0.3226467073166056
2022-07-14,2022-07-14 00:00:00+00:00,286.6700134277344,0.6400740191432907,1.2575836783001277,-0.16724007591836987,0.3156152773495008,0.6443813671068889,0.23442278986124782,0.5230314709778927,84.25925925925925,0.009523076502168548,False,0.009523076502168548,False,0.009523076502168548,False,0.33271524886846665
2022-07-15,2022-07-15 00:00:00+00:00,291.8699951171875,0.400133202601802,0.8630337225191406,-0.2739443589105996,0.4005514862066382,0.420289889349396,-0.011870157129195546,0.3238539323822074,75.79365079365078,-0.008462676061345098,False,-0.008462676061345098,False,-0.008462676061345098,False,0.3297516083711425
2022-07-18,2022-07-18 00:00:00+00:00,289.3999938964844,0.1853305908840576,0.42301741587681757,-0.7987214616818553,0.6120330671688198,0.35481233042609955,0.011846988760885479,0.1857834083028686,64.55026455026454,0.030753262212119603,False,0.017173466916107882,False,0.017173466916107882,False,0.31099323998102224
2022-07-19,2022-07-19 00:00:00+00:00,298.29998779296875,0.30353783235191967,-0.4306030983240256,-0.7209008426098605,0.9235709890122269,-0.06523182408594574,-0.11774329574677633,0.02596764184608366,49.60317460317461,-0.013174632372123352,False,-0.013174632372123352,False,-0.013174632372123352,False,0.33633879257538224
2022-07-20,2022-07-20 00:00:00+00:00,303.0299987792969,-0.07665565249541224,-0.29477036433906906,-0.6136901394849441,0.957269805137356,-0.212977296152995,-0.16875219913303868,-0.05367112738504057,43.12169312169312,-0.028578040778123204,False,-0.028578040778123204,False,-0.028578040778123204,False,0.2139666320460523
2022-07-21,2022-07-21 00:00:00+00:00,307.3800048828125,0.09282332655268298,-0.6631710346842281,-0.463723272650048,1.168240102917288,-0.4105761708067736,-0.2318597418532749,-0.08053448425151896,41.93121693121693,-0.04232549144042408,True,-0.04232549144042408,False,-0.04232549144042408,False,0.22217336440008906
2022-07-22,2022-07-22 00:00:00+00:00,301.989990234375,0.01916230048347059,0.003865952190625979,-0.43963015045863235,0.7723810547021618,-0.13130222717073414,-0.10679713014117853,0.0286866246223665,49.86772486772487,-0.025232608243980548,False,-0.025232608243980548,False,-0.025232608243980548,False,0.14124874935308257
2022-07-25,2022-07-25 00:00:00+00:00,300.2699890136719,-0.06309712156670687,0.29382161843213045,-0.37730943831654207,0.37325380460214075,0.021636383111361457,-0.15710070560282213,0.022618080811852966,49.338624338624335,-0.019648962974504025,False,-0.019648962974504025,False,-0.019648962974504025,False,0.10350656133856714
2022-07-26,2022-07-26 00:00:00+00:00,294.3699951171875,-0.23949337233726906,0.6745582445009358,-0.5009329076432345,0.06848211959031836,0.254538083189949,0.04496232318214969,0.07336417065633061,54.1005291005291,0.04225975013674188,False,0.04225975013674188,False,0.04225975013674188,False,0.12436181426271897
2022-07-27,2022-07-27 00:00:00+00:00,306.80999755859375,0.5857267905120747,-0.24665332865458725,-0.4517938972950676,1.0761167297229586,-0.3861321986242623,-0.06914906416838643,0.10532922597463412,57.67195767195767,0.009778038603279526,False,0.009778038603279526,False,0.009778038603279526,False,0.1599157867329691
2022-07-28,2022-07-28 00:00:00+00:00,309.80999755859375,0.20067427500494536,-0.5499099814467292,-0.5169243572941438,1.1771947319610774,-0.5303074336795276,-0.1479987098872016,-0.05312609686461889,42.72486772486773,0.014589551819795599,False,0.014589551819795599,False,0.013847224359215593,False,0.11769899610742644
2022-07-29,2022-07-29 00:00:00+00:00,315.4599914550781,0.8108665660114482,-0.9991526081800833,-0.48087753668669087,1.6361277726490604,-0.821797500555428,-0.2531534925525872,-0.005358364417635902,46.82539682539682,-0.0035820862024381617,False,-0.0035820862024381617,False,-0.02542315739209655,False,0.1235645342311235
2022-08-01,2022-08-01 00:00:00+00:00,315.2699890136719,0.8644355068566575,-0.5954032265842154,-0.1271565765986387,1.4983046239320172,-0.866059868175682,-0.07619210574283453,0.1071562585299346,57.804232804232804,-0.002981579199298534,False,-0.002981579199298534,False,-0.034446619500759224,False,0.10268386981116283
2022-08-02,2022-08-02 00:00:00+00:00,314.3299865722656,0.49186591427202736,-1.1331577994236932,0.030470253013401827,1.0834528504857526,-0.7585289522784037,0.003333174191577609,-0.057074689802310674,42.46031746031746,0.008748767592899664,False,0.008748767592899664,False,-0.04234402738261733,False,0.09641619814650836
2022-08-03,2022-08-03 00:00:00+00:00,322.8900146484375,0.5939992042629318,-1.0709310649774253,0.02447522583069391,1.529586381530608,-1.042642223504153,-0.15644259035636518,-0.04977130185347045,43.12169312169312,-0.01799383013592981,False,-0.01799383013592981,False,-0.07315192345134336,False,0.11921148439576416
2022-08-04,2022-08-04 00:00:00+00:00,324.3999938964844,0.7106318417523743,-0.46237990954689706,-0.03052314203199334,1.544201678277024,-1.0113036648080898,-0.21076080718858106,0.05693442505746038,52.24867724867725,-0.022564757897481802,False,-0.022564757897481802,False,-0.07746610775471052,False,0.1124112524901434
2022-08-05,2022-08-05 00:00:00+00:00,321.75,0.2603578652229262,-0.7724503797342179,-0.18818915698189917,1.3228677862056795,-0.8918557528229553,-0.21553900526334985,-0.1056636833001465,39.41798941798942,-0.014514416247814688,False,-0.014514416247814688,False,-0.0826106808772824,True,0.1321705448685189
2022-08-08,2022-08-08 00:00:00+00:00,320.7099914550781,0.04778714295042561,-0.8727475717025409,-0.8050631163863549,1.4209381664449792,-0.8995451489828197,-0.2718055338630524,-0.22299043040635905,29.4973544973545,-0.011318652301236298,False,-0.01979983871006108,False,-0.0862461550905056,True,0.14234031877088307
2022-08-09,2022-08-09 00:00:00+00:00,317.0799865722656,0.5269861212837337,-0.7866090731063325,-0.7349006646087797,1.344696542276701,-0.763194847326922,-0.25940843461893437,-0.08890037821774727,41.269841269841265,0.0220764485191014,False,-0.009398197915183926,False,-0.07578529013788826,False,0.1323780105233435
2022-08-10,2022-08-10 00:00:00+00:00,325.92999267578125,0.4651039730165261,-1.6704403303906261,-0.5921513134642435,1.7662310928736231,-1.1403020873388285,-0.4707064877539204,-0.2740274373892193,24.6031746031746,-0.00567608426683186,False,-0.036296096824797286,False,-0.10088057442298626,True,0.15648431656475495
2022-08-11,2022-08-11 00:00:00+00:00,324.0799865722656,0.10234125308247828,-1.747447477844706,-0.44375461461625376,1.5631317876377617,-1.0430752690024565,-0.37306110812408,-0.3347818398014787,18.915343915343914,0.013607763036382448,False,-0.030794806474495395,False,-0.09574796366630178,True,0.13901116800937421
2022-08-12,2022-08-12 00:00:00+00:00,330.3900146484375,0.1934167887934759,-1.7314655860282713,-0.5156452289919711,1.7400557933699385,-1.2294886414983617,-0.45637652196921097,-0.3487656667327664,18.386243386243386,-0.02279133437155345,False,-0.06946339534943868,True,-0.1130180247584106,True,0.12495799389606649
2022-08-15,2022-08-15 00:00:00+00:00,333.05999755859375,0.3892305485445382,-1.664039699059086,-0.7729360159117455,1.9127255294494063,-1.3216720092846221,-0.4236983743628565,-0.31121869405321456,21.428571428571427,-0.05614607681530848,True,-0.08602051914518527,True,-0.12012853557589487,True,0.15889252869150172
2022-08-16,2022-08-16 00:00:00+00:00,332.2799987792969,0.4434017744790133,-1.0549456887635407,-0.8446262349518349,1.682270102927415,-1.1952184795021037,-0.5156383486947778,-0.243854972114176,28.04232804232804,-0.05471287089975152,True,-0.0940773139534894,True,-0.11806311282788051,True,0.1176109678054261
2022-08-17,2022-08-17 00:00:00+00:00,328.489990234375,0.8365317887125002,-0.8471428744146859,-0.749552126079312,1.3741496466252558,-0.9774246120919127,-0.3868288951050245,-0.10144854047323312,40.74074074074074,-0.04380646156247325,True,-0.08895248588809324,True,-0.11382381577040424,True,0.08808801243153881
2022-08-18,2022-08-18 00:00:00+00:00,329.2799987792969,0.7399232240851221,-0.8800180862261385,-0.7617453813458704,1.274013231936401,-0.9626870667539902,-0.46240917457497677,-0.15410986972681673,36.77248677248677,-0.046100561018149744,True,-0.09113827100606708,True,-0.12135565963076211,True,0.06439045282312017
2022-08-19,2022-08-19 00:00:00+00:00,322.8599853515625,0.938280778857511,-1.1851341324980889,0.1323418861583484,1.009436861203224,-0.7291303652637297,-0.260807781051627,-0.02345187556996403,46.69312169312169,-0.047760588520641245,True,-0.08576464467616352,True,-0.10388397308146458,True,0.05674891305940371
2022-08-22,2022-08-22 00:00:00+00:00,314.3599853515625,0.8946393999130463,-0.7116844770829197,0.017637398969578444,0.5089052692917991,-0.3804197126659888,0.21650487579771122,0.11749177133724352,60.449735449735456,-0.03165155284736898,True,-0.06778851810532394,True,-0.08153065135364235,True,0.07714698487357874
2022-08-23,2022-08-23 00:00:00+00:00,314.1000061035156,1.0338289699420158,-1.0869445312216333,-0.10069032352614454,0.6229919472563005,-0.4120080289002826,0.25531303073826983,0.09576487440858625,58.201058201058196,-0.04164284252045847,True,-0.06701693060015279,True,-0.09723020678597827,True,0.10033107604498218
2022-08-24,2022-08-24 00:00:00+00:00,315.010009765625,0.4740230307735751,-0.9737370715786101,-0.24159136993937153,0.3861592197189241,-0.3425734999513124,-0.045866934245938774,-0.09517929545762525,41.53439153439153,-0.049966732052940444,True,-0.06971214022371874,True,-0.1109171180541293,True,0.08010791115163264
2022-08-25,2022-08-25 00:00:00+00:00,320.5799865722656,0.5921063174786309,-1.0401395342153974,-0.3535923561197011,0.595908622085581,-0.5389121021901564,-0.19049642141029494,-0.12945431365580665,38.492063492063494,-0.06647326237188556,True,-0.0858756002633091,True,-0.14058886610028876,True,0.07229001080780696
2022-08-26,2022-08-26 00:00:00+00:00,307.44000244140625,0.06083313298328034,-0.08460150308943322,0.06613542056119626,-0.1537888612157225,0.062250984466439875,0.44375312582647003,0.08422243606558431,57.27513227513228,-0.03991019033383714,True,-0.04680592809707651,False,-0.107565726846237,True,0.07883385456739095
2022-08-29,2022-08-29 00:00:00+00:00,304.4100036621094,-0.03950653967031901,-0.43054711066561885,0.02004014315441971,-0.29600678843187783,0.19322753538787193,0.33123154913187786,-0.009988561579296382,48.28042328042328,-0.03731814241476139,True,-0.03731814241476139,False,-0.09868272456074023,True,0.06514725406119629
2022-08-30,2022-08-30 00:00:00+00:00,301.0199890136719,-0.0032497371762974883,0.14732960050703106,0.07657774014507956,-0.26203021903047913,0.3365148725476233,0.3370329309356742,0.12451229449739076,61.904761904761905,-0.026476651091569714,False,-0.026476651091569714,False,-0.08853230638870957,True,0.05758399310792586
2022-08-31,2022-08-31 00:00:00+00:00,299.2699890136719,-0.322764957677326,0.24243007716341292,-0.023004231218260007,-0.2224114059911784,0.47414318403613126,0.30341953620470447,0.09166193006671111,58.333333333333336,-0.02078391235019217,False,-0.02729970665312187,False,-0.09155610285812066,True,0.0492615871676857
2022-09-01,2022-09-01 00:00:00+00:00,299.3999938964844,-0.07242234917286601,-0.2037639413287513,-0.05048699569173454,-0.22818135951850715,0.47962685790450227,0.33084179336879405,0.07776876572382385,56.74603174603175,-0.02120910565452816,False,-0.0336672905068619,False,-0.10734797857735279,True,0.05522641462047586
2022-09-02,2022-09-02 00:00:00+00:00,295.1700134277344,-0.029314428165916784,0.4044186561020489,-0.44494729254607435,-0.2046697463502586,0.631045922319673,0.1590491327527998,0.13762373258947236,63.35978835978836,-0.007182388245155047,False,-0.01981910708198642,False,-0.09455568788305291,True,0.03930284121628718
2022-09-06,2022-09-06 00:00:00+00:00,293.04998779296875,0.05722947709219393,-0.2137238044830526,-0.09859030201037133,-0.3518886302523588,0.7004263872995606,0.31212481628998073,0.11925524072499824,61.37566137566137,0.0022181349296683806,False,-0.014741433156764239,False,-0.08800538850581219,True,0.051649050498928414
2022-09-07,2022-09-07 00:00:00+00:00,298.9700012207031,-0.3878565957534205,-0.5615213133796585,-0.12085520183622894,-0.2490428830019161,0.40851233198370834,0.05214951415569826,-0.11910909956366186,39.021164021164026,-0.017627149855016788,False,-0.051543645179081166,True,-0.10606412457974146,True,0.058200034841031624
2022-09-08,2022-09-08 00:00:00+00:00,300.5199890136719,-0.5902823858197915,-0.5524668389160811,-0.2239057010917606,-0.10177328565533426,0.39303588732577016,-0.1113945725474745,-0.1822548030031875,34.78835978835979,-0.031345611787998884,True,-0.06804865711785568,True,-0.11067476528669029,True,0.06556284305107513
2022-09-09,2022-09-09 00:00:00+00:00,307.0899963378906,-0.5024604666446146,-0.584072323805293,-0.05238094592423169,0.02088402037404306,0.10617000186036474,-0.15978168959284295,-0.20093077098252923,32.53968253968254,-0.05786573716364107,True,-0.10283625956189801,True,-0.1297013482928332,True,0.07048753523343505
2022-09-12,2022-09-12 00:00:00+00:00,310.739990234375,-0.41201433708027707,-0.7517504310503048,-0.4157267661147793,0.06951514279022357,-0.007252227667263023,-0.1395216106827905,-0.25566560493655627,26.58730158730159,-0.06893217346759994,True,-0.11704317519529917,True,-0.14265941933907456,True,0.057342649178582096
2022-09-13,2022-09-13 00:00:00+00:00,293.70001220703125,-0.8188808130796562,0.14512294896793462,0.21709227381609736,-0.5008476527245199,0.722142306498145,0.41513937254126027,0.032030695010071775,51.587301587301596,-0.01692203273454318,False,-0.06581551340289993,True,-0.10537967627054223,True,0.05899760035225958
2022-09-14,2022-09-14 00:00:00+00:00,296.0299987792969,-0.6700718948784194,0.06343276182971787,0.12997789656601616,-0.4877655403107444,0.6179978233641527,0.3184361046449989,0.00262027951059407,49.338624338624335,-0.04212411334028365,True,-0.07316827264610382,True,-0.11272504561967134,True,0.08638520993578365
2022-09-15,2022-09-15 00:00:00+00:00,291.1000061035156,-1.1325088956567162,0.22377003292979758,0.28176664712612276,-0.6201372580149712,0.7853062010301924,0.3849966517078647,-0.023719627633895568,46.42857142857143,-0.03789075420140864,True,-0.06605980962944369,True,-0.09769839177293915,True,0.11043940352903787
2022-09-16,2022-09-16 00:00:00+00:00,289.32000732421875,-1.0217898725248669,0.16937355117606523,0.2835350298036374,-0.6386536118063167,0.8755215799785631,0.3849547492066569,0.005698785217896629,49.47089947089947,-0.04773260475940033,True,-0.0762477429840267,True,-0.09878341063988816,True,0.10086170146978808
2022-09-19,2022-09-19 00:00:00+00:00,291.04998779296875,-0.885791038761989,-0.09498135690476239,0.00468364237071299,-0.6122510599187075,0.7390158993021848,0.18476239378362283,-0.09801904742168543,40.74074074074074,-0.05730971783323402,True,-0.08173846083191094,True,-0.10414017807880482,True,0.14884273051458635
2022-09-20,2022-09-20 00:00:00+00:00,288.7300109863281,-0.5555090564746515,-0.15157852675992464,-0.08464512894877055,-0.6808722320078747,0.7883647359697424,0.17110834222959312,-0.052539322365110136,43.783068783068785,-0.04973509965273615,True,-0.07436013023848698,True,-0.09694184770172198,True,0.1271447639648272
2022-09-21,2022-09-21 00:00:00+00:00,283.55999755859375,-0.6698047418946658,0.4297072396137431,0.07319093309846175,-0.7581506493175273,1.0052098969193706,0.3684441506965504,0.09882244299852959,58.86243386243386,-0.0324093755132272,True,-0.05748338247040852,True,-0.08047682155697333,True,0.1416214439406648
2022-09-22,2022-09-22 00:00:00+00:00,280.07000732421875,-0.13035964197080688,0.1448197052877257,0.000976033549938235,-0.7758370310783121,1.1482658262533416,0.2450185604179531,0.15802995342650344,65.21164021164022,-0.029278437507014532,False,-0.04573855544540495,False,-0.06901851888576793,False,0.14125900684399198
2022-09-23,2022-09-23 00:00:00+00:00,275.510009765625,-0.16606476775319412,0.8266179115369373,0.3802598583790605,-0.7898122656948092,1.3718795239350616,0.5222415010109357,0.38915808415278585,81.08465608465607,-0.02994446556413044,False,-0.02994446556413044,False,-0.05360973833152116,False,0.13004113367604292
2022-09-26,2022-09-26 00:00:00+00:00,274.3699951171875,0.19520554796679887,0.08222633645229925,0.42659905911997387,-0.8913085507896991,1.3324853688079767,0.7995411819242175,0.3867439935011861,80.82010582010582,-0.025913858942650525,False,-0.029011887585150498,False,-0.0496774615496528,False,0.19695606932005733
2022-09-27,2022-09-27 00:00:00+00:00,274.4800109863281,0.2518051528730038,-0.1936975874393689,0.1142657942159345,-0.8868441620740408,1.2875259119335822,0.7266571138066635,0.3025429527172319,76.5873015873016,-0.02630428785964578,False,-0.04273539243960611,False,-0.0500583656441107,False,0.2060998278698759
2022-09-28,2022-09-28 00:00:00+00:00,279.94000244140625,-0.13341044623783638,-0.14238445221430493,0.03820399894822295,-0.7397356260376734,1.0020892467157803,0.4467812691705467,0.13459440208672369,62.698412698412696,-0.04529539388867898,True,-0.061727508139583276,True,-0.0685861686060747,False,0.17378530145274507
2022-09-29,2022-09-29 00:00:00+00:00,271.8699951171875,-0.4208662940945289,0.11999788291490586,-0.0920143093070348,-0.9381580183872315,1.3091770998298646,0.7081772143385759,0.18737215276323005,67.46031746031747,-0.016956580109457886,False,-0.033876454263031985,False,-0.040938702625183065,False,0.19387204608048408
2022-09-30,2022-09-30 00:00:00+00:00,267.260009765625,-0.822339147437436,0.4736231779323086,-0.049330511000585386,-0.9365922137274371,1.4785289397304016,0.5983396923755626,0.17652749046437788,66.26984126984127,0.006884667629490249,False,-0.024395791712227166,False,-0.024395791712227166,False,0.15987981231162277
2022-10-03,2022-10-03 00:00:00+00:00,273.5299987792969,-0.8474964352423013,0.2482162109901975,-0.12734387206234993,-0.7959580326810939,1.1438376982132956,0.3801896828864125,0.04041052871161191,51.71957671957672,-0.02603003381333835,False,-0.04675907067598006,False,-0.04675907067598006,False,0.15620605752629627
2022-10-04,2022-10-04 00:00:00+00:00,282.1300048828125,-1.0422682178566511,-0.36731158075135967,-0.4851859122884312,-0.6897120838477324,0.7265757457704164,0.28853256857774623,-0.21250412162040463,30.02645502645503,-0.06869175396945926,True,-0.07581616374806432,True,-0.07581616374806432,False,0.22556269433388962
2022-10-05,2022-10-05 00:00:00+00:00,281.9800109863281,-0.8881237416090642,-0.4643222178107885,-0.5391745517914338,-0.6238936752266476,0.7729363803494351,0.25405046475522663,-0.1893772184356393,32.53968253968254,-0.06851552085780821,True,-0.0753245617576167,True,-0.0753245617576167,False,0.2710492474876941
2022-10-06,2022-10-06 00:00:00+00:00,279.760009765625,-0.6197826186449408,-0.2763303342580382,-0.3098972269606113,-0.6652247049808842,0.8666830340236885,0.41309840248898555,-0.040223215008352804,43.51851851851852,-0.061123840100811844,True,-0.06798691330896234,True,-0.0688805363832875,False,0.2819168818479296
2022-10-07,2022-10-07 00:00:00+00:00,269.1000061035156,-0.7868842306378697,0.25869485545181076,-0.7011258561456866,-0.8422707916692319,1.3365427868913382,0.5323619097017852,0.058755117143868885,53.57142857142857,-0.03106657628957743,True,-0.03106657628957743,False,-0.03199559893665915,False,0.2789882353217128
2022-10-10,2022-10-10 00:00:00+00:00,266.4100036621094,-0.7849486890784875,0.6344626749220988,-0.7524412208893653,-0.8224164741981649,1.4425125180868885,0.6826327817760562,0.164602130176545,65.21164021164022,-0.021283034982896964,False,-0.021283034982896964,False,-0.02222143818309008,False,0.30621921606916597
2022-10-11,2022-10-11 00:00:00+00:00,262.75,-0.524228119261515,0.12174854849679916,-1.1997578313791888,-0.8342916882576329,1.4396854429313926,0.7113506692278,0.09850434447749154,58.201058201058196,-0.007649894445765915,False,-0.007649894445765915,False,-0.008601369231684086,False,0.31728191955114504
2022-10-12,2022-10-12 00:00:00+00:00,262.6600036621094,-0.55956539690719,0.25018182730078564,-1.1443301696831238,-0.7884029577549724,1.4326849237651953,0.6436431157264157,0.10818634198044384,59.78835978835979,-0.00730988121893239,False,-0.00730988121893239,False,-0.008261682012789096,False,0.2840060393947152
2022-10-13,2022-10-13 00:00:00+00:00,268.82000732421875,-0.12520499144147662,-0.3186669174818962,-1.1867274633738825,-0.6376112661409152,1.091674656316675,0.4881608883033183,0.028811636754893427,50.52910052910053,-0.030057350158831708,True,-0.030057350158831708,False,-0.030987340461594015,False,0.3108463195514957
2022-10-14,2022-10-14 00:00:00+00:00,260.739990234375,-0.23472669516375608,-0.2845069803470365,-1.1620641566351373,-0.8041370074761196,1.390463574779437,0.5258170599874907,0.056807774083647136,53.042328042328045,0.0321009259441325,False,0.0321009259441325,False,-0.0009588095779833328,False,0.37527663282963863
2022-10-17,2022-10-17 00:00:00+00:00,269.3500061035156,-0.13340084932506402,-0.7310610292496081,-1.1753475327900307,-0.6579209620426871,0.9990052799242313,0.41437614816513585,-0.06988593621998673,41.66666666666667,-0.0008911109950406892,False,-0.0008911109950406892,False,-0.032894062254951506,False,0.4036852275763329
2022-10-18,2022-10-18 00:00:00+00:00,271.4800109863281,-0.4195414631987388,-1.0057255619036019,-1.0404628123337285,-0.6334969360106314,0.8492717274555536,0.3220456596143628,-0.1995744711462723,30.952380952380953,-0.008730018929036243,False,-0.008730018929036243,False,-0.04048187824961669,False,0.38647784334399493
2022-10-19,2022-10-19 00:00:00+00:00,270.489990234375,-0.004564692118946251,-1.4046196546462737,-1.0421330806756202,-0.649513082632677,0.8469020044952228,0.3017792194048029,-0.1835099123031887,32.53968253968254,-0.005101870430091471,False,-0.017782534408855466,False,-0.03696994477072946,False,0.42901768241388677
2022-10-20,2022-10-20 00:00:00+00:00,269.1099853515625,-0.25168041157518495,-1.2733321747809712,-1.2246802682641211,-0.6184172986231645,0.8603100139808276,0.27936715941358037,-0.22863109547318786,27.645502645502646,0.01397201876665033,False,-0.032031494877183486,False,-0.032031494877183486,False,0.5485888380913888
2022-10-21,2022-10-21 00:00:00+00:00,275.4200134277344,-0.1561576423020379,-2.0862325660088445,-1.3225777428600376,-0.5858619902150622,0.5120847545969366,0.27618798471581407,-0.4066489383174472,12.16931216931217,-0.009258652916360965,False,-0.05420820007793936,True,-0.05420820007793936,False,0.5618974853782975
2022-10-24,2022-10-24 00:00:00+00:00,278.45001220703125,-0.04416003008781371,-2.1086943426711096,-1.4343306242621023,-0.37132145867705396,0.3419202622505384,0.3350973802505925,-0.38886391014577126,13.492063492063492,-0.020039564895744877,False,-0.0644999863002439,True,-0.0644999863002439,False,0.581671872871993
2022-10-25,2022-10-25 00:00:00+00:00,284.2099914550781,-0.2418845720219954,-1.7059839773573595,-1.5104600948545575,-0.010792313827316288,0.0593911850445605,0.22097619119915035,-0.400865892318814,12.566137566137566,-0.03990006220341835,True,-0.08345942061805478,True,-0.08345942061805478,True,0.5246751819002288
2022-10-26,2022-10-26 00:00:00+00:00,277.92999267578125,-1.0325306711820221,-1.6197020075794362,-1.5751743642646066,-0.45004027416650433,0.32784283651899904,0.11488430618207926,-0.5859394843845405,3.835978835978836,-0.04407584759767258,True,-0.0627496236498335,True,-0.0627496236498335,False,0.41950096618456545
2022-10-27,2022-10-27 00:00:00+00:00,272.8699951171875,-1.4230322793412749,-1.6726053360058841,-1.3472663324049767,-0.536302368437057,0.43467337430112485,0.009533084934441693,-0.6618279529280805,2.91005291005291,-0.04536960862074901,True,-0.04536960862074901,False,-0.04536960862074901,False,0.3968470056474896
2022-10-28,2022-10-28 00:00:00+00:00,281.2200012207031,-1.0239684773489515,-2.28591334742325,-1.4528382005387988,0.026968331371461023,-0.0009216635181970486,-0.17423349100771096,-0.7239502988366201,1.7195767195767195,-0.07371456829650991,True,-0.07371456829650991,True,-0.07371456829650991,False,0.527402994113344
2022-10-31,2022-10-31 00:00:00+00:00,277.95001220703125,-1.1241771224017596,-1.8420788198898006,-1.327258676776238,-0.28976004460638444,0.1668034562245296,-0.17119861641561537,-0.6782161538706206,2.7777777777777777,-0.06281712972061737,True,-0.06281712972061737,True,-0.06281712972061737,False,0.3694263317579254
2022-11-01,2022-11-01 00:00:00+00:00,275.1099853515625,-1.4888475303501416,-1.4380559516014033,-1.4467188934532111,-0.38103772255710355,0.32852657223892723,-0.18734210813782717,-0.6870685537189055,2.7777777777777777,-0.05314236449289411,True,-0.05314236449289411,True,-0.05314236449289411,False,0.3927710262250923
2022-11-02,2022-11-02 00:00:00+00:00,265.67999267578125,-1.5772199007341534,-0.9245140354219542,-1.3921822377085173,-0.5505394991248505,0.7204539756855163,0.0062985300616296815,-0.530569732950274,5.555555555555555,-0.01953478840892542,False,-0.01953478840892542,False,-0.01953478840892542,False,0.3692821926663103
2022-11-03,2022-11-03 00:00:00+00:00,260.489990234375,-2.007505372038613,-0.7819487817901901,-1.4196307655307479,-0.6446608710618582,0.8934963654711697,-0.0795929430733199,-0.5946749144090346,4.232804232804233,0.010864206671808985,False,0.010864206671808985,False,0.010864206671808985,False,0.3826457710694667
2022-11-04,2022-11-04 00:00:00+00:00,264.67999267578125,-1.728301708687401,-1.4490174509397058,-1.505097905609262,-0.5542082506835503,0.5900651331157435,-0.1661698265754009,-0.7118749262338262,2.1164021164021163,-0.005138224985627882,False,-0.005138224985627882,False,-0.005138224985627882,False,0.42219076288977764
2022-11-07,2022-11-07 00:00:00+00:00,267.5899963378906,-1.6946138806596356,-1.6822699614746508,-1.3081007319038895,-0.511628648542286,0.4115315891968098,-0.21773562172534405,-0.7600584473305634,0.9259259259259258,-0.015957207190511302,False,-0.015957207190511302,False,-0.015957207190511302,False,0.4736533173717583
2022-11-08,2022-11-08 00:00:00+00:00,269.5400085449219,-1.867077455436907,-1.4209353906208764,-0.18291278996320873,-0.29926805497039505,0.2668650271823558,-0.04529096886772369,-0.6054224752594666,4.497354497354497,-0.02307635610120007,False,-0.02307635610120007,False,-0.02307635610120007,False,0.527160710763495
2022-11-09,2022-11-09 00:00:00+00:00,263.32000732421875,-1.9957450059137527,-0.8296649079698954,1.127111169588421,-0.6183959567590674,0.5288270204566384,0.059579853336533505,-0.38596563917461846,14.682539682539684,0.07378851638818928,False,0.07052258395752675,False,0.06535770536375507,False,0.3351668714075702
2022-11-10,2022-11-10 00:00:00+00:00,282.75,-1.8676109750833314,-0.8863068408814501,0.9742458974550645,0.12167417705266186,-0.3465766367085596,0.029294328013229398,-0.4542489665845441,9.656084656084655,0.007285579340738257,False,-0.0030415043379752316,False,-0.007851463203194076,False,0.4104978674179862
2022-11-11,2022-11-11 00:00:00+00:00,287.9599914550781,-1.8384489828528636,-1.165757163436245,1.161277053046014,0.7516148231512702,-0.7127526265648291,-0.1301681125358874,-0.48226759012886095,7.671957671957672,-0.010938998437134528,False,-0.021079236653566702,False,-0.025802170080076348,False,0.5184452946543884
2022-11-14,2022-11-14 00:00:00+00:00,285.44000244140625,-1.9216188295360848,-0.627690057702867,1.2187658302256636,0.3389822778698193,-0.5268088158681307,0.03617350632612387,-0.4038804117680091,13.095238095238097,-0.012436896589844593,False,-0.017061361671572906,False,-0.0172015261354872,False,0.493358215333918
2022-11-15,2022-11-15 00:00:00+00:00,289.3900146484375,-1.9853275966329325,-0.5003201370227407,1.1606401890892233,0.44005608399507573,-0.7027711363211572,0.10119929498074968,-0.41035547663989547,12.566137566137566,-0.02591658184582246,False,-0.030477925559849184,False,-0.030616176857049204,False,0.5645919482035147
2022-11-16,2022-11-16 00:00:00+00:00,285.44000244140625,-1.9412175407863792,0.058738915619584865,1.1420982426647721,0.3069144573671539,-0.5395970559379089,-0.06531419784719394,-0.34016792869980844,18.915343915343914,-0.012436896589844593,False,-0.017061361671572906,False,-0.029953712583518644,False,0.47764152902984025
2022-11-17,2022-11-17 00:00:00+00:00,284.80999755859375,-1.667047983065814,0.01804557849443895,1.1405812013181573,0.34638530308009097,-0.531659045433248,0.04704659036118507,-0.2616093352595803,25.132275132275133,-0.010252389084605462,False,-0.014887083567011072,False,-0.037077341557931964,False,0.4996464042107338
2022-11-18,2022-11-18 00:00:00+00:00,284.82000732421875,-1.8032042374156891,0.12463397474472258,1.2894309161932909,0.17143091098891405,-0.5741614695388271,-0.05816747603592887,-0.3137538121187144,20.634920634920633,-0.01028717295286763,False,-0.01492170455273567,False,-0.0529106345646011,False,0.4456041658145066
2022-11-21,2022-11-21 00:00:00+00:00,281.8900146484375,-2.189667244415229,0.3221569340464403,1.4247930040586934,-0.1022058672238943,-0.4371192312732845,-0.23007395509833106,-0.39590012572811767,14.153439153439153,-0.0046827033794191175,False,-0.0046827033794191175,False,-0.04381143517594299,False,0.4341843929970983
2022-11-22,2022-11-22 00:00:00+00:00,285.95001220703125,-1.8463544552571391,0.1701356169280622,0.9276527718784746,-0.02421632200233129,-0.6045221006616398,-0.442199830805901,-0.46396210591822895,9.126984126984127,-0.018814494328181053,False,-0.018954408799990663,False,-0.057387665541445476,False,0.31282283693088864
2022-11-23,2022-11-23 00:00:00+00:00,288.82000732421875,-1.114802481628218,0.07419391428823001,0.15301375663540268,0.46272595627509266,-0.8079490419386808,-0.5990332503740663,-0.4085175985401544,13.095238095238097,-0.028564503118853724,False,-0.02870302726506002,False,-0.07637974170477047,False,0.22285543087943044
2022-11-25,2022-11-25 00:00:00+00:00,286.9200134277344,-0.8814525980539801,0.02927957376817847,0.6156167871676865,0.582871696400126,-0.7869048911449856,-0.6803140176948467,-0.31634993213674817,21.03174603174603,-0.022131624865251776,False,-0.022271066322973487,False,-0.07026349755551997,False,0.1845590267274207
2022-11-28,2022-11-28 00:00:00+00:00,282.7099914550781,-1.0467326436510362,0.8624029889091709,0.5464797431894791,0.11791511747729162,-0.5009757600190722,-0.4468568213933457,-0.19721735473577362,32.01058201058201,-0.00756953838046226,False,-0.007711056353406742,False,-0.06766653270495471,False,0.1807685115909389
2022-11-29,2022-11-29 00:00:00+00:00,280.57000732421875,-1.1563970473465133,0.39013276982956024,0.3914592015722431,0.02004480484552913,-0.4512201525563902,-0.45695595293664726,-0.3122420742094225,21.693121693121693,0.003956179643534785,False,-0.0001425973692036342,False,-0.07295862239846818,False,0.15850388216707492
2022-11-30,2022-11-30 00:00:00+00:00,293.3599853515625,-0.3238142045382583,0.06125558156666616,0.3286051594553534,0.850069248511204,-1.1074877208557565,-0.4021351868588356,-0.19712818199335422,32.01058201058201,-0.04373461689701874,True,-0.04373461689701874,False,-0.11337599164449141,True,0.2479627004616705
2022-12-01,2022-12-01 00:00:00+00:00,293.7200012207031,-0.4241676474536984,0.33109272171095316,0.3203151446833495,1.3058159487367884,-1.206534235441844,-0.5351606558426804,-0.1556046927121484,35.58201058201058,-0.044906722002548305,True,-0.057299422927686416,True,-0.11446273654317884,True,0.19757657672268103
2022-12-02,2022-12-02 00:00:00+00:00,292.54998779296875,-0.1815787409131929,0.4464149007327041,0.2933068889855767,1.4872630835496576,-1.2057165615833372,-0.6950243408394383,-0.09708154212628181,40.21164021164021,-0.041086957837024984,True,-0.06255337055737376,True,-0.11092115208843312,True,0.15124306195595316
2022-12-05,2022-12-05 00:00:00+00:00,287.6400146484375,0.024826719594571094,0.7842985857624383,0.2596521504096709,0.9795913150901973,-0.8934197490363008,-0.4844793319063184,0.019934227899252754,49.338624338624335,-0.02471845190882327,False,-0.06219584806482237,True,-0.09574470568214277,True,0.16466339157294468
2022-12-06,2022-12-06 00:00:00+00:00,281.67999267578125,-0.2545985368981614,1.4449222031815598,-0.03048039421565507,0.489333423314942,-0.687094972201091,-0.1420522123469869,0.07034116026366193,55.026455026455025,-0.0040826254131866024,False,-0.043098496331021696,False,-0.07661171234516673,False,0.14601346394638126
2022-12-07,2022-12-07 00:00:00+00:00,280.5299987792969,-0.26502529995456836,1.5621852550224062,-0.04926969126749792,0.3071783079792596,-0.6175226102238063,0.011034657426066663,0.10117491477303847,58.86243386243386,0.005382703355062413,False,-0.03917581107973134,False,-0.07282640988372246,False,0.13331519316845905
2022-12-08,2022-12-08 00:00:00+00:00,283.8500061035156,-0.31053373501233766,0.9170414812302742,-0.6057130629676877,0.6241659685537607,-0.8632340747710723,-0.010840299955910071,-0.0663118107770276,42.06349206349206,-0.02451996232312892,False,-0.060207842065919004,True,-0.08367095116897316,True,0.2273496938149128
2022-12-09,2022-12-09 00:00:00+00:00,282.0400085449219,-0.2969851425682731,0.7780047011681789,-1.044886148220555,0.1758555005359359,-0.5972027013360556,-0.19701506108894068,-0.17965016556509217,34.12698412698413,-0.027620225176957947,False,-0.054176706553542564,True,-0.07779039064208426,False,0.15042190330361702
2022-12-12,2022-12-12 00:00:00+00:00,285.5799865722656,-0.22856687493620212,0.7044539539052851,-1.1907544735423525,0.17496032592672825,-0.7498296173104465,0.0020059142400286056,-0.18244142098075725,33.730158730158735,-0.05543100818187019,True,-0.07703621063947674,True,-0.08922187011274452,True,0.16638217794616503
2022-12-13,2022-12-13 00:00:00+00:00,288.6499938964844,-0.21875528342561604,0.5791375067276409,-1.257405699937737,0.4266225576052907,-0.9228565160738187,-0.41727552197953044,-0.286654024639627,23.677248677248677,-0.06620469688426778,True,-0.09890867277553916,True,-0.09890867277553916,True,0.10643890117337171
2022-12-14,2022-12-14 00:00:00+00:00,286.510009765625,-0.14539630471563533,0.8922146275162112,-1.0649281754258646,0.4136834797677686,-0.7836532785230123,-0.7555763859399314,-0.24753329528570536,26.851851851851855,-0.059230046568303774,True,-0.09217829312041714,True,-0.09217829312041714,True,0.057399112953409305
2022-12-15,2022-12-15 00:00:00+00:00,276.8900146484375,-0.5866065913688724,1.029239690869364,-0.9667916234595814,0.017551239380506845,-0.34228982763594723,-0.33307054087041343,-0.19205391478352415,32.407407407407405,-0.036584941120662684,True,-0.060637826056096134,True,-0.060637826056096134,False,0.07382095698312868
2022-12-16,2022-12-16 00:00:00+00:00,274.25,-0.8230303897249324,1.2236669221743115,-0.6566007531477908,-0.024731305222177296,-0.19721460034827054,-0.3881431749178342,-0.1674973657701664,34.92063492063492,-0.02731081215815856,False,-0.051595237544154515,True,-0.051595237544154515,False,0.06134712265801687
2022-12-19,2022-12-19 00:00:00+00:00,269.75,-0.8638329173784979,1.2179404747791631,-0.6192450015724306,-0.13007864152447793,0.012202333157075093,-0.5140375353959682,-0.17187884909251852,34.78835978835979,-0.022873080362314613,False,-0.03577384206296341,False,-0.03577384206296341,False,0.08840496249515642
2022-12-20,2022-12-20 00:00:00+00:00,269.5400085449219,-0.7293020853058222,0.9057785306373924,-0.8214703463127161,-0.09634729873773584,-0.012222514861713428,-0.5783851398725198,-0.22471429785433425,28.174603174603174,-0.0350226390967594,True,-0.0350226390967594,False,-0.0350226390967594,False,0.10514639970753543
2022-12-21,2022-12-21 00:00:00+00:00,273.45001220703125,-0.735010756074527,0.6203191222070508,-0.8776733546214041,0.017350325735814038,-0.20032809041812183,-0.7104843674428598,-0.3212815610578125,19.70899470899471,-0.04882064548385623,True,-0.04882064548385623,False,-0.04882064548385623,False,0.11545292750554133
2022-12-22,2022-12-22 00:00:00+00:00,266.760009765625,-1.0446177371267318,0.8357984961231061,-0.806865992389651,-0.22672684655165606,0.14178006699502574,-0.4255009644704953,-0.2549935787236879,25.66137566137566,-0.024966274622500007,False,-0.024966274622500007,False,-0.024966274622500007,False,0.12183920349310745
2022-12-23,2022-12-23 00:00:00+00:00,267.3599853515625,-0.7089293832764759,0.4849471463978749,-0.8207399209255728,-0.1782264510878083,0.07527361520257758,-0.5894168774711127,-0.2806804169050495,23.14814814814815,-0.02715432243348026,False,-0.02715432243348026,False,-0.02715432243348026,False,0.11625727151963584
2022-12-27,2022-12-27 00:00:00+00:00,263.5799865722656,-0.9727823742775642,0.19926523711565883,-0.796125784182669,-0.3481707019919014,0.214022669037331,-0.4565018903464493,-0.34500071726703985,17.724867724867725,-0.013202749245136203,False,-0.013202749245136203,False,-0.013202749245136203,False,0.09882280442604711
2022-12-28,2022-12-28 00:00:00+00:00,260.1000061035156,-0.8125216001860028,0.762340810197561,-0.6132348964140248,-0.3411579261030342,0.37734666133674205,-0.37647684088206973,-0.16047641297348958,34.92063492063492,0.0056900439600950925,False,0.0056900439600950925,False,0.0056900439600950925,False,0.128857223679015
2022-12-29,2022-12-29 00:00:00+00:00,266.44000244140625,-1.020910985902606,0.6787902250371847,-0.7337300646569486,-0.06650382056025288,0.1152931153942447,-0.5914165700294652,-0.2809369339017205,23.015873015873016,-0.018240563821528277,False,-0.018240563821528277,False,-0.018240563821528277,False,0.09516626018571138
2022-12-30,2022-12-30 00:00:00+00:00,266.2799987792969,-0.781730578244474,0.16399689245774884,-0.8314632469678507,-0.12898929959483715,0.12015973123527539,-0.7319582849328664,-0.35660101215576134,16.534391534391535,-0.017650639284127356,False,-0.017650639284127356,False,-0.017650639284127356,False,0.08467249648103828
2023-01-03,2023-01-03 00:00:00+00:00,264.4800109863281,-0.8579763088118395,0.36272436419974624,-1.0306137112754403,-0.2041567678843436,0.1945466020731957,-0.41867000923459097,-0.2956961748748806,21.56084656084656,-0.010965004134896317,False,-0.010965004134896317,False,-0.010965004134896317,False,0.08946536944501028
2023-01-04,2023-01-04 00:00:00+00:00,265.739990234375,-1.654725481114456,0.24755038653957795,-1.123819542363988,-0.18953301125022337,0.05560765849933149,-0.6498731229194098,-0.5534775370499025,5.555555555555555,-0.01565441339273166,False,-0.01565441339273166,False,-0.01565441339273166,False,0.10037004586461334
2023-01-05,2023-01-05 00:00:00+00:00,261.5799865722656,-1.3885556093514524,0.05369136350202911,-0.9871434970503155,-0.309551034375789,0.2175620570147424,-0.6438104454082435,-0.5000540998850863,6.878306878306878,0.027601504669044985,False,0.027601504669044985,False,0.027601504669044985,False,0.08366700401069896
2023-01-06,2023-01-06 00:00:00+00:00,268.79998779296875,-1.2932259896686042,-0.20701104964175687,-1.0418862676445415,-0.16478629639363795,-0.21037438712353215,-0.6687279287279567,-0.594423889773782,4.761904761904762,0.00647329178189282,False,0.00647329178189282,False,0.00647329178189282,False,0.08634128959846647
2023-01-09,2023-01-09 00:00:00+00:00,270.5400085449219,-1.007257867130889,-0.06288265424206642,-1.113793388639701,-0.0969813395193016,-0.2776372070492052,-0.5921685977471951,-0.5107716723136332,6.613756613756613,0.008464470891607512,False,0.008464470891607512,False,0.008464470891607512,False,0.057964209705806465
2023-01-10,2023-01-10 00:00:00+00:00,272.8299865722656,-1.0824869608739578,-0.1572354327622139,-1.1704080187196824,0.01263400015930575,-0.43633026355714005,-0.900913519549077,-0.6226771655584395,4.1005291005291005,0.017300155602408163,False,0.008503490959210325,False,0.008503490959210325,False,0.06406817267266533
2023-01-11,2023-01-11 00:00:00+00:00,277.54998779296875,-0.7971032758068127,-0.014766064518020214,-1.2732837082419588,0.11332516989918273,-0.6840268050499209,-0.7297515173136314,-0.5547208246510945,5.82010582010582,-0.00864706900392509,False,-0.00864706900392509,False,-0.00864706900392509,False,0.060667611710666626
2023-01-12,2023-01-12 00:00:00+00:00,279.04998779296875,-0.8936621963790364,0.18206048435852565,-1.4813600154319932,0.2761158563858422,-0.7569800253732533,-1.1402338494386535,-0.6375847646697329,3.835978835978836,-0.013975968704853847,False,-0.013975968704853847,False,-0.013975968704853847,False,0.04042215223046707
2023-01-13,2023-01-13 00:00:00+00:00,280.9700012207031,-0.6338323802326314,-0.25401893025408406,-1.5959582448858938,0.27987138187889365,-0.8879430318792362,-1.1486562047221252,-0.6898042801116665,2.91005291005291,-0.020713981204161014,False,-0.020713981204161014,False,-0.020713981204161014,False,0.03687179403775711
2023-01-17,2023-01-17 00:00:00+00:00,281.5400085449219,-0.45812489811266205,-0.5446794732262387,-1.8368734258012758,0.43388724686159624,-0.986795679680544,-1.1283632937137136,-0.7149629508362079,2.2486772486772484,-0.02269664862718057,False,-0.02269664862718057,False,-0.02269664862718057,False,0.033849208951991484
2023-01-18,2023-01-18 00:00:00+00:00,277.8800048828125,-0.27500980889628485,0.0072032941621249305,-1.7355720424338261,0.3048608474704903,-0.78478402571941,-0.8763625553000601,-0.5139788609816414,7.2751322751322745,-0.009824423990058007,False,-0.009824423990058007,False,-0.009824423990058007,False,0.03197716967666785
2023-01-19,2023-01-19 00:00:00+00:00,275.1499938964844,0.04366472730638397,0.22099217097224935,-1.7830689645532993,0.37351867372016706,-0.6718858902847242,-0.9095132247179363,-0.3966771472907228,14.682539682539684,0.027366886957409076,False,0.027366886957409076,False,0.027366886957409076,False,0.021560826641595397
2023-01-20,2023-01-20 00:00:00+00:00,282.67999267578125,0.3088238110692831,-0.09389535916674556,-2.0106945176671323,0.7663312048032208,-1.0955386698139795,-0.738320721339853,-0.4052111909381518,13.756613756613756,0.01786478859980356,False,0.01786478859980356,False,0.01786478859980356,False,0.03928382813803563
2023-01-23,2023-01-23 00:00:00+00:00,288.9599914550781,0.26130959444976454,-0.12272318861794722,-2.015243297917752,0.9627176142348018,-1.3889923108489828,-0.7182667351998683,-0.4447150562690644,10.846560846560847,-0.0042565770526097335,False,-0.0042565770526097335,False,-0.0042565770526097335,False,0.04808031299784564
2023-01-24,2023-01-24 00:00:00+00:00,288.3699951171875,0.5201426113121014,-0.029715705945952655,-1.8143052634324763,1.2519872376139878,-1.4003996136020602,-1.0106086325282446,-0.37626292355668306,16.666666666666664,-0.0022193159541418206,False,-0.0022193159541418206,False,-0.0022193159541418206,False,0.03492188175231688
2023-01-25,2023-01-25 00:00:00+00:00,287.7300109863281,0.23761304132452132,0.2359281680039803,-1.8329951669578295,1.2003880155142512,-1.361229534993498,-1.0445639542453033,-0.40148817875090426,14.285714285714285,0.00882764372974787,False,0.00882764372974787,False,0.00882764372974787,False,0.04242476056445021
2023-01-26,2023-01-26 00:00:00+00:00,293.3399963378906,0.6748008300838663,0.008087685581006365,-1.6505341653741699,1.6364515960424886,-1.6865433745365646,-1.1198197890963404,-0.3446849910037005,19.70899470899471,-0.010465696333760377,False,-0.010465696333760377,False,-0.010465696333760377,False,0.05494598908522048
2023-01-27,2023-01-27 00:00:00+00:00,296.260009765625,0.8140366045247432,-0.16534943963329263,-1.4145589259003808,1.9030487984201792,-1.826106674943025,-1.1422049767079632,-0.31165599819725415,22.61904761904762,-0.020218796173982145,False,-0.020218796173982145,False,-0.020218796173982145,False,0.0398756782427222
2023-01-30,2023-01-30 00:00:00+00:00,290.2699890136719,0.6756178347750298,0.11602788908649846,-1.084954921816757,1.2595362535969603,-1.4312171569299783,-0.8206387778400526,-0.21740849077815708,30.82010582010582,0.014986069067273622,False,0.014986069067273622,False,0.00544326712938048,False,0.04091642216493241
2023-01-31,2023-01-31 00:00:00+00:00,294.6199951171875,0.6005739213541977,0.11136183349198925,-0.8817103430621519,1.511804568147754,-1.6815782026140338,-0.843796673303898,-0.2296562649730005,29.365079365079367,0.021383539525350326,False,0.017242608017229655,False,-0.0116081154260963,False,0.04086708878780463
2023-02-01,2023-02-01 00:00:00+00:00,300.9200134277344,0.6564389856865038,-0.12941913461952845,-1.0897859216415866,1.9230224588210934,-1.9676839973111522,-1.06372240874677,-0.31493157760820767,21.957671957671955,0.008872732922422966,False,-0.0040542375590320034,False,-0.03230094638765979,False,0.041603022615171716
2023-02-02,2023-02-02 00:00:00+00:00,311.7200012207031,1.784525381764811,-0.3818763029957753,-0.9239030096241102,2.3255867689759797,-2.371810365575801,-0.7259960712809775,-0.0634899420837739,43.386243386243386,-0.03220841943284025,True,-0.038560210979729614,False,-0.06582827195340402,False,0.04867047771870867
2023-02-03,2023-02-03 00:00:00+00:00,306.17999267578125,1.9589542298090283,-0.5048068798332698,-0.6100950798581147,2.141913164181987,-2.0970609552895128,-0.7673339565059801,0.003468298269203196,49.47089947089947,-0.021163957880199424,False,-0.021163957880199424,False,-0.048925406058822785,False,0.050709232868844704
2023-02-06,2023-02-06 00:00:00+00:00,303.5899963378906,1.9729262074746112,-0.5364639601834068,-0.37180730472981843,1.67073705656511,-1.8617235737605624,-0.7174679217291395,0.011707176381255485,49.86772486772487,-0.012813281655466247,False,-0.03148983060678201,False,-0.0408115691568095,False,0.04288147852817963
2023-02-07,2023-02-07 00:00:00+00:00,309.8800048828125,2.1732045160099727,-0.8596654922409193,-0.5095500726527438,1.8942838818136496,-2.1392610054328327,-0.7211806139579492,-0.03320966950552667,45.5026455026455,-0.03285140220528593,True,-0.05114885069628683,True,-0.060281374665801635,False,0.06353499820544482
2023-02-08,2023-02-08 00:00:00+00:00,304.3699951171875,2.0286580278397137,-0.30422127681257743,-0.34157017549585245,1.4727713666313251,-1.8134710381220656,-0.35196861699850895,0.11376917046705473,61.24338624338625,-0.015343111952800137,False,-0.03397179913844517,False,-0.0432696491816994,False,0.07565516823475496
2023-02-09,2023-02-09 00:00:00+00:00,301.67999267578125,1.8629649103301107,-0.25400898608108463,-0.05086021758993897,1.102971379217052,-1.602036515461605,-0.14879651009000333,0.14468471416710166,64.94708994708994,-0.006563181241116989,False,-0.03258415145491611,False,-0.04352295545473395,False,0.07908163290118458
2023-02-10,2023-02-10 00:00:00+00:00,299.70001220703125,1.778253760072537,-0.36324188309285016,-0.06625241819821287,0.9635603517456793,-1.496854305543118,-0.1790333058707998,0.10389575820982692,60.71428571428571,0.004871509494866366,False,-0.02619287882475252,False,-0.03720395048352587,False,0.06925048711330829
2023-02-13,2023-02-13 00:00:00+00:00,304.5,1.6698794816130953,-0.23877886985980945,-0.2142485224754519,1.1442831881491207,-1.7102080874852048,-0.30708389953680004,0.044918294414069554,53.43915343915344,-0.03438424046207922,True,-0.04154349391292078,False,-0.05238099246972494,False,0.07129381633402544
2023-02-14,2023-02-14 00:00:00+00:00,306.75,1.7008667148251504,-0.377472293889864,-0.3551516551487456,1.2926541536873168,-1.7754510531193262,-0.5041012577068126,-0.013975005745454322,47.883597883597886,-0.041466996644508924,True,-0.05069270674154447,True,-0.05933174313620615,False,0.07688694692020495
2023-02-15,2023-02-15 00:00:00+00:00,309.1000061035156,1.4362217660114105,-0.8645530140879618,-0.37339719029348534,1.4708947575885587,-1.8960930038126478,-0.8249836288324216,-0.20335943083099076,32.142857142857146,-0.04875447113117137,True,-0.05791004057919613,True,-0.06648339665080694,False,0.05516024937424937
2023-02-16,2023-02-16 00:00:00+00:00,303.29998779296875,1.1782197641807362,-0.7616682740928683,-0.2664951771207663,1.0974035526502153,-1.6054956573339432,-0.4934252486884042,-0.1604294542967968,36.64021164021164,-0.03775134240120326,True,-0.039894415011308526,False,-0.048631719728483125,False,0.05390252484714845
2023-02-17,2023-02-17 00:00:00+00:00,301.1600036621094,1.0177440015502943,-0.42877075936641473,-0.5536071924521431,0.8333759125483352,-1.42984857066858,-0.5949467177003974,-0.19608020363166287,33.33333333333333,-0.03091379149084894,True,-0.033072092356104754,False,-0.041871482653083714,False,0.047925839113760055
2023-02-21,2023-02-21 00:00:00+00:00,294.0299987792969,1.091229718770586,-0.12990102970884795,-0.6571431089006976,0.17427296866625497,-0.9973077842718624,0.034760762757196376,-0.03332198059527473,45.8994708994709,-0.007414184555425529,False,-0.009624822582779524,False,-0.01863759143311594,False,0.061271972534974406
2023-02-22,2023-02-22 00:00:00+00:00,294.25,0.9990102098786254,-0.37639778079100156,-0.5184481565054297,0.19849636374057486,-0.9980946891500428,-0.030177407750303288,-0.08438240561245113,42.592592592592595,-0.01036529411374254,False,-0.01036529411374254,False,-0.019371324407922663,False,0.06496698612748066
2023-02-23,2023-02-23 00:00:00+00:00,296.82000732421875,1.3300113583329038,-0.5703422176237134,-0.5369922350102051,0.3984970984933876,-1.1113643407632907,-0.20817099977172768,-0.07738078781099228,42.98941798941799,-0.01893401717711274,False,-0.01893401717711274,False,-0.027862069022242864,False,0.06380433882574578
2023-02-24,2023-02-24 00:00:00+00:00,291.8500061035156,1.0618817825986346,-0.4037563612421045,-0.5765516719480991,0.054401069837193616,-0.8152750673988929,-0.3656831868823588,-0.13387375524206993,38.492063492063494,-0.0022271505324342744,False,-0.011307240848151268,False,-0.011307240848151268,False,0.04157939163710362
2023-02-27,2023-02-27 00:00:00+00:00,293.94000244140625,0.9629914509271215,-0.5176162775114035,-0.6614515475803577,0.11532103292288613,-0.8829994462570236,-0.5213468389671801,-0.21476040830572987,31.48148148148148,-0.00932159696406476,False,-0.01833712527614184,False,-0.01833712527614184,False,0.04690462871838705
2023-02-28,2023-02-28 00:00:00+00:00,293.55999755859375,1.019454035845155,-0.43315932336032015,-0.5492107302000315,0.2412842147758689,-0.8906430406224121,-0.83920396593292,-0.22578093344970626,30.158730158730158,-0.008039192571159037,False,-0.017066391222547383,False,-0.017066391222547383,False,0.03252796785949877
2023-03-01,2023-03-01 00:00:00+00:00,291.20001220703125,0.9619933136709347,-0.4355739139812809,-0.5485949357814708,0.1299087137906448,-0.7411617312118123,-0.8726700043063982,-0.23107695797619765,29.365079365079367,0.008276006330720342,False,-0.009100358183290358,False,-0.009100358183290358,False,0.030429457495634474
2023-03-02,2023-03-02 00:00:00+00:00,293.6099853515625,0.8333799811129371,-0.6715417662946281,-0.1611430848683704,0.24674816480272235,-0.8072598529477135,-1.0061904202668581,-0.2758474071309498,25.793650793650798,-0.003235522416976555,False,-0.017233737989309272,False,-0.017233737989309272,False,0.030252368415535757
2023-03-03,2023-03-03 00:00:00+00:00,299.67999267578125,0.7328930323916986,-0.5243847766708493,-0.01597849308853233,0.4936542580779446,-1.0170040779341305,-1.3393548172680387,-0.33090059965988305,20.8994708994709,-0.037139632791081456,True,-0.037139632791081456,False,-0.037139632791081456,False,0.022889966022174038
2023-03-06,2023-03-06 00:00:00+00:00,300.0199890136719,0.9013017063083181,-0.5865298594971641,0.12343487411787343,0.49836618844351266,-1.0434813477491873,-1.2798239569387344,-0.28528178292218104,25.264550264550266,-0.038230790083058186,True,-0.038230790083058186,False,-0.038230790083058186,False,0.03140953760986393
2023-03-07,2023-03-07 00:00:00+00:00,296.3399963378906,1.016591049015873,-0.1727284114230099,0.11754695083189637,0.39431149743601396,-0.8426067567043177,-1.039925227680729,-0.12819602908869449,39.94708994708995,-0.026287401772252195,False,-0.026287401772252195,False,-0.026287401772252195,False,0.03001480400427482
2023-03-08,2023-03-08 00:00:00+00:00,297.82000732421875,0.7568578931602558,0.19151597696424394,0.16034084653975922,0.5112086087402944,-0.8434459478322247,-1.173638650114745,-0.13060256844768614,39.682539682539684,-0.031126248416071922,True,-0.031126248416071922,False,-0.031126248416071922,False,0.021800923799443307
2023-03-09,2023-03-09 00:00:00+00:00,292.6600036621094,1.084599398761517,0.5115115060672264,0.4521037562646798,0.2098733881573472,-0.5838463576673117,-0.3176069808923524,0.1900473218005246,71.56084656084656,-0.014043654130086902,False,-0.014043654130086902,False,-0.014043654130086902,False,0.03432973920258025
2023-03-10,2023-03-10 00:00:00+00:00,288.54998779296875,1.3798449543362208,1.3725978433566528,0.3104752476633299,0.0593133053848424,-0.36559432584312196,0.3097150551449193,0.5106273338051609,87.03703703703704,0.007416443385791949,False,0.007416443385791949,False,0.007416443385791949,False,0.044893008011672564
2023-03-13,2023-03-13 00:00:00+00:00,290.69000244140625,1.7552974445820684,1.9902216427263955,0.5358542197154023,0.0743446680048358,-0.4404501558712988,0.7084350722467961,0.7679268407727381,94.70899470899471,0.022979781277918887,False,0.022979781277918887,False,0.022979781277918887,False,0.03344378146310746
2023-03-14,2023-03-14 00:00:00+00:00,297.3699951171875,2.052497609488929,1.263619245350662,0.3733219390957018,0.3228069117548318,-0.7118700767208047,0.05815859748848806,0.5550533435267168,88.4920634920635,0.005245981720445547,False,0.005245981720445547,False,0.005245981720445547,False,0.027116216671376755
2023-03-15,2023-03-15 00:00:00+00:00,298.92999267578125,2.463930022947651,2.039511569560904,0.5337891155292155,0.33666358161778415,-0.7109171981904551,0.5879071297310485,0.8779891751273735,96.29629629629629,0.02151002854623285,False,0.02151002854623285,False,0.02151002854623285,False,0.025694688238222237
2023-03-16,2023-03-16 00:00:00+00:00,306.80999755859375,2.901750495513356,1.46562641641345,0.24939735968730353,0.6191608869378892,-1.0445262526892127,-0.24155647913584968,0.6607913842090899,92.85714285714286,-0.004726091778526009,False,-0.004726091778526009,False,-0.004726091778526009,False,0.021692770606659167
2023-03-17,2023-03-17 00:00:00+00:00,305.3599853515625,3.0921536759268213,2.121615249714107,-0.26826015497125166,0.5851154831207963,-0.9497061931044372,0.03893057610996213,0.8154592062145796,95.63492063492063,0.0019976941917858593,False,0.0019976941917858593,False,0.0019976941917858593,False,0.014858593138157709
2023-03-20,2023-03-20 00:00:00+00:00,305.9700012207031,2.8679726897088478,1.8841669519905535,-0.3233844814615652,0.735812084985067,-1.0022828952192326,-0.32791945568885256,0.6682124751603392,92.98941798941799,0.0004902241915414329,False,0.0004902241915414329,False,0.0004902241915414329,False,0.016041344516774664
2023-03-21,2023-03-21 00:00:00+00:00,310.3399963378906,2.7965388839985934,1.0532737788442663,-0.43704693692441,1.2004005022835125,-1.2568082037748132,-0.7339217580673585,0.4555082329080101,85.97883597883597,-0.013597993395954355,False,-0.013597993395954355,False,-0.013597993395954355,False,0.02040720847351707
2023-03-22,2023-03-22 00:00:00+00:00,306.1199951171875,3.0490987723552934,1.5944721629970917,-0.3660770188501675,1.0064855450109136,-1.005429554002246,-0.6026790289956079,0.6417339921876719,92.5925925925926,0.0032666928523148453,False,0.0032666928523148453,False,0.0032666928523148453,False,0.016502365707559016
2023-03-23,2023-03-23 00:00:00+00:00,309.75,3.0309071196696347,1.8935732377031063,-0.8586144020797214,1.1200892801198992,-1.1199719431383512,-0.38641450143477657,0.67109207248478,93.38624338624338,-0.008490734084947493,False,-0.008490734084947493,False,-0.008490734084947493,False,0.021239221170666414
2023-03-24,2023-03-24 00:00:00+00:00,310.8900146484375,3.1033133138768942,1.9234703662849135,-0.7223413877662083,1.3900872577467691,-1.2053244215013121,-0.7802348390071272,0.6483503155018225,92.85714285714286,-0.012126537854595387,False,-0.012126537854595387,False,-0.012126537854595387,False,0.013378372371823266
2023-03-27,2023-03-27 00:00:00+00:00,308.760009765625,2.677748070514775,1.492329123409965,0.20013010140443466,1.2364170658646365,-1.1011665288467705,-0.9763330437071541,0.5493746381238038,88.4920634920635,-0.00531161613086617,False,-0.00531161613086617,False,-0.00531161613086617,False,0.013577847005852451
2023-03-28,2023-03-28 00:00:00+00:00,307.1199951171875,2.419744237897613,1.3932741510311224,0.25937584452096457,1.1723753799413388,-1.0211362065645162,-0.933933800075659,0.5037198603494532,87.03703703703704,0.018233935245338895,False,0.018233935245338895,False,0.009344865729411067,False,0.015215543059535533
2023-03-29,2023-03-29 00:00:00+00:00,312.7200012207031,2.393969925567143,0.9163119420080652,0.03239546010054317,1.4545962486736679,-1.2849345155334946,-1.182110968272108,0.3442606629646223,80.95238095238095,0.009465309041710723,False,0.0010233030281709965,False,-0.00872988928009566,False,0.02013689117883174
2023-03-30,2023-03-30 00:00:00+00:00,315.67999267578125,2.4376434487812837,0.9318205330024165,0.19528274788670508,1.528414858115813,-1.3560754921371287,-1.3105703690662784,0.34276310097198026,80.95238095238095,0.0007603293129814226,False,-0.008362849062692357,False,-0.01802459000703971,False,0.017129609543567455
2023-03-31,2023-03-31 00:00:00+00:00,320.92999267578125,2.300637072355403,0.7458986161899421,0.4377744608619123,1.5916285203389549,-1.4993788919094577,-1.338069202611151,0.28704431213248466,78.57142857142857,-0.015610816571787978,False,-0.024584751537480076,False,-0.03408843888411006,False,0.01834634073339486
2023-04-03,2023-04-03 00:00:00+00:00,320.1499938964844,2.1924563209315697,1.0453750837857918,0.5986823945742217,1.4838747795342684,-1.4534921838160608,-1.304814536793984,0.3260856390197361,80.68783068783068,-0.013493697974629848,False,-0.022208294509171278,False,-0.03173513620429569,False,0.01980843678645772
2023-04-04,2023-04-04 00:00:00+00:00,319.07000732421875,2.2124577430812735,1.1569035134241958,0.5878454072313511,1.4844616143991722,-1.3959368858886025,-1.1929710124617685,0.3796992788428208,83.46560846560847,-0.018898670012470253,False,-0.018898670012470253,False,-0.028457758113933918,False,0.021762452955174386
2023-04-05,2023-04-05 00:00:00+00:00,315.9200134277344,2.2199442732157757,1.4635012687457776,0.4368892933691816,1.2918293471535436,-1.2364351521610453,-1.1487995103045876,0.4239304438718449,85.58201058201058,-0.009116247025835467,False,-0.009116247025835467,False,-0.018770647446543776,False,0.017220491286124157
2023-04-06,2023-04-06 00:00:00+00:00,318.04998779296875,2.313153510871121,1.0313071498442998,0.49304759497644285,1.4876005629716413,-1.356669394179136,-1.3247928487218683,0.3534791700140588,82.01058201058201,-0.015752175570929672,False,-0.015752175570929672,False,-0.025341920666383855,False,0.017227702406291203
2023-04-10,2023-04-10 00:00:00+00:00,317.8699951171875,1.771818905194885,0.1076020494963642,0.15942292381000905,1.4101214797829666,-1.3673519362255124,-1.1753548723194753,0.08942324110288001,60.449735449735456,-0.015194848983733023,False,-0.015194848983733023,False,-0.02479002423587484,False,0.021065352670577863
2023-04-11,2023-04-11 00:00:00+00:00,315.8299865722656,1.1809997278126394,-0.24495339012575704,-0.7393239041918034,1.1146768525211816,-1.2613869396909771,-1.1164741667520126,-0.18284614678593678,35.978835978835974,-0.008833797124914167,False,-0.01849094951772212,False,-0.01849094951772212,False,0.02413912249378804
2023-04-12,2023-04-12 00:00:00+00:00,313.0400085449219,1.0599310312998407,0.28351667769249583,-0.7011550327898699,0.892049134615066,-1.0748849823304356,-1.12850564779786,-0.12247255119854375,40.476190476190474,0.017665469679104318,False,-0.00974322203964928,False,-0.00974322203964928,False,0.021936143300459437
2023-04-13,2023-04-13 00:00:00+00:00,319.1700134277344,1.0613977242899821,-0.5776171888556064,-0.591421170164653,1.0208333180518787,-1.3227192735515947,-1.3075162758605767,-0.30642726266146236,23.677248677248677,-0.009054781235242393,False,-0.02876217315897034,False,-0.02876217315897034,False,0.0227599912114887
2023-04-14,2023-04-14 00:00:00+00:00,318.57000732421875,0.946945184757994,-0.3586205061551018,-0.6535051974953907,0.9189697715979723,-1.211441884280025,-1.424465894976672,-0.3190906488328491,21.957671957671955,-0.007188399699508574,False,-0.026932909227426416,False,-0.026932909227426416,False,0.02030655946763916
2023-04-17,2023-04-17 00:00:00+00:00,318.8399963378906,0.6700195635957377,-1.0098921880402967,-0.6510610182211021,0.7522533379655066,-1.2361254447943704,-1.4877176387740951,-0.5145166333278743,7.2751322751322745,-0.009064057721907326,False,-0.027756888110539446,False,-0.027756888110539446,False,0.028431560967142288
2023-04-18,2023-04-18 00:00:00+00:00,318.8599853515625,0.7181336132563071,-0.8468377274016253,-0.8513431575318446,0.6863777366131371,-1.2169984030371053,-1.4730326206114284,-0.5035827964499031,7.936507936507936,-0.027817837059133654,False,-0.027817837059133654,False,-0.027817837059133654,False,0.02621785779781331
2023-04-19,2023-04-19 00:00:00+00:00,318.7099914550781,0.7381352665417856,-0.3913964149880333,-0.4713009579744744,0.6830559451070887,-1.1649145455736905,-1.5430950007291937,-0.3973560222318088,15.343915343915343,-0.027360300757725664,False,-0.027360300757725664,False,-0.027360300757725664,False,0.021274964204029016
2023-04-20,2023-04-20 00:00:00+00:00,316.2799987792969,0.4475592280814067,-0.4564102270864849,-0.40801408087829705,0.5728716508365698,-1.0748680013800158,-1.2778635662934832,-0.4043666624437354,14.285714285714285,-0.019887468601234914,False,-0.019887468601234914,False,-0.019887468601234914,False,0.02389772915209392
2023-04-21,2023-04-21 00:00:00+00:00,316.6099853515625,0.3205387823276848,-0.8102941247989115,-0.29735285074349377,0.4454630224266667,-1.050921296166081,-1.3139775147474215,-0.4933319561473497,8.597883597883598,-0.02090899031449267,False,-0.02090899031449267,False,-0.02090899031449267,False,0.020809648303821867
2023-04-24,2023-04-24 00:00:00+00:00,315.95001220703125,0.20166128554810814,-0.7218115517885204,-0.15024184285569864,0.3391761417554415,-1.0049737457717367,-1.2488380807764137,-0.48284960399054017,8.994708994708994,-0.018863813079237568,False,-0.018863813079237568,False,-0.018863813079237568,False,0.024548878462155817
2023-04-25,2023-04-25 00:00:00+00:00,309.989990234375,0.48645072848477633,0.12718135431388913,-0.1617854050123046,0.0674580544920463,-0.7348753331934367,-0.7040749001638551,-0.17748253015484325,37.698412698412696,0.006064727707469242,False,0.006064727707469242,False,0.006064727707469242,False,0.028912612450216407
2023-04-26,2023-04-26 00:00:00+00:00,311.8699951171875,1.1511117064369758,0.05080217434201608,-0.1879671557426792,0.212031484767453,-0.7915065416980024,-0.65307414426328,-0.0380654626127089,48.28042328042328,0.01737907946449857,False,0.013787855125117376,False,0.013787855125117376,False,0.027198464296206957
2023-04-27,2023-04-27 00:00:00+00:00,320.3500061035156,1.525782985727593,-0.16140506731617968,-0.2976117895866464,0.5665467713516817,-1.1038249446186306,-1.097129115586651,-0.10402413824887703,43.386243386243386,-0.013048205388298206,False,-0.013048205388298206,False,-0.013048205388298206,False,0.023897464356916025
2023-04-28,2023-04-28 00:00:00+00:00,322.55999755859375,1.3377393810607365,0.05073597829944675,-0.27428530580085914,0.6969931517515578,-1.161972708478556,-1.3602023525739564,-0.15215629707079042,39.55026455026455,-0.019810218809598767,False,-0.019810218809598767,False,-0.019810218809598767,False,0.018353639786097165
2023-05-01,2023-05-01 00:00:00+00:00,322.19000244140625,1.3618054138358096,-0.24459785542158707,-0.1832876231359929,0.5470633854269574,-1.0901251875582358,-1.3050105794418736,-0.1796250034456537,37.43386243386244,-0.018684592842903802,False,-0.018684592842903802,False,-0.018684592842903802,False,0.01844670840929348
2023-05-02,2023-05-02 00:00:00+00:00,319.3800048828125,1.4211194586708704,0.31179360780696563,-0.1497584066272566,0.3262803678419542,-0.9353109442350921,-1.0183419201690431,-0.02577142546204062,50.0,-0.010050696367970624,False,-0.010050696367970624,False,-0.010050696367970624,False,0.013830763832443665
2023-05-03,2023-05-03 00:00:00+00:00,317.2900085449219,1.1653363566604218,0.40705060503276863,-0.39510499264821297,0.1975620439959087,-0.8331876818864221,-0.844902366369818,-0.051369340229683355,47.61904761904761,-0.0035298783038386627,False,-0.0035298783038386627,False,-0.0035298783038386627,False,0.011843016118229348
2023-05-04,2023-05-04 00:00:00+00:00,316.1700134277344,1.1144720052955013,0.24462548664919978,-0.4498496447209482,-0.011038245051290899,-0.7738391674179194,-0.21615442725382072,0.014948803892343744,54.1005291005291,0.017300822305697183,False,0.017300822305697183,False,0.017300822305697183,False,0.02262037512104558
2023-05-05,2023-05-05 00:00:00+00:00,322.8900146484375,1.0803815196210522,-0.18922708205877278,-0.6729302102504227,0.3951151412626978,-1.0445278803572027,-0.7336969068017023,-0.17597846565202407,37.83068783068783,-0.0038712872597221892,False,-0.0038712872597221892,False,-0.0038712872597221892,False,0.025445350923848652
2023-05-08,2023-05-08 00:00:00+00:00,323.69000244140625,1.3138147329006251,-0.167625020949294,-0.35252949454562976,0.4749353817965682,-1.0475156572984727,-0.8263708828747325,-0.10117075678198785,43.91534391534391,-0.006333182296354156,False,-0.006333182296354156,False,-0.006333182296354156,False,0.0268944158013991
2023-05-09,2023-05-09 00:00:00+00:00,321.6400146484375,1.5116731387326023,-0.10744560455238472,-0.254381322663041,0.39036220706857483,-0.9542529958736865,-0.8502559083427712,-0.04156779498564668,48.41269841269841,0.0105396840457328,False,0.0105396840457328,False,0.0105396840457328,False,0.02300092445765922
2023-05-10,2023-05-10 00:00:00+00:00,325.1400146484375,1.6816000191798626,-0.10544688559818399,-0.22673303406539747,0.6495339575711568,-1.0865137278342567,-1.0822529615008707,-0.03849357664164681,48.80952380952381,-0.00033836459427971644,False,-0.00033836459427971644,False,-0.00033836459427971644,False,0.020202778015543717
2023-05-11,2023-05-11 00:00:00+00:00,326.20001220703125,1.6504065989374561,0.3976953528900604,0.002265614042924413,0.6214802802003566,-1.0417451333086907,-1.2929282131079822,0.016249556872011628,54.761904761904766,-0.00358679762093872,False,-0.00358679762093872,False,-0.00358679762093872,False,0.012246664158157245
2023-05-12,2023-05-12 00:00:00+00:00,325.0299987792969,1.4502955763517953,0.3463616942991074,0.01779482130663418,0.555182001618051,-0.9792711581013327,-0.9908250162120649,0.03305091692591668,56.481481481481474,0.005414914845506491,False,0.005414914845506491,False,0.005414914845506491,False,0.019346190775912247
2023-05-15,2023-05-15 00:00:00+00:00,326.7900085449219,1.3708569885705177,0.3325106809349912,-0.20726010238855816,0.6043524388109364,-1.0341301480022362,-0.9326875478473446,0.000611316267220649,53.70370370370371,0.0011322106169493473,False,0.0011322106169493473,False,0.0011322106169493473,False,0.02371434191583416
2023-05-16,2023-05-16 00:00:00+00:00,327.1600036621094,1.7731110962702825,0.4333905803008739,-0.14467537903462585,0.5711811288366236,-0.9995258428119013,-0.8051129302315253,0.12991268311253323,66.7989417989418,0.012104142959871167,False,0.012104142959871167,False,0.012104142959871167,False,0.022407786101858028
2023-05-17,2023-05-17 00:00:00+00:00,331.1199951171875,1.7113184907741237,0.11197365533030591,-0.21777761991249225,0.7903550396650943,-1.137491135426737,-1.0252060032895147,0.02329581266963522,55.82010582010582,0.001600624508070858,False,0.001600624508070858,False,0.001600624508070858,False,0.02589414811507496
2023-05-18,2023-05-18 00:00:00+00:00,337.2699890136719,1.7929953160647685,-0.40429314187091814,-0.1513495989402841,1.1031429220541835,-1.3377346063283155,-1.1931651419300844,-0.057888379305264887,47.08994708994709,-0.016663193584531166,False,-0.016663193584531166,False,-0.016663193584531166,False,0.02780275266765384
2023-05-19,2023-05-19 00:00:00+00:00,336.510009765625,1.7744846373558774,-0.4827930012746992,-0.10241291496233368,0.9768280703022133,-1.276223213139683,-1.052165490573504,-0.04691684441356819,48.148148148148145,-0.014442411007403844,False,-0.014442411007403844,False,-0.014442411007403844,False,0.0346318633852431
2023-05-22,2023-05-22 00:00:00+00:00,337.6400146484375,1.7094196353270583,-0.7927418973474983,-0.34321249223238615,0.9557772595282152,-1.299834032266346,-0.9566476677297764,-0.11927835782994381,41.66666666666667,-0.017740849698132277,False,-0.017740849698132277,False,-0.017740849698132277,False,0.0404483916690553
2023-05-23,2023-05-23 00:00:00+00:00,333.3599853515625,1.6336252727434202,-0.8044804724042347,-0.4236180355960924,0.7779364045224542,-1.1301790015753026,-0.682690836859871,-0.082192326880227,45.370370370370374,-0.005129564225516692,False,-0.005129564225516692,False,-0.005129564225516692,False,0.03764857275750168
2023-05-24,2023-05-24 00:00:00+00:00,331.6499938964844,1.3865465963628818,-0.5881319324270771,-0.2564709369659738,0.49000647258082414,-1.0052906462009366,-0.1548800485254866,0.004909267653756405,53.96825396825397,0.024332903581290477,False,0.024332903581290477,False,0.024332903581290477,False,0.058655780936640596
2023-05-25,2023-05-25 00:00:00+00:00,339.7200012207031,1.836014290772911,-0.5089762531612689,-0.4313145300228193,0.7592810750972041,-1.2082350471330032,-0.2970519100018675,0.06055973701571638,59.523809523809526,0.024343544636629133,False,0.024343544636629133,False,0.024343544636629133,False,0.06389345660919274
2023-05-26,2023-05-26 00:00:00+00:00,348.3999938964844,1.9656027435644552,-0.7683323756150312,-0.4868348200078592,1.1032589522535166,-1.4606034038938214,-0.632600419534695,-0.02396471147782539,50.52910052910053,-0.001176818798197754,False,-0.001176818798197754,False,-0.001176818798197754,False,0.06612842262308007
2023-05-30,2023-05-30 00:00:00+00:00,349.9800109863281,2.068651604646698,-0.3067602146553284,-0.5767987834323186,1.2542064770947763,-1.478870936679467,-0.7934103732499282,0.043711119966145906,57.804232804232804,-0.005686098318429034,False,-0.005686098318429034,False,-0.005686098318429034,False,0.056063144005209564
2023-05-31,2023-05-31 00:00:00+00:00,347.989990234375,1.9164551722386054,-0.3988795567652867,-0.5328678245177202,1.141199686775656,-1.380169779506952,-0.7950162362435169,0.006315068347410663,53.835978835978835,0.002385175186460753,False,0.002385175186460753,False,0.002385175186460753,False,0.046319546842685536
2023-06-01,2023-06-01 00:00:00+00:00,352.010009765625,2.0937727293448254,-0.654606273588081,-0.4173221731805889,1.5365875895525933,-1.5360764739025707,-1.4819167104407331,-0.09427911092307775,43.783068783068785,-0.009062249234134567,False,-0.009062249234134567,False,-0.009062249234134567,False,0.0262861865680869
2023-06-02,2023-06-02 00:00:00+00:00,354.6499938964844,1.8134499803396504,-1.2738731479205183,-0.5501840706536498,1.6628829332913817,-1.643213806489606,-1.6879685770407877,-0.3002134198978842,23.941798941798943,-0.016438704843083407,False,-0.016438704843083407,False,-0.016438704843083407,False,0.024862904761533643
2023-06-05,2023-06-05 00:00:00+00:00,354.8999938964844,1.715808518890557,-0.9438265342715049,-0.23900036007304765,1.5260409248428994,-1.5503411171620904,-1.55620538782239,-0.21471547464038043,32.01058201058201,-0.017131548821719633,False,-0.017131548821719633,False,-0.017131548821719633,False,0.025954935967398406
2023-06-06,2023-06-06 00:00:00+00:00,354.8399963378906,1.4947812224060304,-0.8009622913095252,-0.45992582885317407,1.5229907115746986,-1.5270528394404328,-1.6883336033598304,-0.281809363924388,25.52910052910053,-0.01696536206684951,False,-0.01696536206684951,False,-0.01696536206684951,False,0.021884757178487466
2023-06-07,2023-06-07 00:00:00+00:00,348.82000732421875,1.1008398612099197,-0.940179180387675,-0.22600840650030904,1.1688360368146562,-1.2963410459227636,-1.6035361936845747,-0.34810978786546753,19.047619047619047,0.01241324029972013,False,0.01241324029972013,False,0.01241324029972013,False,0.024198636356211008
2023-06-08,2023-06-08 00:00:00+00:00,353.1499938964844,1.1240202430190853,-0.9288969966653212,-0.3840263273951467,1.2291851239962677,-1.4060012116046676,-1.4336655857781855,-0.33648872451262635,19.841269841269842,0.003822755562361335,False,0.003822755562361335,False,0.003822755562361335,False,0.03205496738740497
2023-06-09,2023-06-09 00:00:00+00:00,354.5,1.0765600796176733,-1.2219868141382857,-0.3717704294537557,1.098796972221016,-1.4142529773066166,-1.2408511790948251,-0.37136433458971974,16.666666666666664,0.016897010534203005,False,0.008970360157351864,False,0.008970360157351864,False,0.05215803096549727
2023-06-12,2023-06-12 00:00:00+00:00,360.489990234375,1.2466812086388808,-1.0725218004369703,-0.227213296760803,1.233604030716698,-1.5930323581020798,-0.9279902801881237,-0.2534272810643857,28.439153439153444,0.007684040074036558,False,-0.0077949392069577295,False,-0.0077949392069577295,False,0.06211119862298373
2023-06-13,2023-06-13 00:00:00+00:00,363.260009765625,1.194001678464986,-1.3361102084700358,-0.09446008361500086,1.281594627312893,-1.6497847581269731,-0.9386432653374095,-0.29650861453495087,23.809523809523807,-0.0037439184952345883,False,-0.015360945162788409,False,-0.015360945162788409,False,0.0739710622962397
2023-06-14,2023-06-14 00:00:00+00:00,365.8999938964844,1.091608314006968,-1.3228334714787018,-0.006461089918177398,1.3875003346502173,-1.6868507704152307,-1.1082849387145652,-0.331651558540656,19.973544973544975,-0.010931948802195501,False,-0.022465158124677642,False,-0.022465158124677642,False,0.061025153571428827
2023-06-15,2023-06-15 00:00:00+00:00,370.260009765625,1.075447954061531,-1.0385952405022563,-0.11854323949636947,1.3983592706102714,-1.7828916862330735,-0.8432903464882203,-0.2680365351653872,26.984126984126984,-0.022578770725017017,False,-0.03397617014542542,False,-0.03397617014542542,False,0.07140056785653151
2023-06-16,2023-06-16 00:00:00+00:00,367.92999267578125,0.8383925824896837,-0.8576934128202381,-0.14123136425698493,1.2526137187316817,-1.592676950851974,-1.1346117707753656,-0.3326643183665131,19.70899470899471,-0.027858560606751848,False,-0.027858560606751848,False,-0.027858560606751848,False,0.04340181867301152
2023-06-20,2023-06-20 00:00:00+00:00,366.8999938964844,1.098862802982999,-0.4646278480195747,-0.5218896674702006,1.2185937255609887,-1.5200160965833855,-1.1478707243910544,-0.25289888871409616,28.439153439153444,-0.025129466814067136,False,-0.025129466814067136,False,-0.025129466814067136,False,0.031736196593711165
2023-06-21,2023-06-21 00:00:00+00:00,361.8999938964844,0.9437934294878607,-0.16998792097663565,-0.43751192431949604,1.0533874713202864,-1.2937316781543085,-1.2176413775715498,-0.22475718512800155,30.555555555555557,-0.011660683315485754,False,-0.011660683315485754,False,-0.011660683315485754,False,0.02452035798784177
2023-06-22,2023-06-22 00:00:00+00:00,366.1700134277344,1.294781756086324,-0.5364303861902344,-0.5787376210153121,1.2959035629270608,-1.4507355264161186,-1.2378159393062595,-0.22270672751821816,30.82010582010582,-0.023186007703027478,False,-0.023186007703027478,False,-0.023186007703027478,False,0.02877847921485514
2023-06-23,2023-06-23 00:00:00+00:00,362.5400085449219,1.2578677611668407,-0.2953087955856148,-0.7139170354400102,1.0546899243132764,-1.2784196943908224,-1.0976550207233133,-0.18112592502431082,35.978835978835974,-0.013405460789408075,False,-0.013405460789408075,False,-0.013405460789408075,False,0.02368852993280959
2023-06-26,2023-06-26 00:00:00+00:00,357.67999267578125,0.3103705569141286,-0.04030777976950679,-0.627795864354642,0.5292201171022081,-1.010232328488022,-0.6467975149837748,-0.25877459314709267,27.24867724867725,0.017138238113220572,False,0.017138238113220572,False,0.017138238113220572,False,0.027393926469948638
2023-06-27,2023-06-27 00:00:00+00:00,363.8299865722656,0.21619989801088957,-0.26535008642528257,-0.8146436805318273,0.6265694520302052,-1.170004286564658,-0.8599083971656423,-0.39002402035632655,14.285714285714285,-5.4940533792180446e-05,False,-5.4940533792180446e-05,False,-5.4940533792180446e-05,False,0.01967727900151404
2023-06-28,2023-06-28 00:00:00+00:00,364.5400085449219,0.13367803206609796,-0.40738916953753845,-0.7065051000088934,0.5896771202626313,-1.158707527829467,-0.8245634586901032,-0.4132259082828198,11.772486772486772,-0.0020025538191047465,False,-0.0020025538191047465,False,-0.0020025538191047465,False,0.02304946987343957
2023-06-29,2023-06-29 00:00:00+00:00,363.80999755859375,-0.034102058284992985,-0.9873304900843136,-0.9488129905650691,0.49934167937466656,-1.1355701607274622,-0.7457118271057178,-0.5511564298865885,5.423280423280423,0.0066792905420085535,False,0.0066792905420085535,False,0.0066792905420085535,False,0.024094831790782513
2023-06-30,2023-06-30 00:00:00+00:00,369.4200134277344,-0.01946920709616029,-1.0099251797868938,-0.8555253658120772,0.5701925486258127,-1.3071828500165028,-0.8327560829614425,-0.5833940592701911,4.761904761904762,-0.008608150824999772,False,-0.008608150824999772,False,-0.008608150824999772,False,0.025049652741572694
2023-07-03,2023-07-03 00:00:00+00:00,370.2900085449219,0.08350101442760438,-0.6924095743342921,-0.8014295635791236,0.5921925948717646,-1.2880183825585885,-0.9814250706235799,-0.5323639910282043,5.82010582010582,-0.010937422606841829,False,-0.010937422606841829,False,-0.010937422606841829,False,0.022164267342348706
2023-07-05,2023-07-05 00:00:00+00:00,370.2799987792969,0.1724484028708335,-0.8007702889423288,-0.40353522980088335,0.4935702829700023,-1.2410593500972291,-0.707075062422909,-0.44157072580579826,10.44973544973545,-0.010910685314466262,False,-0.010910685314466262,False,-0.010910685314466262,False,0.028346630687061128
2023-07-06,2023-07-06 00:00:00+00:00,367.4599914550781,0.42486439841244517,-0.8679872165938266,-0.08637178551358825,0.24827071334722497,-1.0828422577431243,-0.25140125071392355,-0.2834704760472696,25.396825396825395,-0.0033200926606244963,False,-0.0033200926606244963,False,-0.0033200926606244963,False,0.03811060569341588
2023-07-07,2023-07-07 00:00:00+00:00,366.239990234375,0.5110893223148943,-0.8566632248637497,-0.22687573886328496,0.4330523772211852,-1.0475570046058602,-0.5400402156431314,-0.30153078061953265,23.677248677248677,0.0003276406738399462,False,0.0003276406738399462,False,0.0003276406738399462,False,0.038869753045506966
2023-07-10,2023-07-10 00:00:00+00:00,366.3599853515625,-0.24940477611654602,-0.8731287981982626,-0.11382671026930735,0.2701599384150429,-1.00023839454673,-0.4926778548595534,-0.45029220509897955,10.052910052910052,0.004940572520317543,False,0.004940572520317543,False,0.004940572520317543,False,0.04054844062418818
2023-07-11,2023-07-11 00:00:00+00:00,368.1700134277344,-0.5125561478086843,-0.9019221746106915,-0.2117045353352379,0.3199012012981989,-1.0447571598459926,-0.6074640085651966,-0.5414290627743723,5.6878306878306875,0.01263001799954333,False,0.01263001799954333,False,0.010402766201972113,False,0.03771389977736105
2023-07-12,2023-07-12 00:00:00+00:00,372.82000732421875,-0.3763974352831863,-0.7929275187361293,-0.13565220001951211,0.5246764076708227,-1.138059159068437,-1.1496680426761006,-0.586627814067292,4.497354497354497,0.01676412176711528,False,0.0075371425980099716,False,-0.013169903882973344,False,0.020977564574125376
2023-07-13,2023-07-13 00:00:00+00:00,379.1499938964844,-0.07829170550020009,-0.42347227178758734,-0.36708515796922636,0.7079419612455308,-1.2816027126796097,-1.239749556045235,-0.5139668572232402,7.01058201058201,-0.006303532030418224,False,-0.009283895741359016,False,-0.029645233852868658,False,0.015763841917968917
2023-07-14,2023-07-14 00:00:00+00:00,379.07000732421875,-0.0338372616918113,-0.4001862357772577,-0.10868189618065595,0.6702301248201686,-1.2155778106191857,-1.2236342982497415,-0.46497148037377667,9.656084656084655,-0.009074847323555235,False,-0.009074847323555235,False,-0.0338460359351781,False,0.015748899143280534
2023-07-17,2023-07-17 00:00:00+00:00,382.6099853515625,-0.0959846931643618,-0.4334175040663224,-0.06631851648676973,0.658271108151617,-1.2563906215276794,-1.1857065164455363,-0.48052017726339824,8.862433862433862,-0.018243069276763446,False,-0.018243069276763446,False,-0.04278507029069267,False,0.015457288181847625
2023-07-18,2023-07-18 00:00:00+00:00,385.739990234375,0.14531012397136037,-0.47822514332941474,0.07206565093074102,0.8310851499635414,-1.3365964600111535,-1.1541814987936345,-0.4089580008784924,13.492063492063492,-0.026209326508821906,False,-0.026209326508821906,False,-0.050552186689670986,False,0.020381895776288697
2023-07-19,2023-07-19 00:00:00+00:00,385.6499938964844,-0.19395296874824475,-0.46986342127244235,-0.26943938811811474,0.741026380556181,-1.3083232228093629,-0.8233633960994056,-0.45139741245065335,10.714285714285714,-0.025982080052518897,False,-0.029197405487498274,False,-0.05992476524650392,False,0.0254534273843416
2023-07-20,2023-07-20 00:00:00+00:00,376.760009765625,-0.5090750595862423,-0.7354825976533731,-0.5409399941036169,0.3984394776697872,-0.9875286008587213,-0.6539841905352152,-0.5347680376039353,6.084656084656085,-0.0029992697035852167,False,-0.007883005477547056,False,-0.04825359040803934,False,0.04295562348832401
2023-07-21,2023-07-21 00:00:00+00:00,375.6300048828125,-0.9796817026140019,-0.6365146580035969,-0.48854034871048324,0.2695314580548913,-0.8900685456445164,-0.7529487381180447,-0.6284413121386667,3.3068783068783065,0.001597332736246182,False,-0.009557267234311162,False,-0.046588397552159266,False,0.04651971678838417
2023-07-24,2023-07-24 00:00:00+00:00,376.2300109863281,-0.8763385507387934,-0.900583472403938,-0.3728011110753824,0.26696137479865883,-0.9203603595102455,-0.6900653928782157,-0.629676286373781,3.3068783068783065,0.001036557742528199,False,-0.011136810778124007,False,-0.04810888439246108,False,0.05128003662959919
2023-07-25,2023-07-25 00:00:00+00:00,378.7799987792969,-0.421477717232865,-1.0129964122769028,-0.3546956496099107,0.4970725365465944,-1.018185949945522,-0.7076308068938761,-0.54231704113499,6.084656084656085,-0.005702528298934695,False,-0.017899569146066163,False,-0.054517118018463484,False,0.05580690391864357
2023-07-26,2023-07-26 00:00:00+00:00,377.5199890136719,-0.48376329315489147,-0.8021253631461306,-0.4190052080084252,0.44163497942965374,-0.906848723287848,-1.0137030376863037,-0.5768370891841228,5.291005291005291,-0.008290883810978866,False,-0.025455566940097762,False,-0.05136147673006308,False,0.03843359753875898
2023-07-27,2023-07-27 00:00:00+00:00,376.6199951171875,-0.4604035035934379,-0.9633348469716477,-0.25781872090903274,0.23456362484942414,-0.812158402374056,-0.5852561988191665,-0.5066611763665689,8.068783068783068,-0.00751416974392205,False,-0.023126736678884985,False,-0.049094552796172475,False,0.05088579311319228
2023-07-28,2023-07-28 00:00:00+00:00,383.4800109863281,-0.2275028937233188,-0.7960553046269362,-0.4484149455488658,0.6115858063991695,-1.0517254039280672,-0.8536781696367772,-0.4990932127466843,8.73015873015873,-0.02983206976546715,False,-0.04495676504131463,False,-0.06610515640258341,False,0.06526008071344672
2023-07-31,2023-07-31 00:00:00+00:00,383.67999267578125,-0.4183221218940279,-0.7678349500363776,-0.46049118646947396,0.47214598115346296,-0.9985940042929679,-0.8317527026834425,-0.5401362297534722,6.481481481481481,-0.030337740703345606,True,-0.04545455268537668,False,-0.06659192108189782,False,0.05666874307732171
2023-08-01,2023-08-01 00:00:00+00:00,382.7900085449219,-0.30012751185776493,-0.7407857814831589,-0.594243072908205,0.34227068274672523,-0.9205605249000008,-0.7658544450960061,-0.51651006847204,7.5396825396825395,-0.028187800893595183,False,-0.0432352411011393,False,-0.06442175373345838,False,0.059613037238133985
2023-08-02,2023-08-02 00:00:00+00:00,374.3900146484375,-0.5004588609610734,-0.5348914101738768,-0.5035957058140988,-0.25532751828796424,-0.5737752876071305,0.1444466121714733,-0.3548499171300321,19.31216931216931,-0.017308183265552723,False,-0.03165150148206575,False,-0.043430671570911406,False,0.08288103655562278
2023-08-03,2023-08-03 00:00:00+00:00,373.7900085449219,-0.551253838615566,-0.758624509563779,-0.5448250432808747,-0.22488154559586873,-0.5466878851924329,-0.16811502275694296,-0.455219761915023,11.64021164021164,-0.015730770615571044,False,-0.04069135510567912,False,-0.04189519062606872,False,0.08224710486941478
2023-08-04,2023-08-04 00:00:00+00:00,372.0400085449219,-0.3850402184220976,-0.3637166628985051,-0.5229456456624262,-0.38166767186029255,-0.46741281738492785,0.3906235166522687,-0.25646811861101365,29.894179894179896,-0.015589770393864888,False,-0.037388461839124476,False,-0.037388461839124476,False,0.12456107994082626
2023-08-07,2023-08-07 00:00:00+00:00,375.19000244140625,-0.028121982226704145,-0.6241422552815431,-0.6491819296584616,-0.08629199033731298,-0.5705138614197051,-0.09136402319474453,-0.3094833031769053,24.6031746031746,-0.023854612726331825,False,-0.04547028824750743,False,-0.04547028824750743,False,0.09111798008172224
2023-08-08,2023-08-08 00:00:00+00:00,372.0,0.15604909554730803,-0.33055475934272455,-0.7005711668810685,-0.2196442061335139,-0.42132444387393364,-0.06511724608498293,-0.21866548039186434,33.730158730158735,-0.015483897219422005,False,-0.03728493311071912,False,-0.03728493311071912,False,0.0781478313288636
2023-08-09,2023-08-09 00:00:00+00:00,367.9100036621094,-0.2276179012529107,-0.2792699316712283,-0.6428292295384088,-0.38860436954587924,-0.21726990860127396,-0.3750437884563474,-0.32845038779851343,22.354497354497354,-0.014595947551671706,False,-0.02658258455042961,False,-0.02658258455042961,False,0.05303040500461057
2023-08-10,2023-08-10 00:00:00+00:00,368.5899963378906,-0.34403028938967556,-0.7202797682650925,-0.75543392436939,-0.37803587853907156,-0.1870729020976484,-0.4610667635258599,-0.43872473046020044,12.962962962962962,-0.0271575730895548,False,-0.028378392140326336,False,-0.028378392140326336,False,0.06654931780875215
2023-08-11,2023-08-11 00:00:00+00:00,366.239990234375,-0.4766481765974011,-0.8777205662532556,-0.8382885479582953,-0.35607486687169243,-0.09415916357818237,-0.9007317462671184,-0.5632059870531122,5.6878306878306875,-0.022143909916479965,False,-0.022143909916479965,False,-0.022143909916479965,False,0.05611172520115738
2023-08-14,2023-08-14 00:00:00+00:00,370.3500061035156,-0.26593949471325157,-0.9443526075910086,-0.8474582671971039,-0.276179567710545,-0.2151781578096712,-0.7305849957688783,-0.5101661826733037,8.465608465608465,-0.032995817522107784,True,-0.032995817522107784,False,-0.032995817522107784,False,0.07045120799417014
2023-08-15,2023-08-15 00:00:00+00:00,366.4200134277344,-0.2603346374118246,-0.7982314145101849,-0.7303048287519666,-0.4972449941341474,-0.02052265025142373,-0.27304959181005584,-0.37813332006650735,18.253968253968253,-0.0226243333909949,False,-0.0226243333909949,False,-0.0226243333909949,False,0.08152107220529678
2023-08-16,2023-08-16 00:00:00+00:00,362.5400085449219,-0.2080895268033747,-0.9230654808000608,-0.7087575284008195,-0.5898343426103425,0.13930051363618912,-0.20121563891721533,-0.35181165676852266,20.105820105820104,-0.012164184802138656,False,-0.012164184802138656,False,-0.012164184802138656,False,0.08627315215052872
2023-08-17,2023-08-17 00:00:00+00:00,358.5799865722656,0.06703218798035919,-0.6691737130226197,-0.024865909962845933,-0.6498074709053313,0.24416190087916909,0.08826388948377875,-0.12044217291681583,42.98941798941799,-0.0012548990638172608,False,-0.0012548990638172608,False,-0.0012548990638172608,False,0.07457525324897926
2023-08-18,2023-08-18 00:00:00+00:00,358.1300048828125,0.0966266095528537,-0.5134885417045263,0.0709570800191141,-0.5365652856784706,0.256756705869899,0.008394763987020904,-0.07805675022358338,47.08994708994709,0.008628141445176318,False,0.008628141445176318,False,0.008628141445176318,False,0.06772909354419443
2023-08-21,2023-08-21 00:00:00+00:00,363.8999938964844,0.26731616695978694,-0.800556810729498,0.05811875183835746,-0.5222153853042736,0.04948223886380845,-0.005727904367987003,-0.13038985393010832,42.06349206349206,-0.0073646406175637,False,-0.0073646406175637,False,-0.0073646406175637,False,0.12108224474277683
2023-08-22,2023-08-22 00:00:00+00:00,363.3800048828125,0.19650789012761607,-0.6766129557284594,0.15678112069215566,-0.5564894645515953,0.08999389651802368,-0.29727282441476,-0.17144145852661669,39.55026455026455,-0.00594420065244361,False,-0.00594420065244361,False,-0.00594420065244361,False,0.10279457318537184
2023-08-23,2023-08-23 00:00:00+00:00,369.1099853515625,0.3995369986763035,-0.4604952639030245,0.08624914769341052,-0.3456687892637654,-0.13933753525219914,-0.5855204139969186,-0.17736388332024028,38.88888888888889,-0.02137569950415863,False,-0.02137569950415863,False,-0.030478720290606165,False,0.09232191392047148
2023-08-24,2023-08-24 00:00:00+00:00,361.2200012207031,0.28715341011411144,-0.19507101051872114,0.11393287090192666,-0.5999902802080062,0.1597427987873265,-0.28510395442668635,-0.0755074556238661,47.75132275132275,0.007751474955723703,False,0.007751474955723703,False,-0.009301854431609025,False,0.0781726878315805
2023-08-25,2023-08-25 00:00:00+00:00,364.0199890136719,0.16967654234253757,-0.3159867814344715,0.12546458245868847,-0.3752136289663604,0.08587693528020861,-0.6473381415967767,-0.16949053610906203,39.81481481481482,0.007527116187705296,False,0.007527116187705296,False,-0.016922157705680285,False,0.07449192836246747
2023-08-28,2023-08-28 00:00:00+00:00,366.760009765625,0.20668260191426158,-0.3610077301752501,0.12250071210758945,-0.2588306220822146,-0.024770367533216552,-0.8169174771807958,-0.2077267301878109,35.05291005291005,0.021839838136021417,False,0.014450833383813144,False,-0.03421861156173178,False,0.06706144855447944
2023-08-29,2023-08-29 00:00:00+00:00,374.7699890136719,0.28775711097511775,-0.2533902282262697,0.032782172297642576,-0.11224383783798413,-0.3217426156945976,-0.8698530564070944,-0.23233460490518867,31.746031746031743,-8.00458419197847e-05,False,-0.007231079153937392,False,-0.05486030941992981,False,0.07505042117674536
2023-08-30,2023-08-30 00:00:00+00:00,376.8599853515625,0.3770154706574802,-0.3226604082732215,0.032472445854521303,0.04224327336012255,-0.44931319317608076,-0.9739559411054323,-0.24806605837631931,30.952380952380953,-0.012736793449935946,False,-0.012736793449935946,False,-0.060101880743201774,False,0.09182434318083049
2023-08-31,2023-08-31 00:00:00+00:00,377.989990234375,0.4693308024111659,0.055304095730849746,0.023999161878501568,0.14682084108559282,-0.4690004325092287,-1.1955502966913687,-0.20632532864756975,35.58201058201058,-0.015688226749349443,False,-0.01899519262753291,False,-0.0629117156371044,False,0.05931248600259718
2023-09-01,2023-09-01 00:00:00+00:00,377.5899963378906,0.28905735144417094,-0.5307392482803304,-0.05882776514569969,0.10435338823925001,-0.4617060111854406,-1.1637667717867608,-0.33712374182633814,21.56084656084656,-0.014645511885723494,False,-0.01835322106780568,False,-0.06191902621776724,False,0.08705316749789412
2023-09-05,2023-09-05 00:00:00+00:00,378.07000732421875,0.5773827410641357,-0.35461960739224163,-0.04006658761454707,-0.022580247335601173,-0.42445146249220383,-0.8378673979027473,-0.19757386083679418,36.64021164021164,-0.01589655262040146,False,-0.021689137059738295,False,-0.06311004683500099,False,0.11099671973175847
2023-09-06,2023-09-06 00:00:00+00:00,374.739990234375,0.28020798422122223,-0.43322563602827885,-0.07873029147530011,-0.2016528906065046,-0.2923629363605103,-0.5994761084447633,-0.2254310202595578,33.33333333333333,-0.007151605768322411,False,-0.02721882359839345,False,-0.05478464886135248,False,0.1523132738291823
2023-09-07,2023-09-07 00:00:00+00:00,372.05999755859375,0.43244093607628464,-0.45881897355758056,-0.06524515703552615,-0.2004714977542844,-0.2022852784074335,-0.5532261695196959,-0.1700321887705013,40.74074074074074,0.0013975945199267148,False,-0.03816592028223875,False,-0.04797614960126029,False,0.16023727578368632
2023-09-08,2023-09-08 00:00:00+00:00,372.5799865722656,0.47450107826195004,-0.1568936961320966,-0.047494565049232454,-0.10739995675301955,-0.20816279314479005,-0.7624181401293922,-0.14360947544013714,42.32804232804233,-0.004750628260942746,False,-0.03950829822108015,False,-0.04930483595265378,False,0.12171787694807663
2023-09-11,2023-09-11 00:00:00+00:00,376.9700012207031,0.6599827471743552,-0.2926364918040065,0.09205645298066789,0.08753760844461778,-0.3830048271909637,-0.7237203395092697,-0.11090767111101717,45.767195767195766,-0.016738725994537296,False,-0.05069373108538777,True,-0.06037618296395897,False,0.16387371326640846
2023-09-12,2023-09-12 00:00:00+00:00,372.7900085449219,0.33658553750659176,-0.009490982068965722,0.02118628048441719,-0.19446907487404172,-0.18701619430732322,-0.6998628822426551,-0.13853408830168673,42.72486772486773,-0.007832863973827542,False,-0.04984043741506239,False,-0.04984043741506239,False,0.10639003806475252
2023-09-13,2023-09-13 00:00:00+00:00,374.2099914550781,0.5010064277700047,-0.12972184048388205,0.251357989471952,0.006361738135208582,-0.2585297172425813,-1.0347660694724599,-0.15182608819411308,42.195767195767196,-0.025841060182694497,False,-0.05344592730469866,True,-0.05344592730469866,False,0.090957858710719
2023-09-14,2023-09-14 00:00:00+00:00,377.2699890136719,0.41475164142762216,-0.3403983088479588,0.12877657791664704,0.23584304366440503,-0.40654923003068943,-1.2052057194659835,-0.24220629359967855,31.48148148148148,-0.05144857589349883,True,-0.06112332873039117,True,-0.06112332873039117,False,0.09114119979579907
2023-09-15,2023-09-15 00:00:00+00:00,370.80999755859375,0.25755378246834404,-0.31150376746238834,-0.3367813508432372,-0.07986696528279691,-0.1627867843975048,-0.730268624190089,-0.21948407021995145,34.523809523809526,-0.03492357890103803,True,-0.04476687848981897,False,-0.04476687848981897,False,0.1065690791746329
2023-09-18,2023-09-18 00:00:00+00:00,370.6600036621094,0.4383874339755902,-0.3131880401807731,-0.41246642499262787,-0.1256719068097472,-0.1541806165295661,-0.6479359342535956,-0.17982145790935514,39.682539682539684,-0.03453304425641579,True,-0.044380327104369566,False,-0.044380327104369566,False,0.129361953270378
2023-09-19,2023-09-19 00:00:00+00:00,369.8699951171875,0.26269116042627366,-0.11689023916398493,-0.4880906392524791,-0.2741801772383438,-0.06614730753274745,-0.6608199530380162,-0.20032484641449524,36.64021164021164,-0.04233921071956037,True,-0.04233921071956037,False,-0.04233921071956037,False,0.09435642260607281
2023-09-20,2023-09-20 00:00:00+00:00,364.5400085449219,0.0019994613104034518,-0.0877292281062972,-0.474539974645682,-0.6256737641505795,0.15359636710416644,-0.14866710374113015,-0.15307870136841176,42.195767195767196,-0.02833712856670101,False,-0.02833712856670101,False,-0.02833712856670101,False,0.12170315327418267
2023-09-21,2023-09-21 00:00:00+00:00,357.8599853515625,-0.12109875991589088,-0.2883566523277818,-0.2555481150932048,-1.0568378074191631,0.4795196456975657,0.7481581689780487,-0.006018169519417527,55.82010582010582,-0.010199502727019416,False,-0.010199502727019416,False,-0.010199502727019416,False,0.16616966484716206
2023-09-22,2023-09-22 00:00:00+00:00,357.9100036621094,0.0074634488642683254,-0.1989244697905118,-0.3239163609619214,-0.9688127957262943,0.4302079896344361,0.41604908892931486,-0.03680812043810919,52.38095238095239,-0.010337828418242045,False,-0.010337828418242045,False,-0.010337828418242045,False,0.14359097996039188
2023-09-25,2023-09-25 00:00:00+00:00,359.6099853515625,0.08508699971077259,-0.5100452448500666,-0.40937801027177745,-0.8856267348951349,0.3842437236478997,0.2688278402353469,-0.10265688527015412,46.42857142857143,-0.015016251262336966,False,-0.015016251262336966,False,-0.015016251262336966,False,0.1379129694821854
2023-09-26,2023-09-26 00:00:00+00:00,354.2099914550781,0.0035922566294122418,-0.2020716547734682,-0.2550259046084577,-1.1497686680168222,0.6462486367625409,0.8554906086376641,0.07278766152653413,63.75661375661375,0.0020045227119074305,False,0.0020045227119074305,False,0.001101083136687775,False,0.15359302075787645
2023-09-27,2023-09-27 00:00:00+00:00,355.0400085449219,-0.17955493397880914,-0.33811765868506427,-0.4117277636687565,-1.0013996370544425,0.6767791072105379,0.3980097683499867,-0.06305358241145856,49.86772486772487,-0.0003379763246381673,False,-0.0003379763246381673,False,-0.013237979083803975,False,0.12178291506105968
2023-09-28,2023-09-28 00:00:00+00:00,358.010009765625,-0.23019251504580163,-0.39158087718317214,-0.4418660413294537,-0.8479316928898656,0.5710836289558374,-0.13462654739168042,-0.18886057634022996,37.96296296296296,-0.00863103336108817,False,-0.00863103336108817,False,-0.04008269520986296,False,0.07930352895162474
2023-09-29,2023-09-29 00:00:00+00:00,358.2699890136719,-0.32397917288116546,-0.3772035667146903,-0.5735257773342719,-0.8510244415025401,0.5770679322394239,-0.07998059887310342,-0.20696514686898076,35.05291005291005,-0.009350421996439318,False,-0.009350421996439318,False,-0.04077926089144179,False,0.08844817669039629
2023-10-02,2023-10-02 00:00:00+00:00,361.260009765625,0.27564265816154704,-0.22521002033554857,-0.6291913756608066,-0.7272200939660611,0.47706393814292686,-0.011150174555027736,-0.05747237036143288,50.132275132275126,-0.017549676594439068,False,-0.017549676594439068,False,-0.048718390155982116,False,0.10342064843452593
2023-10-03,2023-10-03 00:00:00+00:00,354.9200134277344,-0.010005032081501863,-0.1314606665009107,-0.5177075342980165,-1.062937835007355,0.7689270674474349,0.39439015101837455,-0.0002680913791799633,56.613756613756614,0.010622080668999834,False,0.010622080668999834,False,-0.031725485573153356,False,0.0912468115465653
2023-10-04,2023-10-04 00:00:00+00:00,359.75,0.2469317182697702,-0.08268124466048689,-0.5894312383438002,-0.813060213788507,0.54656499761286,0.1228846485698339,-0.010028069711236265,55.158730158730165,-0.002946483832088287,False,-0.002946483832088287,False,-0.044725493642503444,False,0.08646615347247712
2023-10-05,2023-10-05 00:00:00+00:00,358.69000244140625,0.3513606804419302,-0.10615777550142898,-0.6196542660452667,-0.7772439470864684,0.5641343120496737,0.17459261383932462,0.023541836273474448,59.12698412698413,0.01675544265164386,False,0.0035685376525262935,False,-0.04190247477486386,False,0.09269283915590176
2023-10-06,2023-10-06 00:00:00+00:00,364.70001220703125,0.3562863218694772,-0.569441428559223,-0.7120473411372086,-0.6158282888949659,0.3103053057056491,-0.04040633453750722,-0.12375813312432536,43.65079365079365,0.0015903113596178464,False,-0.02769401087319434,False,-0.05769127458372003,False,0.1373000688124083
2023-10-09,2023-10-09 00:00:00+00:00,366.55999755859375,0.17308575439448237,-0.08382117563608572,-0.7530553320742998,-0.5570609445853455,0.2617322653609672,0.010102598418744377,-0.08245372760580585,47.75132275132275,-0.0034919216167123013,False,-0.0326276504112164,False,-0.06247270310182673,False,0.12472684666531354
2023-10-10,2023-10-10 00:00:00+00:00,368.5899963378906,0.11570155336434312,-0.3125171456436131,-0.7598351971565518,-0.45930844495532,0.1426934890038012,-0.38404057994994173,-0.21688646582185467,33.33333333333333,-0.008980161131555642,False,-0.03795542573963462,False,-0.06763610766291017,False,0.11091514372580419
2023-10-11,2023-10-11 00:00:00+00:00,371.2200012207031,0.12149581810961631,0.07081304142746588,-0.6089334179781567,-0.2863223950647632,0.04744049466195338,-0.5649592357924993,-0.17242432944759617,39.15343915343915,-0.021146506324287495,False,-0.05624698242053672,True,-0.07424168274329701,False,0.08516597438445203
2023-10-12,2023-10-12 00:00:00+00:00,369.92999267578125,0.46639289951860463,-0.06712007956073256,-0.4675494123547591,-0.3296208452531347,0.1509412779988327,-0.432580283336938,-0.06931530112145612,48.94179894179894,-0.026923990085354843,False,-0.07101340668177658,True,-0.07101340668177658,False,0.10985128336381361
2023-10-13,2023-10-13 00:00:00+00:00,365.2799987792969,0.4201315611064791,0.3065450383553901,-0.504109739566245,-0.6195805580580924,0.31917357172655403,0.35645210274392947,0.12178514520336266,68.38624338624338,-0.029237824987603855,False,-0.05918745945422088,True,-0.05918745945422088,False,0.1925595546028456
2023-10-16,2023-10-16 00:00:00+00:00,369.4100036621094,0.2033693011053316,-0.12832478114019888,-0.45536255102637535,-0.3704152766312208,0.12316117922883185,-0.25363477111719523,-0.10576812192495683,44.70899470899471,-0.0400909488421437,True,-0.06970574631095516,True,-0.06970574631095516,False,0.12174790625795674
2023-10-17,2023-10-17 00:00:00+00:00,368.20001220703125,0.00491715482967281,-0.35388983411326064,-0.46359700295721196,-0.47577431182283864,0.179451768706776,-0.033312215884037655,-0.14059798065565385,41.13756613756614,-0.03693646293490238,True,-0.06664858156257625,True,-0.06664858156257625,False,0.1619598011161666
2023-10-18,2023-10-18 00:00:00+00:00,363.3699951171875,0.2774380953802969,-0.38721926863023337,-0.3788916624352975,-0.6427668805427814,0.4098536774120167,0.43633775858990836,0.032338817656962435,59.65608465608465,-0.035858763668955906,True,-0.05424220964838222,True,-0.05424220964838222,False,0.22912729888949204
2023-10-19,2023-10-19 00:00:00+00:00,359.9700012207031,0.45566848951793343,-0.44053829057054256,-0.5458377371588456,-0.8108999892693024,0.5410332058872326,0.9181900859154528,0.14067884057226251,69.97354497354497,-0.04530932439726787,True,-0.04530932439726787,False,-0.04530932439726787,False,0.30011195396654855
2023-10-20,2023-10-20 00:00:00+00:00,354.6000061035156,0.37693324272955486,-0.2747548914204984,-0.5707561448596834,-0.9714459000848366,0.8306932745519972,0.610997302637214,0.11971903077198456,67.98941798941799,-0.030851670200514936,True,-0.030851670200514936,False,-0.030851670200514936,False,0.1542815525125048
2023-10-23,2023-10-23 00:00:00+00:00,355.6700134277344,0.5278708430696774,0.1430639405337215,-0.7802943029003934,-0.7757101779470991,0.8171213212367571,0.5048656909643218,0.19704520515210527,74.60317460317461,-0.033767282346576555,True,-0.033767282346576555,False,-0.033767282346576555,False,0.13695759462845936
2023-10-24,2023-10-24 00:00:00+00:00,359.1300048828125,0.5940276016998317,-0.10865912983173713,-0.9611536755740622,-0.4937498172972885,0.5879845339055122,0.0337533016504864,0.05667637782440603,61.111111111111114,-0.04307632615033419,True,-0.04307632615033419,False,-0.04307632615033419,False,0.12691873920532348
2023-10-25,2023-10-25 00:00:00+00:00,350.3399963378906,0.5353775528967678,-0.2114570896387961,-1.170552496602445,-0.8719720150437992,1.0009338163321795,0.32799767479971254,0.09329219344309822,65.21164021164022,-0.019067171164033003,False,-0.019067171164033003,False,-0.019067171164033003,False,0.10901819555859346
2023-10-26,2023-10-26 00:00:00+00:00,343.6600036621094,0.14705725983609855,0.20540697358958268,-1.1050432955429954,-0.9812551921933736,1.3576705589477083,0.2894670037489168,0.13195740216167656,69.04761904761905,0.00480123924489817,False,0.00480123924489817,False,0.00480123924489817,False,0.05496819992874024
2023-10-27,2023-10-27 00:00:00+00:00,345.30999755859375,0.5199498243908803,0.2740221362755331,-1.0208220706534497,-0.9494726986341777,1.3015031352753617,0.3673373478358143,0.23435827008126964,76.98412698412699,0.011265282430108048,False,0.011265282430108048,False,0.011265282430108048,False,0.05089873280999053
2023-10-30,2023-10-30 00:00:00+00:00,349.20001220703125,0.45195997536854754,0.13630709194960375,-0.7683895921065764,-0.7664589410860075,1.1131302917826293,0.10505665693084365,0.1626676482352859,70.8994708994709,0.00478231057210321,False,0.00478231057210321,False,0.00478231057210321,False,0.05229165678712698
2023-10-31,2023-10-31 00:00:00+00:00,350.8699951171875,0.3256660928368599,-0.12585196339040652,-0.8169174383735845,-0.6125893105791103,0.958480647851423,-0.21426704551309025,0.021518004102252533,57.407407407407405,0.017356845619861616,False,0.017356845619861616,False,0.017356845619861616,False,0.06609250695151686
2023-11-01,2023-11-01 00:00:00+00:00,356.9599914550781,0.5786092641186791,0.04926333741013588,-0.9474438034003314,-0.3798695595285489,0.6910779976196036,-0.6161085961045368,-0.013619580531045922,53.43915343915344,0.01815332569880912,False,0.01815332569880912,False,0.01815332569880912,False,0.04699123003155524
2023-11-02,2023-11-02 00:00:00+00:00,363.44000244140625,0.35432640657486064,-0.12469916538685404,-0.7810612787413402,-0.14133060069894351,0.323242788603704,-0.9524292394164722,-0.17298260163458518,36.904761904761905,0.011748814068314628,False,0.011748814068314628,False,0.011748814068314628,False,0.05488009213370432
2023-11-03,2023-11-03 00:00:00+00:00,367.7099914550781,-0.0029442222508532603,0.09706763288639216,-0.5551959442341037,-0.033987244389396355,0.15065694318562342,-1.1854818790244805,-0.2536113677668031,27.116402116402117,0.004079301718357797,False,0.004079301718357797,False,0.004079301718357797,False,0.040084036251312745
2023-11-06,2023-11-06 00:00:00+00:00,369.2099914550781,0.3836434796961006,-0.292184256825652,-0.0678749836075036,-0.029954264126245595,0.10604075800999384,-1.1490638396241244,-0.18698419688714102,34.92063492063492,0.002329340724911644,False,0.002329340724911644,False,0.002329340724911644,False,0.04562012831052655
2023-11-07,2023-11-07 00:00:00+00:00,372.70001220703125,0.6082411892356075,0.12316201423814162,-0.023069441825641343,0.09773047073338402,-0.042405859806306005,-1.025615735971623,-0.06112915274529957,47.883597883597886,-0.007056626768639718,False,-0.007056626768639718,False,-0.007056626768639718,False,0.05366040315264335
2023-11-08,2023-11-08 00:00:00+00:00,372.94000244140625,0.7000891963117347,0.16022058609980444,-0.007430486343634302,0.07392176000795807,-0.028853953208321143,-1.0669014745488594,-0.04475494300728822,49.338624338624335,-0.007695594729445587,False,-0.007695594729445587,False,-0.007695594729445587,False,0.04445022832731992
2023-11-09,2023-11-09 00:00:00+00:00,370.07000732421875,0.5219436066004682,0.1288374184370489,-0.20075574072752633,-0.11196727032139468,0.14245098288861346,-0.7405576814167464,-0.032777670240937445,51.19047619047619,0.019293603884532162,False,0.019293603884532162,False,0.019293603884532162,False,0.0589036492959376
2023-11-10,2023-11-10 00:00:00+00:00,378.3900146484375,0.8234392540381835,-0.42436289777046926,-0.32235747309302065,0.3353457327364317,-0.35859278404808426,-0.889032796313964,-0.13042558732918064,40.476190476190474,-0.003118536820945761,False,-0.003118536820945761,False,-0.003118536820945761,False,0.09360700309011355
2023-11-13,2023-11-13 00:00:00+00:00,377.2099914550781,0.8441338709205032,-0.0941175280412101,-0.15097872524999414,0.17274051202430005,-0.2582660643525903,-0.7273262363160704,-0.03159611087716743,51.32275132275132,0.021526458209298216,False,0.021526458209298216,False,0.0207841693366817,False,0.0974734776453702
2023-11-14,2023-11-14 00:00:00+00:00,385.3299865722656,0.5994000825981493,0.338695362773154,0.05903133466521987,0.5458822329496997,-0.6615457632874414,-0.8604194910272289,-0.04592326151835417,48.94179894179894,0.0007526238679258501,False,0.0007526238679258501,False,-0.0007266467418941547,False,0.08854083651042141
2023-11-15,2023-11-15 00:00:00+00:00,385.6199951171875,0.3830165310182336,-0.026887621108950804,-0.04795157277020737,0.6170086584726181,-0.7122254078535891,-0.8507243600651535,-0.15226364905257248,38.095238095238095,0.0008558090711645594,False,0.0008558090711645594,False,-0.001478158112743988,False,0.09668047325197422
2023-11-16,2023-11-16 00:00:00+00:00,385.95001220703125,0.4619352820573954,0.4558629993206634,0.2438031702801462,0.6995429186527161,-0.7468412496898741,-0.8967893481728726,-0.038647858437048724,49.60317460317461,0.00023318133189320633,False,0.00023318133189320633,False,-0.002331971461578042,False,0.069435210418938
2023-11-17,2023-11-17 00:00:00+00:00,386.0400085449219,0.2750977897187865,0.19883161176931866,0.1456405420749865,0.8324264804719466,-0.7958772568506659,-0.9472001182468711,-0.1243431490320617,40.74074074074074,0.006294665376628927,False,0.0007253102608515416,False,-0.0025645547871702146,False,0.07244352350705749
2023-11-20,2023-11-20 00:00:00+00:00,390.739990234375,0.156196253749698,0.08698423510752105,-0.36134842305408243,0.9684844660071844,-0.9708855241314137,-1.0507109698837203,-0.2508945851912896,26.058201058201057,-0.005809461714707753,False,-0.01131182633112382,False,-0.014562119526064565,False,0.08870961803720262
2023-11-21,2023-11-21 00:00:00+00:00,388.4700012207031,0.11761586300066122,0.12977093629116598,0.029952274885040722,0.7815803444667541,-0.7933468015481432,-0.987107355619257,-0.19286973923115577,32.93650793650794,0.0018019723655149367,False,-0.008803803168809798,False,-0.008803803168809798,False,0.07152417113879181
2023-11-22,2023-11-22 00:00:00+00:00,390.05999755859375,0.1988853666260336,0.17439784166752578,-0.08896888338089753,1.157970716013813,-0.9613394898312898,-1.2082183972217369,-0.20317610877128756,31.084656084656086,-0.003153389206857482,False,-0.012844202935402005,False,-0.012844202935402005,False,0.06891478402404963
2023-11-24,2023-11-24 00:00:00+00:00,389.510009765625,0.3379322157569762,-0.38698249482324004,0.018341078945559856,1.3443510553491194,-0.9865232490343444,-1.4458997510064884,-0.2734587648833335,24.074074074074073,-0.0017458426646559388,False,-0.011450339813705801,False,-0.011450339813705801,False,0.07236247842597543
2023-11-27,2023-11-27 00:00:00+00:00,389.1700134277344,0.08553022528541036,-0.02974896080923023,0.17680943273619643,1.2004216815593305,-0.9249413122894085,-1.3220348199266287,-0.2390073299999907,26.455026455026452,-0.007323293175682588,False,-0.01058669859601269,False,-0.01058669859601269,False,0.051809408915818346
2023-11-28,2023-11-28 00:00:00+00:00,390.19000244140625,-0.07687605127267293,0.1811911689974124,-0.009795674060965586,1.1032829375821145,-0.9233635945482749,-1.2381710117670424,-0.2559905829367656,24.735449735449734,-0.009918232381591174,False,-0.013173106989611716,False,-0.013173106989611716,False,0.054064790308519316
2023-11-29,2023-11-29 00:00:00+00:00,389.80999755859375,-0.3024139768118324,0.4679272186883264,-0.1480751817913894,0.9850392139755333,-0.8609127429389732,-1.0682211011509577,-0.2431721174599127,26.190476190476193,-0.012211102320200284,False,-0.012211102320200284,False,-0.012211102320200284,False,0.054179967423337756
2023-11-30,2023-11-30 00:00:00+00:00,388.8299865722656,-0.7969846605934178,0.06493349678347185,0.19579872794377073,0.7457227410428362,-0.7476329484788345,-0.9950705571237757,-0.36675932477088236,14.947089947089948,-0.009721469304925456,False,-0.009721469304925456,False,-0.009721469304925456,False,0.050767801922277
2023-12-01,2023-12-01 00:00:00+00:00,389.94000244140625,-1.1520093183448585,0.3540560419567904,-0.16854121033809244,0.7148458963727329,-0.7585828872828267,-1.0356481019670665,-0.4457668918033311,9.920634920634921,-0.012540428316718533,False,-0.012540428316718533,False,-0.012540428316718533,False,0.038345943503318325
2023-12-04,2023-12-04 00:00:00+00:00,386.32000732421875,-1.1452199951181656,0.35637480974460045,-0.30331257244788423,0.42098751301987747,-0.49728309362790485,-0.8674353233752494,-0.4157145912543808,11.11111111111111,-0.0032874806046070404,False,-0.0032874806046070404,False,-0.0032874806046070404,False,0.02832727831644383
2023-12-05,2023-12-05 00:00:00+00:00,387.2900085449219,-0.965722863622917,0.9304123652428729,-0.3787154823617483,0.4753187837375767,-0.5170096124588571,-0.9455815610845768,-0.3126746833223776,19.444444444444446,-0.005783833051539511,False,-0.005783833051539511,False,-0.005783833051539511,False,0.01955698959522387
2023-12-06,2023-12-06 00:00:00+00:00,385.04998779296875,-1.3336862687449693,1.0414812279086367,-0.5748340906441815,0.26811648613289196,-0.3322651800796678,-0.8861121584370458,-0.3714564734105255,14.417989417989418,0.013972224525053534,False,0.013972224525053534,False,0.013972224525053534,False,0.012231847427403667
2023-12-07,2023-12-07 00:00:00+00:00,390.42999267578125,-1.3089070595041308,0.6015354071960562,-0.2261523624573426,0.3825503913982815,-0.6099512193141106,-0.7998641360377686,-0.4187468494277855,10.714285714285714,0.004456677982211499,False,0.004456677982211499,False,0.004456677982211499,False,0.019868936963247784
2023-12-08,2023-12-08 00:00:00+00:00,392.1700134277344,-1.2427686536241371,0.5148110112444463,-0.2978366323854176,0.591051442084857,-0.6937512242580525,-0.9760620978509784,-0.4464206903857799,9.25925925925926,0.008542151289582911,False,0.008542151289582911,False,0.008542151289582911,False,0.022682857841713602
2023-12-11,2023-12-11 00:00:00+00:00,395.5199890136719,-1.8515153650754597,0.668273674080441,0.2142043139943718,0.5555010330683076,-0.7010422896320018,-1.0091480264382822,-0.5073544987573992,5.555555555555555,0.007964260976841775,False,0.007964260976841775,False,0.0019215457795704882,False,0.019411128626300803
2023-12-12,2023-12-12 00:00:00+00:00,398.6700134277344,-1.682887927272141,0.6602481095648816,0.24068615054141573,0.7442816773689692,-0.8097818844216391,-1.1234420061941264,-0.4884742804833623,6.746031746031746,0.011839368554762641,False,0.011061712684670377,False,-0.005994969694079422,False,0.020098674835457672
2023-12-13,2023-12-13 00:00:00+00:00,403.739990234375,-1.7565292983627685,0.6049994207957513,0.03614856252219162,0.7748860229260718,-0.9478519846849628,-1.1457356852101976,-0.5594257208410933,3.3068783068783065,-0.0016347245209131778,False,-0.0016347245209131778,False,-0.018477217108831656,False,0.01907699336017776
2023-12-14,2023-12-14 00:00:00+00:00,403.3900146484375,-2.148441855907125,1.2782819805347436,-0.12289489115362023,0.7107359901024547,-0.9200084057125557,-1.0172200278534933,-0.531070851414417,4.497354497354497,-0.0007685566447203085,False,-0.0007685566447203085,False,-0.017625661545780047,False,0.015382235048917782
2023-12-15,2023-12-15 00:00:00+00:00,405.3399963378906,-2.057576504430587,1.180067171076505,0.09003732140949977,0.754455802459031,-0.9260122863503312,-0.9871305415141786,-0.494961688287739,6.746031746031746,-0.005575590334147673,False,-0.006784427948994254,False,-0.022351600237942804,False,0.014032449285413057
2023-12-18,2023-12-18 00:00:00+00:00,407.0799865722656,-1.6713462449380507,0.9395816399392264,0.4265421733687091,0.7701535624315835,-0.9848145824020857,-0.9207358120167282,-0.4162648301788805,11.11111111111111,-0.009826078736223764,False,-0.021494547235489492,False,-0.02653038260099161,False,0.020077031614559464
2023-12-19,2023-12-19 00:00:00+00:00,409.1600036621094,-1.850848887189158,0.9097054375073851,0.7002845145342601,0.7484633215381346,-1.0165445284030628,-0.8985517020388059,-0.4344352582159514,10.44973544973545,-0.014859754216995036,False,-0.03147913962149884,False,-0.03147913962149884,False,0.017715550865782644
2023-12-20,2023-12-20 00:00:00+00:00,403.0799865722656,-1.7248169799894988,1.3089866196112365,0.41916566593404403,0.3752299988280013,-0.6432876103591934,-0.4056359180074362,-0.2601990423119356,24.074074074074073,0.011635413807788764,False,-0.016870070505843993,False,-0.016870070505843993,False,0.01753667570745622
2023-12-21,2023-12-21 00:00:00+00:00,407.7699890136719,-1.8657591354758043,0.941745218288304,0.2887685172544576,0.46169322726814893,-0.8786424554791427,-0.4475518554071861,-0.3989980707135129,12.698412698412698,0.0014959802966769686,False,-0.028177625975289167,False,-0.028177625975289167,False,0.0267256886218039
2023-12-22,2023-12-22 00:00:00+00:00,408.3800048828125,-1.7570384742539333,1.0942986110016364,0.3725442938683883,0.5975525308063188,-0.8913286836781401,-0.6547262626655769,-0.36958658346149814,14.550264550264549,-0.014177992251563243,False,-0.029629281450711087,False,-0.029629281450711087,False,0.022121645183191405
2023-12-26,2023-12-26 00:00:00+00:00,410.8800048828125,-1.8616038138466167,0.7371312846373811,0.2551395483322222,0.6475231865503556,-0.974131219606869,-0.7368181661315616,-0.4812985144056269,7.2751322751322745,-0.030544242020553614,True,-0.03553350352904061,False,-0.03553350352904061,False,0.022826918656375164
2023-12-27,2023-12-27 00:00:00+00:00,411.5,-1.9047332429231316,1.039713718843343,0.17580594782412717,0.713055030263979,-0.9613069223619499,-0.9639185139063882,-0.48549582868978314,7.01058201058201,-0.03698663723135631,True,-0.03698663723135631,False,-0.03698663723135631,False,0.016360330330342312
2023-12-28,2023-12-28 00:00:00+00:00,411.29998779296875,-1.7348701849546215,0.820556698327651,0.466805252381294,0.7116425646701924,-0.9238512235342294,-1.1401821892687172,-0.4832703048637077,7.142857142857142,-0.036518330803433696,True,-0.036518330803433696,False,-0.036518330803433696,False,0.011610296112068515
2023-12-29,2023-12-29 00:00:00+00:00,409.5199890136719,-1.546467005964188,1.0325046304159669,0.5516587342616266,0.6749435690725143,-0.7892447971967731,-1.1545572720707977,-0.38677071169691696,13.624338624338625,-0.032330510328112405,True,-0.032330510328112405,False,-0.032330510328112405,False,0.010431141004947849
2024-01-02,2024-01-02 00:00:00+00:00,402.5899963378906,-1.5749539303903655,0.8636784924702038,0.21815524863836422,0.1966580831921453,-0.3643257155921345,-0.6683782784747709,-0.34066557367826544,16.93121693121693,-0.015673508075192744,False,-0.015673508075192744,False,-0.015673508075192744,False,0.012462717213948399
2024-01-03,2024-01-03 00:00:00+00:00,398.3299865722656,-1.1920731874392865,1.223405670177199,0.40089121043030596,0.03463765526241062,-0.0949768457526778,-0.3657384266638683,-0.1017620721121945,43.12169312169312,-0.005146456109441866,False,-0.005146456109441866,False,-0.005146456109441866,False,0.016484287890883843
2024-01-04,2024-01-04 00:00:00+00:00,396.2799987792969,-1.5720366318683565,0.6963592999816712,0.13881612407651797,-0.15356132775654346,0.0747880386995615,-0.21935678346136328,-0.24801976708461074,25.66137566137566,0.001186033163800726,False,0.001186033163800726,False,0.001186033163800726,False,0.01919712880314903
2024-01-05,2024-01-05 00:00:00+00:00,396.75,-1.4517151014213254,0.16305375672963007,0.29919059423620586,-0.015072934788889358,0.05820119403148543,-0.5601522562596367,-0.3386170500151636,16.7989417989418,0.020667957673676796,False,0.020667957673676796,False,0.020667957673676796,False,0.018017700124637034
2024-01-08,2024-01-08 00:00:00+00:00,404.95001220703125,-1.3791796704408197,0.2037501599979665,0.1499004541333534,0.16463270384115303,-0.3654281461903705,-0.543431521952806,-0.387360392727596,13.227513227513226,0.001975522333259594,False,0.001975522333259594,False,0.001975522333259594,False,0.025526415209140042
2024-01-09,2024-01-09 00:00:00+00:00,405.75,-1.3630324906423903,0.2740020740167866,0.2642469992526039,0.18899072905882278,-0.3368193339967571,-0.7408931660312688,-0.39227537774748145,12.698412698412698,0.0035982537401801906,False,0.0035982537401801906,False,0.0035982537401801906,False,0.025077291848638893
2024-01-10,2024-01-10 00:00:00+00:00,408.5,-0.8818913505117344,0.0688978601652831,-0.18265881093287312,0.2533948830598842,-0.44285997785109793,-0.8410476969529433,-0.40308177467266737,11.64021164021164,-0.003157915654643517,False,-0.003157915654643517,False,-0.003157915654643517,False,0.025416940639077196
2024-01-11,2024-01-11 00:00:00+00:00,409.3500061035156,-0.8582461468061947,0.23572512357416975,-0.03326695780286307,0.25463882686825146,-0.40630824393108544,-0.871247753967084,-0.35693253215479603,14.682539682539684,-0.005227835877682496,False,-0.005227835877682496,False,-0.005227835877682496,False,0.02388897267416921
2024-01-12,2024-01-12 00:00:00+00:00,409.55999755859375,-0.5403332057933455,0.21350096460245924,0.4900603603940197,0.18124228712793547,-0.3324989143968924,-0.7078971729048822,-0.20792833482006284,30.02645502645503,-0.005737879962701697,False,-0.005737879962701697,False,-0.005737879962701697,False,0.025620174529347683
2024-01-16,2024-01-16 00:00:00+00:00,409.5199890136719,-0.05227699254083026,-0.273573168332781,0.3885572704073011,0.046874454709431336,-0.26885059204495715,-0.2810382574115572,-0.11558224840224127,41.53439153439153,-0.005640744336210202,False,-0.005640744336210202,False,-0.005640744336210202,False,0.04213588098582661
2024-01-17,2024-01-17 00:00:00+00:00,407.2099914550781,-0.12351091734911206,-0.27924010536108773,0.7288015198526338,-0.21265705751230835,-0.06355323280588523,0.06725722766855666,-0.024865806943034155,51.85185185185185,0.014194147738475937,False,0.014194147738475937,False,0.014194147738475937,False,0.058659658403549024
2024-01-18,2024-01-18 00:00:00+00:00,412.989990234375,-0.16350874270673915,-0.4564436422600077,0.7005214332335328,0.008338850963023428,-0.3492426362339558,-0.10280358496957151,-0.12027456815324766,40.87301587301587,0.01983099502425789,False,0.009637064046199795,False,0.009637064046199795,False,0.0613230832170783
2024-01-19,2024-01-19 00:00:00+00:00,421.17999267578125,0.12693003741238076,-0.57591608908145,0.8017199480267161,0.31392059360195773,-0.6545173966121506,-0.23708219601535546,-0.11206124056227729,41.93121693121693,0.0013058984759759529,False,-0.009995706178567043,False,-0.009995706178567043,False,0.0803710293739467
2024-01-22,2024-01-22 00:00:00+00:00,421.7300109863281,-0.12653116789172889,-0.7010721191423074,1.0784416705578446,0.47327647803225453,-0.713427328069725,-0.38682508760414214,-0.1716818958238427,35.44973544973545,0.004149574264129763,False,-0.011286865154539139,False,-0.011286865154539139,False,0.062201257321777864
2024-01-23,2024-01-23 00:00:00+00:00,423.4800109863281,0.032211324592704114,-0.5867566812077961,1.3165148637961122,0.5507863624474459,-0.7155461973714191,-0.8297401183435064,-0.1763590596588856,34.523809523809526,0.0007792258517633766,False,-0.015372649468064714,False,-0.015372649468064714,False,0.040462136660032615
2024-01-24,2024-01-24 00:00:00+00:00,425.8299865722656,0.4012239349221714,-0.6950749125942899,1.2152141240050742,0.5308319696892518,-0.7571493100567275,-0.7409502938737267,-0.12249016283690484,40.21164021164021,-0.020806391355576603,False,-0.020806391355576603,False,-0.020806391355576603,False,0.04683438523119249
2024-01-25,2024-01-25 00:00:00+00:00,426.3500061035156,0.27938985719925497,-0.7929341018454498,1.2423548117304928,0.40926597090303174,-0.7493663528124385,-0.5592108498770355,-0.1391522075663572,38.095238095238095,-0.02200071478487342,False,-0.02200071478487342,False,-0.02200071478487342,False,0.06477942736210339
2024-01-26,2024-01-26 00:00:00+00:00,423.80999755859375,0.23217047690373208,-1.0358369179411309,1.0716725179072228,0.27178929526097545,-0.5759424584460998,-0.5645909117272613,-0.18911247026522687,32.67195767195767,-0.016139299160692788,False,-0.016139299160692788,False,-0.016139299160692788,False,0.05550655632434917
2024-01-29,2024-01-29 00:00:00+00:00,428.1499938964844,0.30587701886996105,-0.7472807395889752,0.515703395956142,0.3424997571959998,-0.7970487036191732,-0.40039711944926176,-0.18746056860302696,32.93650793650794,-0.02611232707032174,False,-0.02611232707032174,False,-0.02611232707032174,False,0.07701660487173545
2024-01-30,2024-01-30 00:00:00+00:00,425.29998779296875,0.2383264271344999,-0.5231805188446756,0.5866646297170018,0.24162363854010857,-0.621404250014796,-0.4195835307719998,-0.144099339804444,37.83068783068783,-0.019586143454865534,False,-0.019586143454865534,False,-0.019586143454865534,False,0.08065324269891927
2024-01-31,2024-01-31 00:00:00+00:00,416.9700012207031,0.17735355825365232,0.2137006471774486,0.402994209938507,-0.06383427770201673,-0.1110047393546204,-0.10884967375323835,0.05427920544432419,60.58201058201058,0.011775436236983738,False,0.011775436236983738,False,0.011775436236983738,False,0.07357813995749705
2024-02-01,2024-02-01 00:00:00+00:00,421.8800048828125,0.06379494400557832,0.16212632600453272,0.05640164195815081,0.24156593300468343,-0.4661786961710121,-0.32807843429500433,-0.0798984342448901,45.8994708994709,0.013534633993057321,False,0.013534633993057321,False,0.008841330296718075,False,0.06892023054356482
2024-02-02,2024-02-02 00:00:00+00:00,429.010009765625,0.8058647158051743,-0.3528663829594634,0.04676094888325042,0.5438228077415308,-0.8925986931074829,-0.27378138104472943,-0.03878351306377245,50.0,-0.0033099773791062104,False,-0.0033099773791062104,False,-0.007925279915776295,False,0.13108068378896562
2024-02-05,2024-02-05 00:00:00+00:00,428.45001220703125,1.0153005277263867,-0.5360290077783791,-0.18277495166787086,0.5407046384894992,-0.8127848425162596,-0.36259961199276775,-0.04959293591664721,48.94179894179894,-0.0020072723646581414,False,-0.002637425255262893,False,-0.006628607246010332,False,0.14848146517485486
2024-02-06,2024-02-06 00:00:00+00:00,427.5899963378906,0.680515579988668,-0.318644149929794,-0.3837476133671116,0.4549536252312298,-0.6865154434428505,-0.5711787509592616,-0.13336406292418468,39.15343915343915,0.002245121409060191,False,-0.004630629816613996,False,-0.004630629816613996,False,0.11395436099992173
2024-02-07,2024-02-07 00:00:00+00:00,431.989990234375,0.7824890094024282,-0.5027614638532,-0.47938019869327686,0.560374624674937,-0.8806886665730508,-0.7677773734157619,-0.212491451863344,29.232804232804234,-0.007963153126626543,False,-0.014768872027222324,False,-0.014768872027222324,False,0.12011573760763809
2024-02-08,2024-02-08 00:00:00+00:00,432.7900085449219,0.5469996315640931,-0.5243438003038497,-0.6139887636001244,0.5183628870339174,-0.8603729867503286,-0.7703306997102095,-0.27903682432979127,21.693121693121693,-0.009796946944797713,False,-0.016590085379972752,False,-0.016590085379972752,False,0.1169192872831771
2024-02-09,2024-02-09 00:00:00+00:00,437.04998779296875,0.7501729917847003,-0.847362013412137,-0.49726677266952346,0.5563630504936211,-1.0251186167742812,-0.6840027152223582,-0.28516618974711755,21.164021164021165,-0.019448576221048786,False,-0.02617550111184397,False,-0.02617550111184397,False,0.15125279692187227
2024-02-12,2024-02-12 00:00:00+00:00,435.3399963378906,0.40269032459394866,-0.693934014845481,-0.8002766012517748,0.34429906738691957,-0.8942737956113973,-0.32330830314836534,-0.2954512570771245,20.502645502645503,-0.01842235742439602,False,-0.02235037227954617,False,-0.02235037227954617,False,0.14860119434102137
2024-02-13,2024-02-13 00:00:00+00:00,428.54998779296875,0.42493503726218124,-0.70379021730584,-0.8079878304237944,-0.21591777653292224,-0.40977222788339196,0.5274752474231723,-0.11022737075780145,42.46031746031746,-0.006860348909463854,False,-0.006860348909463854,False,-0.006860348909463854,False,0.2486963561794873
2024-02-14,2024-02-14 00:00:00+00:00,433.2200012207031,0.3377658693009607,-0.786670543778888,-1.0810336969877268,0.1664026805441868,-0.714350779569272,0.041716312406759506,-0.2681172687562882,22.75132275132275,-0.01756616926203214,False,-0.01756616926203214,False,-0.01756616926203214,False,0.20104605035300324
2024-02-15,2024-02-15 00:00:00+00:00,434.510009765625,-0.08273545787012049,-0.5919526265104449,-1.1095384581650805,0.13730619218934828,-0.7271500190466886,-0.12676497706708395,-0.3664809017614512,13.756613756613756,-0.02048289846961915,False,-0.02048289846961915,False,-0.02048289846961915,False,0.18142817921535134
2024-02-16,2024-02-16 00:00:00+00:00,430.57000732421875,-0.2790518144501619,-0.5487067598008788,-1.1063868428922135,-0.18470617075988593,-0.38028760405291157,-0.1688840897105602,-0.3862953255160628,12.566137566137566,-0.0115196643711446,False,-0.0115196643711446,False,-0.0115196643711446,False,0.1254497877105758
2024-02-20,2024-02-20 00:00:00+00:00,427.32000732421875,-0.3244734483640741,-0.5840705802038653,-1.413280193969548,-0.47787354987827263,-0.1319213299517327,0.11912743511307027,-0.3680731075498228,13.624338624338625,-0.004001736271053713,False,-0.004001736271053713,False,-0.004001736271053713,False,0.1390220709106383
2024-02-21,2024-02-21 00:00:00+00:00,425.6099853515625,-0.2850239713866587,-0.5843086703039755,-1.2527936675351916,-0.5481605379377089,-0.0028167085634251085,-0.17437683117299776,-0.3875932502143882,12.3015873015873,0.022696844516300496,False,0.022696844516300496,False,0.019524983816598285,False,0.07778402599270365
2024-02-22,2024-02-22 00:00:00+00:00,438.07000732421875,-0.09487522756632429,-0.808765481805375,-0.9758217254681547,-0.2222790759005938,-0.7147244665865528,-0.027147461893425096,-0.41958828741197124,9.126984126984127,-0.006391714255102099,False,-0.006391714255102099,False,-0.00947335774442315,False,0.20840363474807536
2024-02-23,2024-02-23 00:00:00+00:00,436.7799987792969,-0.0006951652001521854,-0.45044814698426344,-0.7541684387116357,-0.16458693591425697,-0.6072550898322976,-0.1865437915326287,-0.32657091561895735,17.724867724867725,-0.003457140367794209,False,-0.003457140367794209,False,-0.006547885341717907,False,0.17344789327665847
2024-02-26,2024-02-26 00:00:00+00:00,436.54998779296875,-0.06138509298509152,-0.3294482484796379,-0.7951599304929233,-0.1154747840535204,-0.5644678014922085,-0.2642128423015547,-0.32426759528503707,17.724867724867725,-0.002932078376105429,False,-0.002932078376105429,False,-0.006024451812564502,False,0.1517410328861938
2024-02-27,2024-02-27 00:00:00+00:00,437.6000061035156,-0.2334357968283892,-0.6648611485446675,-0.6857620027759317,-0.17113448643758708,-0.5637493871723033,-0.5290066544195272,-0.45921391320897537,7.2751322751322745,-0.00532453623707807,False,-0.00532453623707807,False,-0.008409489543998672,False,0.11263084815840856
2024-02-28,2024-02-28 00:00:00+00:00,435.2699890136719,-0.2785918737533575,-0.5530228557374289,-1.0132629167011538,-0.25080873119382935,-0.42532240552016587,-0.4465395839650852,-0.45199180235752584,7.671957671957672,0.001791988418646362,False,0.001791988418646362,False,-0.0031014671813155426,False,0.0772708768676906
2024-02-29,2024-02-29 00:00:00+00:00,439.0,-0.05369670589628189,-0.9497522030188635,-0.5792638063108031,0.184580283157864,-0.6872129708647171,-0.6112005356410137,-0.4431242110906328,8.465608465608465,-0.0067198455741031005,False,-0.0067198455741031005,False,-0.011571723399238287,False,0.06978754074884863
2024-03-01,2024-03-01 00:00:00+00:00,445.6099853515625,0.11466080329927238,-0.8957809927229156,-0.684671128837085,0.3481088199422182,-0.890549738417531,-0.5336764194159033,-0.41253100970764545,9.920634920634921,-0.021453732799662117,False,-0.026233639972419787,False,-0.026233639972419787,False,0.0672791822445691
2024-03-04,2024-03-04 00:00:00+00:00,444.0199890136719,-0.39548031071358086,-0.5587824130856592,-1.0193953161284097,0.10699994494796335,-0.69095376029092,-0.5038772234918258,-0.4877691607327607,6.084656084656085,-0.017949645101355327,False,-0.022746668699247463,False,-0.022746668699247463,False,0.048622669249056845
2024-03-05,2024-03-05 00:00:00+00:00,436.04998779296875,-0.7494936951663304,0.21018902109288437,-0.3241426034654157,-0.4075609123668862,-0.18560808095035167,-0.007201025219596735,-0.2504806043048976,24.867724867724867,0.0030731037564091235,False,-0.004884702270065544,False,-0.004884702270065544,False,0.03741823694084619
2024-03-06,2024-03-06 00:00:00+00:00,438.7900085449219,-0.7405089037262577,0.12335817667628084,-0.5861352019715953,-0.31134039236456496,-0.3395492500123676,-0.039685473370891636,-0.3107595779723055,19.70899470899471,-0.0031905783386612097,False,-0.01109869190808821,False,-0.01109869190808821,False,0.04476427813788102
2024-03-07,2024-03-07 00:00:00+00:00,445.45001220703125,-0.6689417240436683,0.24351860431390016,-0.7133887367902716,-0.17302287877606548,-0.6789677624150233,0.033188396104762805,-0.3237087329191377,18.386243386243386,-0.018094056207697884,False,-0.025883934141499365,False,-0.025883934141499365,False,0.05746061154996931
2024-03-08,2024-03-08 00:00:00+00:00,439.0199890136719,-0.8357141593799172,0.4157231182076934,-0.8953783349257457,-0.5216515520337817,-0.27233234976462045,0.3247713878772257,-0.2620821228199502,23.41269841269841,-0.011616727514834557,False,-0.011616727514834557,False,-0.011616727514834557,False,0.06000448787030171
2024-03-11,2024-03-11 00:00:00+00:00,437.3900146484375,-1.2188533733561144,0.5217989015236296,-0.7383068852338628,-0.7248753546894103,-0.10775135621879826,0.41241470942895847,-0.2871301605274443,21.428571428571427,-0.007933425785890957,False,-0.007933425785890957,False,-0.007933425785890957,False,0.06436593412649198
2024-03-12,2024-03-12 00:00:00+00:00,443.6600036621094,-0.6181768818844269,0.06665824103630628,-0.40987661305334877,-0.34661130601564444,-0.49720338352911075,-0.049178768492532415,-0.3158924278334496,18.915343915343914,-0.02195372617314617,False,-0.02195372617314617,False,-0.02195372617314617,False,0.08152825279045535
2024-03-13,2024-03-13 00:00:00+00:00,440.25,-0.7290576700094819,0.03215766401474102,-0.01168943459592986,-0.3000381346742496,-0.3454251131500276,-0.10800917206406468,-0.2778494051032341,22.61904761904762,-0.014378163707588043,False,-0.014378163707588043,False,-0.014378163707588043,False,0.07174803036879665
2024-03-14,2024-03-14 00:00:00+00:00,439.1400146484375,-0.42919211501297844,-0.15224336320977974,0.05332586090652236,-0.49394469478494113,-0.19295625782483325,0.11345137474351699,-0.19333502222741483,32.27513227513227,-0.011886872174201923,False,-0.011886872174201923,False,-0.011886872174201923,False,0.08066806317375735
2024-03-15,2024-03-15 00:00:00+00:00,433.9200134277344,-0.5146876811094603,-0.06249975496663182,0.388522740710434,-0.7428962287187392,0.18115978296231053,0.12057895799641179,-0.12454691151190983,40.07936507936508,0.00820427140585589,False,0.00820427140585589,False,-0.00659111306378346,False,0.053258490137061236
2024-03-18,2024-03-18 00:00:00+00:00,437.4800109863281,-0.307685388821338,-0.25124323560167655,1.0386675696791796,-0.5337506238973205,-0.056521471517460925,0.057761443678194045,-0.07517140528905256,46.2962962962963,0.002491534037025289,False,0.002491534037025289,False,-0.014674986894281261,False,0.08005057203631144
2024-03-19,2024-03-19 00:00:00+00:00,438.57000732421875,-0.2434358040887831,-0.35802832223710784,1.4011018586408102,-0.36206315526427457,-0.15342973460001327,0.023015942788157006,-0.0426734549412542,49.47089947089947,0.01083065399063754,False,0.0057914996122068185,False,-0.029026177745249404,False,0.08143780803876458
2024-03-20,2024-03-20 00:00:00+00:00,443.7699890136719,-0.21307547125908965,-0.370225554447783,1.3133208050754706,-0.08074580904996208,-0.48292824984684063,-0.19146211421891118,-0.113806791082083,41.53439153439153,-0.001013997567643643,False,-0.0189963108918606,False,-0.04587959045363754,False,0.08491166885240274
2024-03-21,2024-03-21 00:00:00+00:00,445.8699951171875,-0.6218846290555314,-0.07421828534595194,1.6022469584909633,-0.04635765308340891,-0.4442028100561039,-0.6034144870016602,-0.19176208013796692,32.27513227513227,-0.00571912849237266,False,-0.023616746797526234,False,-0.07002041304102025,False,0.031898292334511934
2024-03-22,2024-03-22 00:00:00+00:00,446.3800048828125,-0.2585292280532007,0.15377572668525155,1.8488146780966277,0.00959876264923846,-0.43938911108562495,-0.6856118748989091,-0.06731840159771066,46.69312169312169,-0.006855140295536022,False,-0.024732309745415626,False,-0.07108295765769834,False,0.01902345677273643
2024-03-25,2024-03-25 00:00:00+00:00,444.760009765625,-0.2803955128092408,0.051377485979032765,1.7551705613359931,-0.08661864656778184,-0.31239923142579085,-0.6066993257326295,-0.06966793194824528,46.56084656084656,-0.008206727974455097,False,-0.021179991952735233,False,-0.06769946759603607,False,0.016428101828810365
2024-03-26,2024-03-26 00:00:00+00:00,443.32000732421875,-0.2831789910408018,0.4510973771270386,1.6849158504552733,-0.14825487964034675,-0.18077929012440966,-0.5824777657772755,0.00463075028003368,55.952380952380956,-0.004985161815717398,False,-0.018000565854209283,False,-0.06467114714894151,False,0.014257907671550813
2024-03-27,2024-03-27 00:00:00+00:00,444.8299865722656,-0.6090522506412631,0.23817926587831692,1.6491985694844855,-0.03349804000972536,-0.3095725224128543,-0.6320032075898979,-0.11450355530006577,41.4021164021164,-0.02133397145165994,False,-0.02133397145165994,False,-0.06784612905334864,False,0.018525769551102047
2024-03-28,2024-03-28 00:00:00+00:00,444.010009765625,-0.7451853879145279,0.2941687497115547,1.4273225576622748,-0.16803817072239022,-0.19945934277962274,-0.6152478555664712,-0.15032667463752228,37.16931216931217,-0.01952661705151859,False,-0.01952661705151859,False,-0.06612467111865017,False,0.01353792289526636
2024-04-01,2024-04-01 00:00:00+00:00,444.95001220703125,-0.6144516334867764,-0.1026362831384053,1.3736838271577971,-0.291988961616461,-0.15019514252490784,-0.515484462742027,-0.17785165174819245,34.25925925925926,-0.02159796742441522,False,-0.03121702273821847,False,-0.06809757833302077,False,0.014342236367437752
2024-04-02,2024-04-02 00:00:00+00:00,441.1099853515625,-0.42696679619558475,-0.019316649458604757,1.4416182301073084,-0.47888492502917535,0.10431339953142375,-0.15359114636713075,-0.025817321768694515,52.24867724867725,-0.013080613011000497,False,-0.022783405787014654,False,-0.05998502036626907,False,0.021699406525781225
2024-04-03,2024-04-03 00:00:00+00:00,442.1000061035156,-0.19926231760627358,-0.42584907038557457,0.8156936123192398,-0.2570337714609816,-0.01657063161938624,-0.4261460110793755,-0.1492588571060665,37.301587301587304,-0.015290680100199294,False,-0.03677903085533507,False,-0.062090051635520616,False,0.02391477444293241
2024-04-04,2024-04-04 00:00:00+00:00,435.3399963378906,-0.2063265244919769,0.0376588007606643,1.1271952360052155,-0.7851656863302784,0.4559672717978322,0.633223223010323,0.1771662848283151,72.35449735449735,0.006960074435579999,False,-0.027403851647303634,False,-0.047526077584076676,False,0.03778916736282479
2024-04-05,2024-04-05 00:00:00+00:00,440.4700012207031,-0.16756146347663073,-0.4664417077494412,1.0008839536230105,-0.6622444461869109,0.1910838354744306,0.47833917543930865,0.031157781759269948,58.730158730158735,-0.004994692489691088,False,-0.0586192186815494,True,-0.0586192186815494,False,0.06120723679198676
2024-04-08,2024-04-08 00:00:00+00:00,440.6000061035156,-0.09095427777035087,-0.8325001614712099,0.6416738531094672,-0.4572322434256432,0.13576996981038555,-0.044230434931335695,-0.12917542400184143,39.15343915343915,-0.02165231142252988,False,-0.05889698558228007,True,-0.05889698558228007,False,0.046622823055417484
2024-04-09,2024-04-09 00:00:00+00:00,442.2300109863281,-0.13209976877396193,-0.5749097396809435,1.291420136297109,-0.31424120358550556,0.041837007757345834,-0.21700703904749014,-0.06568458787307771,46.69312169312169,-0.025258379463712344,False,-0.06236577438136914,True,-0.06236577438136914,False,0.03983793488927652
2024-04-10,2024-04-10 00:00:00+00:00,438.3699951171875,9.6420011500629e-05,-0.634771891736352,1.2047776563739514,-0.5125304427500849,0.37885427240111236,0.026841391701544436,0.029540832287261107,58.597883597883595,-0.02858315787773591,False,-0.05410954555491909,True,-0.05410954555491909,False,0.041989204266332264
2024-04-11,2024-04-11 00:00:00+00:00,445.3699951171875,0.412185056826945,-0.6499417102661018,1.1751069897485678,-0.22043486484789931,-0.06872852783838833,-0.38013999755592576,-0.020382481005717212,52.910052910052904,-0.04930729886574403,True,-0.06897636023419129,True,-0.06897636023419129,False,0.04878461996327477
2024-04-12,2024-04-12 00:00:00+00:00,438.2699890136719,0.32069412587217644,0.1314385935408566,1.4988069245347337,-0.8227390905996396,0.40740554183425254,0.6739144979245733,0.32658845102085643,81.74603174603175,-0.05389370869391352,True,-0.05389370869391352,True,-0.05389370869391352,False,0.06785138823447871
2024-04-15,2024-04-15 00:00:00+00:00,431.05999755859375,0.3617163025949144,0.016138027233282268,1.7543721380578121,-1.1841190917486453,0.8370861942503193,1.6278089162472973,0.565562336746983,90.47619047619048,-0.038068955029580964,True,-0.038068955029580964,False,-0.038068955029580964,False,0.1662749657124114
2024-04-16,2024-04-16 00:00:00+00:00,431.1000061035156,0.2974785006553448,0.15126321126803327,1.3874986494874881,-1.0091521925972924,0.8876525921726756,1.2994646019894298,0.5069856567128501,88.4920634920635,-0.038158227729371164,True,-0.038158227729371164,False,-0.038158227729371164,False,0.12816834440278052
2024-04-17,2024-04-17 00:00:00+00:00,425.8399963378906,0.13675460578929718,0.763439707189443,1.4456674866217107,-1.050327029449743,1.2145482691563707,1.1853482850779509,0.6088638823278498,92.46031746031747,-0.026277481067154995,False,-0.026277481067154995,False,-0.026277481067154995,False,0.07575357883504416
2024-04-18,2024-04-18 00:00:00+00:00,423.4100036621094,0.06850596820596151,0.5694307222371774,1.1640049293768133,-0.9872767542352404,1.3983685033423943,0.9918227810269796,0.545463038653039,89.68253968253968,-0.020689189414182296,False,-0.020689189414182296,False,-0.020689189414182296,False,0.08449490587570928
2024-04-19,2024-04-19 00:00:00+00:00,414.6499938964844,-0.6173246457271205,0.6624885608387389,1.0446119016606525,-1.284224109946145,1.9179066055176428,1.028955008478224,0.4771082514537036,87.43386243386243,0.01005670683495885,False,0.01005670683495885,False,0.01005670683495885,False,0.07067417610812622
2024-04-22,2024-04-22 00:00:00+00:00,418.82000732421875,-0.829904454228163,-0.16060166364999132,1.127685095132361,-1.137305771711974,1.629860835477564,0.3900566336928612,0.15608499719739383,69.57671957671958,0.01344254043349502,False,0.006446639707359925,False,0.006446639707359925,False,0.09669197174674159
2024-04-23,2024-04-23 00:00:00+00:00,425.07000732421875,-0.6656337689340934,-0.40939023591287044,0.6217748868400068,-0.9763327855047335,1.207568623734546,0.20210865602506628,0.003127737636463901,55.29100529100529,-0.0014585717799528997,False,-0.0083516085571268,False,-0.0083516085571268,False,0.19562579130155108
2024-04-24,2024-04-24 00:00:00+00:00,426.510009765625,-0.6689362987588536,-0.6677582620259342,0.9102261425819917,-0.9810940619967042,1.1255974600345668,0.35215874022270127,0.005458745954486338,55.82010582010582,-0.011699656837351191,False,-0.011699656837351191,False,-0.011699656837351191,False,0.2611839575444631
2024-04-25,2024-04-25 00:00:00+00:00,424.45001220703125,-0.6111475841685867,-0.770937138203021,0.8590908550564891,-0.9250136277130919,1.2754231323242389,0.13972920506669567,-0.00768257873729844,53.96825396825397,-0.0069031054519801405,False,-0.0069031054519801405,False,-0.0069031054519801405,False,0.2659790106500765
2024-04-26,2024-04-26 00:00:00+00:00,431.0,0.08409574819295342,-0.8585171012398597,0.6935272686725688,-0.8194269309160734,0.8517033189900015,0.0737025391438511,0.019561443309228155,57.27513227513228,-0.021995385119090827,False,-0.021995385119090827,False,-0.021995385119090827,False,0.307506777123142
2024-04-29,2024-04-29 00:00:00+00:00,432.75,-0.20048787561478057,-0.39720362888698846,0.3948439759011304,-0.7518248784788044,0.7527106761631138,-0.05031520380888939,-0.0324883591668671,51.19047619047619,-0.025950343122653097,False,-0.025950343122653097,False,-0.025950343122653097,False,0.23380740332449865
2024-04-30,2024-04-30 00:00:00+00:00,424.5899963378906,-0.3547425675945957,-0.09705007336295246,0.631460769685941,-1.0301138382726116,1.2377349203439187,0.5542189376627903,0.18151374830568218,72.22222222222221,-0.007230522034663345,False,-0.007230522034663345,False,-0.007230522034663345,False,0.30312310219893546
2024-05-01,2024-05-01 00:00:00+00:00,421.5199890136719,-0.403314913166597,0.06568036536244574,0.6737485814789579,-1.046037530158748,1.4024420935463915,0.45443774170997103,0.21103426784640358,74.86772486772487,0.012763344617182648,False,0.012763344617182648,False,0.012763344617182648,False,0.2448123658316392
2024-05-02,2024-05-02 00:00:00+00:00,426.8999938964844,-0.2077223997944796,-0.43377365988709604,0.7058990495337224,-0.9147161299879004,1.0004454607837427,0.33408263782225117,0.09367757623442569,64.94708994708994,0.020098424016197658,False,0.020098424016197658,False,0.020098424016197658,False,0.3636843093283484
2024-05-03,2024-05-03 00:00:00+00:00,435.4800109863281,0.09212647768355313,0.12278384779944618,0.6254413572855271,-0.6748851962828559,0.5319441732172643,-0.05368172238741677,0.0938067191587214,65.07936507936508,0.010517099422984622,False,0.010517099422984622,False,0.010517099422984622,False,0.20404291236697508
2024-05-06,2024-05-06 00:00:00+00:00,440.25,0.36809038448753917,0.22032085293358206,0.6776827002217284,-0.5922383293138473,0.2329353405741411,-0.04242656053130234,0.12370048147120864,67.72486772486772,-0.00043157851540320813,False,-0.00043157851540320813,False,-0.00043157851540320813,False,0.2376875526837873
2024-05-07,2024-05-07 00:00:00+00:00,440.32000732421875,0.42636283961501853,0.32593985983403995,0.6698083335585483,-0.5535668985165875,0.2521397337655106,-0.33148892406627084,0.10223950741632436,66.13756613756614,-0.0005905018198129053,False,-0.0005905018198129053,False,-0.0005905018198129053,False,0.13777743033691503
2024-05-08,2024-05-08 00:00:00+00:00,440.05999755859375,0.22481992839296616,0.5220532354431972,0.5757865958558818,-0.48924757762842946,0.24369173253291812,-0.4211095099160594,0.07197993845976833,62.83068783068783,0.002181501296196098,False,0.002181501296196098,False,0.002181501296196098,False,0.1175604930463106
2024-05-09,2024-05-09 00:00:00+00:00,441.0199890136719,-0.21332296386456862,0.8872038210968322,0.5009147733100366,-0.44055696966088465,0.23375308015355045,-0.5948684754499385,0.002200833214204445,55.42328042328042,0.0023581891316259984,False,0.0023581891316259984,False,0.0023581891316259984,False,0.06142009806156683
2024-05-10,2024-05-10 00:00:00+00:00,442.05999755859375,-0.32409559037522684,0.32782113544037467,0.6076161823256983,-0.3289034734243724,0.12750103959605494,-0.5917290353231486,-0.09706544968549394,43.386243386243386,0.0023073542489822074,False,0.0023073542489822074,False,0.0023073542489822074,False,0.08888171829418799
2024-05-13,2024-05-13 00:00:00+00:00,443.0799865722656,-0.23854339067792044,0.5474878813288825,0.3792053141127215,-0.16818369449196924,0.009074443516940403,-0.31285614835122927,-0.013648859665632711,53.70370370370371,0.006432260968417314,False,0.006432260968417314,False,0.006432260968417314,False,0.12282120011973864
2024-05-14,2024-05-14 00:00:00+00:00,445.92999267578125,-0.22843570921599077,0.7627405368264021,0.246706812306146,-0.05725574262233115,-0.1619103378974117,-0.3875906358838903,-0.025093936238233326,52.24867724867725,0.013073839359539319,False,0.013073839359539319,False,0.010719168608988916,False,0.08276604601797692
2024-05-15,2024-05-15 00:00:00+00:00,452.8999938964844,0.13359696826576314,0.5766613937870883,-0.20747089526047352,0.4117011027274728,-0.5216939172070124,-0.7574555760031261,-0.10160322003773829,42.72486772486773,-0.002517076940212859,False,-0.0029808039781608064,False,-0.004835509982159092,False,0.055088147890613025
2024-05-16,2024-05-16 00:00:00+00:00,451.9800109863281,0.043313367895850434,0.8425102190738999,-0.06290846695209645,0.4352724115007205,-0.4672065606620559,-0.7952032954996919,-0.0584427497621961,47.354497354497354,-0.00048674989016228576,False,-0.002809901987653185,False,-0.002809901987653185,False,0.048339657288168796
2024-05-17,2024-05-17 00:00:00+00:00,451.760009765625,0.5863655102722497,0.4071140497098205,0.1529782422325814,0.8609083962230241,-0.5367211966028661,-1.1181126640666155,-0.008192478966261546,54.761904761904766,0.004205759375359719,False,-0.002324283442201147,False,-0.002324283442201147,False,0.053029639302607935
2024-05-20,2024-05-20 00:00:00+00:00,454.9100036621094,0.6430945133821578,0.5341063576705941,-0.09893952416543761,0.8662909624014051,-0.6184836226950768,-1.172316046686829,-0.029375385605693444,52.116402116402114,-0.0027477962452733262,False,-0.009232622218065978,False,-0.009232622218065978,False,0.038076273578416704
2024-05-21,2024-05-21 00:00:00+00:00,455.79998779296875,0.7262354436562467,1.0763170861127107,-0.052505737882453274,0.8379506247373202,-0.5850476222368209,-1.2614201796272175,0.0578431111977009,62.16931216931217,-0.0046950069946719575,False,-0.011167170851708264,False,-0.011167170851708264,False,0.021572565120853714
2024-05-22,2024-05-22 00:00:00+00:00,455.7099914550781,0.7466968482321777,1.2944611695520918,-0.11234917798079602,0.7324668617386529,-0.5297669881913936,-0.9425887104814793,0.14767251680739304,70.8994708994709,-0.009128620702009482,False,-0.010971890223506087,False,-0.010971890223506087,False,0.03212359926972666
2024-05-23,2024-05-23 00:00:00+00:00,453.6600036621094,1.2547745019842855,1.3935375942533688,0.17163449138880568,0.6806697875192831,-0.39154652325536016,-0.6360641503151475,0.37372732208753395,83.86243386243386,-0.006502694051090385,False,-0.006502694051090385,False,-0.006502694051090385,False,0.03577017003751724
2024-05-24,2024-05-24 00:00:00+00:00,457.95001220703125,0.9602903625417776,1.2299077566643046,-0.09048012352894819,0.7653876985375958,-0.5436039618713259,-0.8857596775397341,0.19643165055353373,75.26455026455027,-0.015809631092836507,False,-0.015809631092836507,False,-0.015809631092836507,False,0.03322612606022492
2024-05-28,2024-05-28 00:00:00+00:00,459.67999267578125,1.6991472672982073,0.8533355688678728,0.12279597973727246,0.6929608149262488,-0.5839050187645359,-0.49509108380280786,0.3682542884890182,83.5978835978836,-0.019513577627098933,False,-0.019513577627098933,False,-0.019513577627098933,False,0.044765172261337825
2024-05-29,2024-05-29 00:00:00+00:00,456.44000244140625,1.9826725280087787,0.47293491376153723,-0.053746142668071234,0.7243065895936245,-0.4464607371573697,-0.09012105021535603,0.4634297593636777,87.03703703703704,-0.012553700279728908,False,-0.012553700279728908,False,-0.012553700279728908,False,0.0827346770733041
2024-05-30,2024-05-30 00:00:00+00:00,451.54998779296875,1.4526970225590397,0.6130698856117781,0.19111429912936595,0.5222099092955133,-0.1715168305283669,-0.056558479312208074,0.4343277416927232,85.97883597883597,-0.001860251047721806,False,-0.001860251047721806,False,-0.001860251047721806,False,0.06025010489529026
2024-05-31,2024-05-31 00:00:00+00:00,450.7099914550781,1.0690414583720613,0.7881556610242239,0.19076193703695385,0.558056791310451,-0.11812619311545253,-0.631536409938726,0.2848838326174732,79.23280423280423,0.005369336099964261,False,0.005369336099964261,False,0.005369336099964261,False,0.03308565050849553
2024-06-03,2024-06-03 00:00:00+00:00,453.1300048828125,1.229988529545307,1.2908237477003592,0.0892258827441942,0.5790985287593821,-0.1607899034208363,-0.49383995899483624,0.40448266316930753,84.92063492063492,0.0027364999470642637,False,0.0027364999470642637,False,0.0027364999470642637,False,0.03128133260257214
2024-06-04,2024-06-04 00:00:00+00:00,454.3699951171875,1.3115638350732854,1.947802082442984,0.3034002495576278,0.5781368739651125,-0.17379032887690815,-0.6544225028926078,0.5059010690777311,88.09523809523809,0.018905289588224683,False,0.018905289588224683,False,0.018905289588224683,False,0.015741731606062497
2024-06-05,2024-06-05 00:00:00+00:00,463.5299987792969,1.6715048575383522,1.7615777328911715,0.15289562062243878,0.8464697386365891,-0.6454709486438063,-0.7457483557540221,0.46255379341951275,86.77248677248677,-0.0012297096751447967,False,-0.0012297096751447967,False,-0.0012297096751447967,False,0.019742838276293747
2024-06-06,2024-06-06 00:00:00+00:00,463.3699951171875,1.6560038482562423,1.9024324041536298,0.07464078568552414,0.8506435088850505,-0.6208326661834805,-0.8068085253165093,0.46609799687560494,86.90476190476191,-0.0008848299769727008,False,-0.0008848299769727008,False,-0.0008848299769727008,False,0.018509503862529066
2024-06-07,2024-06-07 00:00:00+00:00,462.9599914550781,1.8678914543804892,0.9887967033202711,0.0955315040107792,0.8114240753958399,-0.5591766501846994,-0.8282109141375722,0.375687045220138,83.06878306878306,0.004039215378655259,False,0.004039215378655259,False,0.004039215378655259,False,0.036552824371896636
2024-06-10,2024-06-10 00:00:00+00:00,464.8299865722656,1.860342841702617,0.778165191054046,0.0407376886241156,0.7856221518304483,-0.6254169359351719,-0.6836657546991024,0.34889390050875424,81.21693121693121,0.006862729457128847,False,0.006862729457128847,False,0.006862729457128847,False,0.0518186327743092
2024-06-11,2024-06-11 00:00:00+00:00,468.0199890136719,2.2439068372280553,1.0964191740512266,0.21152260121879002,0.8971410864247803,-0.7395438378489368,-0.5766336935512203,0.5057321603588597,87.96296296296296,0.01309774160657362,False,0.012691770823559212,False,0.012691770823559212,False,0.03637470267066285
2024-06-12,2024-06-12 00:00:00+00:00,474.1499938964844,2.4250568063856695,1.1426187782411892,0.05816313749076224,1.1330969411547287,-0.9757596228117332,-0.7276356435726276,0.4915059796587256,87.56613756613757,0.005420241183805352,False,-0.000400722226831296,False,-0.000400722226831296,False,0.02783337862855629
2024-06-13,2024-06-13 00:00:00+00:00,476.7200012207031,2.7328082544738628,1.7227933916328222,-0.04084069136908114,1.1902592075827407,-0.9842786463297157,-0.8522958004069956,0.6121205822928565,92.98941798941799,0.00518124101019124,False,-0.005789582477256361,False,-0.005789582477256361,False,0.01232326327102803
2024-06-14,2024-06-14 00:00:00+00:00,479.19000244140625,3.049447050332788,2.2456239884990867,-0.054155343074341444,1.275938960241004,-1.0478668200120542,-0.6304150661195379,0.7970519408438186,97.22222222222221,-0.010914274003384739,False,-0.010914274003384739,False,-0.010914274003384739,False,0.007818453652845747
2024-06-17,2024-06-17 00:00:00+00:00,485.05999755859375,3.049172259201375,1.8150875241976234,-0.037984768793662305,1.4612722431631775,-1.2803038269913678,-0.6347470738145741,0.7144797599038406,95.37037037037037,-0.02288377965485555,False,-0.02288377965485555,False,-0.02288377965485555,False,0.012270292565273469
2024-06-18,2024-06-18 00:00:00+00:00,485.2099914550781,2.912688022458726,2.0687828863870794,-0.13900432315559974,1.4536130035347068,-1.24021118525911,-0.8661315037606364,0.6757280178605038,94.70899470899471,-0.023185837468562398,False,-0.023185837468562398,False,-0.023185837468562398,False,0.01003559568143926
2024-06-20,2024-06-20 00:00:00+00:00,481.4700012207031,2.486221840919741,1.6907936374412877,-0.09909719513530946,1.06813780836037,-0.9929011886107464,-0.3448816382751581,0.633617800163485,93.12169312169311,-0.015598084504921061,False,-0.015598084504921061,False,-0.015598084504921061,False,0.020232849823084324
2024-06-21,2024-06-21 00:00:00+00:00,480.17999267578125,2.0818268801181747,1.561042141335708,-0.07171353055532692,0.9894992191194815,-0.8781885028490484,-0.3327545528862646,0.5495866158893181,89.28571428571429,-0.012953478519674322,False,-0.012953478519674322,False,-0.012953478519674322,False,0.022617043415507014
2024-06-24,2024-06-24 00:00:00+00:00,473.9599914550781,1.349436951980831,1.7443488304671286,0.3419830852816703,0.6634687861633404,-0.5409666141541004,-0.28979052671060995,0.49910691324596146,87.03703703703704,0.010865883174387081,False,0.010865883174387081,False,0.0027006473170176903,False,0.01763482480812821
2024-06-25,2024-06-25 00:00:00+00:00,479.3800048828125,1.816452207917141,1.7794796205465815,0.2894973953912782,0.8597777036732106,-0.7876655297184345,-0.47819340400928195,0.5349569930099816,88.75661375661376,-0.0005632682391832899,False,-0.0005632682391832899,False,-0.03337644423427988,False,0.01776645640304444
2024-06-26,2024-06-26 00:00:00+00:00,480.3699951171875,1.7695303169444243,1.522135513423721,0.22320263681579589,0.8448940536872976,-0.8092399807516797,-0.5798454441228261,0.45346367716221603,85.05291005291006,-0.0026229984770751447,False,-0.0026229984770751447,False,-0.04600621672493155,False,0.021418347318220805
2024-06-27,2024-06-27 00:00:00+00:00,481.6099853515625,1.6654407385640972,1.7295269707062644,0.24306651610303576,1.0179616441946817,-0.8848001291046096,-0.8865965220692322,0.4152387613234966,83.5978835978836,-0.005190922273289433,False,-0.005190922273289433,False,-0.04846244273953959,False,0.01257679005479434
2024-06-28,2024-06-28 00:00:00+00:00,479.1099853515625,1.7426013595747427,1.1309934622153799,0.23378833723695114,1.0178934894355367,-0.7375165634958182,-0.7457411641326307,0.3975806028605914,82.67195767195767,0.005865100210987961,False,0.005865100210987961,False,-0.04349731163001869,False,0.02282093475361847
2024-07-01,2024-07-01 00:00:00+00:00,481.9200134277344,2.354949321210206,0.489678637521044,0.11881318335990249,1.1778475341314742,-0.8822619385200637,-0.7948893703733806,0.3975698465472203,82.53968253968253,0.010499662636136886,False,0.010499662636136886,False,-0.05061008874680173,False,0.03159223726557266
2024-07-02,2024-07-02 00:00:00+00:00,486.9800109863281,2.1717489202300313,0.26245213779045473,0.18702425601074701,1.2523547670832447,-1.0849002697247585,-0.8067842888233567,0.3019363336685128,77.77777777777779,0.008337092831327109,False,-0.010698636196799671,False,-0.0604747865264188,False,0.03862701484028478
2024-07-03,2024-07-03 00:00:00+00:00,491.0400085449219,2.32048261151625,0.24753189467630612,0.2037480122207062,1.3349232960782402,-1.2114769536965897,-0.6801360737252847,0.34351699665412766,79.23280423280423,0.0018124472861114072,False,-0.02352154225634806,False,-0.06824293170107221,False,0.032681904363423955
2024-07-05,2024-07-05 00:00:00+00:00,496.1600036621094,2.286524980295475,0.4841232940047077,0.5782959538496752,1.3300834071795888,-1.2950010594604124,-0.6070004466165264,0.4068652954063192,83.06878306878306,-0.008525497732801535,False,-0.04216384487529379,False,-0.09555386027124457,True,0.02739351971180963
2024-07-08,2024-07-08 00:00:00+00:00,497.3399963378906,2.2728850964092886,0.48775915481119414,0.5246441706393536,1.376357222607304,-1.302021232459303,-0.7063507802464877,0.3849844904174097,81.61375661375662,-0.010877877713325601,False,-0.04443641425633693,False,-0.12460289073272313,True,0.019550936851719398
2024-07-09,2024-07-09 00:00:00+00:00,497.7699890136719,2.3349982522100534,0.8746068444329406,0.18100115479682616,1.4103279840674554,-1.280215273857604,-0.660681105422644,0.4396607143407031,84.52380952380952,-0.011732319076653286,False,-0.045261866477607327,False,-0.12535909209819895,True,0.01499737936464262
2024-07-10,2024-07-10 00:00:00+00:00,502.9599914550781,2.3699959114929565,0.8953835503132415,0.31639950601988487,1.487687354212042,-1.4638498114254155,-0.4602165749594144,0.4782864913024063,86.24338624338624,-0.04213059249524587,True,-0.07869410538551891,True,-0.1355773890565939,True,0.01768537752855283
2024-07-11,2024-07-11 00:00:00+00:00,491.92999267578125,1.021985491668561,1.0473763339720505,0.24145865364090185,0.6811993388935808,-0.784083746769313,-0.036442909614854434,0.32372398335081354,78.17460317460318,-0.02528815609257873,False,-0.06842437778396215,True,-0.11619540282794283,True,0.0193493814097628
2024-07-12,2024-07-12 00:00:00+00:00,494.82000732421875,0.666777349020661,0.9209815161249285,0.2478483010926375,0.6902724339197452,-0.8673713250271629,-0.26529250980936664,0.1732956254527911,71.42857142857143,-0.0395699785781185,True,-0.07386527983820668,True,-0.12135729643446003,True,0.02292063961716866
2024-07-15,2024-07-15 00:00:00+00:00,496.1499938964844,0.42494610735838867,0.11808583310488703,0.2369567680216175,0.5086525354721245,-0.8902600355501882,-0.030164910026559476,0.01861066444504167,58.333333333333336,-0.04214452064766527,True,-0.07634788944634296,True,-0.12371259828256431,True,0.03305166931647976
2024-07-16,2024-07-16 00:00:00+00:00,496.3399963378906,-0.4204237367231838,-0.08010082492219173,0.4320821358298638,0.35947516706172067,-0.87292757893226,-0.053043545779935794,-0.1841646073831602,32.93650793650794,-0.04251119446185325,True,-0.0781923637928491,True,-0.12404804726295737,True,0.028534217299691175
2024-07-17,2024-07-17 00:00:00+00:00,481.7699890136719,-1.136468647418848,0.6013728982605407,0.44578479305068186,-0.6338157598180327,0.030703020080612004,0.6438125047383902,-0.052678574448524744,48.28042328042328,-0.038171709633697204,True,-0.050314446285875,True,-0.09755692772856839,True,0.02945920914599604
2024-07-18,2024-07-18 00:00:00+00:00,479.489990234375,-0.9573833036658774,0.4074321319645704,0.2817712604736376,-0.8397360422844219,0.2217933165561258,1.2452189471197865,0.06525733150139304,63.75661375661375,-0.044255358094818176,True,-0.04579864418930635,False,-0.09326576598365266,True,0.05771945414040107
2024-07-19,2024-07-19 00:00:00+00:00,475.239990234375,-0.8440915165712237,0.3319385117343836,-0.23155954610421636,-0.9412108985208215,0.46174079285450537,1.5678038959899012,0.12254382182624923,68.91534391534393,-0.03570827701670054,True,-0.05574023815064655,True,-0.08515697763722374,True,0.08318524019092952
2024-07-22,2024-07-22 00:00:00+00:00,482.32000732421875,-0.47887561485732144,-0.1942306615513152,-0.3043070412798429,-0.6080439398947807,0.048677406427588554,0.9246241322064778,-0.051886709589549676,48.67724867724868,-0.04986319859292154,True,-0.09734203743174008,True,-0.09858603746160466,True,0.07701672078701888
2024-07-23,2024-07-23 00:00:00+00:00,480.6199951171875,-0.02146591604636172,-0.29877336174666824,-0.1453636143400056,-0.42658361965000663,0.10361617325990508,0.7903359490397766,0.051157332607162195,61.904761904761905,-0.048042105140175595,True,-0.0941492248756044,True,-0.09539762508702165,True,0.05961516822096659
2024-07-24,2024-07-24 00:00:00+00:00,463.3800048828125,-1.099741844187338,-0.06579507981126649,-0.13363157113121965,-1.5020137494136117,1.190621238219712,2.154067191342093,0.20045483557803975,74.73544973544973,-0.012624640774034024,False,-0.06174201641776933,True,-0.06174201641776933,False,0.10469316507125777
2024-07-25,2024-07-25 00:00:00+00:00,458.2699890136719,-1.716866843629192,0.5513210334802316,-0.22230334073188485,-1.6090329024104528,1.4866152203870362,2.034919729802749,0.1800465068993969,73.14814814814815,-0.0016147473151529868,False,-0.05127981443990848,True,-0.05127981443990848,False,0.07213965155438143
2024-07-26,2024-07-26 00:00:00+00:00,462.9700012207031,-1.7875137161515395,0.5577980187747587,-0.3224806383557302,-1.2914480579394774,1.202219221083156,1.2245477963947693,-0.014444909445003706,54.4973544973545,-0.030714735691750095,True,-0.06091110035785663,True,-0.06091110035785663,False,0.036009300441432746
2024-07-29,2024-07-29 00:00:00+00:00,463.8999938964844,-1.7113464469045663,1.0800231410770096,0.3809049049867782,-1.266414075671779,1.1402981251982727,1.4464966861167645,0.18522152319155666,73.67724867724867,-0.061500321523313306,True,-0.06279371689173296,True,-0.06279371689173296,False,0.058358322196952625
2024-07-30,2024-07-30 00:00:00+00:00,457.5299987792969,-2.518225503025276,1.7403176087627354,0.3966563424086614,-1.5427978003161453,1.5148630093281072,1.9353606198252773,0.2556932307334764,77.38095238095238,-0.0484339906044039,True,-0.04974539336513317,False,-0.04974539336513317,False,0.0837369416995384
2024-07-31,2024-07-31 00:00:00+00:00,471.07000732421875,-1.863919573091667,1.885706066338779,0.4586396631686973,-1.25688691686743,0.7987981797907251,1.2179817691207222,0.17075891390152817,72.35449735449735,-0.07705864891874348,True,-0.07705864891874348,True,-0.07705864891874348,False,0.041125854444297026
2024-08-01,2024-08-01 00:00:00+00:00,459.6600036621094,-2.200578411216846,2.5160648242956074,0.3441786215560692,-1.674119091907228,1.488071156014209,2.04365309228118,0.4269388894295724,84.65608465608466,-0.05414875005469011,True,-0.05414875005469011,True,-0.05414875005469011,False,0.04518494079532314
2024-08-02,2024-08-02 00:00:00+00:00,448.75,-2.2724623557322845,4.214158807387835,0.8555634874738305,-2.1459118935984036,2.1575834657807573,3.682184680411615,1.1092545439078154,99.60317460317461,-0.031153227824686658,True,-0.031153227824686658,False,-0.031153227824686658,False,0.03160471918997868
2024-08-05,2024-08-05 00:00:00+00:00,435.3699951171875,-2.737422496780846,4.841089912174355,1.977231519346373,-3.182193775816852,2.93611192611205,7.045893144878425,1.8954740872301887,100.0,-0.0013781521699816057,False,-0.0013781521699816057,False,-0.0013781521699816057,False,0.3485819538851478
2024-08-06,2024-08-06 00:00:00+00:00,439.5299987792969,-2.7212130089464472,3.522081943239011,1.7396710824124062,-2.3047214886912424,2.634923353009153,4.150405294340885,1.1693943041041241,99.60317460317461,-0.01082977220859771,False,-0.01082977220859771,False,-0.01082977220859771,False,0.17384528249182807
2024-08-07,2024-08-07 00:00:00+00:00,434.7699890136719,-2.8703029132783775,3.1480797606361293,1.7724654460853904,-2.2716099291434584,2.866307958539482,4.121844455617797,1.13228691950822,99.47089947089947,0.03059093002421709,False,0.03059093002421709,False,0.03059093002421709,False,0.3199008277185264
2024-08-08,2024-08-08 00:00:00+00:00,448.07000732421875,-1.9686781160012234,2.025239013768355,1.6941348766996793,-1.8166152853486224,2.0299465064944338,2.987563513890399,0.8104734278096496,97.08994708994709,0.005222390027541879,False,0.005222390027541879,False,0.0013837014463207176,False,0.29398522318705683
2024-08-09,2024-08-09 00:00:00+00:00,450.4100036621094,-1.6492398381090123,2.344957603570101,1.8851254378715936,-1.4673054603719784,1.9036506255543202,1.8728204499116903,0.7456066127382773,95.37037037037037,0.0021535960853809044,False,0.0021535960853809044,False,-0.003818745602270024,False,0.08039691548099995
2024-08-12,2024-08-12 00:00:00+00:00,451.3800048828125,-1.4254824507996566,2.7045066054024836,1.5229530396903357,-1.3812192140800787,1.8540199688884558,1.392148469393287,0.7149256101638115,94.70899470899471,0.024812755479412196,False,0.024812755479412196,False,-0.005959507316024348,False,0.04571251310543771
2024-08-13,2024-08-13 00:00:00+00:00,462.5799865722656,-0.8446965522058173,2.4458213887245024,1.4005331141258335,-1.0497782090960788,1.2626416692585805,1.1572279116599162,0.6644943940993827,93.51851851851852,0.00032432102213109104,False,0.00032432102213109104,False,-0.030027205097619247,False,0.051087712269453134
2024-08-14,2024-08-14 00:00:00+00:00,462.7300109863281,-0.4351487680714748,2.2005915376467775,1.4443783084190551,-0.8104000003462101,1.1478309325534748,0.6899486237987267,0.633492719093136,92.06349206349206,0.02526311707444373,False,0.018628562903913792,False,-0.030341685673239582,False,0.04025423816287876
2024-08-15,2024-08-15 00:00:00+00:00,474.4200134277344,-0.39765694316242567,1.4856310933023522,1.5803332427632726,-0.6667353821640213,0.5295654233993118,0.524962344555736,0.41224184590560126,82.8042328042328,0.0009063544193139705,False,-0.007925487245908025,False,-0.05423466603026739,False,0.08291232425079333
2024-08-16,2024-08-16 00:00:00+00:00,475.0299987792969,-0.5105201991422114,1.4680201645190867,1.1549428325450792,-0.6212606960893098,0.47429077095786853,0.4919949192828101,0.3336613017386679,79.23280423280423,-0.0003789080189541272,False,-0.009199408728748137,False,-0.05544912196193408,False,0.10006159503092109
2024-08-19,2024-08-19 00:00:00+00:00,481.2699890136719,-0.5056551868948831,1.6530159837688723,0.46205040083691157,-0.48582618853893295,0.2102898423837016,0.2747550217249061,0.21716144481092697,74.47089947089947,-0.013339670157521244,False,-0.040434666402033415,False,-0.06769586160781804,False,0.07282966709899555
2024-08-20,2024-08-20 00:00:00+00:00,480.260009765625,-0.4928565327366246,2.0097777091019045,0.6808251854737769,-0.5458063098903365,0.2823976638653747,0.5207370188038023,0.3497338584156233,79.8941798941799,-0.011264738999921198,False,-0.04091538752862656,False,-0.06573524066604142,False,0.07418196096762505
2024-08-21,2024-08-21 00:00:00+00:00,482.5,-0.31816356717963407,1.7891476428762427,0.44369229931799037,-0.00995203704514347,0.03932261679288302,0.45892340058572206,0.34726506084625813,79.4973544973545,-0.02310879564038215,False,-0.04536790600712437,False,-0.07007253380019429,False,0.09022255393636706
2024-08-22,2024-08-22 00:00:00+00:00,474.8500061035156,-0.30720401623303656,1.332141686754417,1.0850801360342819,-0.27243203351636264,0.4197097142477417,0.8094725321381497,0.45186010761970735,84.39153439153439,-0.00882384413509485,False,-0.055091088398146915,True,-0.055091088398146915,False,0.13162395369406213
2024-08-23,2024-08-23 00:00:00+00:00,480.0,-0.3366248724942411,1.2079572544999635,0.8055548306649989,-0.10981775917269664,0.16140288155283586,0.4847811905655946,0.30718824729042776,77.5132275132275,-0.019458325703938795,False,-0.0652291615804036,True,-0.0652291615804036,False,0.1211386511237021
2024-08-26,2024-08-26 00:00:00+00:00,475.3399963378906,-0.39986735382845423,1.1185228263743565,0.7706038203008396,-0.3296351368333494,0.4123663917723943,0.580559912885728,0.31400532562716865,77.77777777777779,-0.02846383406305919,False,-0.056065119917955486,True,-0.056065119917955486,False,0.12938208110113963
2024-08-27,2024-08-27 00:00:00+00:00,476.760009765625,-0.030001309590544256,0.8824382928726981,1.2179190010602543,-0.06443612899454719,0.30332964086970304,0.28159799099259797,0.3554774891420994,80.02645502645503,-0.03387453662903028,True,-0.0588765977625052,True,-0.0588765977625052,False,0.10347912399531692
2024-08-28,2024-08-28 00:00:00+00:00,471.3500061035156,-0.5630856934458299,0.8427658068526428,1.0867959767372595,-0.6399991782149644,0.7083881919421925,0.5537833174396173,0.2789117551565736,76.05820105820106,-0.02278565951602951,False,-0.04807468626007161,False,-0.04807468626007161,False,0.14976615006330543
2024-08-29,2024-08-29 00:00:00+00:00,470.6600036621094,-0.6698706480477946,0.16722553989830458,0.9423793970175259,-0.36544948260112814,0.6536872746548665,0.12110870044370167,0.08548941370648376,64.41798941798942,-0.046679133662854366,True,-0.046679133662854366,False,-0.046679133662854366,False,0.1714056143835183
2024-08-30,2024-08-30 00:00:00+00:00,476.2699890136719,-0.6551439740581445,-1.2743301603504475,0.9752441116830477,0.017124323149071516,0.2558445333984285,0.0730170428315986,-0.15631294397752507,36.24338624338625,-0.05790830245126766,True,-0.05790830245126766,True,-0.05790830245126766,False,0.3482270836455499
2024-09-03,2024-09-03 00:00:00+00:00,461.80999755859375,-0.7770313622550127,-0.700215206963565,0.7038603607327322,-0.5588135705757693,0.9353954154782399,1.4000770604219057,0.19321994217139968,72.61904761904762,-0.028409941721806997,False,-0.028409941721806997,False,-0.028409941721806997,False,0.6059539754929856
2024-09-04,2024-09-04 00:00:00+00:00,460.6099853515625,-0.7031875319075779,0.22339755319444365,0.5742627823665034,-0.667897181562714,1.0368501387655036,1.6444829818112638,0.3863804517152477,81.48148148148148,-0.025878689757579343,False,-0.025878689757579343,False,-0.025878689757579343,False,0.5198629552045727
2024-09-05,2024-09-05 00:00:00+00:00,461.0400085449219,-0.42888321392415557,0.38515948674921074,0.9129079045150492,-0.40962044336981984,0.9711633359092827,1.2096370879048586,0.4380050889364107,83.86243386243386,-0.02678727632010336,False,-0.02678727632010336,False,-0.02678727632010336,False,0.35087263933990104
2024-09-06,2024-09-06 00:00:00+00:00,448.69000244140625,-0.9948201987359364,1.167976065152352,0.4357805525670428,-1.2924095361002954,1.7250775282693194,1.888593197533749,0.5486831400279393,88.35978835978835,0.012859633560534656,False,0.012859633560534656,False,0.012859633560534656,False,0.4498530791825029
2024-09-09,2024-09-09 00:00:00+00:00,454.4599914550781,-0.9692669244732618,0.8386875479500312,0.6270817699660413,-0.9944338757999588,1.4106131879509316,1.312572148537452,0.3901299102221393,81.48148148148148,0.009241764480925507,False,0.009241764480925507,False,0.009241764480925507,False,0.39285114805441534
2024-09-10,2024-09-10 00:00:00+00:00,458.6600036621094,-0.8946657924906276,1.1491118963536977,0.47317067007723734,-0.826595311908381,1.1963078390063628,0.8134784206216701,0.31871864810200234,77.24867724867724,0.02171541310677605,False,0.02171541310677605,False,0.02171541310677605,False,0.25850451579065675
2024-09-11,2024-09-11 00:00:00+00:00,468.6199951171875,-0.5247155149437276,0.9609653979834283,0.21946788882494905,-0.5851450304887419,0.7765308357443924,0.6346040913746265,0.25560372644175616,74.60317460317461,0.006017684592211081,False,0.006017684592211081,False,0.006017684592211081,False,0.2797820831952299
2024-09-12,2024-09-12 00:00:00+00:00,473.2200012207031,-0.33635745100748765,0.609487029808767,0.08472269110077787,-0.38705024995102294,0.5264177029422608,0.5600386524666748,0.191857566969029,71.82539682539682,-0.0037614614232391874,False,-0.0037614614232391874,False,-0.0037614614232391874,False,0.31820068541205176
2024-09-13,2024-09-13 00:00:00+00:00,475.3399963378906,-0.6131934642679078,0.9559693943578802,-0.03048936977417259,-0.4350388851958306,0.49210777534379485,0.2158356012048162,0.09404062185303082,64.68253968253968,-0.00820464073406546,False,-0.00820464073406546,False,-0.00820464073406546,False,0.20196827721611432
2024-09-16,2024-09-16 00:00:00+00:00,473.239990234375,-0.8280043519582151,1.036483847439705,0.19700355306879958,-0.5120987872450589,0.5886189271898208,0.4268919345929615,0.1358594163009903,68.12169312169311,-0.0038035411844152822,False,-0.0038035411844152822,False,-0.0038035411844152822,False,0.21337359391330507
2024-09-17,2024-09-17 00:00:00+00:00,473.489990234375,-0.8346199176992801,0.8845934417428657,-0.07403504364733315,-0.512842464810074,0.6161284469411329,0.417470546303643,0.0881549572842846,64.02116402116403,-0.004329527202790562,False,-0.004329527202790562,False,-0.004329527202790562,False,0.19642325761083992
2024-09-18,2024-09-18 00:00:00+00:00,471.44000244140625,-0.904030096721415,0.19353628103137752,-0.12758131693451621,-0.6318749190959001,0.7088843908368622,0.6323480553128362,0.008931542482526672,55.952380952380956,0.02333276756964886,False,0.020850981082131126,False,0.020850981082131126,False,0.31008373972921555
2024-09-19,2024-09-19 00:00:00+00:00,483.3599853515625,-0.47869040323301154,-0.2170386743436549,-0.4446694898599353,-0.3575054453003525,0.10103707483755908,0.33810127349682323,-0.1385589779123205,38.095238095238095,-0.001903307965153811,False,-0.00432389192574667,False,-0.00432389192574667,False,0.32033809923763973
2024-09-20,2024-09-20 00:00:00+00:00,482.44000244140625,-0.19729798045022773,-0.1949204012392347,-0.7001104625604542,-0.16844055342130923,0.12250935886598807,0.21359166416751457,-0.09675458093847202,43.51851851851852,0.0012436906153703298,False,-0.002425199862808758,False,-0.002425199862808758,False,0.26558064560432953
2024-09-23,2024-09-23 00:00:00+00:00,483.0400085449219,-0.2005215260038502,-0.0999709197731496,-0.5744818190279812,-0.2163296261145344,0.13308266765192314,0.06993657999679674,-0.1043937194569768,42.06349206349206,0.004823589208033274,False,-0.0036643331813898117,False,-0.0036643331813898117,False,0.24816488384465984
2024-09-24,2024-09-24 00:00:00+00:00,485.3699951171875,-0.03759002646153479,-0.0936820816378122,-0.6055956965023629,0.010126040436302164,-0.018506286562811957,-0.08420775814721328,-0.10115379006477479,43.12169312169312,-0.008447176679155288,False,-0.008447176679155288,False,-0.008447176679155288,False,0.2257888940158873
2024-09-25,2024-09-25 00:00:00+00:00,485.82000732421875,0.160580104746193,-0.29917259045522837,-0.6792397874540874,-0.001962503327226417,-0.00532677528098649,-0.2901182511372227,-0.1400672271471802,37.96296296296296,-0.009365646210429457,False,-0.009365646210429457,False,-0.009365646210429457,False,0.20237094808092437
2024-09-26,2024-09-26 00:00:00+00:00,489.4700012207031,0.0349900611692065,-0.5173939348975138,-0.7419711344414732,0.2266382378053656,-0.213948519658422,-0.18252278492495994,-0.19010671669080464,32.01058201058201,-0.0167528391659979,False,-0.0167528391659979,False,-0.0167528391659979,False,0.2590837040721364
2024-09-27,2024-09-27 00:00:00+00:00,486.75,-0.10938814316193517,-0.24895389052541148,-0.5724418668629682,0.056788047978366486,-0.07414238921028497,0.18108684248335666,-0.08655780104612626,44.70899470899471,-0.011258368744382352,False,-0.011258368744382352,False,-0.011258368744382352,False,0.311650885347483
2024-09-30,2024-09-30 00:00:00+00:00,488.07000732421875,0.0670173018701666,-0.1815265604442673,-0.49611254233124996,0.04248416724223785,-0.09494571814474918,0.14814380215642117,-0.046424536037061696,49.47089947089947,-0.013932465032684749,False,-0.013932465032684749,False,-0.013932465032684749,False,0.27477280086693606
2024-10-01,2024-10-01 00:00:00+00:00,481.2699890136719,0.12124885664785728,-0.34395771120396085,-0.07467686751043645,0.004032395805134152,0.169638980195385,0.6768709531137023,0.13509527393052126,68.65079365079364,0.0006649226661203933,False,0.0006649226661203933,False,0.0006649226661203933,False,0.37447345666233245
2024-10-02,2024-10-02 00:00:00+00:00,481.95001220703125,0.06721222361993777,-0.8306596406949476,0.04174946062361651,0.024997583677085933,0.1400596167786882,0.5788932951413996,0.04055866461768754,60.18518518518518,-0.0007469983608714426,False,-0.0007469983608714426,False,-0.0007469983608714426,False,0.4538190226368622
2024-10-03,2024-10-03 00:00:00+00:00,481.5899963378906,0.06445001998244548,-1.1189164220479733,0.06108057638841624,-0.11989016671469488,0.12062661414533793,0.9230898137651431,0.041920358903026714,60.317460317460316,0.0010590123746407887,False,0.0010590123746407887,False,0.0010590123746407887,False,0.6051209755369205
2024-10-04,2024-10-04 00:00:00+00:00,487.32000732421875,0.3474492090517433,-2.08999196377457,-0.1256324711183202,0.5155826877051198,-0.2891949429263156,0.3781847860129728,-0.16143682809456944,36.11111111111111,-0.010711649721432903,False,-0.010711649721432903,False,-0.010711649721432903,False,0.5901908207633983
2024-10-07,2024-10-07 00:00:00+00:00,482.1000061035156,0.14595725301368165,-1.9279860902665027,-0.2901991059230594,-0.049206905616369756,0.08856132116263075,1.1529079085657508,-0.048113563426324134,49.47089947089947,0.014934622688860033,False,0.014934622688860033,False,0.0036299522460994105,False,0.7579886136989457
2024-10-08,2024-10-08 00:00:00+00:00,489.29998779296875,0.3421824187053069,-2.2894250922577797,-0.21835258603484853,0.15419428620793335,-0.24448531622641964,0.6968734031459958,-0.18320577838598517,33.2010582010582,0.003167828222392588,False,0.003167828222392588,False,-0.011138323779724124,False,0.7038253970387958
2024-10-09,2024-10-09 00:00:00+00:00,493.1499938964844,0.015161204525711826,-2.401704643641693,-0.1477709695861248,0.12436597528403097,-0.3764267860610762,0.5611118109242839,-0.3164086513344779,18.386243386243386,-0.004663870671063108,False,-0.009713086493370882,False,-0.018858335005720206,False,0.6929102730439617
2024-10-10,2024-10-10 00:00:00+00:00,492.5899963378906,-0.16878277192689783,-2.16209452392421,0.0046372731825926605,0.005797760879580689,-0.28183462304375734,0.41104772035378767,-0.3308947220618086,17.46031746031746,-0.0035323296195838294,False,-0.008587285608265938,False,-0.017742930833657966,False,0.6656651383487211
2024-10-11,2024-10-11 00:00:00+00:00,493.3599853515625,-0.35729609392510375,-2.2989705884922667,-0.15090916813743072,0.0024229537644805768,-0.312077436987521,0.3704488390733813,-0.4193580003907597,9.523809523809524,-0.005087520922999689,False,-0.010134587620512114,False,-0.019275943591716693,False,0.7002142610813722
2024-10-14,2024-10-14 00:00:00+00:00,497.5,-0.13679581447348846,-2.4947452006460593,-0.5463646467536185,0.25088438586426537,-0.49434936134005647,0.0009566669463244359,-0.5172532886660751,4.232804232804233,-0.013366821902481174,False,-0.018371888740577935,False,-0.02743717366127507,False,0.6366868711084854
2024-10-15,2024-10-15 00:00:00+00:00,490.8500061035156,-0.09376846338481919,-1.8394473002353946,-0.8900752562755525,-0.04898709078653629,-0.1107045037911768,0.26066116507903675,-0.3610350447002368,14.814814814814813,0.00012223196057381536,False,-0.005072875055497139,False,-0.01426097568087581,False,0.5516771139825902
2024-10-16,2024-10-16 00:00:00+00:00,490.9100036621094,-0.2029420825102224,-1.5898573232577418,-0.9729285212167238,0.07259459876315794,-0.13357780232906682,0.05553987660626843,-0.3810782624424641,13.624338624338625,-0.005194472085563895,False,-0.005194472085563895,False,-0.014381449768648635,False,0.4969356773263111
2024-10-17,2024-10-17 00:00:00+00:00,491.25,-0.2400160419230686,-1.6513578477226594,-0.9613655326347614,-0.04750867944286317,-0.012202375453666153,-0.16379557557934382,-0.43416933092952026,9.39153439153439,-0.00588298147264632,False,-0.015063600807092903,False,-0.015063600807092903,False,0.39762600697187583
2024-10-18,2024-10-18 00:00:00+00:00,494.4700012207031,-0.20427207056700694,-1.6859045672012645,-0.9208944533866075,0.13208171514252384,-0.1592176161870632,-0.37617854226857333,-0.47309651895200056,7.2751322751322745,-0.012356696774438847,False,-0.02147753168234634,False,-0.02147753168234634,False,0.3969103918656828
2024-10-21,2024-10-21 00:00:00+00:00,495.4200134277344,0.07642318720709002,-2.005422905932026,-0.8040624225891319,0.1283211221757036,-0.15970703394597321,-0.28203080061322056,-0.4350344392927823,9.39153439153439,-0.014250591184891026,False,-0.023353936075710124,False,-0.023353936075710124,False,0.42231321670221217
2024-10-22,2024-10-22 00:00:00+00:00,495.9599914550781,0.24581841777545796,-1.9297692682120735,-0.8245264064946515,0.11574964042702451,-0.1322918424049199,-0.3794801541772842,-0.4077463005785717,11.243386243386242,-0.015323829007292011,False,-0.02441726260223831,False,-0.02441726260223831,False,0.3012267613441953
2024-10-23,2024-10-23 00:00:00+00:00,488.3599853515625,-0.1980738807554331,-1.6648697712103342,-0.8943033969457405,-0.2953781546535162,0.3213055939121266,-0.03837626038002231,-0.3664964380188173,15.343915343915343,0.00810881745318559,False,-0.009234948364576168,False,-0.009234948364576168,False,0.3664619688569131
2024-10-24,2024-10-24 00:00:00+00:00,492.32000732421875,0.14378661691717404,-1.5604100136350854,-1.0829574565341595,-0.1653581972463268,0.1781712100551581,-0.06364651633228524,-0.31549871515761846,19.973544973544975,-0.017204259617109585,False,-0.017204259617109585,False,-0.017204259617109585,False,0.32591588898900314
2024-10-25,2024-10-25 00:00:00+00:00,495.32000732421875,0.3725720621052324,-1.7321921248173622,-0.7422684658491074,-0.062485470925000154,0.043679455638696574,0.2603971895928479,-0.20809874447890972,30.158730158730158,-0.02315674927541389,False,-0.02315674927541389,False,-0.02315674927541389,False,0.43478340435171164
2024-10-28,2024-10-28 00:00:00+00:00,495.3999938964844,0.1659189785576016,-1.908331096557408,-0.6706102172444609,-0.09342446541201226,0.05093013830942402,0.12224461299813845,-0.29950561004682635,21.693121693121693,-0.02331446898520184,False,-0.02331446898520184,False,-0.02331446898520184,False,0.4424922417809644
2024-10-29,2024-10-29 00:00:00+00:00,500.1600036621094,0.43478369640879166,-2.116300409807002,-0.8752299377126715,0.25572335845464084,-0.1811435332925996,-0.012219047862492949,-0.3183253284233815,19.576719576719576,-0.03260955981920577,True,-0.03260955981920577,False,-0.03260955981920577,False,0.4394829894051726
2024-10-30,2024-10-30 00:00:00+00:00,496.3800048828125,0.6108677669850056,-1.860410102536533,-0.7978435452628174,0.07066675643473908,0.05147310498227784,0.1294997090694739,-0.18987774023419932,33.5978835978836,-0.025242754857248917,False,-0.025242754857248917,False,-0.025242754857248917,False,0.3724287179177825
2024-10-31,2024-10-31 00:00:00+00:00,483.8500061035156,0.02323405206003656,-1.3995406351627409,-0.5659478948180826,-0.7776810929575153,0.8414519648311606,0.8254903973069094,-0.04514276586022531,51.19047619047619,0.004464200960756504,False,0.004464200960756504,False,0.004464200960756504,False,0.5495259839292719
2024-11-01,2024-11-01 00:00:00+00:00,487.42999267578125,0.024701534646311613,-1.3742902278560865,-0.429680572926902,-0.655102942542874,0.7043209101636968,0.5046668233937247,-0.10063917921178764,45.10582010582011,-0.0029132038066864707,False,-0.0029132038066864707,False,-0.0029132038066864707,False,0.5207910265876539
2024-11-04,2024-11-04 00:00:00+00:00,486.010009765625,-0.09080818310091933,-1.0923563715367197,-0.3316919380596299,-0.5905487846560751,0.7665805037075605,0.5388653231169033,-0.042677438490173275,51.71957671957672,0.012756901226052886,False,0.012756901226052886,False,0.012756901226052886,False,0.48374223388698473
2024-11-05,2024-11-05 00:00:00+00:00,492.2099914550781,-0.1934219582506195,-1.1435556611268114,-0.435219264185166,-0.4332887819766335,0.4443827198968567,0.2773733339629076,-0.17438177376220437,36.64021164021164,0.02716319324941563,False,0.008858040155283131,False,0.008858040155283131,False,0.4164865948857317
2024-11-06,2024-11-06 00:00:00+00:00,505.5799865722656,-0.06282243564560536,-2.0177737012407,-0.6868804277150365,0.07539814941108247,-0.2919636610860811,-0.48435446554678296,-0.5278724880016402,4.232804232804233,0.013192795610751373,False,-0.017821075769103856,False,-0.017821075769103856,False,0.36205476087215804
2024-11-07,2024-11-07 00:00:00+00:00,513.5399780273438,0.14307981042386858,-1.7109988090572514,-0.567457681902917,0.4303458297477698,-0.6213166429958985,-0.7233373222625042,-0.48915854605362086,6.216931216931217,-0.009444202581009642,False,-0.03304508203686807,False,-0.03304508203686807,False,0.2713254041200819
2024-11-08,2024-11-08 00:00:00+00:00,514.1400146484375,0.41306872937591604,-1.442156164171721,-0.7747119092490801,0.4831345943344554,-0.6317723521337335,-0.7434928882032616,-0.4137637285927137,10.846560846560847,-0.03417358467271392,True,-0.03417358467271392,False,-0.03417358467271392,False,0.19342227205984497
2024-11-11,2024-11-11 00:00:00+00:00,513.8400268554688,0.1769876519836622,-1.4240500075716376,-0.5618949385672838,0.35544810565419205,-0.5609785201938792,-0.7163319037283611,-0.4365443335320608,9.656084656084655,-0.033609720202096405,True,-0.033609720202096405,False,-0.033609720202096405,False,0.13904084881006176
2024-11-12,2024-11-12 00:00:00+00:00,512.9099731445312,0.29125051871726104,-1.8855124520946962,-0.23950657840689438,0.4229179784675334,-0.5126009381884727,-0.7502017484240798,-0.4376502624638221,9.656084656084655,-0.031857375905826046,True,-0.031857375905826046,False,-0.031857375905826046,False,0.17654100629529135
2024-11-13,2024-11-13 00:00:00+00:00,512.25,0.3002561486763367,-1.94769057679033,-0.44019639624601614,0.40971489443133685,-0.436821317929728,-0.644802191941228,-0.4309894642173745,10.317460317460316,-0.030610039386591015,True,-0.030610039386591015,False,-0.030610039386591015,False,0.1990953755991434
2024-11-14,2024-11-14 00:00:00+00:00,508.69000244140625,0.2645501664391437,-1.4823175437173592,-0.3044072355400165,0.2446744911309614,-0.17437738433621006,-0.528647189767846,-0.30378206297494376,22.354497354497354,-0.02382589604477936,False,-0.02382589604477936,False,-0.02382589604477936,False,0.17752888065393876
2024-11-15,2024-11-15 00:00:00+00:00,496.57000732421875,0.14432368894537456,-1.2773471759157775,-0.5957085884035487,-0.45159180249568515,0.576674934902405,0.0037754675466254773,-0.17395688732319325,37.698412698412696,0.0069476239776209425,False,0.0069476239776209425,False,0.0069476239776209425,False,0.1992214171172254
2024-11-18,2024-11-18 00:00:00+00:00,500.0199890136719,-0.08261526371109097,-1.015842289628691,-0.7090200755026205,-0.327295507392565,0.4150305577766759,-0.10284361248349409,-0.22645834078703228,29.365079365079367,0.006299796974669203,False,0.006299796974669203,False,0.006299796974669203,False,0.1736832440292365
2024-11-19,2024-11-19 00:00:00+00:00,503.4599914550781,0.08824589053442224,-0.9523103482102923,-0.6781349471976316,-0.26688131692034106,0.2316753301461412,0.10855168266871576,-0.1649976638195023,39.021164021164026,-0.0005759703497107971,False,-0.0005759703497107971,False,-0.0005759703497107971,False,0.21111949472202216
2024-11-20,2024-11-20 00:00:00+00:00,503.1700134277344,0.03506303012777902,-1.0740222221809013,-0.3077750225097351,-0.16348198797634259,0.20692706241154346,0.3188845374892749,-0.10422820776884059,45.63492063492063,0.003597188843316612,False,0.003597188843316612,False,0.003597188843316612,False,0.22199806344645423
2024-11-21,2024-11-21 00:00:00+00:00,504.9800109863281,-0.6040597520383896,-1.1429997007719392,-0.5124944888997038,-0.22964393578955744,0.14805179017749884,0.2639356987470001,-0.29556044699697304,23.14814814814815,0.0006336425198605333,False,0.0006336425198605333,False,0.0006336425198605333,False,0.2612467892611443
2024-11-22,2024-11-22 00:00:00+00:00,505.7900085449219,-0.9555329941881322,-1.005297857846952,-0.5339173070894577,-0.18472626515098364,0.12985391735336166,-0.20988123455040136,-0.4390074114356705,9.523809523809524,-0.0009688225225382707,False,-0.0009688225225382707,False,-0.0009688225225382707,False,0.16978003812257933
2024-11-25,2024-11-25 00:00:00+00:00,506.5899963378906,-1.3088632568416203,-0.26719226252080636,0.7491798020637274,-0.1005724976415983,0.08040620685650772,-0.2638296286022568,-0.27870406953546184,24.867724867724867,-0.002546454833785239,False,-0.002546454833785239,False,-0.002546454833785239,False,0.15192310840251094
2024-11-26,2024-11-26 00:00:00+00:00,509.30999755859375,-0.9919642737672211,-0.32683606480415145,0.7601851002900624,-0.04957631473324663,-0.03660358612974065,-0.4342592132476928,-0.2730087615305344,25.793650793650798,-0.007873416553468848,False,-0.007873416553468848,False,-0.007873416553468848,False,0.10310122181631234
2024-11-27,2024-11-27 00:00:00+00:00,505.29998779296875,-1.1936765555525528,-0.2269108068189288,0.7060084412315681,-0.17649067163856288,0.17043951804331928,-0.44685653945828296,-0.28392809303897026,24.206349206349206,0.008786864335380562,False,0.008786864335380562,False,0.008786864335380562,False,0.116406393160621
2024-11-29,2024-11-29 00:00:00+00:00,509.739990234375,-0.7030107868292221,-0.2767126809493255,0.3683222635919297,0.42316244394844366,-0.1924643006591706,-0.6269661749873193,-0.24568856168608175,28.57142857142857,0.010887879898174857,False,0.010887879898174857,False,0.008690690863285777,False,0.10768482712090426
2024-12-02,2024-12-02 00:00:00+00:00,515.2899780273438,-0.5332231808363036,0.07981567006109752,0.6704394221328894,0.5395991483912376,-0.4068439985037404,-0.563568271162785,-0.14077092511942657,41.7989417989418,0.003066267843772952,False,0.003066267843772952,False,-0.007878994768262704,False,0.10914612751186928
2024-12-03,2024-12-03 00:00:00+00:00,516.8699951171875,-0.1434921297129316,-0.317690015793412,0.5812959310539287,0.5812664975990883,-0.4621926916119223,-0.5213342664290378,-0.12773775217453404,43.91534391534391,0.007216477071578353,False,0.007216477071578353,False,-0.012846526580352013,False,0.12350841115678479
2024-12-04,2024-12-04 00:00:00+00:00,523.260009765625,-0.10070480184273578,-0.08043166500040114,0.5345408320699172,0.5750961493063833,-0.675164811477947,-0.4575176475649362,-0.11902369632423479,45.23809523809524,-0.00508358011321941,False,-0.01297641504372049,False,-0.024901575767529383,False,0.1668233971251624
2024-12-05,2024-12-05 00:00:00+00:00,521.8099975585938,0.19133643471094688,0.7208374021809711,0.601181497331511,0.37309398431208834,-0.44110230271517464,-0.5828059784570738,0.057693488414849704,65.60846560846561,-0.0023188938086997624,False,-0.014641372691560184,False,-0.022191959959458885,False,0.09539764322200558
2024-12-06,2024-12-06 00:00:00+00:00,526.47998046875,0.10081075490014109,0.6823883156617101,0.6493460905271706,0.4258308946887168,-0.5458549664606154,-0.7939230737256432,-0.01662596645194238,58.333333333333336,-0.011168525111965755,False,-0.02338170113825333,False,-0.03086531318428054,False,0.06405703357611571
2024-12-09,2024-12-09 00:00:00+00:00,522.3800048828125,0.09306947289978952,0.47022858225491543,0.8327771237225439,0.10710502774311421,-0.27303899071025056,-0.4076294891609787,0.05235795247767089,65.21164021164022,-0.003407537195598276,False,-0.01571657011354799,False,-0.023258918379178817,False,0.08621554820921949
2024-12-10,2024-12-10 00:00:00+00:00,520.5999755859375,0.4190578594660845,0.43944271959250075,-0.3206672756466855,0.06925688626781591,-0.1388226917626318,-0.41261175433814773,0.017762895987439947,62.301587301587304,0.011333124646081716,False,-0.012351119818137302,False,-0.025758689537851542,False,0.11534998303199148
2024-12-11,2024-12-11 00:00:00+00:00,529.9199829101562,0.7473604561525681,0.30832595249481237,-0.5340036194864772,0.4535738605710972,-0.5981193859731547,-0.4810191354386711,-0.0054710030406128485,59.78835978835979,-0.02538121346767852,False,-0.02972146834981737,False,-0.04596917673831624,False,0.12052959594472534
2024-12-12,2024-12-12 00:00:00+00:00,526.5,0.5941169463814351,0.3198721606063161,-0.2774336479118647,0.20864206706464006,-0.35703501868360227,-0.4363717095716743,0.01167581298468865,61.772486772486765,-0.02341883587814575,False,-0.02341883587814575,False,-0.04068378618752966,False,0.13526407560714745
2024-12-13,2024-12-13 00:00:00+00:00,530.530029296875,1.0541283155734844,0.019527746695149572,-0.3637383273315544,0.4676816478682477,-0.5107114148771256,-0.39060063947496826,0.06727082869563225,67.5925925925926,-0.03083717317264989,True,-0.03083717317264989,False,-0.04797097491039093,False,0.1318295876092133
2024-12-16,2024-12-16 00:00:00+00:00,538.1699829101562,1.6024710482603328,-0.14616791059894696,-0.6618927901611815,1.0687636599268056,-0.9053540921267658,-0.42717547825433916,0.12618837895890625,72.75132275132276,-0.04459557530544511,True,-0.05005848111065225,True,-0.06148614264763774,False,0.15005621452911622
2024-12-17,2024-12-17 00:00:00+00:00,535.7999877929688,1.6395849146462373,0.047801516260438735,-0.665411659048486,0.8029969564441194,-0.6911975717279315,-0.14433800735772326,0.22188847211295162,77.91005291005291,-0.04036955090631744,True,-0.04772298878162862,False,-0.05733483001230155,False,0.1497447292173054
2024-12-18,2024-12-18 00:00:00+00:00,516.469970703125,1.4321594606460675,0.38113454334244296,-0.03775778867532675,-0.9838388560410944,0.5630510100931813,2.9182681729863087,0.8885143029727811,98.80952380952381,-0.004453284650485112,False,-0.012081941004821184,False,-0.022053526394483325,False,0.4636773838206232
2024-12-19,2024-12-19 00:00:00+00:00,514.1699829101562,1.7465780754861424,0.14912662197218574,0.00354525891649754,-0.7456301658044567,0.6702576581364558,2.0413451805740266,0.8025151771561342,97.61904761904762,0.00873250166989914,False,-0.007662780898893051,False,-0.017678971235236318,False,0.30708033108956717
2024-12-20,2024-12-20 00:00:00+00:00,518.6599731445312,1.8344043443554785,0.07908652586731153,0.06048198992974285,-0.21342658079169505,0.40269869300784894,0.9339652478100561,0.6201108477889935,92.46031746031747,-0.005880515079035864,False,-0.016253350161366753,False,-0.02618283128719745,False,0.19121234737102843
2024-12-23,2024-12-23 00:00:00+00:00,522.8699951171875,2.271044997994521,-0.12254569910066748,0.13306497661402095,0.05710432112113201,0.1633281441235339,0.5349740555679396,0.5973597305016709,91.53439153439153,-0.022261717519764357,False,-0.0241742388144236,False,-0.03402377017433311,False,0.15640114021924525
2024-12-24,2024-12-24 00:00:00+00:00,529.9600219726562,2.555773777614735,-0.6557633368229441,-0.18907442442129058,0.4319927341084779,-0.24857220839721428,-0.05382217369949114,0.398202846254307,84.12698412698413,-0.03722924403408323,True,-0.042965541903507654,False,-0.046947004243415025,False,0.13777041108168658
2024-12-26,2024-12-26 00:00:00+00:00,529.5999755859375,2.2316493913843836,-0.6571763930566615,0.1946852010217433,0.274229328722807,-0.18286218536933072,-0.3872744949577177,0.2943290026635632,79.23280423280423,-0.03657470825631903,True,-0.04539270984811972,False,-0.046299075045355687,False,0.0987224386351514
2024-12-27,2024-12-27 00:00:00+00:00,522.5599975585938,2.0437814788013298,-0.6759972484741379,0.14570285436155478,-0.01068761477379577,0.24823800034617693,-0.012248732269215657,0.36752170532462364,82.27513227513228,-0.023595351021646227,False,-0.03345072540568539,False,-0.03345072540568539,False,0.13082941551559768
2024-12-30,2024-12-30 00:00:00+00:00,515.6099853515625,1.8857805156709853,-0.3537822039574888,0.2715399038714232,-0.4685012890901476,0.7331068492285335,0.5036256709674721,0.5283140736033949,89.28571428571429,-0.010434193514631263,False,-0.020422410501063415,False,-0.020422410501063415,False,0.13015867357785105
2024-12-31,2024-12-31 00:00:00+00:00,511.2300109863281,1.464032324164953,-0.4644405048341463,0.41059547190124207,-0.6981165160526667,1.0385560630405704,0.5754581545768728,0.4822853024135814,87.56613756613757,-0.001956066698961312,False,-0.012029857954146905,False,-0.012029857954146905,False,0.132550844801982
2025-01-02,2025-01-02 00:00:00+00:00,510.2300109863281,1.210967786766645,-0.3582706747657185,0.32944275441271115,-0.7707033015981904,1.1258897051382202,0.9415134565629714,0.5192723686802522,88.75661375661376,-0.005958113947561072,False,-0.010093534882644306,False,-0.010093534882644306,False,0.20400052212626957
2025-01-03,2025-01-03 00:00:00+00:00,518.5800170898438,1.1742978258997698,-0.7100305551707807,-0.016863848753618738,-0.5428181061685743,0.6757201906592956,0.3808676271229824,0.25656344466014447,78.04232804232805,-0.025107059859952652,False,-0.026032685550317347,False,-0.026032685550317347,False,0.154700067643061
2025-01-06,2025-01-06 00:00:00+00:00,524.5399780273438,1.2096341519314924,-0.9684884994698875,-0.27673960695173677,-0.42831839513395503,0.3444687862305817,0.2595651171073479,0.1255386161681344,71.95767195767195,-0.037099157872126365,True,-0.037099157872126365,False,-0.037099157872126365,False,0.19869020144582528
2025-01-07,2025-01-07 00:00:00+00:00,515.1799926757812,0.6904924343614359,-1.0509226097460116,0.053542991819264,-0.8189630150562311,0.9565924400492792,0.49051569998442196,0.1523915703406175,73.4126984126984,-0.019604810448980103,False,-0.019604810448980103,False,-0.019604810448980103,False,0.17711355537584264
2025-01-08,2025-01-08 00:00:00+00:00,515.27001953125,0.6922297590729141,-0.9138974025638394,-0.014984740487525072,-0.7790061215005264,0.9221614582256074,0.44011246002134846,0.15546673280556658,73.4126984126984,-0.019776102961034714,False,-0.019776102961034714,False,-0.019776102961034714,False,0.1871374544203564
2025-01-10,2025-01-10 00:00:00+00:00,507.19000244140625,0.47767008806927186,-0.8654034047185473,0.18528361013525355,-1.0552654483442476,1.4289747201263887,0.775899465308804,0.26693688775499913,78.17460317460318,-0.004160207927963566,False,-0.004160207927963566,False,-0.004160207927963566,False,0.21996867097120304
2025-01-13,2025-01-13 00:00:00+00:00,505.55999755859375,0.05437754614578699,-0.7195161755471591,-0.05447826488068369,-1.0303375529453405,1.5674917674961375,0.7743732123305325,0.21132261943254813,76.85185185185185,-0.0009494639382984227,False,-0.0009494639382984227,False,-0.0009494639382984227,False,0.22132686421339637
2025-01-14,2025-01-14 00:00:00+00:00,505.0799865722656,-0.26070234065326514,-0.6895083252547384,-0.20954072997747647,-1.004839068329761,1.5561220028248555,0.666056772807182,0.11718910496033194,70.23809523809523,0.01583913584038532,False,0.01583913584038532,False,0.01583913584038532,False,0.22360959538483335
2025-01-15,2025-01-15 00:00:00+00:00,516.7000122070312,-0.12733222656901985,-0.45481100915589945,-0.40888863956818766,-0.706402900905657,0.8937991005832107,0.10860794809547984,-0.0400559860441181,53.96825396825397,-0.0070059899974166395,False,-0.0070059899974166395,False,-0.0070059899974166395,False,0.21065464868416364
2025-01-16,2025-01-16 00:00:00+00:00,513.0800170898438,-0.982601949539961,-0.28046554681129116,-0.4311268922462982,-0.8402812653126571,1.162665862822427,0.15269365709777732,-0.14467319696717346,40.74074074074074,0.016878406595622453,False,0.0022023950362008993,False,0.0022023950362008993,False,0.2203117433733832
2025-01-17,2025-01-17 00:00:00+00:00,521.739990234375,-0.81260985297674,-0.4502471939248866,-0.36163082023585125,-0.687356387327478,0.6813903880201139,-0.011198856333012675,-0.2352872834693676,28.703703703703702,-0.01443241538440665,False,-0.01443241538440665,False,-0.01443241538440665,False,0.19526524871068074
2025-01-21,2025-01-21 00:00:00+00:00,524.7999877929688,-0.9197237995037403,-0.6275777712659015,-0.5366111942908626,-0.3449959513523914,0.32755175981155055,-0.30617673062166545,-0.37921693188460126,14.947089947089948,-0.02017905119405261,False,-0.02017905119405261,False,-0.02017905119405261,False,0.18959512468713352
2025-01-22,2025-01-22 00:00:00+00:00,531.510009765625,-0.7507024656113961,-0.5620333613913422,-0.2316264300897461,-0.07946656738860775,-0.04085174149696221,-0.24894520139679638,-0.32748751402699805,19.576719576719576,-0.03254875256365797,True,-0.03254875256365797,False,-0.03254875256365797,False,0.2599621636683616
2025-01-23,2025-01-23 00:00:00+00:00,532.6400146484375,-0.5267712330841002,-0.7765245147686075,-0.49192618082366274,-0.11149000283546873,-0.08449035145451267,-0.21849491148022007,-0.3483460949267444,17.32804232804233,-0.03460121689870732,True,-0.03460121689870732,False,-0.03460121689870732,False,0.265585265850762
2025-01-24,2025-01-24 00:00:00+00:00,529.6300048828125,-0.8266240294311343,-0.48506744542175445,-0.6946024350215252,-0.31143503980360804,0.12931814068213215,-0.28473936005377065,-0.38534466604651146,14.814814814814813,-0.02911463241884893,False,-0.02911463241884893,False,-0.02911463241884893,False,0.21507958958065318
2025-01-27,2025-01-27 00:00:00+00:00,514.2100219726562,-1.7766083973499391,0.16986155894540791,-0.6048711208378914,-0.9905444510400613,1.0531028904083044,0.425670512173864,-0.24315654485154126,28.968253968253972,0.00758437839065218,False,0.00758437839065218,False,-0.0017308387826109328,False,0.2776554198957554
2025-01-28,2025-01-28 00:00:00+00:00,521.8099975585938,-1.0456234451342812,0.16792941212499457,-0.6223620105286533,-0.7107201066342852,0.5968540246078826,0.2721358522209506,-0.1789815188903485,37.698412698412696,-0.007090726939580683,False,-0.007090726939580683,False,-0.016270271313499785,False,0.29561441456389714
2025-01-29,2025-01-29 00:00:00+00:00,520.8300170898438,-1.1331339996634886,0.11846677414957714,-0.631031800439978,-0.7253745515522617,0.6488708627225918,0.2391996385631409,-0.20315204632995165,33.33333333333333,-0.00522249419009968,False,-0.00522249419009968,False,-0.03947550525419363,False,0.3101570845607651
2025-01-30,2025-01-30 00:00:00+00:00,523.0499877929688,-1.3446088399568845,-0.15795445538924255,-0.5013038644717174,-0.5433119006580084,0.4642952847464263,0.09649840953253816,-0.3120833689898434,21.957671957671955,-0.009444608654424758,False,-0.009444608654424758,False,-0.04355224034210958,False,0.347621993728593
2025-01-31,2025-01-31 00:00:00+00:00,522.2899780273438,-1.2083752521648747,-0.08567444311560896,-0.3796766131452832,-0.49094401647828295,0.5291649328670195,0.26027428976826156,-0.20824763615953085,32.407407407407405,-0.008003202917216234,False,-0.008003202917216234,False,-0.04832562617744429,False,0.41897633416549007
2025-02-03,2025-02-03 00:00:00+00:00,518.1099853515625,-1.4096799430721427,0.19468084580878445,-0.16585098737953974,-0.8044936678740183,0.8094955775592844,0.4733850419649392,-0.13341688675732288,43.25396825396825,0.009283738384872064,False,0.009283738384872064,False,-0.043542873514174185,False,0.46284526547468285
2025-02-04,2025-02-04 00:00:00+00:00,524.469970703125,-1.066767022319124,0.3459020192005033,0.13062319110492465,-0.6184914159543532,0.5266253497975034,0.28532143301180646,-0.07879013830454781,50.39682539682539,-0.002955341353272911,False,-0.002955341353272911,False,-0.05514135131775988,False,0.3852121939569696
2025-02-05,2025-02-05 00:00:00+00:00,526.8499755859375,-1.4934532881620957,0.7774179446686272,-0.008995617877651463,-0.5585414533884251,0.45804174424575544,0.0015505529612736546,-0.17484028628674816,38.88888888888889,-0.007459415123651669,False,-0.007459415123651669,False,-0.07336047294283654,False,0.35011871646384646
2025-02-06,2025-02-06 00:00:00+00:00,529.5999755859375,-1.054535620719317,0.7877447302086157,-0.14686056479028153,-0.16824124344250305,0.23908309297619046,-0.0508001731930798,-0.09501107365135256,49.338624338624335,-0.012613279803101674,False,-0.012613279803101674,False,-0.07817213989313776,False,0.4098190771937928
2025-02-07,2025-02-07 00:00:00+00:00,522.9199829101562,-1.3158881433442617,0.7889413695597355,-0.1357220700600703,-0.5362774336553492,0.6519380765746964,0.19055171014042643,-0.07035228794617687,51.32275132275132,0.009695570048792401,False,-0.005832608989227994,False,-0.0959802141132774,True,0.449009052586566
2025-02-10,2025-02-10 00:00:00+00:00,529.25,-1.1318381051915902,0.5636318469412274,-0.2901221584767955,-0.06314671737798323,0.24942774742748716,-0.13155179256516022,-0.1567318764790456,40.87301587301587,-0.0023807458963155392,False,-0.030099183137990093,False,-0.10892771638447685,True,0.4486589534539399
2025-02-11,2025-02-11 00:00:00+00:00,527.989990234375,-0.9455432565968648,0.44262331546160905,-0.22310148492635534,-0.09114651020776714,0.3103150819002481,-0.08928939018119052,-0.11449214068012067,46.42857142857143,0.0005871277189481994,False,-0.02778458527905847,False,-0.10680123709509692,True,0.48984989821865044
2025-02-12,2025-02-12 00:00:00+00:00,528.2999877929688,-0.6654171411605458,0.15609160099832367,-0.2155732206935761,-0.05765282998293745,0.33002137905635565,-0.005032906441073057,-0.07487724012610232,51.587301587301596,0.014385835314598028,False,-0.05305697411880561,True,-0.11349610607709382,True,0.5391929291668254
2025-02-13,2025-02-13 00:00:00+00:00,535.9000244140625,-0.8042214933102421,0.33497738550039874,-0.2236116683153332,0.05967822586616675,-0.0070322589869146745,-0.19826460447249133,-0.16506649648047814,40.34391534391534,-0.018324327070064372,False,-0.0664863477835208,True,-0.12606834297132197,True,0.4394407205237556
2025-02-14,2025-02-14 00:00:00+00:00,538.1500244140625,-0.473970603215303,0.4727020026961197,-0.35686058738613863,0.2643459464263805,-0.12958745173367484,-0.40792038341135434,-0.1274245540423053,44.97354497354497,-0.033968277371683286,True,-0.07637282310977023,True,-0.1297222427002228,True,0.3734491562585146
2025-02-18,2025-02-18 00:00:00+00:00,539.3699951171875,-0.9564326766408587,0.1875525357069935,-0.47330393533477016,0.023889900990718405,-0.09754431059078937,-0.3471786360669136,-0.29584515268853256,23.41269841269841,-0.04829706514784704,True,-0.08124294588299841,True,-0.13169067508819132,True,0.390991979074004
2025-02-19,2025-02-19 00:00:00+00:00,539.52001953125,-0.8520015946205751,0.21562557260618664,-0.69752485347595,-0.013005044977946856,-0.08212619307609532,-0.407785434910047,-0.30774205072470256,22.61904761904762,-0.048561705327996085,True,-0.08149842479706992,True,-0.13193212599451376,True,0.34990010106149677
2025-02-20,2025-02-20 00:00:00+00:00,537.22998046875,-1.0241908644144915,0.49318220838650345,-0.8346017936576042,-0.2483789427809809,0.1342109480993934,-0.3413824002557654,-0.29301215283910476,24.074074074074073,-0.06879733596183402,True,-0.09126439335894576,True,-0.12823183112519276,True,0.2597609487302301
2025-02-21,2025-02-21 00:00:00+00:00,526.0800170898438,-1.1559171742802026,1.3804506987880136,-0.6990881096690298,-0.7134389431148364,0.8253775813565237,0.3791823205468844,0.03987149790871472,66.13756613756614,-0.049061031093610374,True,-0.07200426484996747,True,-0.10975520619725865,True,0.3485838942384133
2025-02-24,2025-02-24 00:00:00+00:00,519.8699951171875,-1.2939500340816696,1.396093643666842,-0.3386910497247342,-0.8761793340985649,1.1369742136159815,0.5545411286140542,0.12363110309244138,73.54497354497354,-0.0438956037827779,True,-0.09067648560912467,True,-0.09912093266256139,True,0.34685383583324575
2025-02-25,2025-02-25 00:00:00+00:00,513.3200073242188,-1.0476009631745062,1.4867128618917587,-0.1568884986662894,-0.8654801156071144,1.3626863680852628,0.5395380108481654,0.2484207452278521,79.76190476190477,-0.034617819834998675,True,-0.08127483952588721,True,-0.08762567276657551,True,0.23603756477101637
2025-02-26,2025-02-26 00:00:00+00:00,514.5599975585938,-1.2708430602581766,1.6616299659812597,0.09569531604840353,-0.8012235473859292,1.3473714660069493,0.4698556232088609,0.24790730018566667,79.76190476190477,-0.036944204477263654,True,-0.08348878976000496,True,-0.08982431871890695,True,0.18436384130298317
2025-02-27,2025-02-27 00:00:00+00:00,500.2699890136719,-1.5588764569932705,1.750790082961662,0.10828729989315078,-1.217245033975889,2.1153462357001023,1.0675903084246117,0.41567250476346973,86.37566137566137,-0.02412692560358798,False,-0.06382552097265348,True,-0.06382552097265348,False,0.24004415759829326
2025-02-28,2025-02-28 00:00:00+00:00,508.1700134277344,-1.1617261352976311,1.8434803769922026,0.04223648312120787,-0.9461589131202607,1.620526932574264,0.6753862227178443,0.36565927189180747,84.12698412698413,-0.039297874122875665,True,-0.07837931408266352,True,-0.07837931408266352,False,0.22040063177949318
2025-03-03,2025-03-03 00:00:00+00:00,497.04998779296875,-1.5459920374421225,2.357907781224904,0.045206691160435075,-1.2922137166207572,2.2507035942611875,1.41018899854422,0.5873548898793225,92.1957671957672,-0.0489286337469349,True,-0.05776077288032533,True,-0.05776077288032533,False,0.251364608912975
2025-03-04,2025-03-04 00:00:00+00:00,495.54998779296875,-1.2709081536951976,1.9894136810109255,-0.07215871600007429,-1.3077449060802135,2.3217893745484117,1.6047758930071274,0.6261658674116677,93.38624338624338,-0.048330102470830805,True,-0.054908671426394884,True,-0.054908671426394884,False,0.28300635837028937
2025-03-05,2025-03-05 00:00:00+00:00,502.010009765625,-1.3871355829434446,1.5488160237840887,-0.12456725822201475,-1.1391711178564317,1.9604797745985056,1.3986894277559248,0.44339673394914425,87.3015873015873,-0.0605764886566843,True,-0.06707040252734009,True,-0.06707040252734009,False,0.3617035564807617
2025-03-06,2025-03-06 00:00:00+00:00,488.20001220703125,-1.4371082963784796,1.636293313088669,-0.014508118623442812,-1.4773745051836615,2.6844267344280506,1.8666350755832521,0.6451777120499714,94.44444444444444,-0.04068008064841788,True,-0.04068008064841788,False,-0.07689473086084697,False,0.27556546630343065
2025-03-07,2025-03-07 00:00:00+00:00,491.7900085449219,-1.6062774639669046,1.4229981782022652,0.10412311373244099,-1.3274599161864862,2.4531892430924844,1.658620220889357,0.5258494506785983,90.07936507936508,-0.04768297809956268,True,-0.04768297809956268,False,-0.14054778241976795,True,0.26405659520386743
2025-03-10,2025-03-10 00:00:00+00:00,472.7300109863281,-1.92924337898405,2.22866204937658,0.6910572982387136,-1.7625479378071216,3.3503125468624355,2.3395847601059927,0.8911536321561657,98.94179894179894,-0.009286515656744432,False,-0.009286515656744432,False,-0.1058955352848151,True,0.16133108229884655
2025-03-11,2025-03-11 00:00:00+00:00,471.6000061035156,-1.7437733863944735,2.3285745368471122,0.4755348679357658,-1.6046431050148222,3.3794671021661613,2.061326118790762,0.89554716848091,99.07407407407408,-0.006912658446635911,False,-0.006912658446635911,False,-0.11776931260838641,True,0.11002898670442707
2025-03-12,2025-03-12 00:00:00+00:00,476.9200134277344,-1.3121347002960526,2.1038798061270385,0.1828444049297085,-1.3434188643201006,3.011227211834504,1.7048264081222306,0.813137365696148,97.88359788359789,-0.017990473975242116,False,-0.017990473975242116,False,-0.12761053039423875,True,0.1305117189154384
2025-03-13,2025-03-13 00:00:00+00:00,468.3399963378906,-1.489277642966318,2.8896485852528273,0.3542805315061902,-1.3764894370088483,3.3588554076252826,1.5179361335556256,0.9399047050301339,99.33862433862434,0.013238271886901076,False,0.013238271886901076,False,-0.11162830248984057,True,0.0670258890985434
2025-03-14,2025-03-14 00:00:00+00:00,479.6600036621094,-1.4583619179519383,2.1267128931534334,0.22336186735991814,-1.1278891143536744,2.739956842403434,1.118631178522447,0.6522049741507442,94.44444444444444,-0.010674217316635426,False,-0.022349166365463136,False,-0.13259393240616713,True,0.09416850393359451
2025-03-17,2025-03-17 00:00:00+00:00,482.7699890136719,-1.832510709762105,1.8846555712091757,0.3119183130073421,-1.058522711208501,2.542334868399767,0.6606622104191107,0.42920903411218997,86.64021164021165,-0.01704741524129194,False,-0.028688559564843397,False,-0.1381817283037221,True,0.08468114559462331
2025-03-18,2025-03-18 00:00:00+00:00,474.5400085449219,-1.927533400625424,2.2968221219885723,0.4592838021990611,-1.1772227158229593,2.8802070556089787,0.7598652097776025,0.5563760640969795,91.4021164021164,0.009946476873838428,False,-0.011843037501558684,False,-0.12323515390334505,True,0.06705669397333595
2025-03-19,2025-03-19 00:00:00+00:00,480.8900146484375,-1.6642926657654613,2.033903235333035,0.5096628564166877,-1.0001288104766866,2.505536094215525,0.5836124292184179,0.49100362090381744,88.62433862433863,-0.0033895585958551022,False,-0.02489134907376689,False,-0.1348125665225941,True,0.06952571030717514
2025-03-20,2025-03-20 00:00:00+00:00,479.260009765625,-1.6305242719653903,2.0589824524030553,0.6355490353866933,-0.9975622208261163,2.51471728082018,0.5030463264870209,0.5002158053435724,89.02116402116403,0.0032967210701311256,False,-0.05967534432405919,True,-0.13186998898142632,True,0.07227604656497141
2025-03-21,2025-03-21 00:00:00+00:00,480.8399963378906,-1.345700154965294,1.633966922008905,0.4509913984543418,-0.9327925061584631,2.3391146243175416,0.4682640277309694,0.4426110016396439,87.03703703703704,-0.02474834453688446,False,-0.12097575774308023,True,-0.13472256732523424,True,0.07911446563430087
2025-03-24,2025-03-24 00:00:00+00:00,490.6600036621094,-1.0934906675252738,0.9234419686625586,-0.32501655756356707,-0.7695584468348701,1.7800087010077104,0.21206199941073142,0.17029687909643015,76.45502645502646,-0.044307646990004335,True,-0.13856843787331807,True,-0.1520401205452413,True,0.1454693973131898
2025-03-25,2025-03-25 00:00:00+00:00,493.4599914550781,-0.6933159694626893,0.7120833766189777,-0.03448143416559654,-0.6818687378780787,1.596307345399513,0.02848608736172189,0.1873795450542844,77.77777777777779,-0.04973043094128482,True,-0.1568516095261402,True,-0.1568516095261402,True,0.12582158757321618
2025-03-26,2025-03-26 00:00:00+00:00,484.3800048828125,-1.2334820207574304,0.7438840753110371,-0.03086112643494114,-0.9395536113032922,2.0042897622004685,0.30843745888034285,0.18341249702234386,77.11640211640211,-0.03191707192541604,True,-0.1410462996728108,True,-0.1410462996728108,True,0.17313337387012223
2025-03-27,2025-03-27 00:00:00+00:00,481.6199951171875,-0.8237181334269904,0.6915884949961639,-0.2244139973790592,-0.8870389361405925,1.9965590554302841,0.2747246624734908,0.23775415098578667,79.4973544973545,-0.06428302763373639,True,-0.13612391143071567,True,-0.13612391143071567,True,0.13922699134969613
2025-03-28,2025-03-28 00:00:00+00:00,468.94000244140625,-1.1420234136599656,1.3299804667289503,0.20783351162271202,-1.2045007639273388,2.5884818702108974,0.8220893073209933,0.4933148593568981,88.75661375661376,-0.09866931541941393,True,-0.11276496909520917,True,-0.11276496909520917,True,0.11906519075342034
2025-03-31,2025-03-31 00:00:00+00:00,468.9200134277344,-0.8723366948806027,1.1022024198392406,0.33619866778922886,-1.179769379970089,2.435461481526696,1.0469968409188772,0.5440091482722899,90.87301587301587,-0.09863089370385258,True,-0.11272714824590635,True,-0.11272714824590635,True,0.14121824032426705
2025-04-01,2025-04-01 00:00:00+00:00,472.70001220703125,-0.8823697500411223,1.288253814555881,0.11951879926528358,-1.0597979718266133,2.2117081461419206,1.0142186061236373,0.5149316567808057,89.81481481481481,-0.11982232533480563,True,-0.11982232533480563,True,-0.11982232533480563,True,0.14852915826090113
2025-04-02,2025-04-02 00:00:00+00:00,476.1499938964844,-0.9315416673131093,1.3414930971529255,0.5178617949818368,-0.9540392844728683,2.044253564854539,0.9043538567802463,0.5133174022645274,89.68253968253968,-0.12619972090339726,True,-0.12619972090339726,True,-0.12619972090339726,True,0.14034390265406246
2025-04-03,2025-04-03 00:00:00+00:00,450.6600036621094,-0.9593944629128734,2.5234323996344536,0.3243157256219559,-1.5835604306636448,3.0737412784637463,2.361863023740402,1.0686543357660718,99.47089947089947,-0.07677629659244756,True,-0.07677629659244756,True,-0.07677629659244756,False,0.16227283924643235
2025-04-04,2025-04-04 00:00:00+00:00,422.6700134277344,-0.8171656141545327,3.79627973902291,0.22828685813210628,-2.3231255820426493,4.173506819989979,4.357225828971907,1.7865152163217204,99.86772486772487,-0.015638714976572987,False,-0.015638714976572987,False,-0.015638714976572987,False,0.11320274780382393
2025-04-07,2025-04-07 00:00:00+00:00,423.69000244140625,-0.33678761388774725,2.8265203718852043,0.4504110325034678,-2.1935521125042063,3.8466048733707527,4.501546159682056,1.742259025990509,99.73544973544973,-0.018008460994704878,False,-0.018008460994704878,False,-0.018008460994704878,False,0.32608520251321815
2025-04-08,2025-04-08 00:00:00+00:00,416.05999755859375,-0.30841245139693035,2.6902268376874066,0.5293049474328361,-2.2752293019812546,3.9895437988074822,5.08221011019086,1.8678484166194886,99.86772486772487,0.0723933934863461,False,0.04097963729514187,False,0.04097963729514187,False,0.48724918174639437
2025-04-09,2025-04-09 00:00:00+00:00,466.0,0.08257730095974004,0.941697355101241,0.44821662231944837,-1.5515014640933382,1.8779581582527891,3.859936045530012,1.1174453468316385,99.20634920634922,-0.046824050051971544,True,-0.0705794305760461,True,-0.0705794305760461,False,0.9058081939586086
2025-04-10,2025-04-10 00:00:00+00:00,446.17999267578125,-0.014610796490876562,1.0998353214756988,0.6578565809468685,-1.9756659307734241,2.59260074796122,4.106035650531899,1.2712161871004768,99.47089947089947,-0.004661765669481843,False,-0.029293127300121125,False,-0.029293127300121125,False,0.81227713329699
2025-04-11,2025-04-11 00:00:00+00:00,454.3999938964844,0.1020305603057468,0.9699296744024369,0.30057629915021933,-1.6256040918597832,2.258756305120933,3.20692353658655,1.0452485476990658,98.67724867724867,-0.0468530123919233,True,-0.0468530123919233,False,-0.0468530123919233,False,0.6778649866339054
2025-04-14,2025-04-14 00:00:00+00:00,457.4800109863281,0.18143175794161262,1.099461328178098,0.12261516733749175,-1.2519056161744009,2.0915510252743057,2.419089369384762,0.9278093040544398,98.28042328042328,-0.05327014306531952,True,-0.05327014306531952,True,-0.05327014306531952,False,0.5473755470444285
2025-04-15,2025-04-15 00:00:00+00:00,457.989990234375,0.3784740573368743,0.9857384628961925,0.34304059636500495,-1.1358384170934894,1.9861314936884522,2.1338624590400763,0.9114826685199866,98.14814814814815,-0.054324342045292795,True,-0.054324342045292795,True,-0.054324342045292795,False,0.4728286075702425
2025-04-16,2025-04-16 00:00:00+00:00,444.17999267578125,-0.16896957386781256,1.4396248970550074,0.042582782280754156,-1.3713981258157142,2.4998783570174425,2.514978026112358,0.9836696557663671,98.4126984126984,-0.02492234568588292,False,-0.02492234568588292,False,-0.02492234568588292,False,0.5274326070502913
2025-04-17,2025-04-17 00:00:00+00:00,444.1000061035156,-0.4084061438703346,0.9084433198107932,-0.007586238197721119,-1.3122997061950852,2.42466190260069,1.9866454337044253,0.7392431567095403,94.97354497354497,-0.024746725063974573,False,-0.024746725063974573,False,-0.024746725063974573,False,0.47975329177409703
2025-04-21,2025-04-21 00:00:00+00:00,433.1099853515625,-0.6679469175574843,0.963245089010517,-0.08167616808592015,-1.566706945556341,2.788785371280849,2.262350447223434,0.7779508848988941,95.76719576719577,0.026252051486498118,False,0.026252051486498118,False,0.026252051486498118,False,0.47870460006096754
2025-04-22,2025-04-22 00:00:00+00:00,444.4800109863281,-0.6616368847287433,1.044404381005961,-0.6733083836566948,-1.2091826955330982,2.339821015326912,1.859642452486908,0.6155177310722754,91.66666666666666,0.022678154974612896,False,0.022678154974612896,False,0.022678154974612896,False,0.3708691663428098
2025-04-23,2025-04-23 00:00:00+00:00,454.55999755859375,-0.5189560053728566,0.797182843400642,-0.9194157882788861,-0.9917201701466868,1.9357267276520582,1.5012566649475907,0.4624832996055631,85.31746031746032,0.02813711856216128,False,0.02813711856216128,False,0.02813711856216128,False,0.3022632858849512
2025-04-24,2025-04-24 00:00:00+00:00,467.3500061035156,-0.16478669173086488,0.48959916390870345,-0.4369498469531244,-0.706327792453426,1.3765122859318828,0.9998231484930511,0.36610546956179296,81.21693121693121,0.010826997951237871,False,0.010826997951237871,False,0.010826997951237871,False,0.25558539532694413
2025-04-25,2025-04-25 00:00:00+00:00,472.55999755859375,0.05349723367813617,0.5695553637324,-0.7009818077164433,-0.5395426228941625,1.1370545694842957,0.7971471608907763,0.33194352316473297,79.76190476190477,-0.00031740709594396677,False,-0.00031740709594396677,False,-0.00031740709594396677,False,0.32171490541870146
2025-04-28,2025-04-28 00:00:00+00:00,472.4100036621094,0.11743584053906266,0.3024304440861781,-0.4945109900916822,-0.45960067577557706,1.0286057434092968,0.6628830970207635,0.28875830243124656,78.17460317460318,0.006477419053095179,False,0.006477419053095179,False,0.006477419053095179,False,0.31163517299422877
2025-04-29,2025-04-29 00:00:00+00:00,475.5299987792969,0.15338730063416442,0.2710886281762559,-0.3948012734343628,-0.30362625031022766,0.8860038660036483,0.5845500292936066,0.28042746852275185,77.77777777777779,-0.0001261698709813519,False,-0.0001261698709813519,False,-0.0001261698709813519,False,0.33701782032840605
2025-04-30,2025-04-30 00:00:00+00:00,475.4700012207031,0.06899777663034011,0.4017970995058135,-0.47442903808325976,-0.35684117991422387,0.8882454624719726,0.696107460278553,0.28997062400658563,78.17460317460318,0.012492906863011521,False,0.012492906863011521,False,0.012492906863011521,False,0.3474469230398036
2025-05-01,2025-05-01 00:00:00+00:00,481.67999267578125,0.5021265614989155,0.2242561667302143,-0.6427668702888143,-0.1463075836908001,0.65843261979898,0.6685641401216348,0.3132402647109368,78.83597883597884,-0.0005605153167604904,False,-0.0005605153167604904,False,-0.0005605153167604904,False,0.35567340001937087
2025-05-02,2025-05-02 00:00:00+00:00,488.8299865722656,0.43026718000322234,-1.1772341118495049,-0.601545785931122,0.6019901723101707,0.1770186762738393,0.4647158328808243,0.06795916830756488,65.74074074074075,-0.015179066575244371,False,-0.015179066575244371,False,-0.015179066575244371,False,0.531414684239662
2025-05-05,2025-05-05 00:00:00+00:00,485.92999267578125,0.27055153168975293,-1.9880677865849385,-0.24920048844179243,1.0896951036480254,0.05611092273647449,0.4266834072647455,-0.009006778946521604,57.936507936507944,-0.009301728812379895,False,-0.009301728812379895,False,-0.009301728812379895,False,0.683684874391026
2025-05-06,2025-05-06 00:00:00+00:00,481.4100036621094,0.17851830295323393,-1.5427965869495683,-0.19789903267387404,0.8665400480857216,0.2276294299336283,0.5678632023828657,0.0735738029569812,66.53439153439153,0.003925934476812332,False,0.003925934476812332,False,0.003925934476812332,False,0.6487634913194745
2025-05-07,2025-05-07 00:00:00+00:00,483.29998779296875,-0.05557345805153626,-1.4335167373186646,-0.31945671205104764,1.12628658690468,0.0864411359893949,0.43636162261058253,0.015415666342485812,60.71428571428571,0.009662763388553763,False,0.009662763388553763,False,0.009662763388553763,False,0.7020825982165345
2025-05-08,2025-05-08 00:00:00+00:00,488.2900085449219,-0.5421880106211988,-0.7052191769493413,-0.7805384349722786,0.5343764740285467,0.27897610101104975,-0.040301599968027395,-0.16438295085098234,38.62433862433862,-0.000655363244421836,False,-0.000655363244421836,False,-0.000655363244421836,False,0.19613656489841386
2025-05-09,2025-05-09 00:00:00+00:00,487.9700012207031,-0.46927416859751886,-0.9930770223374222,-0.8471417108342632,0.9672377927773752,0.14039315315759238,-0.11563492712400622,-0.1774932440302199,36.37566137566138,0.04074021934356775,False,0.04074021934356775,False,0.04074021934356775,False,0.3053669512184385
2025-05-12,2025-05-12 00:00:00+00:00,507.8500061035156,-0.31758032176040735,-1.6589582992468983,-0.8911514636967146,1.493204922947134,-0.5422505131561866,-0.4456039193233445,-0.3750651036626238,15.079365079365079,0.01524076136444008,False,0.0027369973696054206,False,0.0027369973696054206,False,0.35508964250874464
2025-05-13,2025-05-13 00:00:00+00:00,515.5900268554688,-0.020871263619073214,-1.8459872027158635,-1.0010774023453235,1.6617243303159193,-0.7755330400828381,-0.4641947702041212,-0.37986698587573053,14.682539682539684,0.005993067474865388,False,-0.012316057895498833,False,-0.012316057895498833,False,0.347972294885997
2025-05-14,2025-05-14 00:00:00+00:00,518.6799926757812,0.29431690552683926,-1.9086737674191419,-0.9753068036413814,1.7313744490365106,-0.8597028132505521,-0.43746006987182795,-0.32469477364064103,19.31216931216931,-0.010873784854013024,False,-0.018200051235265247,False,-0.018200051235265247,False,0.3392561446933012
2025-05-15,2025-05-15 00:00:00+00:00,519.25,0.38949597908507716,-1.9137832903910847,-0.8423078699077335,2.1136219453485903,-0.980222050531426,-0.5307560644094995,-0.2785514159183172,24.867724867724867,-0.011959599369583573,False,-0.019277823332932154,False,-0.019277823332932154,False,0.4073005447504595
2025-05-16,2025-05-16 00:00:00+00:00,521.510009765625,0.43055325024207286,-1.7191164060031827,-0.787722000285308,2.2028086681016905,-1.1162038035158695,-0.5702926983383616,-0.2574070110361863,26.455026455026452,-0.023527869650602384,False,-0.023527869650602384,False,-0.023527869650602384,False,0.4161324241951981
2025-05-19,2025-05-19 00:00:00+00:00,522.010009765625,0.5259153721333621,-1.7655635428859295,-1.0511877329885762,2.4154689818548265,-1.2168505396711649,-0.36446755449592994,-0.21871350186026955,30.82010582010582,-0.024463169847995014,False,-0.024463169847995014,False,-0.024463169847995014,False,0.5340069463620744
2025-05-20,2025-05-20 00:00:00+00:00,520.27001953125,0.42054844371099914,-1.6276569077664345,-1.2636771548392611,2.0410498773298253,-1.0345293781908618,-0.36750053914607955,-0.2606550647746059,26.190476190476193,-0.021200586008805145,False,-0.021200586008805145,False,-0.021200586008805145,False,0.4760955361674135
2025-05-21,2025-05-21 00:00:00+00:00,513.0399780273438,0.4242718843874543,-1.5133328478391161,-1.3627971485952357,1.4596230582177407,-0.6652369056122953,-0.025029619132383392,-0.19753511137417476,33.86243386243386,-0.007406806400506727,False,-0.007406806400506727,False,-0.007406806400506727,False,0.44530072606470505
2025-05-22,2025-05-22 00:00:00+00:00,514.0,0.5061059795324999,-1.2816508875072712,-1.097605201493028,1.2913218199634555,-0.5978843006939334,-0.092950263986777,-0.14525559731051726,41.66666666666667,-0.009260719388375471,False,-0.009260719388375471,False,-0.009260719388375471,False,0.3432011692772448
2025-05-23,2025-05-23 00:00:00+00:00,509.239990234375,0.26931015931726204,-1.1507191454690509,-0.7120269143812087,0.9286877961371096,-0.379408351613721,0.19760779155412928,-0.08700547398637795,49.338624338624335,0.018989048573553102,False,0.018989048573553102,False,0.018989048573553102,False,0.2898135006240278
2025-05-27,2025-05-27 00:00:00+00:00,521.219970703125,0.465912189864588,-1.345417849902186,-0.7992746676512922,1.3777343425825184,-0.7977998963248153,-0.22274153355877008,-0.18600584086687888,35.84656084656085,-0.004431905315288587,False,-0.004431905315288587,False,-0.004431905315288587,False,0.2196155300792468
2025-05-28,2025-05-28 00:00:00+00:00,518.9099731445312,0.5132905357375214,-1.432186870605107,-0.6544441035636172,1.1911151506283035,-0.6706389429702085,-0.18296936579281856,-0.1696687229579834,39.41798941798942,0.00038544683544849967,False,0.00038544683544849967,False,0.00038544683544849967,False,0.2150874999045607
2025-05-29,2025-05-29 00:00:00+00:00,519.9299926757812,0.6741831903547868,-1.3695154138982335,-0.5298335726964276,1.1986061732987816,-0.7023869916128831,-0.2769995141943432,-0.13966040645004843,42.857142857142854,-0.0015771494927588892,False,-0.0015771494927588892,False,-0.0015771494927588892,False,0.1603875174100486
2025-05-30,2025-05-30 00:00:00+00:00,519.1099853515625,0.3775035590400034,-1.1059587536976463,-0.4299828995155384,1.0548114658701377,-0.6141642460680412,-0.30917422778139414,-0.15983736608756652,40.60846560846561,0.00789820411240405,False,0.00789820411240405,False,0.00789820411240405,False,0.14545442088864968
2025-06-02,2025-06-02 00:00:00+00:00,523.2100219726562,0.6061804474069886,-0.9452733400853331,-0.5234937179994593,1.1033707806310937,-0.683705798345847,-0.3829261756315748,-0.12072506103216851,45.63492063492063,0.0030197358390242623,False,0.0030197358390242623,False,0.0030197358390242623,False,0.14347606713946467
2025-06-03,2025-06-03 00:00:00+00:00,527.2999877929688,0.5827230324976223,-1.060604687441404,-0.4362831786110769,1.2828729637658294,-0.7980711644215757,-0.35212988626079916,-0.12378368004939441,45.23809523809524,-0.004760117245840911,False,-0.004760117245840911,False,-0.004760117245840911,False,0.18128295199057756
2025-06-04,2025-06-04 00:00:00+00:00,528.77001953125,0.6072923758782379,-0.8779286052070457,-0.3512714350342148,1.4031867130479565,-0.8443503335245088,-0.37449215098602606,-0.07864844905374432,51.32275132275132,-0.007526980269105477,False,-0.007526980269105477,False,-0.007526980269105477,False,0.19496017506126562
2025-06-05,2025-06-05 00:00:00+00:00,524.7899780273438,0.591300675470361,-0.9065407457553044,0.013203055734383351,1.1700439808421748,-0.6810532989586302,-0.25103206562859054,-0.02731114698690304,58.06878306878307,0.009775348420516528,False,0.0038873437906881136,False,0.0038873437906881136,False,0.18668894235009448
2025-06-06,2025-06-06 00:00:00+00:00,529.9199829101562,0.6723925083275972,-1.0879784000026522,-0.2651176821550358,1.2750196670581766,-0.8163609977278433,-0.43716613434156526,-0.11468250290553725,46.69312169312169,-0.005585675258450884,False,-0.005831004528916495,False,-0.005831004528916495,False,0.20147786182150448
2025-06-09,2025-06-09 00:00:00+00:00,530.7000122070312,0.7369597809855083,-1.0391170448768448,-0.5344174498566152,1.2794490392342857,-0.8264607310271629,-0.3858162875409109,-0.1124553933485585,47.22222222222222,-0.007047277460615509,False,-0.007292246143152159,False,-0.007292246143152159,False,0.17621482040718117
2025-06-10,2025-06-10 00:00:00+00:00,534.2100219726562,0.5688250607444337,-0.5260046547655596,-0.44658092063579063,1.1568369704794466,-0.7845724448208689,-0.4850440517447672,-0.0901915318707365,50.264550264550266,-0.013571441384098715,False,-0.013814800507786495,False,-0.013814800507786495,False,0.1380145232650768
2025-06-11,2025-06-11 00:00:00+00:00,532.4099731445312,0.38032790331539074,-0.20607707849585744,-0.41348420072359177,0.9657354010640118,-0.6520166092109433,-0.44722733247349195,-0.07118287936094495,52.51322751322751,-0.010236380696789671,False,-0.010480562604285981,False,-0.010480562604285981,False,0.12324297545570395
2025-06-12,2025-06-12 00:00:00+00:00,533.6599731445312,0.2468565041778302,0.018087779392469427,-0.3388095417887146,0.9018702695925072,-0.6636053042597713,-0.4139614392100298,-0.06202929468951918,53.70370370370371,-0.012798329270308106,False,-0.012798329270308106,False,-0.012798329270308106,False,0.10374704105391232
2025-06-13,2025-06-13 00:00:00+00:00,526.9600219726562,0.458090221351435,-0.09785597463549978,-0.42771285316710705,0.5604898735698721,-0.41360215824504704,0.026537730125956237,0.04082895816991399,66.005291005291,-0.00024670729731224306,False,-0.00024670729731224306,False,-0.00024670729731224306,False,0.12081950341803074
2025-06-16,2025-06-16 00:00:00+00:00,534.2899780273438,0.5446541311955438,-0.34195004878700214,-0.3653674603015131,0.7658261046988798,-0.623957300381595,-0.22455991908118014,-0.03372795529681594,57.407407407407405,-0.013962382309776755,False,-0.013962382309776755,False,-0.013962382309776755,False,0.11328239568127117
2025-06-17,2025-06-17 00:00:00+00:00,529.0800170898438,0.5859189892149429,0.056265023905637805,-0.2739671652568324,0.5281778669511359,-0.4156901757257094,0.104397669718251,0.11519501374432972,71.56084656084656,-0.004252664866036593,False,-0.004252664866036593,False,-0.004252664866036593,False,0.10839745227669043
2025-06-18,2025-06-18 00:00:00+00:00,528.989990234375,0.6522720121193849,0.09370547291906983,-0.33076196617660597,0.6091590586835696,-0.3985700770991191,-0.10529903860835632,0.1020340624051172,70.76719576719577,-0.00408320229948822,False,-0.00408320229948822,False,-0.00408320229948822,False,0.08907098426903053
2025-06-20,2025-06-20 00:00:00+00:00,526.8300170898438,0.4280462755171333,0.04689530554668325,-0.45448215361294614,0.6242514798275314,-0.32789783663499844,-0.10868983798429326,0.053515522624405884,66.7989417989418,0.009149074972690352,False,0.009149074972690352,False,0.009149074972690352,False,0.07460499746843975
2025-06-23,2025-06-23 00:00:00+00:00,531.6500244140625,0.3908560472407245,0.024556130926686414,-0.414783074616254,0.7507533493859051,-0.47759442463296525,-0.30022620574975906,-0.002574802043136634,61.24338624338625,0.015292023905712604,False,0.015292023905712604,False,0.015292023905712604,False,0.07122947953839627
2025-06-24,2025-06-24 00:00:00+00:00,539.780029296875,0.3839583998310525,-0.05888568915627865,-0.24959043368798817,1.1134438526462918,-0.7125001866546864,-0.5075555967523344,-0.03399479556049051,57.407407407407405,0.002556492965206214,False,0.002556492965206214,False,0.002556492965206214,False,0.09910382680570529
2025-06-25,2025-06-25 00:00:00+00:00,541.1599731445312,0.6826424183705585,0.05639210504568659,-0.32299555880766617,1.010184501637738,-0.6542324043138757,-0.720962709532061,-0.0108236039733286,60.317460317460316,0.009350280526461585,False,0.009350280526461585,False,0.009350280526461585,False,0.06311854127577486
2025-06-26,2025-06-26 00:00:00+00:00,546.219970703125,0.7161513496647544,0.1116424415957764,-0.38239789612495,1.1950178218526573,-0.7795817079627468,-0.6970025500527216,0.005672668234627226,62.83068783068783,0.0014097242366637452,False,0.0014097242366637452,False,0.0014097242366637452,False,0.056702402788300736
2025-06-27,2025-06-27 00:00:00+00:00,548.0900268554688,0.6897125992650247,-0.0983835878123076,-0.5526565363702665,1.1811700007661259,-0.8094524390078739,-0.7313799967889559,-0.06307165900031494,53.3068783068783,-0.002007036375766491,False,-0.002007036375766491,False,-0.002007036375766491,False,0.0543422312130534
2025-06-30,2025-06-30 00:00:00+00:00,551.6400146484375,0.6830277991980657,-0.10274818718596222,-0.5650961198526016,1.2419989214113902,-0.8713995857315876,-0.6627749949368293,-0.0558513581455162,54.36507936507936,-0.008429454518497859,False,-0.008429454518497859,False,-0.008429454518497859,False,0.06066171928370769
2025-07-01,2025-07-01 00:00:00+00:00,546.989990234375,0.0865797122950388,0.07946885673632044,-0.4611028826992204,0.983285882210189,-0.6842810914721911,-0.5440527189453069,-0.11504789705243751,46.42857142857143,0.006965388081345392,False,0.006965388081345392,False,0.006965388081345392,False,0.054465617202061646
2025-07-02,2025-07-02 00:00:00+00:00,550.7999877929688,0.3443467540424161,-0.029479990344677073,-0.6716003938053383,1.0204175109549203,-0.7592718665715642,-0.5388132884675676,-0.10926709148834049,47.61904761904761,0.0022331908699471104,False,0.0022331908699471104,False,0.0022331908699471104,False,0.050134048644844914
2025-07-03,2025-07-03 00:00:00+00:00,556.219970703125,0.3004616455559645,-0.4529454177243606,-0.697479786768135,1.0713047824152215,-0.8725363074351759,-0.5643276718552716,-0.20427454072008094,32.67195767195767,-0.0075328855973175735,False,-0.0075328855973175735,False,-0.0075328855973175735,False,0.051340941542939
2025-07-07,2025-07-07 00:00:00+00:00,552.030029296875,0.4591858354926175,-0.4598160994010554,-0.7734698426428671,0.8615151517388911,-0.7185169733968507,-0.3801821932947723,-0.14499479265341247,42.06349206349206,0.0005615592307335326,False,0.0005615592307335326,False,0.0005615592307335326,False,0.07675780906985079
2025-07-08,2025-07-08 00:00:00+00:00,552.3400268554688,0.14966333956889163,-0.18463178188487087,-0.7283884491482742,0.8311031482568452,-0.6741111589181311,-0.5636876849208522,-0.19349524081304964,34.25925925925926,0.0033674643537091598,False,0.0033674643537091598,False,0.002788097824651725,False,0.0689377114888296
2025-07-09,2025-07-09 00:00:00+00:00,556.25,0.4081179504414072,-0.0801195533203333,-1.0512971274499527,0.9732040230425621,-0.78625996237469,-0.6795600500386421,-0.18270745468104593,36.507936507936506,-0.0036853713132022348,False,-0.0036853713132022348,False,-0.004260665379213435,False,0.06075805965300796
2025-07-10,2025-07-10 00:00:00+00:00,555.4500122070312,0.4208615785751437,-0.04740277598534635,-1.058045023133795,0.8985527049499006,-0.7397864754224557,-0.6881289300520341,-0.17954277834856558,37.43386243386244,-0.0022504275317831723,False,-0.0022504275317831723,False,-0.0028265501660185155,False,0.04390847938761893
2025-07-11,2025-07-11 00:00:00+00:00,554.2000122070312,0.6864797975064777,-0.3392842306861423,-1.1686651110237996,0.838619720991872,-0.6824896962830881,-0.5982137065490031,-0.16081090862164318,40.60846560846561,0.0036268670540449133,False,0.0036268670540449133,False,-0.0005774220807833741,False,0.041791501430326866
2025-07-14,2025-07-14 00:00:00+00:00,556.2100219726562,0.5742709487796064,-0.4928539765933893,-1.3353803375048978,0.7903633430619276,-0.7171120359659012,-0.5546225003406496,-0.22840434628559791,29.761904761904763,0.000916827655604191,False,0.000916827655604191,False,-0.004189095841135915,False,0.04116615949560858
2025-07-15,2025-07-15 00:00:00+00:00,556.719970703125,0.9976678358125911,-0.522336219099249,-1.1713011453147002,0.9347282637685274,-0.7337836006545263,-0.49683464234339497,-0.10186138926814431,49.47089947089947,0.0010238672119105008,False,0.0010238672119105008,False,-0.00510124653284072,False,0.05020233388851622
2025-07-16,2025-07-16 00:00:00+00:00,557.2899780273438,0.9401765613321249,-0.31602421801928143,-1.2931863516251971,0.8483911201677999,-0.7031464599688224,-0.48016084199614883,-0.09808974796681116,50.39682539682539,0.007105855351416279,False,0.007105855351416279,False,-0.006118848856032977,False,0.04877043655835269
2025-07-17,2025-07-17 00:00:00+00:00,561.7999877929688,0.8309327148480713,-0.6156164307027786,-1.1976819735923456,0.9687593392043311,-0.8319030943573443,-0.5598346962682076,-0.17895777623949782,37.83068783068783,-0.0009789743768585657,False,-0.0009789743768585657,False,-0.01409751349634214,False,0.05684228103289606
2025-07-18,2025-07-18 00:00:00+00:00,561.260009765625,0.7854837810276156,-0.5299903137712757,-1.055284103744575,0.8909912281347356,-0.7968151030641387,-0.592389190936126,-0.17212237581446835,39.41798941798942,-1.783445364156311e-05,False,-0.013148994680547976,False,-0.013148994680547976,False,0.061733875100472915
2025-07-21,2025-07-21 00:00:00+00:00,564.1699829101562,1.0272028218786842,-0.36752863346164616,-1.1210931064505174,0.9441560001973204,-0.8538483083946532,-0.5936445225604329,-0.10967320744998099,48.80952380952381,-0.005175714764358963,False,-0.018239144830543785,False,-0.018239144830543785,False,0.10028228596582969
2025-07-22,2025-07-22 00:00:00+00:00,561.25,0.3381594546334247,-0.2781623429358051,-1.2050018740190498,0.6973739944960919,-0.7234778521570417,-0.5943958109572691,-0.2535612813640392,27.380952380952383,0.004561242866091275,False,-0.013131394418151476,False,-0.013131394418151476,False,0.07224281823839748
2025-07-23,2025-07-23 00:00:00+00:00,563.8099975585938,0.3981223402430098,-0.49689071129452106,-0.9867240786737481,0.6591240478122833,-0.7595609689705562,-0.7515079948159304,-0.29692673209840587,22.61904761904762,0.0021283982409456836,False,-0.017612303291498987,False,-0.017612303291498987,False,0.05237873632534529
2025-07-24,2025-07-24 00:00:00+00:00,565.010009765625,0.29825950146414587,-0.5300276108995509,-0.7269559660837496,0.61521033545284,-0.7610246614796036,-0.7213348353783221,-0.2967381870041375,22.75132275132275,0.0,False,-0.019698774695034893,False,-0.019698774695034893,False,0.05373329185811208
2025-07-25,2025-07-25 00:00:00+00:00,566.3699951171875,0.18336671252419148,-0.4487327898976714,-0.6101115507664323,0.5700527247489743,-0.7604107850336437,-0.7821295412691673,-0.31464788760467177,20.767195767195766,-0.02205270466665643,False,-0.02205270466665643,False,-0.02205270466665643,False,0.0511978193425976
2025-07-28,2025-07-28 00:00:00+00:00,568.1400146484375,0.3973482173354849,-0.44681848311131606,-0.5118293196594876,0.5515582925608183,-0.7680681315138558,-0.7835262639301692,-0.2663211961702315,26.322751322751326,-0.025099463860944637,False,-0.025099463860944637,False,-0.025099463860944637,False,0.05347538849614024
2025-07-29,2025-07-29 00:00:00+00:00,567.260009765625,0.3030944852055862,-0.13661003166897048,-0.6029872821768212,0.4424419540925609,-0.6872175551407481,-0.6328453333759964,-0.2178176205163752,31.878306878306876,-0.023587075860222795,False,-0.023587075860222795,False,-0.023587075860222795,False,0.05160039030818609
2025-07-30,2025-07-30 00:00:00+00:00,568.02001953125,0.8754777762801856,-0.2215856242645433,-0.577387995198244,0.5965086285903813,-0.7091735478542277,-0.6697201294138652,-0.10218352906853014,50.661375661375665,-0.024893514598493094,False,-0.024893514598493094,False,-0.024893514598493094,False,0.06857322541774752
2025-07-31,2025-07-31 00:00:00+00:00,565.010009765625,1.2787568753711762,-0.0522603687025211,-0.464253255187037,0.4310994237756238,-0.5887686487417157,-0.46220181407265687,0.055957815253622416,69.97354497354497,-0.019698774695034893,False,-0.019698774695034893,False,-0.019698774695034893,False,0.061043439636617486
2025-08-01,2025-08-01 00:00:00+00:00,553.8800048828125,0.9693011010620806,0.7669209218382523,-0.3549871182607408,-0.04288801274248769,-0.1697747191981801,0.14027419674422095,0.26106634025991493,81.87830687830689,0.011536821318887336,False,0.011536821318887336,False,0.011536821318887336,False,0.060668475094323944
2025-08-04,2025-08-04 00:00:00+00:00,564.0999755859375,0.981329801699085,0.6233979435769402,-0.46234737514220464,0.31934692237798873,-0.513983471964381,-0.24635500584666264,0.13937525715662719,76.85185185185185,-0.006789498706695207,False,-0.006789498706695207,False,-0.006789498706695207,False,0.07501610879374415
2025-08-05,2025-08-05 00:00:00+00:00,560.27001953125,1.161505492690799,0.6672495120816783,-0.28903634338528356,0.2139660362774126,-0.36992944488010915,-0.24473946682871076,0.21264601411173112,80.55555555555556,0.01258319657879814,False,0.01258319657879814,False,0.005372426973949684,False,0.0547936473895168
2025-08-06,2025-08-06 00:00:00+00:00,567.3200073242188,1.4214072021186397,0.46158947424988056,-0.40884521438243293,0.2586865652938693,-0.5479934892073831,-0.3462638710693392,0.17258685286170267,78.17460317460318,0.0033843031893268094,False,-0.0025029663890290266,False,-0.007121162615784438,False,0.08055685495128365
2025-08-07,2025-08-07 00:00:00+00:00,569.239990234375,1.648653983540129,0.48250717894179634,-0.6488253477952224,0.32957685023303845,-0.5745088472953691,-0.40872279753842766,0.19001453733796947,79.36507936507937,0.006341763427541558,False,-0.010470032042278143,False,-0.010470032042278143,False,0.0756100065756741
2025-08-08,2025-08-08 00:00:00+00:00,574.5499877929688,1.9615506580261297,0.44668513015597794,-0.6457524645897459,0.5698066126751008,-0.703396829794314,-0.7387302779070926,0.1917832250306319,79.4973544973545,-0.0029588586600820532,False,-0.01961527932388496,False,-0.01961527932388496,False,0.05712674096658925
2025-08-11,2025-08-11 00:00:00+00:00,572.8499755859375,2.055768738427489,0.5302572421749067,-0.7285971465508506,0.44125272177815567,-0.6137821445103587,-0.4492393906922886,0.27141622058284265,82.01058201058201,0.007436519066388536,False,-0.016705850915458176,False,-0.016705850915458176,False,0.059365901733532636
2025-08-12,2025-08-12 00:00:00+00:00,580.0499877929688,1.603061348496573,0.37727346809641743,-0.8133633521743341,0.6315763498550333,-0.797117286488159,-0.658066548757248,0.09956664012551736,72.88359788359789,-0.0185672937207918,False,-0.02891122980607541,False,-0.02891122980607541,False,0.05948372627767256
2025-08-13,2025-08-13 00:00:00+00:00,580.3400268554688,1.0871207095907514,0.45768309812450964,-0.9068505638197226,0.6018287135031372,-0.7892016124866063,-0.6423069391182026,-0.0006358530406367635,63.62433862433863,-0.024881968799650767,False,-0.029396555069675534,False,-0.029396555069675534,False,0.053879819939207055
2025-08-14,2025-08-14 00:00:00+00:00,579.8900146484375,1.4734409955634664,0.4551863992682191,-0.6014980742735822,0.5110727659648814,-0.729076011497785,-0.6054337006864535,0.11257532403345243,73.54497354497354,-0.028643337412237457,False,-0.028643337412237457,False,-0.028643337412237457,False,0.04920026818406636
2025-08-15,2025-08-15 00:00:00+00:00,577.3400268554688,1.38713961625338,0.2834078898253241,-0.6778380514067489,0.39557992842814754,-0.6307599051474719,-0.49650833953448226,0.08603864191163099,71.29629629629629,-0.024353062155022753,False,-0.024353062155022753,False,-0.024353062155022753,False,0.05704516075701786
2025-08-18,2025-08-18 00:00:00+00:00,577.1099853515625,1.1331617601783426,0.1834405297813937,-0.5152111255178665,0.30589263234549174,-0.587195889904643,-0.5792964646614905,0.015212742889687967,65.47619047619048,-0.02396416004873425,False,-0.02396416004873425,False,-0.02396416004873425,False,0.04627470826584752
2025-08-19,2025-08-19 00:00:00+00:00,569.280029296875,1.056845395151735,0.30751662945240904,-0.3616157847836314,0.11544356049714312,-0.34442753733554415,-0.37809643229487216,0.09414673511833341,72.22222222222221,-0.010539628462657769,False,-0.010539628462657769,False,-0.010539628462657769,False,0.05629934150278532
2025-08-20,2025-08-20 00:00:00+00:00,565.9000244140625,0.8079759644004874,0.575855006215339,-0.372296085460439,-0.0591242781379713,-0.21006726167023512,-0.33154952060835485,0.09355183708994076,71.6931216931217,-0.004629784421550931,False,-0.004629784421550931,False,-0.004629784421550931,False,0.06864731987959748
2025-08-21,2025-08-21 00:00:00+00:00,563.280029296875,0.6724269470855763,0.5444069111905535,-0.1396441904190195,-0.18405158893094906,-0.10822253719797413,-0.21955159106468644,0.10901944306162184,73.4126984126984,0.012498185025539676,False,0.004154178558812838,False,0.004154178558812838,False,0.06409334693237072
2025-08-22,2025-08-22 00:00:00+00:00,571.969970703125,0.5464316053692316,0.35245304688073437,-0.2748503523973245,0.07622198239170692,-0.39291805459348633,-0.5774527374930015,-0.0479716181923175,56.613756613756614,-0.0028847028050754675,False,-0.011101938757609009,False,-0.011101938757609009,False,0.048618148535051774
2025-08-25,2025-08-25 00:00:00+00:00,570.3200073242188,0.5749447192419757,0.43979756487480687,0.36922519296410583,-0.020995958546869236,-0.3093608267951614,-0.48123581482712136,0.056612375769539806,68.65079365079364,-0.008241008813775208,False,-0.008241008813775208,False,-0.008241008813775208,False,0.041223023192597345
2025-08-26,2025-08-26 00:00:00+00:00,572.6099853515625,0.8269598395625076,0.19538767712736915,0.3728481793136046,0.023922789417391566,-0.3766566559774882,-0.5494367365468588,0.050354677320706705,67.85714285714286,-0.012207244744576684,False,-0.012207244744576684,False,-0.012207244744576684,False,0.0394410878716994
2025-08-27,2025-08-27 00:00:00+00:00,573.489990234375,0.48955646368311356,0.2527344755069936,0.5379685517213046,-0.005893329886990363,-0.3924393802389252,-0.5166734810121913,0.006911747501530343,64.28571428571429,-0.013722986017543515,False,-0.013722986017543515,False,-0.013722986017543515,False,0.041167783128225735
2025-08-28,2025-08-28 00:00:00+00:00,577.0800170898438,0.3702675509132425,0.317017444820146,0.24665514252449852,0.1280869906088244,-0.5012022201807302,-0.6143260234813813,-0.057620958982978435,55.42328042328042,-0.019858635948699077,False,-0.019858635948699077,False,-0.019858635948699077,False,0.042664895125192885
2025-08-29,2025-08-29 00:00:00+00:00,570.4000244140625,0.3108262380170855,-0.06674009499354135,0.4608468569532769,0.02537769309107737,-0.3401895567053883,-0.3231232554100254,-0.030616989409707546,59.523809523809526,-0.008380135154771873,False,-0.008380135154771873,False,-0.008380135154771873,False,0.052477814441049216
2025-09-02,2025-09-02 00:00:00+00:00,565.6199951171875,0.14795053029078772,0.0076444980322523115,0.29787383573535936,-0.37795552166280677,-0.11043653663574161,-0.06002494362095009,-0.03026145996422802,59.523809523809526,0.007867494511238471,False,0.007867494511238471,False,0.007867494511238471,False,0.04956685722005843
2025-09-03,2025-09-03 00:00:00+00:00,570.0700073242188,0.6163109657117315,0.02599703442279777,0.103953263610417,-0.12832480072330643,-0.26772705895659415,-0.19378704950164627,0.026005532866663624,66.4021164021164,0.009051472763408563,False,0.009051472763408563,False,0.009051472763408563,False,0.0522197926713342
2025-09-04,2025-09-04 00:00:00+00:00,575.22998046875,0.3247059850354511,0.20406398736115575,0.22937760948996522,-0.05637988571578495,-0.3913916749400044,-0.3985136133198573,-0.04794948444907998,56.481481481481474,0.001442930859006042,False,0.001442930859006042,False,0.001442930859006042,False,0.03635974011545129
2025-09-05,2025-09-05 00:00:00+00:00,576.0599975585938,0.1333794950038689,0.48940969311343746,0.10832299904734866,-0.0669214316193373,-0.3726395142035927,-0.36756115154386093,-0.047158695019867046,56.613756613756614,0.004877959883524019,False,0.004877959883524019,False,0.004877959883524019,False,0.03679637107374996
2025-09-08,2025-09-08 00:00:00+00:00,578.8699951171875,-0.06895027553884354,0.8018169402740115,0.27103516714129466,-0.08071760478026291,-0.4137427045075283,-0.46875100006503595,-0.055020378984089825,55.55555555555556,0.002833131207820694,False,0.002833131207820694,False,0.002833131207820694,False,0.03355637212348382
2025-09-09,2025-09-09 00:00:00+00:00,580.510009765625,0.004913873464224154,0.6678308534696272,-0.06185536379570651,-0.027919382264168263,-0.46225057963392757,-0.5668007721213744,-0.11502631135696736,47.48677248677249,0.00032730261013580453,False,0.00032730261013580453,False,0.00032730261013580453,False,0.035631858113402866
2025-09-10,2025-09-10 00:00:00+00:00,580.7000122070312,0.41121357178952334,0.9069319397843764,-0.07151379994180623,-0.09394542911686925,-0.421235384467273,-0.48337323671708843,0.01611758672697782,65.74074074074075,0.005820569677562615,False,0.005820569677562615,False,0.005820569677562615,False,0.03402271997919591
2025-09-11,2025-09-11 00:00:00+00:00,584.0800170898438,0.3184732032690143,0.8041698951338528,-0.21748724494276225,0.006314394397899011,-0.5088349305135771,-0.5287086428560249,-0.043990155084631014,57.67195767195767,0.004417127755101058,False,0.004417127755101058,False,0.004417127755101058,False,0.0451569313685958
2025-09-12,2025-09-12 00:00:00+00:00,586.6599731445312,0.39778540057393735,0.757247683019775,-0.270003137532328,0.05959990956511418,-0.5484541884877543,-0.516342391455703,-0.037875410739403426,58.86243386243386,0.005693292551673501,False,0.005693292551673501,False,0.004841010100358645,False,0.04932381452226037
2025-09-15,2025-09-15 00:00:00+00:00,591.6799926757812,0.7144325047402882,0.7673096284310591,-0.4650361458095514,0.20219503354783117,-0.6757752435354915,-0.36625405638092534,0.033402725680652647,67.85714285714286,-0.002839360290321391,False,-0.002839360290321391,False,-0.0036844116799058524,False,0.06495151538643312
2025-09-16,2025-09-16 00:00:00+00:00,591.1799926757812,0.7133499762634626,0.857464231925972,-0.3742328118517217,0.14388300438614113,-0.6401531113419969,-0.2703398672712233,0.07335020379169326,71.29629629629629,-0.001995995619608837,False,-0.001995995619608837,False,-0.0028417617250159344,False,0.07260175805087819
2025-09-17,2025-09-17 00:00:00+00:00,590.0,0.7746234207905965,0.6691602071817485,-0.3885456772220762,0.24484515050181285,-0.6241234672935804,-0.40916732882621504,0.0465127608644868,68.65079365079364,0.009016961566472359,False,0.005983100503178074,False,-0.0008474576271186862,False,0.10403522237502298
2025-09-18,2025-09-18 00:00:00+00:00,595.3200073242188,0.7216316680803674,0.2797599860553025,-0.4839149571511529,0.39544435179724285,-0.7682342307710215,-0.37883635704004387,-0.03219862898337312,59.523809523809526,-0.0030067493202339257,False,-0.0030067493202339257,False,-0.009776266970058511,False,0.12551908525111902
2025-09-19,2025-09-19 00:00:00+00:00,599.3499755859375,0.9961816161071534,0.24843192037829875,-0.417020298906721,0.5527544817943754,-0.8596728633571308,-0.44537372658876845,0.016702935667479837,65.74074074074075,-0.009710430509941692,False,-0.009710430509941692,False,-0.016434430611777295,False,0.13533084454778135
2025-09-22,2025-09-22 00:00:00+00:00,602.2000122070312,1.255382795446621,0.19338724403512342,-0.2521023649665999,0.452466863619214,-0.8740451608708716,-0.40881046214498723,0.06617331413764305,70.5026455026455,-0.014397181558301941,False,-0.014397181558301941,False,-0.021089358933232827,False,0.18124562502910352
2025-09-23,2025-09-23 00:00:00+00:00,598.2000122070312,0.8173183666435028,0.40127303845241413,-0.5324933417911596,0.3265634824323167,-0.7267144278583886,-0.35225176471237996,0.0035965787681405265,63.62433862433863,-0.00780672486603029,False,-0.00780672486603029,False,-0.014543651002167257,False,0.18194887297304937
2025-09-24,2025-09-24 00:00:00+00:00,596.0999755859375,0.5886268300019326,0.3582197453998668,-0.4802532873391948,0.22567153768738454,-0.6293405609596012,-0.38652835902287314,-0.04589005426694017,56.74603174603175,-0.004311267227508853,False,-0.004311267227508853,False,-0.011071927287784278,False,0.17190579418866334
2025-09-25,2025-09-25 00:00:00+00:00,593.530029296875,0.7819363419630866,0.4174204232319226,-0.042678169819296286,0.11127794899419023,-0.5209897673535584,-0.2822226817988726,0.0707817174141184,70.8994708994709,0.004110897993047535,False,0.004110897993047535,False,-0.006789933277089877,False,0.18187844833747838
2025-09-26,2025-09-26 00:00:00+00:00,595.969970703125,0.374450849622521,0.21263995400140412,-0.058472134840651446,0.13646890309473764,-0.5750484159371864,-0.5043347155251141,-0.09446734128759977,50.661375661375665,0.004631122206323113,False,-0.010856202528949144,False,-0.010856202528949144,False,0.1570002045002688
2025-09-29,2025-09-29 00:00:00+00:00,598.72998046875,0.44902837819587454,0.27690222511417734,-0.30151974475077636,0.29460828241111375,-0.6816329149288829,-0.4255689785244604,-0.07606010139777773,52.38095238095239,0.0027391557161602353,False,-0.015415931671775907,False,-0.015415931671775907,False,0.1856619233469841
2025-09-30,2025-09-30 00:00:00+00:00,600.3699951171875,0.6148210642107909,0.26029110482530365,-0.2604359776354537,0.43910923401330076,-0.7520151873972069,-0.4342890484158254,-0.03543018125820302,58.86243386243386,0.004680443029211112,False,-0.018105493621588753,False,-0.018105493621588753,False,0.18069160589879144
2025-10-01,2025-10-01 00:00:00+00:00,603.25,0.2889600880663831,0.3093681919254523,-0.3887563585648562,0.40061196800055177,-0.7921165082316507,-0.4087586632832373,-0.114761628557286,47.08994708994709,-0.00011605026807914864,False,-0.022793203481143776,False,-0.022793203481143776,False,0.17316634921158022
2025-10-02,2025-10-02 00:00:00+00:00,605.72998046875,0.1169536642382194,0.34072514672556026,-0.4553834842188995,0.3430210951483124,-0.8026146603748626,-0.3982310524278292,-0.15975482185370357,41.13756613756614,-0.004209776427106071,False,-0.02679408481018275,False,-0.02679408481018275,False,0.16307697681422928
2025-10-03,2025-10-03 00:00:00+00:00,603.1799926757812,-0.03956455166752567,0.08822288456579785,-0.6077669412677013,0.20963230457958446,-0.7167871939986957,-0.2975789317633486,-0.22688455124087675,29.761904761904763,-0.022679785208218006,False,-0.022679785208218006,False,-0.022679785208218006,False,0.1870958135417345
2025-10-06,2025-10-06 00:00:00+00:00,607.7100219726562,0.0532516118408628,-0.24512225910778618,-0.8854823641910206,0.2606739227063049,-0.8058124785765597,-0.400331303339495,-0.31679392089436265,19.841269841269842,-0.0299649854605748,False,-0.0299649854605748,False,-0.0299649854605748,False,0.16495302664853714
2025-10-07,2025-10-07 00:00:00+00:00,604.510009765625,0.0006195070967856727,0.026490419571753115,-0.6772338292123474,0.12791824574615607,-0.6772348513571141,-0.2614349783080395,-0.23217214763722197,29.365079365079367,-0.024830043379173383,False,-0.024830043379173383,False,-0.024830043379173383,False,0.13889886355179035
2025-10-08,2025-10-08 00:00:00+00:00,611.4400024414062,-0.157445228473298,-0.0003137245707430976,-0.7114816673334269,0.31364816170930104,-0.842992019288619,-0.40526773285322343,-0.3052889972855871,21.957671957671955,-0.03588251071863546,True,-0.03588251071863546,False,-0.03588251071863546,False,0.1569287669530716
2025-10-09,2025-10-09 00:00:00+00:00,610.7000122070312,0.38284820833530436,0.11797244279054431,-0.8579412366567472,0.2947834354390113,-0.7763233876119643,-0.41484558416333794,-0.18554489461924098,36.24338624338625,-0.03471428161662504,True,-0.03471428161662504,False,-0.03471428161662504,False,0.14980390178665898
2025-10-10,2025-10-10 00:00:00+00:00,589.5,-0.09221118300459531,0.9330461640756696,-0.020124718085333757,-0.6055046023028948,-0.09088850202093589,0.5776923536745411,0.12603729618718484,76.19047619047619,0.014418999151823542,False,0.014418999151823542,False,0.014418999151823542,False,0.18315722576466545
2025-10-13,2025-10-13 00:00:00+00:00,602.010009765625,-0.025542511199573514,0.6289831727437235,0.1449359674925518,-0.26258610014146544,-0.43738757388436794,0.19345209374365918,0.015557559371537431,66.13756613756614,-0.006661035033597162,False,-0.006661035033597162,False,-0.006661035033597162,False,0.16803097919695606
2025-10-14,2025-10-14 00:00:00+00:00,598.0,-0.54723479680452,0.6571400727270236,0.2516097132925684,-0.4699101520363822,-0.3147975442009606,0.43166670594579193,-0.032827667579084674,60.05291005291006,0.0033277428668478937,False,0.0033277428668478937,False,0.0033277428668478937,False,0.16596452656191538
2025-10-15,2025-10-15 00:00:00+00:00,602.219970703125,-0.23296190991453192,0.4561576475077625,0.6200956603811042,-0.30729859171135915,-0.4332827071553876,0.462456634354569,0.043580827864500814,69.17989417989418,-0.0037029334416565085,False,-0.0037029334416565085,False,-0.0037029334416565085,False,0.19002815073232218
2025-10-16,2025-10-16 00:00:00+00:00,599.989990234375,-0.029262608680563473,1.0860382351497615,0.8559559084729522,-0.5580899295478038,-0.30883809960031566,1.1554537998085703,0.3282584549931271,84.39153439153439,0.006566780288896457,False,0.006566780288896457,False,0.006566780288896457,False,0.22281099536078103
2025-10-17,2025-10-17 00:00:00+00:00,603.9299926757812,-0.2060861340081754,0.891881201189381,1.002244657207675,-0.3225959435553079,-0.39458913545162516,0.17303882315229566,0.10008996510437748,74.07407407407408,0.0025830768094194934,False,0.0025830768094194934,False,0.0025830768094194934,False,0.13963243688777516
2025-10-20,2025-10-20 00:00:00+00:00,611.5399780273438,-0.41126551727715394,0.9116369324793722,0.9629531158418074,-0.050403425538701994,-0.604378373029543,-0.06579702609198995,0.009192154345543912,65.60846560846561,-0.009893037267137195,False,-0.009893037267137195,False,-0.012885510622267393,False,0.11939709192084903
2025-10-21,2025-10-21 00:00:00+00:00,611.3800048828125,-0.505082153301351,0.9149485661817508,0.9308713150139137,0.01929546354498309,-0.6002199587127572,-0.21127129597218613,-0.030090945636857443,60.978835978835974,-0.009633966765999258,False,-0.009633966765999258,False,-0.024649166155028768,False,0.11824865407459881
2025-10-22,2025-10-22 00:00:00+00:00,605.489990234375,-0.4587633198085364,1.017717047561061,1.0310629685644097,-0.11071465851708133,-0.4278211032320938,-0.08510692746454522,0.044818385112002826,69.44444444444444,0.008406459128248223,False,0.008406459128248223,False,-0.015161262487969118,False,0.12227946570750792
2025-10-23,2025-10-23 00:00:00+00:00,610.5800170898438,-0.5243366261474609,0.6464811862569634,0.7917202136839179,0.07937856172956816,-0.5847631690275227,-0.3972282385398632,-0.11321462317659783,48.148148148148145,0.010678303111145482,False,0.0017851318251578263,False,-0.04079732955954585,False,0.09852652642545075
2025-10-24,2025-10-24 00:00:00+00:00,617.0999755859375,-0.02021777499219121,0.6024773582454362,0.3429500902399741,0.2870502642739326,-0.7281330582899851,-0.471523578303141,-0.07625072991516077,52.910052910052904,0.014503342345028036,False,-0.011926730907053096,False,-0.05093176781596598,False,0.10190374475183014
2025-10-27,2025-10-27 00:00:00+00:00,628.0900268554688,0.3634914496032791,0.37301366208678055,0.22639332516442845,0.5050643030563687,-0.9630233240094718,-0.44535447437725406,-0.05462624246877411,55.82010582010582,-0.0032480042275363497,False,-0.029215615336169454,False,-0.06753815875359204,False,0.1458844100232044
2025-10-28,2025-10-28 00:00:00+00:00,632.9199829101562,0.8681841324709797,0.48592175276760957,0.17823032587269347,0.5932612392104071,-1.0389630976985587,-0.36469194750541273,0.07260629883737352,72.08994708994709,-0.021598279844636692,False,-0.03662389133172883,False,-0.07465398672158408,False,0.16319693264979124
2025-10-29,2025-10-29 00:00:00+00:00,635.77001953125,1.5764347340551679,0.22559946241425677,0.13522141985887232,0.5893803736608086,-1.0587603599594522,-0.3425933137346664,0.1707853294693569,78.17460317460318,-0.02598426950586652,False,-0.04094252402160581,False,-0.07880213769443278,False,0.13798407092073023
2025-10-30,2025-10-30 00:00:00+00:00,626.0499877929688,1.1722659737690433,0.22766216205876036,0.0687645386754228,0.25792828376037974,-0.731130061686628,-0.2872654763447867,0.110489107887939,74.60317460317461,-0.02296941963613275,False,-0.02819257842513212,False,-0.06449964966082855,False,0.1351251990876862
2025-10-31,2025-10-31 00:00:00+00:00,629.0700073242188,1.304115662533808,0.22398844002481735,-0.10090009730318567,0.36428520450115914,-0.8138185430815742,-0.16842312158482908,0.14252583652205883,76.98412698412699,-0.03072792672482505,True,-0.032858000968885914,False,-0.06899077035744672,False,0.16217637939772572
2025-11-03,2025-11-03 00:00:00+00:00,632.0800170898438,1.4584675526594724,0.4982602203796674,0.26605105608414037,0.42767828524811485,-0.8497096312679361,-0.17707443511402438,0.25183257870808373,81.48148148148148,-0.035343668920786886,True,-0.04496273126329964,False,-0.07342430218465645,False,0.13851487330930085
2025-11-04,2025-11-04 00:00:00+00:00,619.25,1.1717135361320639,0.48977873430209434,0.490722992238757,0.017235419004596027,-0.4766724081525234,0.09765217835858053,0.28366308348750346,82.53968253968253,-0.015357302810859896,False,-0.037044816215431986,False,-0.05422691496139487,False,0.1270510540421155
2025-11-05,2025-11-05 00:00:00+00:00,623.280029296875,0.9324984296946158,0.13078131825126535,0.3455202269000945,-0.003244761466574144,-0.5365694964994628,-0.09826375634224019,0.1132155415782957,74.33862433862434,-0.02172384550452322,False,-0.043271130905166766,False,-0.06034213294006352,False,0.11670095068252942
2025-11-06,2025-11-06 00:00:00+00:00,611.6699829101562,0.5908569611922773,0.39872704183539387,0.6171168060190421,-0.37259805872052915,-0.19219488574613708,0.15077751700339656,0.1755189465590413,78.17460317460318,-0.005345952208634097,False,-0.04250658153323006,False,-0.04250658153323006,False,0.09865297256817797
2025-11-07,2025-11-07 00:00:00+00:00,609.739990234375,0.4730546154324246,-0.1938899858260954,0.34820608089405497,-0.08498204886704847,-0.24679190624310499,0.029116287250736766,0.04406560217344521,68.25396825396825,-0.002197601997201204,False,-0.039475854806516164,False,-0.039475854806516164,False,0.10832044288885076
2025-11-10,2025-11-10 00:00:00+00:00,623.22998046875,0.7878496238723939,-0.28985361525439224,0.38325413980071676,0.12888206719839138,-0.5637650931922166,-0.1585592762827625,0.02728473265115451,66.66666666666666,-0.03140094016256978,True,-0.06026667319557344,True,-0.06026667319557344,False,0.10533192964981825
2025-11-11,2025-11-11 00:00:00+00:00,621.5700073242188,0.9390559884148781,-0.2559499264361706,0.5033445085813504,0.18351097855890888,-0.5336292014828193,-0.2907855130542354,0.06239686345211046,70.1058201058201,-0.04063904221242298,True,-0.05775700885023016,True,-0.05775700885023016,False,0.09660025759881802
2025-11-12,2025-11-12 00:00:00+00:00,621.0800170898438,0.7361196787004646,-0.02232028133220032,0.4184701323957613,0.09979724281259705,-0.47986632192249185,-0.20492523356534625,0.06373418210416094,70.1058201058201,-0.039882171136842115,True,-0.05701364269551945,True,-0.05701364269551945,False,0.1013141453276134
2025-11-13,2025-11-13 00:00:00+00:00,608.4000244140625,0.31493983923488333,-0.19223952953378734,0.4318962679958571,-0.4130363674864421,-0.09426633323944784,0.1420239628076321,0.02493773600716482,66.13756613756614,-0.037360356002281714,True,-0.037360356002281714,False,-0.037360356002281714,False,0.09614551536637397
2025-11-14,2025-11-14 00:00:00+00:00,608.8599853515625,0.46790602380017576,-0.18491107113036054,0.9222161644847007,-0.44199193799623465,-0.07843028886355013,0.17064319636373923,0.11020995133955377,73.80952380952381,-0.03808757842415289,True,-0.03808757842415289,False,-0.03808757842415289,False,0.1005545530299017
2025-11-17,2025-11-17 00:00:00+00:00,603.6599731445312,0.6356690645222333,0.0674696119378624,0.7945560322828318,-0.6439113068760814,0.1289008368810426,0.6360754760641945,0.2731184244810444,82.14285714285714,-0.029801529063891996,False,-0.029801529063891996,False,-0.029801529063891996,False,0.11506962919113203
2025-11-18,2025-11-18 00:00:00+00:00,596.3099975585938,0.330293444348902,0.07180366850400588,0.5049222975868103,-0.8275272652955139,0.34594638450764825,0.9865106591916216,0.2696837878495892,81.87830687830689,-0.01784309284097152,False,-0.01784309284097152,False,-0.01784309284097152,False,0.13247336086527023
2025-11-19,2025-11-19 00:00:00+00:00,599.8699951171875,0.6786426224372005,-0.0957769471939491,0.7320714155410961,-0.7195748155430063,0.22024712509874242,0.7989912092947755,0.29048056850971,83.06878306878306,-0.023671816097848297,False,-0.023671816097848297,False,-0.023671816097848297,False,0.13129846813421264
2025-11-20,2025-11-20 00:00:00+00:00,585.6699829101562,0.5186768037162565,0.37309718659961905,0.9636362205865601,-0.921610058447714,0.6484090540145272,1.0797944760924418,0.46346275804608683,89.94708994708994,0.007512805065062578,False,0.007512805065062578,False,0.007512805065062578,False,0.10431864755718999
2025-11-21,2025-11-21 00:00:00+00:00,590.0700073242188,-0.16390053547328032,0.40579212745857524,1.161619896969115,-0.7600251427465977,0.5305709849545038,0.6639957224452531,0.2691602717890035,81.48148148148148,0.02557317883134025,False,0.02557317883134025,False,0.017523286545610084,False,0.09721373755854756
2025-11-24,2025-11-24 00:00:00+00:00,605.1599731445312,0.26387601968087954,0.3905826639233058,1.1614364300970528,-0.4591040505606066,0.15344116208455383,0.176377788005326,0.22460442896826205,80.02645502645503,0.006163728054458417,False,0.006163728054458417,False,-0.007849164205818271,False,0.05945712944483989
2025-11-25,2025-11-25 00:00:00+00:00,608.8900146484375,-0.39421082283507203,0.2508714973860475,1.0768000419508605,-0.4212398147592294,0.05464042787496958,-0.128936328775695,-0.011576588158050717,59.92063492063492,0.008835758106361391,False,0.008835758106361391,False,-0.013927049713243322,False,0.04871140451228595
2025-11-26,2025-11-26 00:00:00+00:00,614.27001953125,-0.8067631732915954,0.3647779320587394,0.9360934470542767,-0.36266745689696056,-0.08018959650126126,-0.2779613828352917,-0.1390569145459352,40.87301587301587,0.004720991236263128,False,0.004720991236263128,False,-0.022563442697879577,False,0.040742360662306146
2025-11-28,2025-11-28 00:00:00+00:00,619.25,-0.556028041396234,0.13592650079999144,0.796979193564816,-0.26534934989079734,-0.254398898727629,-0.4856764887191086,-0.19893619377573366,30.555555555555557,-0.0033589294951049675,False,-0.009091651001715828,False,-0.0304239432466189,False,0.03880461586925638
2025-12-01,2025-12-01 00:00:00+00:00,617.1699829101562,-0.5024003940302494,-0.0073252105635441545,0.8593413333623497,-0.3431464268006208,-0.16385281141461536,-0.3369790937256332,-0.16728307210248933,37.03703703703704,0.00782607259521706,False,-0.010742591289922832,False,-0.02715622961213393,False,0.04394618100046733
2025-12-02,2025-12-02 00:00:00+00:00,622.0,-0.7572002507450835,-0.12358806041865772,0.5837607253147008,-0.348719296675497,-0.262757711595955,-0.3538780323304547,-0.28723722996695183,20.502645502645503,0.0015112579443830043,False,-0.018424472624849253,False,-0.03471065410847063,False,0.04700774220562059
2025-12-03,2025-12-03 00:00:00+00:00,623.52001953125,-0.9776926361866748,-0.19643594647655316,0.44544275402773514,-0.25369743784788534,-0.36253204000946093,-0.38352953830043024,-0.3677265751452055,13.095238095238097,-0.000930230099556062,False,-0.037063840234179524,False,-0.037063840234179524,False,0.06868239532983501
2025-12-04,2025-12-04 00:00:00+00:00,622.9400024414062,-0.7625747445929151,-0.20025664988517541,0.4108621101880787,-0.29015603756572017,-0.3317866061428528,-0.38748128267939663,-0.3288442187818594,15.873015873015872,0.002151133095028346,False,-0.03616725400291532,False,-0.03616725400291532,False,0.06674049624505718
2025-12-05,2025-12-05 00:00:00+00:00,625.47998046875,-0.7213529821443618,-0.5828170443658731,0.26485450571396296,-0.07276245972470076,-0.4456155503399984,-0.5063209848636697,-0.4065093785117958,9.920634920634921,-0.018961414788486675,False,-0.04008123058619828,False,-0.04008123058619828,False,0.07784022943183751
2025-12-08,2025-12-08 00:00:00+00:00,624.280029296875,-0.32986374064325724,-0.5373789527994072,0.025648332535369467,-0.10226523352921897,-0.4072274733120725,-0.4024466889937196,-0.32128937528556684,16.93121693121693,-0.022009435869679517,False,-0.03823613608019549,False,-0.03823613608019549,False,0.08205888990480102
2025-12-09,2025-12-09 00:00:00+00:00,625.0499877929688,-0.6240689836679073,-0.33177730112440457,0.1323985850372857,-0.2914892214953387,-0.3473445969832622,-0.3816002437905605,-0.3508528847775789,14.417989417989418,-0.023214158945685903,False,-0.03942087053779586,False,-0.03942087053779586,False,0.06564082244113914
2025-12-10,2025-12-10 00:00:00+00:00,627.6099853515625,-0.8406924484931992,-0.41643734262645277,0.08746861600865385,-0.17635347933636678,-0.4295005565555316,-0.5418881995630417,-0.442588002615912,7.4074074074074066,-0.0433390367296258,True,-0.0433390367296258,False,-0.0433390367296258,False,0.0656012891957689
2025-12-11,2025-12-11 00:00:00+00:00,625.5800170898438,-1.009380118505374,-0.4863286871986688,0.3233586955351654,-0.20015488822329652,-0.3814605569676644,-0.6474071495000115,-0.4782862317543883,5.952380952380952,-0.04023473138160938,True,-0.04023473138160938,False,-0.04023473138160938,False,0.0595618042815557
2025-12-12,2025-12-12 00:00:00+00:00,613.6199951171875,-1.1023282333819895,-0.600152997806083,0.5357648469175768,-0.3512902082349541,-0.10809733347017932,-0.45367671367480017,-0.4219604523197917,8.862433862433862,-0.021528017466467042,False,-0.021528017466467042,False,-0.021528017466467042,False,0.07404257046460526
2025-12-15,2025-12-15 00:00:00+00:00,610.5399780273438,-1.3983606331996097,-0.48868235471645116,0.41288420583318775,-0.48585520951004835,-0.01682387092088805,-0.3922446151038302,-0.4663780378955218,6.216931216931217,-0.016591878087234502,False,-0.016591878087234502,False,-0.016591878087234502,False,0.07422923834038636
2025-12-16,2025-12-16 00:00:00+00:00,611.75,-1.2825528101311263,-0.47123420397074783,0.6817433480386521,-0.37861209129024315,-0.06103144950835456,-0.3976574740338495,-0.4075509562199495,10.44973544973545,-0.018537027961534558,False,-0.018537027961534558,False,-0.018537027961534558,False,0.07000537746854424
2025-12-17,2025-12-17 00:00:00+00:00,600.4099731445312,-1.323306501686971,-0.44107707758749654,0.9702168732076164,-0.6084780312097798,0.2243660515953115,-0.09957941656541895,-0.30011555233024545,20.502645502645503,0.014490119412018831,False,0.014490119412018831,False,0.014490119412018831,False,0.08469689650484123
2025-12-18,2025-12-18 00:00:00+00:00,609.1099853515625,-1.2872284682014767,-0.40109736421670433,0.9107156054099634,-0.43508726682235804,0.000514554576281819,-0.125017039571498,-0.31670232475420157,18.386243386243386,0.013035416644538333,False,0.006583391935875982,False,-0.001723806567319186,False,0.09211175010349644
2025-12-19,2025-12-19 00:00:00+00:00,617.0499877929688,-0.9337974907184559,-0.6945670901416384,0.38030160425895626,0.10663840724145414,-0.29123002122052866,-0.48558401849243393,-0.3922814480954157,11.64021164021164,0.0035005821609581655,False,-0.006369002112515787,False,-0.014569306234864188,False,0.09150229455677512
2025-12-22,2025-12-22 00:00:00+00:00,619.2100219726562,-0.7074185665113499,-0.7837878837090074,0.4192112762796386,0.11219130864996908,-0.334883898149724,-0.644851312010276,-0.39624911396516194,11.64021164021164,0.0003552440937959478,False,-0.009835155503567838,False,-0.018006853924200317,False,0.1058921289560729
2025-12-23,2025-12-23 00:00:00+00:00,622.1099853515625,-0.7695936797547379,-0.7670906550651974,0.5674635072661982,-0.07070503271053974,-0.33434707841994876,-0.6764464324843502,-0.4250004405715481,8.994708994708994,-0.012537956272411943,False,-0.014450805237107178,False,-0.02258441131599731,False,0.08707563532670413
2025-12-24,2025-12-24 00:00:00+00:00,623.9299926757812,-0.5842563355680075,-0.643847038772544,0.4958689372796538,-0.040778083562240976,-0.3565404777848867,-0.8175013597610654,-0.4047665092450443,10.978835978835978,-0.017325657822978013,False,-0.017325657822978013,False,-0.025435538126845847,False,0.07456130605547406
2025-12-26,2025-12-26 00:00:00+00:00,623.8900146484375,-0.6760239114717205,-0.5725903707291371,0.44916782182203335,-0.14478916709716746,-0.3131695320159696,-0.7742033385830005,-0.4153695049058804,9.920634920634921,-0.017262689381747687,False,-0.017262689381747687,False,-0.0253730893557641,False,0.07968712979357521
2025-12-29,2025-12-29 00:00:00+00:00,620.8699951171875,-0.7283999451208243,-0.35315082832063,0.2940273037461168,-0.31439112835596167,-0.18911779294629993,-0.5938903517110252,-0.373010181082507,14.02116402116402,-0.012482484354131462,False,-0.012482484354131462,False,-0.020632334722788248,False,0.07719667712206646
2025-12-30,2025-12-30 00:00:00+00:00,619.4299926757812,-0.7344573790731389,-0.33822507255227946,-0.3070129277080798,-0.33113862475590494,-0.14992324696969123,-0.5314674222639748,-0.4142754570283966,10.052910052910052,-0.010186780803648432,False,-0.010186780803648432,False,-0.018355577307569426,False,0.08226498606812632
2025-12-31,2025-12-31 00:00:00+00:00,614.3099975585938,-0.6974807124043227,-0.4191761885490188,-0.44020772437874983,-0.4451343609928157,0.03080873758416731,-0.4111094012450517,-0.38922363008219163,12.698412698412698,-0.0019371366999325623,False,-0.0019371366999325623,False,-0.010174016416530596,False,0.08572811928246934
2026-01-02,2026-01-02 00:00:00+00:00,613.1199951171875,-0.42856003547440774,-0.5209365768197212,-0.7472665623030667,-0.40213030121717946,0.06380065642247207,-0.44680126033437695,-0.3754988158131043,14.153439153439153,0.007942972266394177,False,0.007942972266394177,False,-0.0082528666474605,False,0.06037871224116129
2026-01-05,2026-01-05 00:00:00+00:00,617.989990234375,-0.6295024734722591,-0.37795731948010197,-0.9469863971104652,-0.38705196714638385,-0.06910758015816022,-0.38194054009617384,-0.42556015145033804,8.994708994708994,0.004012978378192589,False,-0.016068209570862524,False,-0.016068209570862524,False,0.06323386716316091
2026-01-06,2026-01-06 00:00:00+00:00,623.4199829101562,-1.1640570177036615,-0.3835158373820892,-0.7948540358919687,-0.3697738154287767,-0.1934505004057523,-0.4441943111437599,-0.5528192173614616,1.984126984126984,-0.004731982111417787,False,-0.02463826276447112,False,-0.028343626118097598,False,0.08580249133025884
2026-01-07,2026-01-07 00:00:00+00:00,624.02001953125,-1.1059963445726764,-0.22663527663354946,-0.5043701753896725,-0.41069835525353865,-0.1956150212898136,-0.32894584541403943,-0.4721485045773363,6.349206349206349,-0.0071632825844899495,False,-0.02557613774097356,False,-0.04325180184867994,False,0.10172433145130458
2026-01-08,2026-01-08 00:00:00+00:00,620.469970703125,-0.9611976051729915,-0.44672260560695526,-0.6197480580690649,-0.44071244130277315,-0.1022958859223408,-0.3475152190983688,-0.477291804882106,6.216931216931217,-0.001482719476518235,False,-0.020000924670807385,False,-0.03777772094221987,False,0.05761702956499885
2026-01-09,2026-01-09 00:00:00+00:00,626.6500244140625,-0.47894291565458413,-0.40458145242875315,-0.5592524029695951,-0.29589909207785325,-0.2534719593858347,-0.4521690650291178,-0.39791410998685783,12.3015873015873,-0.011330146564236587,False,-0.029665724297786467,False,-0.0472672049201357,False,0.057946904940911224
2026-01-12,2026-01-12 00:00:00+00:00,627.1699829101562,-0.18247612211189382,-0.4999959841260917,-0.6328033612611479,-0.29625663480735576,-0.2800222623492726,-0.35041137321394084,-0.3453001805011534,16.93121693121693,-0.030470184913648946,True,-0.030470184913648946,False,-0.0480570729380696,False,0.0657494141023414
2026-01-13,2026-01-13 00:00:00+00:00,626.239990234375,0.2533679715240505,-0.40172327435238686,-0.84539552484871,-0.10136865805945316,-0.3003789304768897,-0.21049827833131465,-0.2115051898034778,30.687830687830687,-0.02903039243625638,False,-0.02903039243625638,False,-0.04664339772771131,False,0.055435361851041025
2026-01-14,2026-01-14 00:00:00+00:00,619.5499877929688,0.24514859776897469,-0.25000901357615946,-1.0615640899145091,-0.24141607050899724,-0.1256140938089708,-0.08752132568823333,-0.1734675359498703,36.77248677248677,-0.018545703269732816,False,-0.018545703269732816,False,-0.03634889668276309,False,0.04280476859177954
2026-01-15,2026-01-15 00:00:00+00:00,621.780029296875,0.1484763355429036,-0.47539750831859745,-0.9986906127610162,-0.18405565384346326,-0.17286873425334892,-0.23461632602041377,-0.2505887805465825,26.58730158730159,-0.022065732400244897,False,-0.022065732400244897,False,-0.03980507387473986,False,0.03313839137412239
2026-01-16,2026-01-16 00:00:00+00:00,621.260009765625,0.5077506182240055,-0.8137454455710332,-0.8482624740540308,-8.038872683913123e-06,-0.20697197071193538,-0.21345610137023924,-0.18942476084359444,33.33333333333333,-0.0212471622179754,False,-0.0212471622179754,False,-0.03900135223236234,False,0.05105201022743282
2026-01-20,2026-01-20 00:00:00+00:00,608.0599975585938,-0.014758760402370008,-0.8031161637227955,0.572567483706877,-0.7636477208258422,0.24906486085704782,0.5117033298071841,-0.028555948259235533,58.597883597883595,0.013518455039445598,False,0.013518455039445598,False,-0.01813960514752644,False,0.049889060250623604
2026-01-21,2026-01-21 00:00:00+00:00,616.280029296875,-0.3805094358269632,-0.7377870747596899,0.4195313001068846,-0.5214265683800579,0.05892088970694372,-0.08860617338700195,-0.228967860361678,28.04232804232804,0.007269390951806898,False,-0.017086436029557728,False,-0.031235800423328075,False,0.030745029110274616
2026-01-22,2026-01-22 00:00:00+00:00,620.760009765625,-0.40394775754321827,-0.674915108383017,0.23306448912082586,-0.3696353675776723,-0.053937754456731456,-0.3548573443035699,-0.29592469374272473,21.693121693121693,0.0031573569602849627,False,-0.03822730217062387,False,-0.03822730217062387,False,0.027710879225231595
2026-01-23,2026-01-23 00:00:00+00:00,622.719970703125,-0.5063824440806436,-0.4985518410006182,0.19389928087054806,-0.38315410645893516,-0.08047421692031514,-0.23047246883735176,-0.2763317899995403,23.677248677248677,-0.0013649403037094832,False,-0.04125440425050608,False,-0.04125440425050608,False,0.03168077771587273
2026-01-26,2026-01-26 00:00:00+00:00,625.4600219726562,-0.6411823643619595,-0.4832125027138027,0.2678652394868592,-0.3583966347754434,-0.14650240906220388,-0.2435846657883222,-0.3057087345171981,20.238095238095237,-0.005739818260719676,False,-0.04545453214757844,False,-0.04545453214757844,False,0.0407756088411465
2026-01-27,2026-01-27 00:00:00+00:00,631.1300048828125,-0.2789116313708403,-0.6084541286858658,0.2564394954810305,-0.21977774331056388,-0.31086807284317547,-0.43370379066972803,-0.3032875302281101,20.502645502645503,-0.023148931659928373,False,-0.054030033942482514,True,-0.054030033942482514,False,0.03084065286247255
2026-01-28,2026-01-28 00:00:00+00:00,633.219970703125,0.08189265637670062,-0.6485517876600145,0.5458407333120399,-0.09442772277696625,-0.3495375908884819,-0.2949615171936998,-0.16938414357543935,37.698412698412696,-0.043381402946945036,True,-0.057152242633890404,True,-0.057152242633890404,False,0.041079362331382825
2026-01-29,2026-01-29 00:00:00+00:00,629.4299926757812,0.22109516629686685,-0.511071430251682,1.1781362358376464,-0.1559351572682248,-0.23778242422147733,-0.110189098479663,-0.007612635825076063,60.978835978835974,-0.05147508659568345,True,-0.05147508659568345,True,-0.05147508659568345,False,0.037798462520790485
2026-01-30,2026-01-30 00:00:00+00:00,621.8699951171875,0.5098672249040026,-0.5459623436559532,1.1076632120827123,-0.25771377873862705,-0.060855866801088766,-0.04934489350763558,0.07014819576813985,69.97354497354497,-0.03994398510195296,True,-0.03994398510195296,False,-0.03994398510195296,False,0.026872223785221784
2026-02-02,2026-02-02 00:00:00+00:00,626.1400146484375,0.6377694109352937,-0.6042943123062711,1.6813601257859163,-0.0702714771219783,-0.1710676068925497,-0.23235053343508688,0.11382139828588567,73.54497354497354,-0.04649117556862592,True,-0.04649117556862592,False,-0.04649117556862592,False,0.02942385628770328
2026-02-03,2026-02-03 00:00:00+00:00,616.52001953125,1.1475408056628158,-0.44117822989170735,1.313250055409155,-0.3904620465653211,0.12921870855987047,0.07568039804529378,0.27706694652595726,81.87830687830689,-0.03161290731352662,True,-0.03161290731352662,False,-0.03161290731352662,False,0.014588063301276924
2026-02-04,2026-02-04 00:00:00+00:00,605.75,1.0539867356454937,-0.2856454406279627,1.5992784686564372,-0.47933428657104954,0.442686854367966,0.1883782553494927,0.38219125685838246,86.5079365079365,-0.014395329266405299,False,-0.014395329266405299,False,-0.014395329266405299,False,0.008854982358167555
2026-02-05,2026-02-05 00:00:00+00:00,597.030029296875,0.9079920964996065,0.11538937222811457,3.2643379789454627,-0.6734709792900787,0.7125773859834341,0.6628470385408545,0.6994048610400307,96.03174603174604,0.00604657249119267,False,0.00604657249119267,False,0.004555835669318498,False,0.0031708477828304707
2026-02-06,2026-02-06 00:00:00+00:00,609.6500244140625,0.7055779904103948,-0.0524101771391175,3.4477091595236162,-0.5468695930585975,0.3257629226127199,0.42996212425594005,0.5471395578785154,92.72486772486772,-0.014778986967620589,False,-0.014778986967620589,False,-0.016238864951375165,False,0.005772175376094824
2026-02-09,2026-02-09 00:00:00+00:00,614.3200073242188,0.7838600125383458,-0.14337212052916123,3.3101712863646533,-0.3477938384626917,0.2267014686982356,0.027443332183931322,0.46494319747179,89.68253968253968,-0.02226851235948979,False,-0.02226851235948979,False,-0.02371729253566235,False,0.006195555767280985
2026-02-10,2026-02-10 00:00:00+00:00,611.469970703125,0.6426845165430503,0.2954534749630629,3.348732300689834,-0.349273265415776,0.31717830144172177,-0.004530375802320819,0.5178667499375667,91.7989417989418,-0.01771134573008415,False,-0.01771134573008415,False,-0.01916687861163202,False,0.0042350272534300995
2026-02-11,2026-02-11 00:00:00+00:00,613.1099853515625,0.655955648581284,0.07926847415223992,3.2695745519145207,-0.3535993721822354,0.2890819643388887,-0.04571013083926447,0.4656733169031344,89.55026455026454,-0.020338880463632636,False,-0.020338880463632636,False,-0.025851765530859883,False,0.005377006564087555
2026-02-12,2026-02-12 00:00:00+00:00,600.6400146484375,0.806000969866548,0.4819197348121434,2.9615713837716777,-0.5990953302025105,0.6150856380608991,0.28755046521055705,0.6203082136962136,94.31216931216932,0.0010987831786690716,False,0.0010987831786690716,False,-0.011521117102667344,False,0.005401336259793685
2026-02-13,2026-02-13 00:00:00+00:00,601.9199829101562,0.2660565248516229,0.7343170563797446,2.7928069223929675,-0.5685426672980555,0.6027252986075864,0.30444989829523095,0.5387931949524382,92.1957671957672,-0.0010300291314303545,False,-0.0010300291314303545,False,-0.01362309350054458,False,0.007111584419160307
2026-02-17,2026-02-17 00:00:00+00:00,601.2999877929688,0.27184183957840896,0.885233849642908,2.493670001785431,-0.5149193538339297,0.6001135859677157,0.41366532955990365,0.5620383255710956,93.25396825396825,0.00018291261233205347,False,0.00018291261233205347,False,-0.012606048966782302,False,0.009955241880360385
2026-02-18,2026-02-18 00:00:00+00:00,605.7899780273438,0.31085040685670556,0.6377862639703784,2.2010666461566566,-0.4275932537618852,0.40646382585706525,0.2251432314989084,0.4401271089894755,87.6984126984127,-0.00723023661942257,False,-0.00723023661942257,False,-0.01992440905596149,False,0.014315145731725943
2026-02-19,2026-02-19 00:00:00+00:00,603.469970703125,0.5476220812228726,0.7189282281609245,1.9261076176223857,-0.44342861858515953,0.5075270100457887,0.2662185312657337,0.4982092277054823,90.07936507936508,-0.0034135875165314244,False,-0.0034135875165314244,False,-0.01731643939084393,False,0.013149992708802351
2026-02-20,2026-02-20 00:00:00+00:00,608.8099975585938,0.7836637307023282,0.635615880722206,0.8996836960166102,-0.31616580488904317,0.3728036817256168,-0.0768723203290109,0.3538048993964223,83.994708994709,-0.012154899629995497,False,-0.014881486169618596,False,-0.04393817464770766,False,0.008384872573741852
2026-02-23,2026-02-23 00:00:00+00:00,601.4099731445312,0.9956490002624608,0.9115495209797538,1.9268541231269602,-0.4148561298882824,0.5921267712165494,0.1849119701826181,0.6217269693087424,94.31216931216932,0.009777032549141751,False,-0.002760135712169709,False,-0.03217435102508237,False,0.004766809639979676
2026-02-24,2026-02-24 00:00:00+00:00,607.8699951171875,0.8993628156726349,0.8745013800287585,1.9076733672439123,-0.27601261488453416,0.42367455184114133,-0.02248093838145192,0.5406519373224898,91.93121693121694,-0.010347571154801227,False,-0.013358111409368156,False,-0.04245973278154325,False,0.004482133007638754
2026-02-25,2026-02-25 00:00:00+00:00,616.6799926757812,0.6504791148359916,0.8020578484937411,1.5763382167062614,-0.1696341912250203,0.2162726694531111,-0.22261927304172396,0.38132387251041,84.78835978835978,-0.02448591776168796,False,-0.027453448914925627,False,-0.05613931946611561,False,0.006929334683851066
2026-02-26,2026-02-26 00:00:00+00:00,609.239990234375,-0.2259557179000614,1.0322694186791246,1.4234366093166508,-0.32493801827467517,0.43051233408031897,-0.14117867679278762,0.2611189588698265,79.1005291005291,-0.012572997943855357,False,-0.019663811733929837,False,-0.0581872706573211,False,0.009893652226113723
2026-02-27,2026-02-27 00:00:00+00:00,607.2899780273438,-0.3906982427117844,1.3269508488596287,1.4244667844521033,-0.39171643124245276,0.4975484652450979,0.04723718093750155,0.3135493217819497,81.48148148148148,-0.012415778787978393,False,-0.022345185685919144,False,-0.0736220957947159,False,0.011788478795763427
2026-03-02,2026-03-02 00:00:00+00:00,608.0900268554688,-0.4228006861586721,1.1134364538099095,1.4521922366616424,-0.48330738600598094,0.43951453023399734,0.1693636456583231,0.27695408178348324,79.62962962962963,-0.013715118629056278,False,-0.023631461654869734,False,-0.08191220930915322,True,0.016506987047546415
2026-03-03,2026-03-03 00:00:00+00:00,601.5800170898438,-0.4955413310499934,1.302125447952867,1.2545855273576085,-0.6305681779241085,0.6504981069954496,0.5361667308947679,0.3644168446081195,83.73015873015873,-0.0030420177496860434,False,-0.013065670672942065,False,-0.07197710456280337,False,0.024752434086876857
2026-03-04,2026-03-04 00:00:00+00:00,610.75,-0.6606295982282159,0.8536559932515321,0.8136515642344749,-0.5388080963491324,0.37048715380218483,0.28072738843537637,0.1267093297606765,72.35449735449735,-0.018010642652476427,False,-0.027883797457020076,False,-0.08591071748362666,True,0.056315759528745415
2026-03-05,2026-03-05 00:00:00+00:00,608.9099731445312,-0.38170502239579235,0.8694711684869209,0.999233469438696,-0.5991438142237551,0.38465392211824395,0.6076210645523574,0.26258644293830635,78.70370370370371,-0.01913248902583009,False,-0.026095735517719265,False,-0.08314848841478684,True,0.11124472873088752
2026-03-06,2026-03-06 00:00:00+00:00,599.75,-0.5563176572769789,0.8158354078311533,0.7723003484359559,-0.9654309546566203,0.6133782862925264,1.2964399694567186,0.3254908225142288,81.74603174603175,-0.010054238093997525,False,-0.029495627247030032,False,-0.0691454284337224,False,0.20934919776277705
2026-03-09,2026-03-09 00:00:00+00:00,607.760009765625,-0.2790886820957718,0.8812314996763811,-0.15411448734800862,-0.6987318042544371,0.4538333125941835,0.6445091186734595,0.17581425541286497,74.47089947089947,-0.02310128806914158,False,-0.04228644825930905,False,-0.08141368249587755,True,0.18568074947030008
2026-03-10,2026-03-10 00:00:00+00:00,607.77001953125,-0.029587313298772455,0.7977161276393921,-0.3307683843451031,-0.6352298789080569,0.4863584602084092,0.43181881295982427,0.1690140908490822,73.54497354497354,-0.0231173772588541,False,-0.04230222147595475,False,-0.08142881130027568,True,0.13622461409036787
2026-03-11,2026-03-11 00:00:00+00:00,607.6900024414062,0.19454832958572874,0.3840701012983414,0.013472255220193963,-0.6287836616092337,0.484094528682379,0.4468614025249192,0.18974104363399094,75.26455026455027,-0.022988747029170087,False,-0.042176117395124946,False,-0.08130785918153294,True,0.17871513680015283
2026-03-12,2026-03-12 00:00:00+00:00,597.260009765625,0.2566220881770824,0.7394016130919671,-0.09364280091968566,-0.8135352834562709,0.8138467378254179,0.6979374873330934,0.3331969320205046,82.27513227513228,-0.007099069358484034,False,-0.039296171440460714,False,-0.06526467506847877,False,0.15833116418711024
2026-03-13,2026-03-13 00:00:00+00:00,593.719970703125,0.021235275813147585,0.4296359225673914,-0.2981370531765183,-0.8445744180828682,0.873533093753487,0.4437901942937607,0.17565723312710574,74.07407407407408,-0.01963884275397154,False,-0.05244889030160649,True,-0.05969134129727782,False,0.13894814604161482
2026-03-16,2026-03-16 00:00:00+00:00,600.3800048828125,0.28345859851253347,0.3764799348381213,-0.30421834215330595,-0.6168471821364001,0.6851949702339852,0.09322498619428499,0.14589878967808828,72.4867724867725,-0.030514019746201604,True,-0.07012221466994883,True,-0.07012221466994883,False,0.1580534989580598
2026-03-17,2026-03-17 00:00:00+00:00,603.3099975585938,-0.053037684225059646,0.23152254352307733,-0.2759543634856238,-0.5456459251913673,0.6061785313206989,-0.06586076860160858,0.022742072100000246,61.772486772486765,-0.035222356808261246,True,-0.07463819337312638,True,-0.07463819337312638,False,0.16191064989112158
2026-03-18,2026-03-18 00:00:00+00:00,594.9000244140625,-0.071607571802985,0.46740877027282196,0.4104734822386901,-0.7276062077439374,0.8987158026094632,0.29804558620179755,0.2270484960048569,77.24867724867724,-0.021583503662006676,False,-0.061556553394422564,True,-0.061556553394422564,False,0.16847602968176298
2026-03-19,2026-03-19 00:00:00+00:00,593.02001953125,-0.40164222547053957,0.32784598625045525,0.38898732284941134,-0.7451353657423171,0.9469550236508577,0.04014739126508921,0.09339736325024334,68.25396825396825,-0.0324273057747807,True,-0.05858147969748995,True,-0.05858147969748995,False,0.17659287816891256
2026-03-20,2026-03-20 00:00:00+00:00,582.0599975585938,-0.7903744676081638,0.4275131286951605,0.09058006536468324,-0.939247702326068,1.3192354652687075,0.3865385064200416,0.11537772130794924,70.5026455026455,-0.03346730672174225,True,-0.040854840328251374,False,-0.040854840328251374,False,0.19107674101534744
2026-03-23,2026-03-23 00:00:00+00:00,588.0,-1.020901961855073,-0.0087248585394931,-0.043804262378845576,-0.9421660622094752,1.0807958219819747,0.4087103133309823,-0.05329322965865299,50.52910052910053,-0.05054416786245752,True,-0.05054416786245752,True,-0.05054416786245752,False,0.3043080868508359
2026-03-24,2026-03-24 00:00:00+00:00,583.97998046875,-0.463444947633995,0.018830082872150305,0.13015452504378225,-0.9174615555923045,1.2351894195566768,0.5311624199099473,0.13880210996288098,72.61904761904762,-0.04400827430975651,True,-0.04400827430975651,False,-0.04400827430975651,False,0.20058074569039466
2026-03-25,2026-03-25 00:00:00+00:00,587.8200073242188,-0.38051359762284553,0.2778542182715609,-0.06992323134048156,-0.728918498235183,1.1527579222323707,0.1621375153148262,0.11222440285627887,70.1058201058201,-0.050253440950080885,True,-0.050253440950080885,True,-0.050253440950080885,False,0.10828851027051592
2026-03-26,2026-03-26 00:00:00+00:00,573.7899780273438,-0.5119579847804921,0.09674538820219192,0.2430437665524619,-0.9204372301102168,1.527447505438733,0.48234260261431616,0.2003170250235539,76.98412698412699,-0.027030706921356562,False,-0.027030706921356562,False,-0.027030706921356562,False,0.13402920120440567
2026-03-27,2026-03-27 00:00:00+00:00,562.5800170898438,-0.10401112055822397,0.10206529655896135,0.5331059628964161,-1.0841753065169681,1.855384895714202,0.7722565052593465,0.4107201508790056,87.16931216931218,-0.00764333545868201,False,-0.00764333545868201,False,-0.00764333545868201,False,0.08108536752141661
2026-03-30,2026-03-30 00:00:00+00:00,558.280029296875,-0.4993775271575016,0.7353274272618825,0.7046022037654955,-1.0408409577041595,1.9607297235045544,0.7493933849856861,0.46678230707675583,90.07936507936508,0.03385391270884219,False,0.03385391270884219,False,0.03385391270884219,False,0.08690418254393596
2026-03-31,2026-03-31 00:00:00+00:00,577.1799926757812,-0.30684926150431807,0.011083198020313212,0.53131622886886,-0.7531284195500313,1.3249043794687092,0.1951239098422729,0.1844606452187611,75.79365079365078,0.012353174006878076,False,0.012353174006878076,False,0.012353174006878076,False,0.12438771717105432
2026-04-01,2026-04-01 00:00:00+00:00,584.3099975585938,0.02186309714451032,0.029712221781523922,0.09106154033889477,-0.5984423113817186,1.1668563833666716,0.1553993484941914,0.19262040639493497,76.71957671957672,0.0011466223630531847,False,0.0011466223630531847,False,0.0011466223630531847,False,0.125642615058909
2026-04-02,2026-04-02 00:00:00+00:00,584.97998046875,-0.038227967985379425,0.03127612392599929,0.0654738562081551,-0.554213497420048,1.1350256179430689,0.028794811682567457,0.1532252719247596,73.67724867724867,0.006017333325542884,False,0.006017333325542884,False,0.006017333325542884,False,0.088928553878111
2026-04-06,2026-04-06 00:00:00+00:00,588.5,-0.012920927359213122,-0.43256923948089804,-0.08165701782994975,-0.5740217612636759,0.978132373014486,-0.059269402897951774,0.022034056656783152,61.904761904761905,0.00015297681473014357,False,0.00015297681473014357,False,0.00015297681473014357,False,0.09583994987877147
2026-04-07,2026-04-07 00:00:00+00:00,588.5900268554688,-0.04529802905761741,-0.24304614765086294,-0.20195131729249577,-0.5945006277127176,1.0261311347451694,0.13340019795337296,0.07701951269439833,67.85714285714286,0.029732070204270045,False,0.029732070204270045,False,0.029732070204270045,False,0.08470068783107558
2026-04-08,2026-04-08 00:00:00+00:00,606.0900268554688,0.05849399620613923,-0.5102936018261531,-0.17702604042377695,-0.30095021648633363,0.4961399428880166,-0.20802968583414366,-0.07006832613724825,48.544973544973544,0.006764631332426108,False,0.006764631332426108,False,0.006764631332426108,False,0.09100758187702203
2026-04-09,2026-04-09 00:00:00+00:00,610.1900024414062,1.0125203082599248,-0.50666000957048,-0.15701408622985255,-0.07693501672543647,0.3753011251447956,-0.3837868416863386,0.0975662557763037,69.57671957671958,0.001442181745508142,False,0.001442181745508142,False,0.001442181745508142,False,0.05269562679144134
2026-04-10,2026-04-10 00:00:00+00:00,611.0700073242188,1.5995113047736247,-0.5883471122431976,-0.4762966025116563,0.1803912361032313,0.3035451365260982,-0.467789292205058,0.17823038814677244,76.05820105820106,0.010342525812865766,False,0.010342525812865766,False,0.010342525812865766,False,0.0389565955258756
2026-04-13,2026-04-13 00:00:00+00:00,617.3900146484375,1.0389933241600706,-0.7657328161808961,-0.8326831574990299,0.3301596713699821,0.060013335237453135,-0.434917197514637,-0.015786395094962713,56.87830687830689,0.018157016912369928,False,0.018157016912369928,False,0.018157016912369928,False,0.08542979998379285
2026-04-14,2026-04-14 00:00:00+00:00,628.5999755859375,1.3797343952597168,-0.8232715247747526,-0.9339363407474505,0.5557457160158971,-0.27153735583338706,-0.6135287215489325,-0.03458884181309392,54.232804232804234,0.013999441886586528,False,0.013999441886586528,False,0.013999441886586528,False,0.08081853396945
2026-04-15,2026-04-15 00:00:00+00:00,637.4000244140625,1.436095787007438,-0.9561209185367247,-0.834934498758361,0.733034318372488,-0.5162631337188978,-0.4246269054223844,-0.017915290327240402,56.87830687830689,0.004816357344643363,False,0.004816357344643363,False,0.004816357344643363,False,0.17518655126491894
2026-04-16,2026-04-16 00:00:00+00:00,640.469970703125,1.4790186073720475,-1.1363991075224655,-0.9742927692255305,0.9597741290492686,-0.6303579100035911,-0.35935793227152685,-0.02606247067414666,55.952380952380956,0.006026896752834521,False,0.006026896752834521,False,0.006026896752834521,False,0.21173653099877776
2026-04-17,2026-04-17 00:00:00+00:00,648.8499755859375,1.6202491210960446,-1.0271281436935589,-1.263187397702006,1.2550069068163365,-0.8754687555093098,-0.4454894899378422,-0.03227875017200549,54.761904761904766,-0.00696610721455615,False,-0.00696610721455615,False,-0.00696610721455615,False,0.20177396791841062
2026-04-20,2026-04-20 00:00:00+00:00,646.7899780273438,1.2633765641149737,-1.0010800541023543,-0.9155007445872486,1.2793853352132933,-0.8545990870896499,-0.16612373505903397,-0.0012735338988260625,58.86243386243386,-0.003803338055735961,False,-0.003803338055735961,False,-0.003803338055735961,False,0.2760156075688668
2026-04-21,2026-04-21 00:00:00+00:00,644.3300170898438,1.156587422829657,-0.9720750486811438,-0.6656730737872648,1.0478605017136884,-0.6794810628519748,0.027982273564853354,0.04581823728466232,64.94708994708994,0.011003624900691067,False,0.011003624900691067,False,0.011003624900691067,False,0.2834989277737566
2026-04-22,2026-04-22 00:00:00+00:00,655.1099853515625,1.177999336036332,-1.0590118215199764,-0.8724313092791948,1.339044769255949,-1.0339364232868082,-0.04311484494389389,-0.02504857520639761,56.08465608465608,-0.005632645699066852,False,-0.005632645699066852,False,-0.005632645699066852,False,0.4769748644500578
2026-04-23,2026-04-23 00:00:00+00:00,651.4199829101562,1.5668747389574147,-1.120662626964629,-0.8228406054808013,1.1308646071624169,-0.83218829586756,0.12027877734346633,0.09023928056825223,68.78306878306879,0.009410219280389986,False,0.009410219280389986,False,0.009410219280389986,False,0.3736802996381726
2026-04-24,2026-04-24 00:00:00+00:00,663.8800048828125,2.183073342024461,-1.144502284014793,-0.7544077463456178,1.7725460754309263,-1.2733356430598317,0.058205509046426,0.21235443568006934,78.70370370370371,-0.009534881369052672,False,-0.009534881369052672,False,-0.009534881369052672,False,0.5433484658182733
2026-04-27,2026-04-27 00:00:00+00:00,664.22998046875,2.27876797114463,-1.5127694788600141,-0.7582808830442491,1.9269210192573738,-1.3348948761331645,-0.33105200369509075,0.10885886101845399,70.23809523809523,-0.010056746717555742,False,-0.010056746717555742,False,-0.010056746717555742,False,0.5105836896223693
2026-04-28,2026-04-28 00:00:00+00:00,657.5499877929688,2.452982322015522,-1.7024418999923385,-0.6657411799046866,1.7430246383770196,-1.075137403806954,-0.386594902937912,0.13776329582136462,73.28042328042328,0.006113633344809299,False,0.006113633344809299,False,0.006113633344809299,False,0.4349083917115638
2026-04-29,2026-04-29 00:00:00+00:00,661.5700073242188,2.3742499272747986,-1.3797154282061588,-0.5722084231442974,1.4927023544189864,-1.0142021496784508,-0.22378079955665925,0.18698059222543206,76.85185185185185,0.009326273624633119,False,0.009326273624633119,False,0.009326273624633119,False,0.35587732710410114
2026-04-30,2026-04-30 00:00:00+00:00,667.739990234375,2.185497130260595,-1.3713440432842081,-0.5915149573739507,1.5900811863806121,-1.1523103671423955,-0.5931748394155265,0.06166146046760013,65.87301587301587,0.007697628902880949,False,0.007697628902880949,False,0.007697628902880949,False,0.27030051101873037
2026-05-01,2026-05-01 00:00:00+00:00,674.1500244140625,2.14455896635732,-1.3145896506457422,-0.6050592907509238,1.668624007986678,-1.277724617987791,-0.4996145988300154,0.06604317443395069,66.26984126984127,-0.0018838826451929025,False,-0.0018838826451929025,False,,,0.37099884859946436
2026-05-04,2026-05-04 00:00:00+00:00,672.8800048828125,2.0229927238995717,-1.1822249972855052,-0.8777911182574896,1.4480567929810568,-1.1538419173958392,-0.11843998155426641,0.10223782251847702,69.70899470899471,0.012974052439365336,False,0.012974052439365336,False,,,0.4459151562089523
2026-05-05,2026-05-05 00:00:00+00:00,681.6099853515625,2.1185652440835834,-1.2465306857539935,-1.0645078746241,1.6503842070007348,-1.3660098747452158,-0.29796107394480514,0.045046099803313644,63.75661375661375,0.019556663453174528,False,0.019556663453174528,False,,,0.4081652415851028
2026-05-06,2026-05-06 00:00:00+00:00,695.77001953125,2.3235599433254257,-0.9027562466134643,-0.9744608639289601,1.7446415812694793,-1.6239523014428763,-0.3842950960259643,0.09189922297682329,68.12169312169311,-0.0011929474776779525,False,-0.0011929474776779525,False,,,0.36132583042262006
2026-05-07,2026-05-07 00:00:00+00:00,694.9400024414062,1.2393858368760504,-0.765281836793713,-0.7875041651195115,1.5395786786396417,-1.5115632580305869,-0.30478639099987376,-0.07799865266594394,45.767195767195766,0.017699352101990806,False,0.009482871661319336,False,,,0.5437814211792721
2026-05-08,2026-05-08 00:00:00+00:00,711.22998046875,1.5554950424390543,-0.8952709912158306,-0.8802680411660129,1.8007698584540484,-1.8702044440396215,-0.20581938211512507,-0.056307730774007025,48.544973544973544,-0.00560998600163809,False,-0.01363827656067318,False,,,0.5859081365212355
2026-05-11,2026-05-11 00:00:00+00:00,713.2899780273438,2.0973978105286943,-0.9317795294958581,-1.018853372567834,1.6862643961918804,-1.8206157440420043,-0.01887193690203673,0.06286941866455059,65.60846560846561,-0.010388444213143222,False,-0.016486911484431266,False,,,0.5059974695721378
2026-05-12,2026-05-12 00:00:00+00:00,707.239990234375,1.6855578408357328,-1.040745584058289,-0.9687650998165733,1.3480389353145263,-1.4960449371524482,0.050932273720996325,-0.0026934718123655665,57.14285714285714,-0.00807358324803964,False,-0.00807358324803964,False,,,0.47988251990459724
2026-05-13,2026-05-13 00:00:00+00:00,714.7100219726562,2.0303431021873117,-0.9803300577004007,-0.8847429434739578,1.4196040432915566,-1.6636448742785743,0.06758545311034961,0.064273539695095,65.74074074074075,-0.01844103520390472,False,-0.01844103520390472,False,,,0.41476884155742183
2026-05-14,2026-05-14 00:00:00+00:00,719.7899780273438,2.0444368625534777,-0.9411235170762163,-0.9548087566509349,1.5006858919403179,-1.7597025274989833,-0.08306433777078302,0.028787480021264023,61.50793650793651,-0.025368439805888876,False,-0.025368439805888876,False,,,0.41554911644264564
2026-05-15,2026-05-15 00:00:00+00:00,708.9299926757812,1.5526846027431198,-1.2045374270981395,-0.6070090867426401,0.9580836115823694,-1.245483026155641,0.26274289586822974,0.016319913489512172,59.78835978835979,-0.010438214570349658,False,,,,,0.5394608240303332
2026-05-18,2026-05-18 00:00:00+00:00,705.8800048828125,1.2939485125708738,-1.3183874357599923,-0.25571648594095486,0.9405431454427541,-1.110406127117214,0.06884082994989735,-0.0317716490609698,52.910052910052904,-0.006162485912403315,False,,,,,0.5177244608233388
2026-05-19,2026-05-19 00:00:00+00:00,701.530029296875,1.130411837990649,-1.3659556650910558,-0.15606512779856396,0.8364289364413069,-0.9044694990741614,0.21868185742605153,-0.0061106828088108855,56.613756613756614,0.016563788621898112,False,,,,,0.5899100907028619
2026-05-20,2026-05-20 00:00:00+00:00,713.1500244140625,0.6802286075381409,-1.251530340245374,-0.2202304655176932,0.9684528621162297,-1.2434676736503656,0.08450159435991253,-0.16023216262160342,35.05291005291005,0.0019070115754113992,False,,,,,0.5171230292652863
2026-05-21,2026-05-21 00:00:00+00:00,714.510009765625,0.25023315701122617,-1.2412234639152782,-0.34036369898127516,1.036605232607748,-1.2782477871348463,-0.029329905354450368,-0.2761980116898711,21.693121693121693,0.004240623952507905,False,,,,,0.6136148227346935
2026-05-22,2026-05-22 00:00:00+00:00,717.5399780273438,-0.37435547719553536,-1.1405459796051378,-0.10920125076932807,0.921739120977383,-1.2719089964686687,-0.21449391878231244,-0.4158928323603994,8.333333333333332,,,,,,,0.492395901818043
2026-05-26,2026-05-26 00:00:00+00:00,730.280029296875,-0.31994269250919827,-0.9341267242310959,-0.01883020890815784,1.1205241662577843,-1.5389339853228918,-0.045892456262977534,-0.35487723140582617,13.88888888888889,,,,,,,0.5451521766598455
2026-05-27,2026-05-27 00:00:00+00:00,729.4500122070312,0.12196610601604052,-0.8901487684654393,0.022229438873709595,1.2798319296505456,-1.5038880918943276,-0.3143139726275927,-0.27857177363603913,21.56084656084656,,,,,,,0.36947783255361155
2026-05-28,2026-05-28 00:00:00+00:00,735.5999755859375,-0.21657817678460142,-0.6950093070243814,-0.0007293859235137368,1.3409636053905694,-1.6063914096146703,-0.3979499197065662,-0.3473636950585907,14.682539682539684,,,,,,,0.34779707322897174
2026-05-29,2026-05-29 00:00:00+00:00,738.3099975585938,-0.9741281648435357,-0.5587551655322723,0.13903036413861158,1.2516619438815124,-1.5811763674865498,-0.4528104244860106,-0.48378393819697196,3.835978835978836,,,,,,,0.5432390167959857
