{
  "timestamp": "2026-04-18T15:42:33.895666+00:00",
  "results": {
    "Baseline": {
      "initial_capital": 1000.0,
      "final_capital": 1516.009523457052,
      "total_return_pct": 51.600952345705196,
      "max_drawdown_pct": 29.05732554553945,
      "sharpe_ratio": 0.5696751246674564,
      "risk_adjusted_return": 1.7758328193293202,
      "total_trades": 902,
      "winning_trades": 250,
      "losing_trades": 652,
      "win_rate": 27.716186252771617,
      "profit_factor": 1.0801063399273685,
      "wl_ratio": 2.816917334530577,
      "target_hit_rate": 14.855875831485587,
      "gross_pnl_before_fees": 1433.4647394280187,
      "total_fees_paid": 917.4552159709684,
      "total_slippage_cost": 366.98215840622305,
      "exit_reasons": {
        "stop_loss": 767,
        "target_4r": 134,
        "end_of_data": 1
      },
      "parameters": {
        "rr_ratio": 4.0,
        "trailing_config": "B",
        "sl_buffer_pct": 1.0,
        "use_hfvf_filter": true,
        "leverage": 3.0,
        "position_size_pct": 0.35,
        "fixed_notional_usdt": null,
        "allow_long": true,
        "allow_short": true,
        "regime_filter_1d_ema_period": null,
        "regime_filter_1d_direction": "bull",
        "enable_directional_regime_switch": false,
        "long_regime_filter_1d_ema_period": null,
        "short_regime_filter_1d_ema_period": null,
        "enable_dual_pending_state": false,
        "regime_position_size_pct_below_ema": null,
        "enable_regime_layered_exit": false,
        "enable_short_regime_layered_exit": false,
        "short_pullback_window": null,
        "short_sl_buffer_pct": null,
        "short_strong_rr_ratio": 5.0,
        "short_mid_rr_ratio": 4.0,
        "short_weak_rr_ratio": 3.0,
        "taker_fee_rate": 0.0005,
        "slippage_bps": 2.0
      }
    },
    "Variant A": {
      "initial_capital": 1000.0,
      "final_capital": 1077.9183412934915,
      "total_return_pct": 7.79183412934915,
      "max_drawdown_pct": 34.347690906775256,
      "sharpe_ratio": 0.17740468715062993,
      "risk_adjusted_return": 0.22685175986057832,
      "total_trades": 1237,
      "winning_trades": 427,
      "losing_trades": 810,
      "win_rate": 34.518997574777686,
      "profit_factor": 1.0122871501764934,
      "wl_ratio": 1.9202636806626692,
      "target_hit_rate": 6.305578011317705,
      "gross_pnl_before_fees": 1142.042891294558,
      "total_fees_paid": 1064.1245500010687,
      "total_slippage_cost": 425.64988270809056,
      "exit_reasons": {
        "stop_loss": 1158,
        "target_4r": 78,
        "bear_lower_band_break": 1
      },
      "parameters": {
        "rr_ratio": 4.0,
        "trailing_config": "B",
        "sl_buffer_pct": 1.0,
        "use_hfvf_filter": true,
        "leverage": 3.0,
        "position_size_pct": 0.35,
        "fixed_notional_usdt": null,
        "allow_long": true,
        "allow_short": true,
        "regime_filter_1d_ema_period": null,
        "regime_filter_1d_direction": "bull",
        "enable_directional_regime_switch": false,
        "long_regime_filter_1d_ema_period": null,
        "short_regime_filter_1d_ema_period": null,
        "enable_dual_pending_state": false,
        "regime_position_size_pct_below_ema": null,
        "enable_regime_layered_exit": false,
        "enable_short_regime_layered_exit": false,
        "short_pullback_window": null,
        "short_sl_buffer_pct": null,
        "short_strong_rr_ratio": 5.0,
        "short_mid_rr_ratio": 4.0,
        "short_weak_rr_ratio": 3.0,
        "taker_fee_rate": 0.0005,
        "slippage_bps": 2.0
      }
    },
    "Variant B": {
      "initial_capital": 1000.0,
      "final_capital": 907.7966453651173,
      "total_return_pct": -9.220335463488267,
      "max_drawdown_pct": 45.15774162945423,
      "sharpe_ratio": 0.019693111936213134,
      "risk_adjusted_return": -0.20418061512346056,
      "total_trades": 1223,
      "winning_trades": 422,
      "losing_trades": 801,
      "win_rate": 34.50531479967294,
      "profit_factor": 0.9852876354743142,
      "wl_ratio": 1.870178663542478,
      "target_hit_rate": 0.0,
      "gross_pnl_before_fees": 959.2171892067367,
      "total_fees_paid": 1051.4205438416195,
      "total_slippage_cost": 420.56827272802,
      "exit_reasons": {
        "stop_loss": 1222,
        "bear_lower_band_break": 1
      },
      "parameters": {
        "rr_ratio": 4.0,
        "trailing_config": "B",
        "sl_buffer_pct": 1.0,
        "use_hfvf_filter": true,
        "leverage": 3.0,
        "position_size_pct": 0.35,
        "fixed_notional_usdt": null,
        "allow_long": true,
        "allow_short": true,
        "regime_filter_1d_ema_period": null,
        "regime_filter_1d_direction": "bull",
        "enable_directional_regime_switch": false,
        "long_regime_filter_1d_ema_period": null,
        "short_regime_filter_1d_ema_period": null,
        "enable_dual_pending_state": false,
        "regime_position_size_pct_below_ema": null,
        "enable_regime_layered_exit": false,
        "enable_short_regime_layered_exit": false,
        "short_pullback_window": null,
        "short_sl_buffer_pct": null,
        "short_strong_rr_ratio": 5.0,
        "short_mid_rr_ratio": 4.0,
        "short_weak_rr_ratio": 3.0,
        "taker_fee_rate": 0.0005,
        "slippage_bps": 2.0
      }
    }
  },
  "exit_reasons": {
    "Baseline": {
      "stop_loss": 767,
      "target_4r": 134,
      "end_of_data": 1
    },
    "Variant A": {
      "stop_loss": 1158,
      "target_4r": 78,
      "bear_lower_band_break": 1
    },
    "Variant B": {
      "stop_loss": 1222,
      "bear_lower_band_break": 1
    }
  }
}